zinc_id,smiles,bucket,pred_log10fc,pct_remaining_pred,pred_uncertainty,p_detectable,max_sim_to_training,in_applicability_domain,max_sim_to_cliff,mw,clogp,tranche,purchasability,vendor_lookup,has_aniline,has_amide,has_sulfonamide,has_tertiary_aliphatic_amine
12634208,CCN(CCNC(=O)CN(c1nccs1)S(=O)(=O)c1ccccc1)c1cccc(C)c1,model_validation,-2.9553460065883224,0.11082914769540916,1.0434077646124023,0.8736168849371146,0.4117647058823529,True,0.40476190476190477,458.6090000000002,3.2895200000000013,JGAB,B,https://zinc20.docking.org/substances/12634208,False,True,True,False
9663371,CCN(C(=O)[C@H](C)Sc1nnc(Cc2ccccc2)n1CC)c1ccccc1,model_validation,-2.9077442927752903,0.12366753582972434,1.276402781285976,0.9558372149993773,0.3157894736842105,False,0.3157894736842105,394.5440000000001,4.422500000000004,GIAB,B,https://zinc20.docking.org/substances/9663371,False,True,False,False
12634369,CCN(CCNC(=O)CSc1nnc(-c2cccc(C)c2)n1CC(N)=O)c1cccc(C)c1,model_validation,-2.9027445897379143,0.1250994528635518,1.1475420577860092,0.9147828058364208,0.46835443037974683,True,0.41975308641975306,466.6110000000003,2.7820400000000003,JFAB,B,https://zinc20.docking.org/substances/12634369,False,True,False,False
7153936,CCn1c(SCC(=O)NCCCN(C)c2ccccc2)nc2ccccc21,model_validation,-2.9024423048640373,0.1251865569772535,1.1809530349224133,0.9421687286223126,0.5,True,0.375,382.5330000000001,3.791000000000003,GHAB,B,https://zinc20.docking.org/substances/7153936,False,True,False,False
14095528,CCCCN1C[C@H](c2nc3ccccc3n2CC(=O)N(c2ccccc2)C(C)C)CC1=O,model_validation,-2.90079395622517,0.12566260075464847,1.2171887239208599,0.9533868873532667,0.36363636363636365,True,0.2857142857142857,432.5680000000002,4.593900000000004,IJAB,B,https://zinc20.docking.org/substances/14095528,False,True,False,False
12545767,CCOC(=O)Cc1csc(SCC(=O)NCCN(CC)c2cccc(C)c2)n1,model_validation,-2.8985524075957008,0.12631286691491783,1.2668283462413483,0.887950465341666,0.4444444444444444,True,0.38095238095238093,421.58800000000025,3.291920000000002,HGAB,B,https://zinc20.docking.org/substances/12545767,False,True,False,False
9920250,CCN(CCCNC(=O)C1CCN(S(=O)(=O)c2c(C)noc2C)CC1)c1ccccc1,model_validation,-2.889821298116416,0.1288779744916911,1.2047545823308319,0.9044372677988273,0.5526315789473685,True,0.3924050632911392,448.5890000000003,2.724940000000001,IFAB,B,https://zinc20.docking.org/substances/9920250,False,True,True,False
390834798,CCC1=NN(Cc2ccccc2C)C(=O)[C@@H]1CCNC(=O)[C@H]1Oc2ccccc2O[C@H]1C,model_validation,-2.881987275380211,0.13122383464094206,1.193848775009542,0.8953565409425102,0.26744186046511625,False,0.26744186046511625,435.5240000000001,3.454220000000002,IGAB,B,https://zinc20.docking.org/substances/390834798,False,True,False,False
15833305,Cc1ccccc1OCCSc1nc2ccccc2n1CC(=O)N1CCCCC1,model_validation,-2.8756177899784445,0.1331625827844972,1.1434283430787866,0.9729273142559067,0.4594594594594595,True,0.379746835443038,409.55500000000035,4.5283200000000035,HJAB,B,https://zinc20.docking.org/substances/15833305,False,True,False,False
60369767,CCN(CCCNC(=O)c1ccccc1-c1nc(C(C)(C)C)no1)c1ccccc1,model_validation,-2.997726606964953,0.10052484057931516,1.2930623044248717,0.9211285923007223,0.45454545454545453,True,0.38666666666666666,406.53000000000014,4.680500000000004,HJAB,B,https://zinc20.docking.org/substances/60369767,False,True,False,False
7792119,CCN(CCNC(=O)CCCN1C(=O)c2ccccc2C1=O)c1cccc(C)c1,model_validation,-3.006775385248814,0.09845201625988476,1.0492661561992251,0.9156819496705044,0.5070422535211268,True,0.5070422535211268,393.48700000000014,3.0139200000000015,GGAB,B,https://zinc20.docking.org/substances/7792119,False,True,False,False
15496808,CCN(CCNC(=O)C1CCN(S(=O)(=O)c2ccc(F)c(F)c2)CC1)c1cccc(C)c1,model_validation,-2.8578212417052073,0.1387326743635877,1.1961900714946294,0.8759262152260581,0.5394736842105263,True,0.38461538461538464,465.5660000000002,3.316620000000002,JGAB,B,https://zinc20.docking.org/substances/15496808,False,True,True,False
58157367,CCCCN1C(=O)c2ccc(C(=O)N3CCC[C@@H]3CN(C)c3ccccc3)cc2C1=O,model_validation,-2.852992999904973,0.14028363157366017,1.2320684368106198,0.9154205235118682,0.32894736842105265,False,0.28205128205128205,419.52500000000015,3.823700000000003,HHAB,B,https://zinc20.docking.org/substances/58157367,False,True,False,False
12557318,Cc1ccc(S(=O)(=O)N2CCC(C(=O)NCCCN(C)c3ccccc3)CC2)cc1C,model_validation,-2.84175962396637,0.14395951539432414,1.1577125907974712,0.9091349196022204,0.44871794871794873,True,0.3924050632911392,443.6130000000002,3.346840000000002,IGAB,B,https://zinc20.docking.org/substances/12557318,False,True,True,False
14249535,C[C@@H]1CN(C(=O)CSc2nnc(Cc3cccs3)n2CCc2ccccc2)C[C@@H](C)O1,model_validation,-2.8359813589678233,0.14588768776659003,1.0858028018817487,0.9296763181605132,0.5540540540540541,True,0.5540540540540541,456.6370000000002,3.9010000000000034,JHAB,B,https://zinc20.docking.org/substances/14249535,False,True,False,False
14987094,Cn1c(CCNC(=O)[C@H](c2ccccc2)C2CCCC2)nnc1SCc1ccccn1,model_validation,-2.8247001896493327,0.1497268922298734,1.1641824968597454,0.976997839297407,0.32653061224489793,False,0.32558139534883723,435.59700000000015,4.135100000000003,IIAA,A,https://zinc20.docking.org/substances/14987094,False,True,False,False
11490169,COCCn1c(SCC(=O)NCCCN(C)c2ccccc2)nc2ccccc21,model_validation,-2.8230132023486045,0.1503096271973636,1.2222037705069282,0.9618247058266292,0.4266666666666667,True,0.36363636363636365,412.5590000000001,3.417500000000002,HGAB,B,https://zinc20.docking.org/substances/11490169,False,True,False,False
3528016,CC(C)n1c(SCC(=O)N[C@H](C)CCc2ccccc2)nc2ccccc2c1=O,model_validation,-2.8115051753414964,0.15434580303439163,1.2213937095143064,0.9274866048003151,0.49295774647887325,True,0.4342105263157895,409.5550000000001,4.207000000000003,HIAB,B,https://zinc20.docking.org/substances/3528016,False,True,False,False
27142719,Cc1cccc(N(Cc2ccccc2)C(=O)CN2CCC[C@@H]2C(=O)NCc2ccco2)c1,model_validation,-2.808427543013413,0.15544346084864513,1.2283141698781948,0.882402132795386,0.3404255319148936,True,0.27956989247311825,431.53600000000023,3.902020000000002,IHAB,B,https://zinc20.docking.org/substances/27142719,False,True,False,True
6762523,CC(C)Cn1c(SCC(=O)N[C@H](C)CCc2ccccc2)nc2ccccc2c1=O,model_validation,-2.8006568779788514,0.1582497825837336,1.2208842412601282,0.9316654172029116,0.5428571428571428,True,0.48,423.5820000000001,4.282100000000003,HIAB,B,https://zinc20.docking.org/substances/6762523,False,True,False,False
35655195,CCc1ccccc1NC(=O)Cc1nnc(SCCOc2ccccc2)n1CC,model_validation,-2.618197259295666,0.2408811082973753,1.27932822789042,0.9615829561853936,0.2948717948717949,False,0.2804878048780488,410.5430000000002,4.212700000000003,HIAB,B,https://zinc20.docking.org/substances/35655195,True,True,False,False
55568694,CC(C)CS(=O)(=O)c1ncc(CN(C)Cc2ccccc2)n1Cc1ccccc1,model_validation,-2.619440147912164,0.24019272655427829,1.3396047140031393,0.8409404037782592,0.3333333333333333,False,0.26506024096385544,411.5710000000001,3.9931000000000036,HHAA,A,https://zinc20.docking.org/substances/55568694,False,False,False,True
32761625,Cc1nnc(SCC(=O)NC[C@H](c2cccs2)N2CCCC2)n1Cc1ccccc1,model_validation,-2.6210200449488013,0.23932052949864746,1.2010769830043948,0.939744386817393,0.391304347826087,True,0.391304347826087,441.6260000000003,3.7417200000000026,IHAB,B,https://zinc20.docking.org/substances/32761625,False,True,False,True
22131082,CCOc1ccc(CCC2CCN(C(=O)Cn3c(=O)cnc4ccccc43)CC2)cc1,model_validation,-2.6133810745916524,0.24356726831937592,1.3213421108246581,0.960358428969856,0.4074074074074074,True,0.35802469135802467,419.52500000000015,3.6666000000000025,HHAB,B,https://zinc20.docking.org/substances/22131082,False,True,False,False
39413221,CCCCN(C)C(=O)c1nc2ccccn2c1CN1CCN(C)[C@H](c2ccccc2)C1,model_validation,-2.6221146282195567,0.23871811242332291,1.2741739168508162,0.9581149218463301,0.26436781609195403,False,0.2441860465116279,419.5730000000002,3.6951000000000027,HHAA,A,https://zinc20.docking.org/substances/39413221,False,True,False,True
25575999,CCN(CCCNC(=O)[C@H]1CCCN1S(=O)(=O)c1ccc(Cl)s1)c1ccccc1,model_validation,-2.612489331358717,0.24406790236947729,1.3249366500397246,0.8920286086579381,0.5151515151515151,True,0.39759036144578314,456.0330000000001,3.5874000000000024,JHAB,B,https://zinc20.docking.org/substances/25575999,False,True,True,False
2382288153,CC(=O)N1CCCCCCCCN(CC(=O)N2CCC[C@H]2CO)Cc2ccccc21,model_validation,-2.612067364666199,0.2443051574546141,1.094323930404445,0.9526530294264461,0.3424657534246575,True,0.2597402597402597,415.5780000000002,3.179000000000001,HGAB,B,https://zinc20.docking.org/substances/2382288153,False,True,False,True
7339979,CCN(CCNC(=O)CSc1nnnn1-c1ccccc1)c1cccc(C)c1,model_validation,-2.623091732329675,0.23818163254184266,1.3618408126489678,0.9216234269240364,0.5,True,0.4375,396.5200000000001,2.705520000000001,GFAB,B,https://zinc20.docking.org/substances/7339979,False,True,False,False
10462005,CCCCN1C[C@H](C(=O)Nc2ccc(C(=O)N(CC)c3ccccc3)cc2)CC1=O,model_validation,-2.6115429132390675,0.24460035711103534,1.4269320169716686,0.8981539767497813,0.30120481927710846,False,0.2911392405063291,407.5140000000001,3.940400000000003,HHAB,B,https://zinc20.docking.org/substances/10462005,True,True,False,False
79099882,CC[C@@H](C)c1ccc(S(=O)(=O)NC[C@H]2CC(=O)N(CCc3ccccc3)C2)cc1,model_validation,-2.611376736722515,0.24469396781630726,1.263380054246062,0.7994926263524026,0.3026315789473684,False,0.23255813953488372,414.57100000000014,3.569600000000003,HHAB,B,https://zinc20.docking.org/substances/79099882,False,True,True,False
11818239,CCn1ccnc1CN(C)Cc1c(C(=O)N(C)CCc2ccccc2)nc2c(C)cccn12,model_validation,-2.6234675431493337,0.23797561445783338,1.220106890503384,0.9586104513331972,0.2727272727272727,False,0.22580645161290322,444.58300000000014,3.8058200000000024,IHAA,A,https://zinc20.docking.org/substances/11818239,False,True,False,True
55271197,CCCO[C@H]1CCCN(Cc2c(C(=O)N(C)CCc3ccccc3)nc3c(C)cccn23)C1,model_validation,-2.6235660082317342,0.23792166573564105,1.1781455689732325,0.9569877352516584,0.3333333333333333,False,0.2872340425531915,448.6110000000001,4.3484200000000035,IIAA,A,https://zinc20.docking.org/substances/55271197,False,True,False,True
43632487,CC(C)CCN1CC[C@H]2[C@@H](CCCN2C(=O)Cn2nc(-c3ccccc3)c3ccccc3c2=O)C1,model_validation,-2.610565909244821,0.2451512380026376,1.1317443926528896,0.960915627700372,0.2967032967032967,False,0.23655913978494625,472.6330000000002,4.422500000000004,JIAA,A,https://zinc20.docking.org/substances/43632487,False,True,False,True
2325722315,CC[C@H](NC[C@@H]1CCN(C(=O)Cc2ccccc2)C1)c1ccccc1OCC(=O)N(C)C,model_validation,-2.61028610678607,0.24530923222828657,1.2803803464244874,0.9636656546319026,0.38372093023255816,True,0.28888888888888886,437.5840000000003,3.2855000000000016,IGAB,B,https://zinc20.docking.org/substances/2325722315,False,True,False,False
12318645,Cc1ccccc1CCN1CCC[C@H](CN(C)C(=O)CSc2ccncc2)C1,model_validation,-2.6102733431208875,0.24531644183155596,1.290671524931284,0.9673362660201996,0.27586206896551724,False,0.27586206896551724,397.5880000000001,3.895220000000003,GHAA,A,https://zinc20.docking.org/substances/12318645,False,True,False,True
2204340,Cc1ccc(S(=O)(=O)N(C[C@H](O)CN(CC(C)C)CC(C)C)c2cccc(C)c2)cc1,model_validation,-2.6102352845767993,0.24533794059819009,1.3420505755350973,0.718860032530306,0.27692307692307694,False,0.25333333333333335,446.6570000000002,4.473640000000004,IIAA,A,https://zinc20.docking.org/substances/2204340,False,False,True,True
9516335,CC[C@H](c1nnc(SCC(=O)N2c3ccccc3C[C@H]2C)n1Cc1ccccc1)N(C)C,model_validation,-2.610071171386173,0.24543066754331497,1.2380130414756996,0.9424635058196281,0.3333333333333333,False,0.3333333333333333,449.62400000000025,4.409000000000004,IIAB,B,https://zinc20.docking.org/substances/9516335,False,True,False,True
48289401,CCOc1ccc(S(=O)(=O)NCCCN2C[C@@H](C)O[C@@H](C)C2)c2ccccc12,model_validation,-2.6250054602502066,0.23713438913008728,1.3764589350665122,0.8752914326707294,0.2894736842105263,False,0.2894736842105263,406.5480000000001,3.0161000000000016,HGAB,B,https://zinc20.docking.org/substances/48289401,False,False,True,True
9166829,O=C(CSc1nnc(CN2CCCC2)n1Cc1ccccc1)N1CCc2ccccc21,model_validation,-2.6093948130310234,0.24581319234588786,1.1974422998533287,0.9767321042817353,0.4246575342465753,True,0.4246575342465753,433.58100000000013,3.603600000000003,IHAB,B,https://zinc20.docking.org/substances/9166829,False,True,False,True
22185686,O=C(NCCN1CCOCC1)c1cccc(S(=O)(=O)N(Cc2ccccc2)c2ccccc2)c1,model_validation,-2.609037879848475,0.24601530163700122,1.1956633151928566,0.8894741702685134,0.3614457831325301,True,0.3614457831325301,479.6020000000002,3.1441000000000026,JGAB,B,https://zinc20.docking.org/substances/22185686,False,True,True,True
96008719,Cc1ccc(C)c(OCCCCC(=O)N2CCN3C(=O)N(c4ccccc4)C(=O)[C@@H]3C2)c1,model_validation,-2.3003331959232076,0.5008028642497617,1.2525244917084226,0.8786157507400801,0.4,True,0.35135135135135137,435.5240000000001,3.5321400000000027,IHAB,B,https://zinc20.docking.org/substances/96008719,False,True,False,False
14248902,CCCn1nc(C(=O)NC[C@H](c2ccccc2)N2CCCC2)c2ccccc2c1=O,model_validation,-2.3000649935519495,0.5011122349740837,1.3407577201065175,0.9594661621078587,0.3625,True,0.3170731707317073,404.5140000000003,3.373400000000003,HGAB,B,https://zinc20.docking.org/substances/14248902,False,True,False,True
8723905,O=C(CSc1nnc(CN2CCCC2)n1-c1ccccc1)N1CCCc2ccccc21,model_validation,-2.299948485416918,0.5012466863345314,1.3176882731081245,0.9643402836415771,0.40540540540540543,True,0.35064935064935066,433.5810000000002,3.934600000000003,IHAB,B,https://zinc20.docking.org/substances/8723905,False,True,False,True
11819611,CCOC(=O)C1(C[C@@H]2CCCCO2)CCN(Cc2nccn2-c2cccc(C)c2)CC1,model_validation,-2.3005867980732964,0.5005105105265146,1.2876961194516565,0.9648456787024012,0.26595744680851063,False,0.2403846153846154,425.5730000000001,4.285220000000004,IIAA,A,https://zinc20.docking.org/substances/11819611,False,False,False,True
15521616,CN(CCCNC(=O)CSc1nnnn1-c1ccc(OC(F)(F)F)cc1)c1ccccc1,model_validation,-2.300697723460878,0.5003826888869414,1.399952336001935,0.8893803385957998,0.36470588235294116,True,0.29069767441860467,466.4890000000001,3.2957000000000027,JGAB,B,https://zinc20.docking.org/substances/15521616,False,True,False,False
11909844,COCCNC(=O)c1cn(CCC(C)C)cc(C(=O)N(C)Cc2cccc3ccccc23)c1=O,model_validation,-2.300709714397305,0.500368873435833,1.2217166967600954,0.9400386264107388,0.2903225806451613,False,0.2857142857142857,463.5780000000002,3.6960000000000024,JHAA,A,https://zinc20.docking.org/substances/11909844,False,True,False,False
12597585,Cc1nn(C)c(C)c1CCC(=O)N(C)CC1CCN(CCc2ccc(F)cc2)CC1,model_validation,-2.3007213247332126,0.500355496860061,1.350549569428225,0.9743738773105703,0.29213483146067415,False,0.28888888888888886,414.5690000000002,3.521740000000002,HHAA,A,https://zinc20.docking.org/substances/12597585,False,True,False,True
14142415,O=C(Cn1c(CN2CCCCC2)nc2scc(-c3cccs3)c2c1=O)N1CCCCC1,model_validation,-2.299795766699431,0.5014229796450086,1.226048005930445,0.9640646934574165,0.38666666666666666,True,0.3076923076923077,456.6370000000003,4.184900000000003,JIAB,B,https://zinc20.docking.org/substances/14142415,False,True,False,True
22870591,CCc1ccc([C@H](CNC(=O)c2c(C)nn(Cc3ccccc3)c2Cl)N(C)C)cc1,model_validation,-2.300759681825183,0.5003113071797761,1.3567864528402291,0.9341535376793842,0.5,True,0.2876712328767123,424.97600000000006,4.488320000000003,HIAB,B,https://zinc20.docking.org/substances/22870591,False,True,False,True
8720715,CN(C[C@@H]1COc2ccccc2O1)C(=O)CSc1nnc(CN2CCCC2)n1-c1ccccc1,model_validation,-2.3007611038123588,0.5003096690399251,1.2285613728793265,0.9350035596196825,0.3411764705882353,True,0.29545454545454547,479.6060000000003,3.2536000000000023,JGAB,B,https://zinc20.docking.org/substances/8720715,False,True,False,True
20781895,O=CN1CCN(Cc2ccc(OCC[C@@H]3CCCCN3C(=O)Cc3ccsc3)cc2)CC1,model_validation,-2.299746363227504,0.5014800226104719,1.2443352459092398,0.9319370551249562,0.2823529411764706,False,0.25,455.6240000000002,3.4148000000000014,JGAA,A,https://zinc20.docking.org/substances/20781895,False,True,False,True
60368402,Cc1nn(Cc2ccccc2)c(Cl)c1CN1CCC(CN2C[C@@H](C)O[C@@H](C)C2)CC1,model_validation,-2.300813068280611,0.5002498092634953,1.2894570740685367,0.9252582025289827,0.3880597014925373,True,0.23076923076923078,431.0240000000003,4.214420000000004,IIAB,B,https://zinc20.docking.org/substances/60368402,False,False,False,True
14729676,CCOc1ccc(CCNC(=O)Cn2c3ccccc3c(=O)c3ccccc32)cc1OCC,model_validation,-2.2997016927602933,0.5015316062707614,1.376607001853429,0.8973898043802128,0.5735294117647058,True,0.4375,444.53100000000023,4.3110000000000035,IIBB,B,https://zinc20.docking.org/substances/14729676,False,True,False,False
17090111,CCCn1c(SCC(=O)NCCc2ccccc2)nnc1-c1csc(C)c1C,model_validation,-2.3008738626994596,0.5001797870339475,1.3169823939667367,0.928114352197245,0.4050632911392405,True,0.37349397590361444,414.60000000000014,4.484440000000004,HIAA,A,https://zinc20.docking.org/substances/17090111,False,True,False,False
12054099,O=C(CCN1CCCCO1)N1CCC(CCC(=O)N2CCc3ccccc3C2)CC1,model_validation,-2.2996547482940324,0.5015858215718572,1.2349862784709127,0.9106648070658169,0.42424242424242425,True,0.3170731707317073,413.56200000000024,3.007600000000001,HGAA,A,https://zinc20.docking.org/substances/12054099,False,True,False,False
1506412384,Cc1cccc(NC(=O)CC(=O)N(C)CC2CCN(Cc3ccccc3)CC2)c1C,model_validation,-2.299561517488226,0.5016935094933284,1.3747225625772865,0.9469833973517054,0.4032258064516129,True,0.32098765432098764,407.55800000000016,4.002640000000003,HIAA,A,https://zinc20.docking.org/substances/1506412384,True,True,False,True
36700429,CC(C)c1ccc(S(=O)(=O)NCCCCN2CCO[C@@H](c3ccccc3)C2)cc1,model_validation,-2.299531895734597,0.501727729473035,1.322940561973125,0.8488943366904879,0.2564102564102564,False,0.2564102564102564,416.5870000000001,3.9420000000000037,HHAB,B,https://zinc20.docking.org/substances/36700429,False,False,True,True
575433935,CCn1ncc(CN(C)C[C@H]2CCCN(CCc3ccccc3C)C2)c1C,model_validation,-2.30137995252211,0.49959725956465106,1.2658790050180568,0.9577761719741443,0.2413793103448276,False,0.2413793103448276,368.5690000000001,3.906340000000003,FHAA,A,https://zinc20.docking.org/substances/575433935,False,False,False,True
11819396,CCc1nccn1CCC(=O)N1CCC[C@H](N2CCN(c3ccccc3C)CC2)C1,model_validation,-2.301496260761854,0.499463480527356,1.226031202785809,0.9527392336579524,0.3698630136986301,True,0.3698630136986301,409.5780000000002,2.9572200000000013,HFAA,A,https://zinc20.docking.org/substances/11819396,False,True,False,True
9465989,CCOc1ccc([C@H](C)NC(=O)[C@H]2CC(=O)N(c3ccccc3OCC)C2)cc1OCC,model_validation,-2.298978385586201,0.5023675912464424,1.265561864080091,0.9100702918482406,0.3493975903614458,True,0.3493975903614458,440.54000000000025,4.113000000000003,IIAB,B,https://zinc20.docking.org/substances/9465989,False,True,False,False
101114801,O=C1[C@H]2CC=CC[C@H]2C(=O)N1CN(Cc1ccccc1)Cc1ccccc1,model_validation,-1.9832228274985195,1.0393867411991253,1.3960224177121014,0.7574821484173083,0.29850746268656714,False,0.29850746268656714,360.45700000000005,3.597500000000003,FHAB,B,https://zinc20.docking.org/substances/101114801,False,True,False,True
9782563,Cc1ccc(-c2nnc(CCC(=O)N3CCN(S(=O)(=O)c4ccc5c(c4)CCCC5)CC3)o2)cc1,model_validation,-1.9831227757381902,1.039626220301777,1.2459958451847468,0.9013781184810634,0.4074074074074074,True,0.4074074074074074,494.6170000000004,3.3895200000000028,JGAB,B,https://zinc20.docking.org/substances/9782563,False,True,True,False
8917011,CCCN1C(=O)[C@]2(c3ccccc31)c1c(oc3ccc(C)cc3c1=O)C(=O)N2CCCOC(C)C,model_validation,-1.9831072859415142,1.0396633008695164,1.218518958697221,0.8066271808866944,0.26881720430107525,False,0.23,474.55700000000036,4.372520000000003,JIAB,B,https://zinc20.docking.org/substances/8917011,False,True,False,False
9328311,CCn1c(CNC(=O)c2cccc(C)c2)nnc1SCC(=O)c1ccc(Cl)cc1,model_validation,-1.9831037560674523,1.0396717511160332,1.3855655387972752,0.8852185140785395,0.32432432432432434,False,0.26881720430107525,428.94500000000016,4.164820000000003,IIAB,B,https://zinc20.docking.org/substances/9328311,False,True,False,False
40109008,C[C@H]1CCCCN1S(=O)(=O)c1ccc(C(=O)NCCCN(C)CC(F)(F)F)cc1,model_validation,-1.9833489862992881,1.03908485216676,1.4005907982079746,0.8498894839781705,0.43243243243243246,True,0.34444444444444444,435.5120000000002,2.8637000000000015,IFAB,B,https://zinc20.docking.org/substances/40109008,False,True,True,True
2325809462,CC1CCN(c2nc(Cl)nc(N(CCN3CCOCC3)Cc3cccc(F)c3)n2)CC1,model_validation,-1.9833520451104298,1.0390775337382223,1.3402620160965426,0.9396191213175793,0.32941176470588235,False,0.22448979591836735,448.9740000000002,3.239200000000002,IGAB,B,https://zinc20.docking.org/substances/2325809462,False,False,False,True
12586318,CCOC(=O)[C@@]1(CCCc2ccccc2)CCCN(C(=O)c2ccsc2)C1,model_validation,-1.9830519550014722,1.0397957667764417,1.36391267609678,0.9375732767338181,0.3023255813953488,False,0.25842696629213485,385.5290000000001,4.556500000000004,GJAA,A,https://zinc20.docking.org/substances/12586318,False,True,False,False
12602535,CCN(CC)S(=O)(=O)c1ccc2c(c1)nc(CCC(=O)N[C@@H](C)c1ccccc1)n2CC,model_validation,-1.9830051126337767,1.0399079236756552,1.3690791919113028,0.8879612619496972,0.3614457831325301,True,0.3614457831325301,456.6120000000002,3.8967000000000027,JHAB,B,https://zinc20.docking.org/substances/12602535,False,True,True,False
106696712,CCCN(C[C@H]1CCCCO1)C(=O)c1cnc2c(cnn2Cc2ccccc2)c1,model_validation,-1.9829937131028603,1.0399352199425933,1.348871142174259,0.972774382863347,0.34444444444444444,True,0.2696629213483146,392.50300000000004,3.9009000000000027,GHAB,B,https://zinc20.docking.org/substances/106696712,False,True,False,False
952971165,CN1CCN(c2ccc(C(=O)N3CCC([C@H](O)CCc4ccccc4)CC3)cc2)CC1,model_validation,-1.9829705536052684,1.0399906777492367,1.2831226081404694,0.9796550247445213,0.39655172413793105,True,0.32432432432432434,421.5850000000002,3.2843000000000018,HGAA,A,https://zinc20.docking.org/substances/952971165,False,True,False,True
2377892,CCOCCCn1c(-c2ccccc2F)nc2nc3ccccc3nc21,model_validation,-1.9834535669715383,1.0388346645314765,1.393660746797508,0.915867235258175,0.3125,False,0.3125,350.3970000000001,4.212200000000003,FIAB,B,https://zinc20.docking.org/substances/2377892,False,False,False,False
12950347,CCOC(=O)c1ccc2c(c1)n(CC(=O)c1cc(C)n([C@@H]3CCS(=O)(=O)C3)c1C)c(=O)n2CC,model_validation,-1.9829632771480452,1.0400081025874282,1.4036007124524543,0.8491984638608724,0.32098765432098764,False,0.24,487.5780000000003,2.6604400000000012,JFAB,B,https://zinc20.docking.org/substances/12950347,False,False,False,False
95352957,Cn1ccnc1COc1ccc(CN[C@@H](CN2CCCC2)c2ccccc2)cc1,model_validation,-1.983462695204796,1.038812829979408,1.4337994804390322,0.9541642962339248,0.2597402597402597,False,0.25316455696202533,390.5310000000002,3.9258000000000033,GHAB,B,https://zinc20.docking.org/substances/95352957,False,False,False,True
12761525,O=C(c1ccc(Cl)c(S(=O)(=O)N2CCc3ccccc3C2)c1)N1CCN(c2ccncc2)CC1,model_validation,-1.983487346987629,1.0387538656992668,1.2499470199817146,0.9074981975937206,0.38461538461538464,True,0.2903225806451613,497.02000000000027,3.4444000000000026,JGAB,B,https://zinc20.docking.org/substances/12761525,False,True,True,False
8273055,C[C@@H](CCc1ccccc1)NC(=O)COc1ncnc2ccc(Br)cc12,model_validation,-1.9829028103382287,1.040152912970191,1.4722477661574327,0.8868749527661629,0.3411764705882353,True,0.3411764705882353,414.30300000000005,3.9086000000000025,HHAB,B,https://zinc20.docking.org/substances/8273055,False,True,False,False
3298108,CSCC[C@H](NC(=O)c1ccc(C(C)(C)C)cc1)C(=O)OCCN1C(=O)c2ccccc2C1=O,model_validation,-1.982838155144261,1.0403077763114996,1.3011561190551164,0.846369188801536,0.4,True,0.26666666666666666,482.6020000000003,3.6750000000000025,JHAB,B,https://zinc20.docking.org/substances/3298108,False,True,False,False
9339195,CCCCn1nc(C)c([C@H]2Nc3ccccc3C(=O)N2C[C@@H]2CCCO2)c1Cl,model_validation,-1.983601960782773,1.0384797663973944,1.2969223603026405,0.9061460730952112,0.3218390804597701,False,0.25252525252525254,402.9260000000003,4.390520000000004,HIAB,B,https://zinc20.docking.org/substances/9339195,True,True,False,False
14941541,CCOC(=O)c1ccc(S(=O)(=O)N2CCC(C(=O)NCCC3=CCCCC3)CC2)cc1,model_validation,-1.9827857131898372,1.0404334032058289,1.3683355890293811,0.9146265044901923,0.3614457831325301,True,0.34408602150537637,448.5850000000003,3.2707000000000024,IGAB,B,https://zinc20.docking.org/substances/14941541,False,True,True,False
14537904,Cc1nc(CN2C[C@@H](OCc3ccncc3)CN(Cc3cc4ccccc4o3)CC2=O)cs1,model_validation,-1.9827592394607367,1.0404968278928712,1.3331862609456169,0.9428550552258982,0.25925925925925924,False,0.21212121212121213,462.5750000000003,4.022520000000004,JIAA,A,https://zinc20.docking.org/substances/14537904,False,True,False,True
13040330,Cc1cc(C)c(S(=O)(=O)N2CCN(CC(=O)N(c3ccccc3)C3CCCCC3)CC2)c(C)c1,model_validation,-1.9836764852954598,1.0383015795635362,1.2122247972668019,0.9295186960161748,0.4444444444444444,True,0.2823529411764706,483.67800000000034,4.284060000000004,JIAB,B,https://zinc20.docking.org/substances/13040330,False,True,True,True
11976685,O=C1N[C@](c2ccccn2)(C2CCN(Cc3ccc(F)cc3)CC2)C(=O)N1C[C@@H]1CCCO1,model_validation,-1.6661656970149423,2.1569213187696326,1.258076699178962,0.9428052160151185,0.24731182795698925,False,0.24210526315789474,452.5300000000003,3.059000000000002,JGAA,A,https://zinc20.docking.org/substances/11976685,False,True,False,True
104007014,CCOc1ccc(CCNC(=O)COC(=O)C[C@H]2C[C@H]3CC[C@H]2C3)cc1OCC,model_validation,-1.6661296312131801,2.157100446826964,1.3986843031008422,0.865638363276519,0.3780487804878049,True,0.34444444444444444,403.51900000000023,3.5122000000000018,HHAB,B,https://zinc20.docking.org/substances/104007014,False,True,False,False
9482954,C[C@@H]1[C@@H](C)CCC[C@H]1NC(=O)CSc1nc2cc(S(=O)(=O)N3CCCCC3)ccc2o1,model_validation,-1.66611728310072,2.1571617796292113,1.2291815710655645,0.9065049308807025,0.35294117647058826,True,0.3010752688172043,465.64100000000036,4.035400000000003,JIAB,B,https://zinc20.docking.org/substances/9482954,False,True,True,False
78998692,CN(C[C@@H]1CCCCO1)c1ncc(Cl)c(N(C)C[C@H]2CCCCO2)n1,model_validation,-1.6662005908305293,2.156748025775129,1.2972607003669112,0.909303416927592,0.2602739726027397,False,0.19480519480519481,368.9090000000003,3.140600000000002,FGAB,B,https://zinc20.docking.org/substances/78998692,False,False,False,False
142226008,CC(C)[C@H](NC(=O)OCC1c2ccccc2-c2ccccc21)C(=O)N[C@@H](CCCNC(N)=O)C(=O)O,model_validation,-1.6661137479604036,2.157179338914285,1.2968164508720395,0.6428016701395143,0.25773195876288657,False,0.2413793103448276,496.5640000000003,2.5675999999999997,JFAA,A,https://zinc20.docking.org/substances/142226008,False,True,False,False
825132061,Cc1cc(C)n(CCNC(=O)c2ccc(CSc3ccccn3)cc2)c(=O)n1,model_validation,-1.6661085799638748,2.15720500896567,1.3732768393900892,0.9664767173902848,0.3287671232876712,False,0.3287671232876712,394.5000000000001,2.9774400000000014,GFAA,A,https://zinc20.docking.org/substances/825132061,False,True,False,False
76292359,CC(C)c1nnc(CN2CCC(C(=O)N3CCc4ccccc4C3)CC2)o1,model_validation,-1.6661084928765406,2.1572054415413997,1.3362200575390881,0.9307978410011469,0.4246575342465753,True,0.2823529411764706,368.48100000000017,2.9899000000000013,FFAA,A,https://zinc20.docking.org/substances/76292359,False,True,False,True
585095429,CN(C)C(=O)COCC[C@@H]1CN(Cc2cccc(F)c2)Cc2cccn2C1,model_validation,-1.6662116657126242,2.1566930275503338,1.24678890877237,0.9342336557975266,0.2872340425531915,False,0.2872340425531915,373.4720000000001,2.7541,FFAB,B,https://zinc20.docking.org/substances/585095429,False,True,False,True
9373091,CCOC(=O)[C@@H]1CCCN(C(=O)CSc2nnc(-c3ccncc3)n2-c2ccccc2)C1,model_validation,-1.6662139250782069,2.1566818076395893,1.3280426453372596,0.9597024458292222,0.4457831325301205,True,0.4024390243902439,451.55200000000013,3.2231000000000014,JGAB,B,https://zinc20.docking.org/substances/9373091,False,True,False,False
585103590,Cc1ccccc1CN1CC2(C1)OCC[C@H]2CCNC(=O)C1CC(F)(F)C1,model_validation,-1.6660976384532202,2.1572593577541093,1.2126666181869608,0.9394715180478049,0.2823529411764706,False,0.2823529411764706,378.463,3.137520000000001,GGAB,B,https://zinc20.docking.org/substances/585103590,False,True,False,True
12975710,CC(C)(C)c1ccc(OCC(=O)N2CCN(S(=O)(=O)Cc3ccccc3)CC2)cc1,model_validation,-1.6662249870672456,2.1566268751279467,1.304215365961944,0.9382785499633985,0.31666666666666665,False,0.28,430.57000000000016,3.0371000000000015,IGAB,B,https://zinc20.docking.org/substances/12975710,False,True,True,False
96375394,CS(=O)(=O)C1C[C@H]2CC[C@@H](C1)N2C(=O)CCc1cccc(Oc2ccc(F)cc2)c1,model_validation,-1.666089533919059,2.1572996155653943,1.3181916465036791,0.8503696292442204,0.28888888888888886,False,0.26666666666666666,431.52900000000005,4.117200000000003,IIAB,B,https://zinc20.docking.org/substances/96375394,False,True,False,False
1462681,O[C@H](COc1c(F)cc(Br)cc1F)CN1CCN(Cc2ccccc2)CC1,model_validation,-1.6660862757027444,2.157315800378839,1.3059785273571223,0.9035218596837566,0.3333333333333333,False,0.2625,441.3160000000003,3.2848000000000024,IGAB,B,https://zinc20.docking.org/substances/1462681,False,False,False,True
19739772,COc1ccccc1Cn1cnc2sc3c(c2c1=O)CC[C@H](NCc1cccc(F)c1F)C3,model_validation,-1.666086019934884,2.157317070881302,1.241897051466861,0.8935437402368521,0.2903225806451613,False,0.27835051546391754,467.5410000000002,4.4402000000000035,JIAA,A,https://zinc20.docking.org/substances/19739772,False,False,False,False
253418893,O[C@@H]1CCCC[C@H]1[C@@H]1CCCCN1Cc1csc(-c2ccccc2F)n1,model_validation,-1.6660828625597779,2.1573327549027654,1.3901375778693652,0.9765779355161642,0.3387096774193548,False,0.22784810126582278,374.52500000000003,4.8548000000000044,FJAB,B,https://zinc20.docking.org/substances/253418893,False,False,False,True
675007618,CC(C)S(=O)(=O)c1ccc(CC(=O)NC[C@@H](c2ccsc2)c2ccco2)cc1,model_validation,-1.6660805577019866,2.157344204181101,1.3231532737998541,0.7853180324396932,0.29508196721311475,False,0.2235294117647059,417.5520000000001,4.014000000000003,HIAB,B,https://zinc20.docking.org/substances/675007618,False,True,False,False
5323619,Cc1cccc(-c2nc3c(c(SCCN4CCCCC4)n2)COC(C)(C)C3)c1,model_validation,-1.6662433763044515,2.156535559476458,1.405725999133715,0.9454940333223502,0.21428571428571427,False,0.20430107526881722,397.58800000000025,4.881320000000005,GJAB,B,https://zinc20.docking.org/substances/5323619,False,False,False,True
9699093,C[C@H]1CCCC[C@@H]1NC(=O)CSc1nnc(CCNC(=O)c2ccc(Cl)c(Cl)c2)n1C,model_validation,-1.6660706374356304,2.1573934833556003,1.257367213959217,0.8928801157918475,0.3372093023255814,False,0.3372093023255814,484.4530000000002,3.881400000000003,JHAB,B,https://zinc20.docking.org/substances/9699093,False,True,False,False
23509677,Cc1noc2nc(-c3cccs3)cc(C(=O)NCCCN3C[C@@H](C)O[C@@H](C)C3)c12,model_validation,-1.6662479502529683,2.1565128471669714,1.2546587358757035,0.9353342154511867,0.29545454545454547,False,0.2840909090909091,414.53100000000035,3.4888200000000023,HGAB,B,https://zinc20.docking.org/substances/23509677,False,True,False,True
39538858,C=C1c2ccccc2C(=O)N1CC(=O)N[C@@H](C)c1ccc(OCC)c(OCC)c1,model_validation,-1.6660524455804022,2.157483854782273,1.4321650572770268,0.8764162990335818,0.3924050632911392,True,0.3924050632911392,394.4710000000002,3.787900000000003,GHAB,B,https://zinc20.docking.org/substances/39538858,False,True,False,False
1704298837,O[C@H]1CCCN(c2ccnc(NCCN3CCC(c4ccccc4)CC3)n2)C1,model_validation,-1.349104836270291,4.4760524172043725,1.2122341836831605,0.9752226764639296,0.26744186046511625,False,0.24489795918367346,381.5240000000001,2.7292000000000005,GFAA,A,https://zinc20.docking.org/substances/1704298837,True,False,False,True
32776024,C[C@@H](OC(=O)C1=NN(c2ccccc2)C(=O)CC1)C(=O)NC1CCCCCC1,model_validation,-1.3491085985044968,4.476013641937195,1.288641770502399,0.8968149174550503,0.3253012048192771,False,0.25287356321839083,385.4640000000003,2.940100000000001,GFAB,B,https://zinc20.docking.org/substances/32776024,False,True,False,False
9389572,O=C(CN1CCc2sccc2[C@H]1c1cccs1)N1CCN(c2ncccn2)CC1,model_validation,-1.3490996044661974,4.476106339073957,1.2997305592390849,0.9647006193247772,0.3048780487804878,False,0.27906976744186046,425.58300000000025,2.895900000000002,IFAB,B,https://zinc20.docking.org/substances/9389572,False,True,False,True
4770973,CN1C(=O)N[C@H](c2ccc(Br)cc2)C2=C1CN(Cc1ccco1)C2=O,model_validation,-1.3490989034081107,4.476113564616093,1.3549430399429272,0.7005531896522298,0.25882352941176473,False,0.25882352941176473,402.24800000000016,3.0347000000000017,HGAA,A,https://zinc20.docking.org/substances/4770973,False,True,False,False
109638120,O=C(CN1CCN(C(=O)c2ccc(F)cc2Cl)CC1)NCC1CCCCC1,model_validation,-1.3491173589490246,4.4759233541823,1.2668639269444162,0.9471233334825362,0.3125,False,0.3125,395.90600000000035,2.9334000000000016,GFAB,B,https://zinc20.docking.org/substances/109638120,False,True,False,True
3439258,CN(CC(=O)NC[C@H](c1ccco1)N1CCCC1)S(=O)(=O)c1ccc(Cl)cc1,model_validation,-1.3490893008121467,4.476212536136641,1.2230570805466936,0.9344009859043164,0.32941176470588235,False,0.2987012987012987,425.9380000000001,2.5068,IFAB,B,https://zinc20.docking.org/substances/3439258,False,True,True,True
39430542,COC(=O)[C@@H]1C[C@@H](NC(=O)CCn2nc(C)cc2C)CN1Cc1c(F)cccc1Cl,model_validation,-1.349121031341573,4.475885505950834,1.1818849306288606,0.9209818415499332,0.26804123711340205,False,0.26804123711340205,436.9150000000002,2.61484,IFAA,A,https://zinc20.docking.org/substances/39430542,False,True,False,True
11795857,O=S1(=O)CC[C@H](n2nc(-c3ccccc3)cc2NS(=O)(=O)c2ccccc2)C1,model_validation,-1.3491260390259472,4.475833896516174,1.229550847735511,0.77277874902918,0.27710843373493976,False,0.19736842105263158,417.5120000000001,2.7105000000000006,HFAB,B,https://zinc20.docking.org/substances/11795857,True,False,True,False
21890113,Cc1ccc(S(=O)(=O)N2CCCCC2)cc1NC(=O)CCc1ccsc1,model_validation,-1.3490822354063032,4.476285358879706,1.1725982158609058,0.9030961809687612,0.3717948717948718,True,0.3717948717948718,392.5460000000001,3.8024200000000024,GHAB,B,https://zinc20.docking.org/substances/21890113,True,True,True,False
79183125,O=C(OCn1nnc2ccccc2c1=O)[C@@H]1CCCC[C@@H]1C(=O)N1CCc2ccccc21,model_validation,-1.349128819635152,4.475805239681678,1.2265590044420938,0.9590585210940192,0.2826086956521739,False,0.26373626373626374,432.48000000000025,2.687900000000001,IFAB,B,https://zinc20.docking.org/substances/79183125,False,True,False,False
1775965340,COc1ccc(-c2nc(-c3cccc(S(=O)(=O)N4C[C@@H](C)O[C@H](C)C4)c3)cs2)cc1OC,model_validation,-1.3491318781864636,4.475773718600126,1.2108298811195966,0.846299177476763,0.3333333333333333,False,0.21978021978021978,474.60400000000027,4.292200000000004,JIAB,B,https://zinc20.docking.org/substances/1775965340,False,False,True,False
426722431,CO[C@@]12CC[C@@H](OCC(=O)O)C[C@@H]1N(Cc1ccc3c(c1)CC(C)(C)O3)CC2,model_validation,-1.349132984528433,4.475762316820436,1.288528808953191,0.9064623363752743,0.26436781609195403,False,0.2079207920792079,389.49200000000025,3.013300000000001,GGAA,A,https://zinc20.docking.org/substances/426722431,False,False,False,True
1529180969,CCCn1cc(C(=O)N2C[C@@H](Cc3ccc4ccccc4n3)[C@H](O)C2)c(C)n1,model_validation,-1.3490715882293098,4.476395100975667,1.1863314209154565,0.9253722975308406,0.29213483146067415,False,0.23076923076923078,378.4760000000001,2.8253200000000014,GFAA,A,https://zinc20.docking.org/substances/1529180969,False,True,False,False
26767118,CCS(=O)(=O)N1CCC(C(=O)N(Cc2ccco2)c2ccc(C)cc2)CC1,model_validation,-1.3491411341458734,4.47567832908879,1.2015559926112587,0.8541306180060705,0.4,True,0.25301204819277107,390.50500000000017,3.182920000000002,GGAB,B,https://zinc20.docking.org/substances/26767118,False,True,True,False
64942591,Cc1ccc(S(=O)(=O)c2ccc(C(=O)NCc3cccs3)cn2)cc1C,model_validation,-1.349149081034954,4.475596432137966,1.3158965546184063,0.8164964558221012,0.3333333333333333,False,0.3333333333333333,386.49800000000005,3.5227400000000015,GHAA,A,https://zinc20.docking.org/substances/64942591,False,True,False,False
110099048,Cc1cc(N(C)[C@@H]2CCCc3nc(C)sc32)nc(-c2cccnc2)n1,model_validation,-1.349151831923294,4.47556808310854,1.1483526621844518,0.9270509147211221,0.2987012987012987,False,0.2676056338028169,351.47900000000004,4.125740000000004,FIAB,B,https://zinc20.docking.org/substances/110099048,False,False,False,False
89657602,Cc1ccc2[nH]c([C@H]3CCCN(CCN4C(=O)NC5(CCCC5)C4=O)C3)nc2c1,model_validation,-1.349053852265675,4.476577914262983,1.263955100062118,0.9074254411412938,0.3225806451612903,False,0.3225806451612903,395.5070000000003,2.9153200000000012,GFAB,B,https://zinc20.docking.org/substances/89657602,False,True,False,True
7719277,CC[C@@H](C)c1ccc([C@@H](NCC(=O)Nc2cccc(S(C)(=O)=O)c2)C(C)C)cc1,model_validation,-1.349053578598825,4.476580735140093,1.3333688007389117,0.7935863625657633,0.28125,False,0.21686746987951808,416.5870000000001,4.5290000000000035,HJAB,B,https://zinc20.docking.org/substances/7719277,True,True,False,False
2382334788,COc1cc(C)cc(-c2nccn2CC[C@@H]2CCCCN2S(C)(=O)=O)c1OC,model_validation,-1.349053020510818,4.476586487752042,1.2955254251706725,0.9375873543496,0.2717391304347826,False,0.23170731707317074,407.5360000000002,3.0799200000000013,HGAA,A,https://zinc20.docking.org/substances/2382334788,False,False,True,False
30362717,CC(C)[C@@H](NC(=O)c1ccccc1F)C(=O)NCCN1CCc2ccccc2C1,model_validation,-1.3491572328000763,4.4755124253867535,1.1901766013048285,0.9199574874906671,0.5070422535211268,True,0.3146067415730337,397.4940000000002,2.754600000000001,GFAB,B,https://zinc20.docking.org/substances/30362717,False,True,False,True
12775141,CCCCCNC(=O)CCn1cnc2ccc(Br)cc2c1=O,model_validation,-1.032051427672737,9.288563882587168,1.0462980165361306,0.8411783948775556,0.42857142857142855,True,0.38961038961038963,366.25900000000007,2.855500000000001,FFAB,B,https://zinc20.docking.org/substances/12775141,False,True,False,False
58217827,O=C(NC1CC1)[C@@H](NCc1ccc(N2CCCCC2=O)cc1)c1ccccc1,model_validation,-1.0320483014496227,9.288630745577219,1.1315656901360878,0.936874781008779,0.3157894736842105,False,0.275,377.48800000000006,3.3130000000000015,GGAB,B,https://zinc20.docking.org/substances/58217827,False,True,False,False
52666225,CN(C)Cc1ccccc1NC(=O)c1cccc(OCc2cccnc2)c1,model_validation,-1.0320464588212055,9.288670155544397,1.108380610158261,0.9649971040987889,0.37681159420289856,True,0.30120481927710846,361.4450000000001,3.9745000000000026,FHAB,B,https://zinc20.docking.org/substances/52666225,True,True,False,True
5472431,Cc1cc(Cl)cc(C)c1OCC(=O)O[C@@H](C(=O)N1CCOCC1)c1ccccc1,model_validation,-1.0320460983786939,9.28867786467525,1.1233632230216997,0.9407802139101338,0.3076923076923077,False,0.23595505617977527,417.8890000000002,3.4789400000000024,HGAB,B,https://zinc20.docking.org/substances/5472431,False,True,False,False
21548651,Cc1nn(-c2ccc(Cl)cc2)c2sc(C(=O)NC[C@@H](c3cccs3)N3CCOCC3)cc12,model_validation,-1.032045604924214,9.288688418671445,1.1405360075108268,0.9429297865611842,0.34408602150537637,True,0.34408602150537637,487.0500000000003,4.913620000000003,JJAB,B,https://zinc20.docking.org/substances/21548651,False,True,False,True
77101086,Cc1cc(C(F)(F)F)nc(CCNC(=O)/C=C/c2ccccc2Cl)n1,model_validation,-1.0320574921404309,9.288434178424113,1.0108931688854492,0.7973912870434543,0.2702702702702703,False,0.2702702702702703,369.77400000000006,3.8293200000000027,FHAB,B,https://zinc20.docking.org/substances/77101086,False,True,False,False
654370555,CCOc1ncccc1CNC(=O)N1CCC(c2ccc3cccnc3n2)CC1,model_validation,-1.0320613023179626,9.288352688952244,1.1535708328831493,0.9400114539139728,0.32098765432098764,False,0.27710843373493976,391.47500000000014,3.5127000000000024,GHAB,B,https://zinc20.docking.org/substances/654370555,False,True,False,False
53495545,COc1ccc2cc(C(=O)NC[C@H]3COc4ccccc4O3)c(C)nc2c1,model_validation,-1.0320396819471072,9.288815100142918,1.1991299537136968,0.9394285208621844,0.34146341463414637,True,0.3246753246753247,364.4010000000001,3.121620000000002,FGAB,B,https://zinc20.docking.org/substances/53495545,False,True,False,False
766531,CC1=C(C(=O)OCC2CCCCC2)[C@H](c2ccc(Cl)cc2)NC(=O)N1,model_validation,-1.032039352858567,9.28882213878579,1.1963481474135387,0.8616659163970937,0.3,False,0.28,362.85699999999997,4.091400000000003,FIAA,A,https://zinc20.docking.org/substances/766531,False,True,False,False
40133037,Cc1c(C(=O)N[C@@H](C)c2ccccc2OC(F)F)oc2c1C(=O)CCC2,model_validation,-1.0320350786479031,9.288913557350071,1.153241666067618,0.7448566706153592,0.23595505617977527,False,0.23595505617977527,363.36000000000024,4.1994200000000035,FIAB,B,https://zinc20.docking.org/substances/40133037,False,True,False,False
1081646,O=C(Nc1ccccc1C(=O)NCCc1ccccc1)c1ccccc1Cl,model_validation,-1.0320665171116696,9.288241159668848,1.171291186575311,0.8000017444565144,0.4117647058823529,True,0.31343283582089554,378.85900000000004,4.5648000000000035,GJAA,A,https://zinc20.docking.org/substances/1081646,True,True,False,False
12763812,Cc1ccc2nc(NC(=O)[C@H]3CCCN3S(=O)(=O)c3ccc(Br)s3)sc2c1,model_validation,-1.032032869546551,9.288960806865191,1.149329275750746,0.8551019210282729,0.3626373626373626,True,0.3626373626373626,486.4380000000001,4.220520000000003,JIAB,B,https://zinc20.docking.org/substances/12763812,True,True,True,False
10027802,Cc1ccc(C(=O)N[C@@H](C(=O)NC2CCN(C(=O)Nc3ccccc3)CC2)C(C)C)cc1,model_validation,-1.0320291321378887,9.289040745232844,1.1848511960119372,0.9475552276700077,0.36507936507936506,True,0.27710843373493976,436.55600000000015,3.562120000000003,IHAB,B,https://zinc20.docking.org/substances/10027802,True,True,False,False
1857730464,COCCN1C[C@H](Cn2ccnc2-c2ccc3c(ccn3C)c2)CC1=O,model_validation,-1.0320283685093263,9.289057078350952,1.1123854158518247,0.9462550073681619,0.25263157894736843,False,0.22580645161290322,352.4380000000001,2.5367000000000006,FFAA,A,https://zinc20.docking.org/substances/1857730464,False,True,False,False
15066663,COc1ccc(C(=O)NC2CC2)c(OC2CCN(C/C=C/c3ccc(F)cc3)CC2)c1,model_validation,-1.032079312184441,9.287967515918229,1.0592621852512059,0.9494018565167127,0.35555555555555557,True,0.32558139534883723,424.51600000000013,4.283100000000004,HIAA,A,https://zinc20.docking.org/substances/15066663,False,True,False,True
40088730,O=C(NC[C@H](c1ccco1)N1CCCC1)c1csc(Cc2ccccc2)n1,model_validation,-1.0320193334128969,9.289250330632438,1.1063951714542486,0.9595099574900497,0.3235294117647059,False,0.2926829268292683,381.50100000000003,3.8938000000000033,GHAB,B,https://zinc20.docking.org/substances/40088730,False,True,False,True
12807492,O=C(c1cc2cc(F)ccc2s1)N1CCN(S(=O)(=O)c2c(F)cccc2F)CC1,model_validation,-1.0320838748916574,9.287869936843283,1.0455852494976672,0.8606475559334484,0.3287671232876712,False,0.3287671232876712,440.4680000000002,3.465300000000002,IGAB,B,https://zinc20.docking.org/substances/12807492,False,True,True,False
84275099,Cc1nc(-c2ccc(S(=O)(=O)N3CCc4cc(S(N)(=O)=O)ccc43)s2)cs1,model_validation,-1.0320846911961077,9.287852479282218,1.0346279483524956,0.7080414535613445,0.25555555555555554,False,0.25,441.5810000000001,2.5788200000000003,IFAB,B,https://zinc20.docking.org/substances/84275099,False,False,True,False
1772595549,CN1C[C@@H](C(=O)NCCc2ccc(F)cc2)[C@@H]2COc3ccccc3[C@@H]21,model_validation,-1.032090791642597,9.287722015618812,1.0570229617778928,0.9656252823290136,0.32894736842105265,False,0.2972972972972973,354.42500000000007,2.7959000000000005,FFAB,B,https://zinc20.docking.org/substances/1772595549,False,True,False,True
3412141,CC[C@@]1(c2ccccc2)NC(=O)N(CC(=O)Nc2ccc(I)cc2C)C1=O,model_validation,-1.0320910026141168,9.287717503831454,1.1020423038193516,0.8591255678887694,0.27906976744186046,False,0.2375,477.3020000000001,3.3954200000000014,JGAB,B,https://zinc20.docking.org/substances/3412141,True,True,False,False
8918281,C[C@@H](C(=O)Nc1ccc(F)cc1)N1C(=O)N2CCc3c([nH]c4ccccc34)[C@@]2(C)C1=O,model_validation,-0.7149978613492808,19.27534405166689,0.874699405228748,0.8906602496150363,0.25,False,0.25,420.44400000000013,3.3697000000000017,HGAB,B,https://zinc20.docking.org/substances/8918281,True,True,False,False
13327115,COC(=O)c1cc(Cc2ccccc2)sc1NC(=O)c1c(C)noc1C,model_validation,-0.7149987952438724,19.275302602555843,0.9540561639606133,0.8501350031628977,0.2916666666666667,False,0.2894736842105263,370.43000000000023,3.9826400000000026,FHAA,A,https://zinc20.docking.org/substances/13327115,True,True,False,False
1875263782,COC(=O)[C@]1(C)CCCN1C(=O)CCc1ccc(-c2ccccc2)cc1,model_validation,-0.7149921137684737,19.275599148922858,0.8856129813248695,0.9406661059001233,0.32051282051282054,False,0.2631578947368421,351.446,3.8403000000000027,FHAB,B,https://zinc20.docking.org/substances/1875263782,False,True,False,False
11933490,O=C(c1c(F)ccc(F)c1F)N1CCC[C@H](Nc2cccc(F)c2)C1,model_validation,-0.7149868323412734,19.275833559666953,0.8538871167021984,0.892461568216273,0.2804878048780488,False,0.2804878048780488,352.331,3.9597000000000033,FHAA,A,https://zinc20.docking.org/substances/11933490,True,True,False,False
8964419,CCN(Cc1cc2ccc(C)cc2[nH]c1=O)C(=O)c1cc(OC)c(OC)c(OC)c1,model_validation,-0.7149856927452434,19.275884139844997,0.9081210260251031,0.880169922922331,0.35714285714285715,True,0.24444444444444444,410.4700000000002,3.5246200000000023,HHAB,B,https://zinc20.docking.org/substances/8964419,False,True,False,False
2917363,Cc1cccn2c(=O)c3cc(C(=O)N4c5ccccc5C[C@@H]4C)n(C)c3nc12,model_validation,-0.7149855043807268,19.27589250028598,0.824507623127706,0.8880906005500774,0.275,False,0.275,372.42800000000017,3.086020000000002,FGAB,B,https://zinc20.docking.org/substances/2917363,False,True,False,False
4015867,CC(=O)C12c3ccccc3C(c3ccccc31)[C@H]1C(=O)N(c3ccc([N+](=O)[O-])cc3)C(=O)[C@H]12,model_validation,-0.7149835544292518,19.27597904787284,0.9955761663708578,0.7100605930585949,0.2073170731707317,False,0.2073170731707317,438.4390000000002,3.734600000000002,IHBB,B,https://zinc20.docking.org/substances/4015867,False,True,False,False
2325841826,O=C(NCC1(c2ccc(Cl)cc2)CCCCC1)c1nnc2c(F)cccc2c1O,model_validation,-0.7150109003516827,19.27476534874759,0.9860033034510712,0.8682090728036317,0.24285714285714285,False,0.24050632911392406,413.88000000000005,4.759800000000004,HJAB,B,https://zinc20.docking.org/substances/2325841826,False,True,False,False
169772858,Cc1ccc(NC(=O)[C@@H]2CC(=O)N(c3n[nH]c4cccc(F)c34)C2)cc1C,model_validation,-0.7149818064129432,19.27605663300218,0.913781367559153,0.9363286894087385,0.36585365853658536,True,0.2441860465116279,366.39600000000013,3.3104400000000016,FGAB,B,https://zinc20.docking.org/substances/169772858,True,True,False,False
10498458,O=C(CCNC(=O)Nc1ccccc1)Nc1ccc(-c2csc(N3CCOCC3)n2)cc1,model_validation,-0.7150131593346006,19.274665091308812,0.988265462313139,0.9386451492245608,0.42424242424242425,True,0.2727272727272727,451.5520000000003,3.7970000000000024,JHAB,B,https://zinc20.docking.org/substances/10498458,True,True,False,False
67872994,Cc1cc2c(c(-c3cc(C(C)C)nc(C(F)(F)F)n3)c1)O[C@@H](CN)C2,model_validation,-0.7149810944330801,19.276088234083897,0.8864238517713129,0.8081808248368287,0.20689655172413793,False,0.16304347826086957,351.37200000000007,3.8564200000000017,FHAA,A,https://zinc20.docking.org/substances/67872994,False,False,False,False
575619649,C[C@@H](Oc1ccccc1F)C(=O)N1Cc2ccccc2[C@@H](c2cnn(C)c2)C1,model_validation,-0.7150133327555329,19.274657394619442,0.8986793811852101,0.9479352925787549,0.24,False,0.23595505617977527,379.43500000000006,3.5008000000000026,GHAB,B,https://zinc20.docking.org/substances/575619649,False,True,False,False
14462551,CS(=O)(=O)c1ccc2nc(NC(=O)[C@@H]3CC(=O)N(c4ccccc4Cl)C3)sc2c1,model_validation,-0.7150143972041901,19.274610152807966,0.9306144217007457,0.8769438514237551,0.38666666666666666,True,0.25,449.9410000000001,3.344800000000002,IGAB,B,https://zinc20.docking.org/substances/14462551,True,True,False,False
426621610,COCC[C@@H]1CN(C(=O)c2ccc(-c3ccc4c(c3)CCO4)cc2)CCO1,model_validation,-0.7149797333270438,19.276148646643254,0.9828421251931603,0.9713078662845953,0.2804878048780488,False,0.27380952380952384,367.4450000000002,3.166000000000002,FGAA,A,https://zinc20.docking.org/substances/426621610,False,True,False,False
8727438,COC(=O)c1cccc(NC(=O)c2sc(-c3ccccn3)nc2C)c1,model_validation,-0.7149797309615932,19.276148751633716,0.8715018193679792,0.9559793061853334,0.375,True,0.3582089552238806,353.403,3.5524200000000015,FHAB,B,https://zinc20.docking.org/substances/8727438,True,True,False,False
41070506,Cn1nc(C(=O)Nc2ccc(Oc3ccccc3)cc2)c2c1CCS(=O)(=O)C2,model_validation,-0.7149758439433589,19.276321277604254,0.976088522540089,0.8874781579075328,0.30434782608695654,False,0.26744186046511625,397.45600000000024,2.9356000000000018,GFAB,B,https://zinc20.docking.org/substances/41070506,True,True,False,False
41158104,C[C@@H]1CN(S(=O)(=O)c2ccc(NC(=O)c3ccccc3Cl)cc2)c2ccccc2O1,model_validation,-0.714974775517506,19.276368700139408,0.9742736578676366,0.8330663047729933,0.4927536231884058,True,0.4927536231884058,442.9240000000001,4.568500000000004,IJAB,B,https://zinc20.docking.org/substances/41158104,True,True,True,False
10224701,CC(=O)N[C@H](Cc1c[nH]c2ccccc12)C(=O)N[C@H]1CCSc2ccccc21,model_validation,-0.7149723704859462,19.276475448913295,0.8686948270432617,0.8279000987267419,0.43037974683544306,True,0.313953488372093,393.51200000000017,3.5684000000000022,GHAB,B,https://zinc20.docking.org/substances/10224701,False,True,False,False
3269125,O=C(COC(=O)Cc1ccc(Cl)cc1Cl)Nc1ncc(C(F)(F)F)cc1Cl,model_validation,-0.7149721761433203,19.276484074953572,0.9842719979263551,0.7001706534460754,0.2926829268292683,False,0.21505376344086022,441.62,4.785000000000002,IJAB,B,https://zinc20.docking.org/substances/3269125,True,True,False,False
241961237,CCOC(=O)c1ncc(C(=O)Nc2ccc(N3C(=O)CCC3=O)c(C)c2)s1,model_validation,-0.7150234082628182,19.274210233289065,0.952081605799449,0.8309120735546115,0.2988505747126437,False,0.2839506172839506,387.4170000000002,2.53392,GFAB,B,https://zinc20.docking.org/substances/241961237,True,True,False,False
575610608,O=C(c1ccc2noc(-c3ccccc3)c2c1)N1CC[C@H](Oc2ccncc2Cl)C1,model_validation,-0.39792186204974056,40.001671400598354,0.6486551912658665,0.9310880612809944,0.3068181818181818,False,0.25,419.86800000000017,4.836700000000003,HJAB,B,https://zinc20.docking.org/substances/575610608,False,True,False,False
154102364,Cc1ccc2c(O)c(C(=O)NOCc3ccc(C(F)(F)F)cc3)cnc2n1,model_validation,-0.3979195486427818,40.001884482724215,0.6690663849508227,0.7339473334067387,0.2808988764044944,False,0.2808988764044944,377.322,3.5242200000000024,GHAB,B,https://zinc20.docking.org/substances/154102364,False,True,False,False
285454100,C[C@H]1CN(Cc2nc3cc(Br)ccc3o2)CC[S@@](=O)C1,model_validation,-0.39797889193727476,39.99641887923882,0.6350677209485628,0.8513064298476358,0.22093023255813954,False,0.22093023255813954,357.27300000000014,2.790700000000001,FFAB,B,https://zinc20.docking.org/substances/285454100,False,False,False,True
2081180519,CC(C)(C)OC(=O)N1CC[C@](C)(c2ccc(Br)cn2)C1=O,model_validation,-0.39790828077586815,40.002922353976786,0.70228609775872,0.7400916804366352,0.2077922077922078,False,0.18181818181818182,355.232,3.2692000000000023,FGAA,A,https://zinc20.docking.org/substances/2081180519,False,True,False,False
2860678,COc1cc(OC)c(NC(=O)CSc2nnc(NC(C)=O)s2)cc1Cl,model_validation,-0.39790321750581786,40.00338873517163,0.6870993254262655,0.7946037940265299,0.2702702702702703,False,0.25287356321839083,402.8850000000001,2.897900000000001,HFAA,A,https://zinc20.docking.org/substances/2860678,True,True,False,False
6558194,Cc1ccc(NC(=O)[C@H](C)OC(=O)/C=C/c2ccc3ccccc3n2)cc1,model_validation,-0.3979939637321433,39.99503086399584,0.7056252722794005,0.88530531210292,0.3559322033898305,True,0.2777777777777778,360.41300000000007,4.126820000000002,FIAB,B,https://zinc20.docking.org/substances/6558194,True,True,False,False
67284376,CC(C)CN1CCN(C(=O)c2n[nH]nc2Nc2ccc(Cl)cc2)CC1,model_validation,-0.39800933108595327,39.99361567927291,0.60951054029108,0.9518099403342559,0.323943661971831,False,0.2857142857142857,362.8650000000001,2.615500000000001,FFAB,B,https://zinc20.docking.org/substances/67284376,True,True,False,True
244723863,O=C(N[C@H]1CC[C@H](O)CC1)c1ccc2nc(-c3ccc(F)cc3)cn2c1,model_validation,-0.39787570212433737,40.00592329044849,0.6087801204766061,0.9384408334965616,0.3392857142857143,False,0.30434782608695654,353.397,3.173700000000001,FGAA,A,https://zinc20.docking.org/substances/244723863,False,True,False,False
67246259,COc1ccc(-c2nnc(Cc3nc(-c4ccccn4)no3)o2)cc1OC,model_validation,-0.3980350981516235,39.99124289399845,0.5977294723527891,0.8811900372646728,0.2804878048780488,False,0.27380952380952384,365.3490000000001,2.789600000000001,FFAB,B,https://zinc20.docking.org/substances/67246259,False,False,False,False
459541120,C[C@@H]1CN(C(=O)Nc2cc(F)c(OC(F)F)cc2F)CC[S@](=O)C1,model_validation,-0.39803539180534475,39.99121585342157,0.7078885932128431,0.7416111966986243,0.20987654320987653,False,0.18681318681318682,368.3520000000001,2.7985000000000015,FFAB,B,https://zinc20.docking.org/substances/459541120,True,True,False,False
2468793,COc1ccc([C@@H](CC(=O)Nc2ccc(Cl)cc2)NC(=O)C(F)(F)F)cc1,model_validation,-0.39783451061865893,40.00971791008303,0.6782753055316143,0.5891638315533936,0.4107142857142857,True,0.325,400.78400000000005,4.097000000000002,HIAA,A,https://zinc20.docking.org/substances/2468793,True,True,False,False
49485467,O=C(c1ccc(OC(F)(F)F)cc1)N1CC(c2nc(-c3cnccn3)no2)C1,model_validation,-0.3980704329328767,39.987989285226,0.7132904406170881,0.8944092411877733,0.35443037974683544,True,0.32941176470588235,391.30900000000014,2.6648000000000005,GFAB,B,https://zinc20.docking.org/substances/49485467,False,True,False,False
55851338,O=C(Nc1ccccc1NCC(=O)N1CCNC1=O)c1ccc(Cl)cc1,model_validation,-0.3978137954553932,40.01162635617201,0.5823143106009686,0.8836509663724934,0.3064516129032258,False,0.24675324675324675,372.812,2.556,FFAB,B,https://zinc20.docking.org/substances/55851338,True,True,False,False
31679945,COc1ccc(-c2csc(NC(=O)[C@@H](C)OCC(F)(F)F)n2)cc1,model_validation,-0.39780625850995355,40.01232074229509,0.7153702018248095,0.7501068064960211,0.3492063492063492,True,0.3150684931506849,360.35699999999997,3.7246000000000015,FHAB,B,https://zinc20.docking.org/substances/31679945,True,True,False,False
799547,O=C1c2cccc3cc(Br)cc(c23)C(=O)N1Nc1ccccc1,model_validation,-0.39779655146301623,40.01321507973748,0.6186445736049201,0.5857865966905971,0.22807017543859648,False,0.19736842105263158,367.202,4.225400000000002,FIAA,A,https://zinc20.docking.org/substances/799547,True,True,False,False
8192627,Fc1ccc([C@H]2C=C(c3ccncc3)Nc3nc(C(F)(F)F)nn32)cc1,model_validation,-0.3977945149702126,40.01340271006438,0.7282281632882421,0.8614631857622679,0.203125,False,0.16666666666666666,361.302,3.8870000000000013,FHAB,B,https://zinc20.docking.org/substances/8192627,True,False,False,False
44902308,COCc1nc2cc(NC(=O)[C@@H]3CC(=O)N(c4ccccc4F)C3)ccc2[nH]1,model_validation,-0.397790062173302,40.01381296733633,0.6203348332373152,0.9476143117593766,0.3707865168539326,True,0.2761904761904762,382.39500000000004,2.8400000000000007,GFAB,B,https://zinc20.docking.org/substances/44902308,True,True,False,False
2325805229,COCc1ccc(C(=O)N2CCC(Oc3ccc(Cl)cc3)CC2)nc1,model_validation,-0.3977755005985439,40.015154623565955,0.6159479257564026,0.9394570985310315,0.33766233766233766,False,0.32894736842105265,360.84100000000007,3.565000000000002,FHAB,B,https://zinc20.docking.org/substances/2325805229,False,True,False,False
830449,CCc1ccc2oc(-c3ccc(NC(=O)c4ccc([N+](=O)[O-])o4)cc3)nc2c1,model_validation,-0.398112991112062,39.98407090103472,0.7146587900184217,0.778507790755623,0.3068181818181818,False,0.30666666666666664,377.3560000000001,4.810700000000002,GJBA,A,https://zinc20.docking.org/substances/830449,True,True,False,False
101035552,COc1ccc(C(=O)/N=c2\sc3cc(OC)c(OC)cc3n2C)c(OC)c1,model_validation,-0.3981389476779558,39.98168123641719,0.6693317970084325,0.8147210347423132,0.38181818181818183,True,0.3026315789473684,388.44500000000016,3.0153000000000016,GGAB,B,https://zinc20.docking.org/substances/101035552,False,False,False,False
4735129,Oc1ccc(-c2nc3ccc(Cl)cn3c2Nc2ccc3c(c2)OCO3)cc1,model_validation,-0.08884330947565763,81.49982768720719,0.23797951776015627,0.7662435913111022,0.8846153846153846,True,0.28205128205128205,379.80300000000017,4.832600000000001,GJAB,B,https://zinc20.docking.org/substances/4735129,True,False,False,False
32901869,O=C(Nc1nc2ccc(Cl)cc2s1)c1ccc(-c2nnn[nH]2)cc1,model_validation,-0.09604462785204883,80.15956876418738,0.428889154042935,0.8162050157570013,0.3787878787878788,True,0.2876712328767123,356.79800000000006,3.382100000000001,FGAB,B,https://zinc20.docking.org/substances/32901869,True,True,False,False
33068206,Cc1ccc2nc(COc3ccc(NC(=O)Nc4ccc5c(c4)OCO5)cc3)cc(=O)n2c1,model_validation,-0.10931813887100171,77.74668154302817,0.49382091311970944,0.8936446222010004,0.4177215189873418,True,0.38823529411764707,444.44700000000023,3.954620000000001,IHAB,B,https://zinc20.docking.org/substances/33068206,True,True,False,False
4520388,CCOc1ccc2nc(NC(=S)NC(=O)c3ccc(OC)cc3)sc2c1,model_validation,-0.11184059970460705,77.29642362225198,0.5577292094409038,0.8944354609196215,0.5645161290322581,True,0.35064935064935066,387.4860000000001,3.830400000000002,GHAB,B,https://zinc20.docking.org/substances/4520388,True,True,False,False
13721437,CC(=O)Nc1nc2ccc(C(=O)Nc3ccc4c(c3)OCO4)cc2s1,model_validation,-0.11695713847629105,76.39111720123056,0.40688261578073276,0.8380790961600701,0.36764705882352944,True,0.33783783783783783,355.3750000000001,3.2357000000000014,FGAB,B,https://zinc20.docking.org/substances/13721437,True,True,False,False
6333629,O=C(Nc1nc(-c2ccc(Br)cc2)cs1)c1ccncc1,model_validation,-0.11735608417620418,76.32097605140899,0.49366061387047977,0.8419146493534722,0.9230769230769231,True,0.4716981132075472,360.23600000000005,4.219900000000002,FIAB,B,https://zinc20.docking.org/substances/6333629,True,True,False,False
4735098,Cc1ccc2nc(-c3ccc(O)cc3)c(Nc3ccc4c(c3)OCO4)n2c1,model_validation,-0.12236719401440975,75.445407042972,0.27632535532057717,0.8012212114005698,0.6896551724137931,True,0.32926829268292684,359.38500000000016,4.487620000000002,FIAB,B,https://zinc20.docking.org/substances/4735098,True,False,False,False
1505597,COc1ccc(C(=O)Nc2nc3ccc(Br)cc3s2)cc1,model_validation,-0.12978233420943594,74.16818746718411,0.5234278227118538,0.79407795101685,0.5740740740740741,True,0.34328358208955223,363.23600000000005,4.319700000000002,FIAA,A,https://zinc20.docking.org/substances/1505597,True,True,False,False
651641,O=C(Nc1nc2ccc(Cl)cc2s1)c1ccc(Br)o1,model_validation,-0.12986649051482946,74.15381676669635,0.507891527317522,0.5840045168110364,0.4166666666666667,True,0.23943661971830985,357.61600000000004,4.557500000000001,FJAA,A,https://zinc20.docking.org/substances/651641,True,True,False,False
12371494,COC(=O)[C@@](Nc1nc2ccc(OC)cc2s1)(OC)C(F)(F)F,model_validation,-0.13416576101493377,73.42335732492147,0.5531030040454629,0.7288200510396554,0.5,True,0.26582278481012656,350.31800000000004,2.7948000000000004,FFAA,A,https://zinc20.docking.org/substances/12371494,True,False,False,False
1791417,O=C(Nc1nc(-c2cccc(Br)c2)cs1)c1ccncc1,model_validation,-0.13565653449450538,73.17175397893654,0.4595678894716805,0.8611588904931524,0.717391304347826,True,0.4642857142857143,360.23600000000005,4.219900000000002,FIAA,A,https://zinc20.docking.org/substances/1791417,True,True,False,False
7242038,Cc1nc2ccc(N[C@H](C)C(=O)Nc3ccc4c(c3)OCO4)cc2s1,model_validation,-0.13633043096874703,73.05830112275859,0.40370673059677087,0.8721648877183228,0.375,True,0.3333333333333333,355.4190000000001,3.772520000000002,FHAB,B,https://zinc20.docking.org/substances/7242038,True,True,False,False
33068043,Cc1ccn2c(=O)cc(COc3ccc(NC(=O)Nc4ccc5c(c4)OCO5)cc3)nc2c1,model_validation,-0.13759451042626716,72.84596311173186,0.5565501954287289,0.8906606017090231,0.4358974358974359,True,0.37209302325581395,444.4470000000002,3.954620000000002,IHAB,B,https://zinc20.docking.org/substances/33068043,True,True,False,False
4734006,COc1ccc(Nc2c(-c3ccc(Cl)cc3)nc3ncccn23)cc1OC,model_validation,-0.14079313322036313,72.31141613667401,0.495645593285471,0.9183727144927354,0.6551724137931034,True,0.2247191011235955,380.83500000000015,4.810500000000004,GJAB,B,https://zinc20.docking.org/substances/4734006,True,False,False,False
213117253,Cc1ccc(C(=O)N2C[C@H](C(=O)O)[C@@H](c3ccc4c(c3)OCO4)C2)cc1,model_validation,-0.1412298603994122,72.23873621834692,0.323423207242953,0.9119545690354494,0.3382352941176471,False,0.3382352941176471,353.3740000000001,2.6641200000000005,FFAA,A,https://zinc20.docking.org/substances/213117253,False,True,False,False
12554502,CNC(=O)c1ccc(N[C@H](C)C(=O)Nc2ccc(C(F)(F)F)cc2)cc1,model_validation,-0.14231072472854553,72.05917328450359,0.40289207243693514,0.6706840898781661,0.3541666666666667,True,0.23529411764705882,365.355,3.504100000000002,FHAB,B,https://zinc20.docking.org/substances/12554502,True,True,False,False
5043941,COc1cc(NC(=O)NCc2ccc3c(c2)OCO3)cc(OC)c1OC,model_validation,-0.1451550843717471,71.58877246633858,0.3259282673063221,0.87899494081292,0.4225352112676056,True,0.3625,360.36600000000016,2.7628000000000013,FFAB,B,https://zinc20.docking.org/substances/5043941,True,True,False,False
44917384,COc1ccc2nc(NC(=O)C[C@@H]3NC(=O)c4ccccc4N=C3O)sc2c1,model_validation,-0.1527168638937248,70.35308337983513,0.45293420815536983,0.838530711802808,0.4788732394366197,True,0.26881720430107525,396.4280000000001,3.0337000000000014,GGAB,B,https://zinc20.docking.org/substances/44917384,True,True,False,False
3263385,COc1ccc2nc(NC(=O)COC(=O)c3ccc(F)cc3)sc2c1,model_validation,-0.15358784731505032,70.21213071389415,0.45526836464888715,0.8613922732986254,0.5573770491803278,True,0.36619718309859156,360.36600000000004,3.2395000000000014,FGAB,B,https://zinc20.docking.org/substances/3263385,True,True,False,False
1232616,COc1cc(/C=C(/NC(C)=O)C(=O)Nc2ccc(Cl)cc2)ccc1OC(C)=O,model_validation,-0.15579813387843305,69.85570276585233,0.37226824962747423,0.6550507298051943,0.2857142857142857,False,0.25882352941176473,402.8340000000001,3.3896000000000015,HGAA,A,https://zinc20.docking.org/substances/1232616,True,True,False,False
9831122,Cc1nc2ccccc2n1CCc1nc2c3ccccc3nc(NCCN3CCCC3)n2n1,cliff_resolution,-2.097678209862939,0.7985861798772205,1.19896389698534,0.9508542992404696,0.8813559322033898,True,0.8813559322033898,440.55500000000023,3.686020000000002,IHAB,B,https://zinc20.docking.org/substances/9831122,True,False,False,True
49545757,COCCN1C(=O)c2ccccc2[C@H](C(=O)Nc2nnc(COC)s2)C12CCCCC2,cliff_resolution,-2.0695315869345094,0.8520565376863939,1.004905024515363,0.9406104189813357,0.875,True,0.875,444.55700000000036,3.2119000000000018,IGAB,B,https://zinc20.docking.org/substances/49545757,True,True,False,False
6737733,COc1cccc(NC(=O)CCc2c(C)nc3c4cccnc4nn3c2C)c1,cliff_resolution,-0.8110038587542877,15.452407098435806,0.8070100663719962,0.9686138902857891,0.8688524590163934,True,0.8688524590163934,375.432,3.4742400000000018,GGAB,B,https://zinc20.docking.org/substances/6737733,True,True,False,False
8598566,COc1ccc(C(=O)c2cn(Cc3ccc(C)cc3)c3cc4c(cc3c2=O)OCO4)cc1,cliff_resolution,-0.15953602673069472,69.25704751385739,0.35071223007738894,0.855101205671746,0.8928571428571429,True,0.8679245283018868,427.45600000000024,4.326520000000004,IIAB,B,https://zinc20.docking.org/substances/8598566,False,False,False,False
5137140,Cc1cccc(C(=O)NCCc2sc(-c3cccc(F)c3)nc2C)c1,cliff_resolution,-0.6958216465071476,20.14551404077895,0.6370986862469494,0.9111245131213525,0.8653846153846154,True,0.8653846153846154,354.45000000000005,4.538540000000004,FJAB,B,https://zinc20.docking.org/substances/5137140,False,True,False,False
33289629,CC(=O)Nc1ccc(-c2noc([C@@H]3CCCN(C(=O)Cc4ccc(Br)cc4)C3)n2)cc1,cliff_resolution,-2.0047419289333837,0.989140697715102,1.0024029326405577,0.9229394061040986,0.8548387096774194,True,0.8548387096774194,483.3660000000001,4.406200000000004,JIAA,A,https://zinc20.docking.org/substances/33289629,True,True,False,False
2970041,O=C(CSc1nc2ccccc2c(=O)n1Cc1ccc2c(c1)OCO2)NCc1ccccc1,cliff_resolution,-0.6431884076641579,22.741106514198037,1.0213057912443397,0.9351843281177409,0.8548387096774194,True,0.8548387096774194,459.5270000000002,3.5820000000000025,JHAB,B,https://zinc20.docking.org/substances/2970041,False,True,False,False
79489828,COC(=O)CNC(=O)[C@H]1c2ccccc2C(=O)N(Cc2ccco2)C12CCCCC2,cliff_resolution,-1.2252189763991688,5.953618793566606,1.0280170665697181,0.8895208829867169,0.8412698412698413,True,0.8412698412698413,410.47000000000037,3.011300000000001,HGAB,B,https://zinc20.docking.org/substances/79489828,False,True,False,False
8598614,Cc1ccc(Cn2cc(C(=O)c3ccc(F)cc3)c(=O)c3cc4c(cc32)OCCO4)cc1,cliff_resolution,-0.4160824993404455,38.36343627145543,0.6810669091761271,0.849581032255663,0.9019607843137255,True,0.8363636363636363,429.4470000000003,4.499520000000004,IIAA,A,https://zinc20.docking.org/substances/8598614,False,False,False,False
24965269,CCOC(=O)[C@H]1CCCN(C(=O)c2nc(-c3ccc(F)cc3)n3c2CCCCC3)C1,cliff_resolution,-2.4221770754598797,0.37828831327744256,1.2095618682518752,0.9756617302867615,0.8333333333333334,True,0.8333333333333334,413.4930000000003,3.8309000000000033,HHAB,B,https://zinc20.docking.org/substances/24965269,False,True,False,False
4392446,CCOc1ccc(C(=O)NCCc2sc(-c3ccccc3)nc2C)cc1,cliff_resolution,-1.4908575233608945,3.2295534500523875,1.4745049624555353,0.9626003515282359,0.8148148148148148,True,0.8148148148148148,366.48600000000005,4.489720000000003,FIAB,B,https://zinc20.docking.org/substances/4392446,False,True,False,False
3007645,COC(=O)c1ccc(NC(=O)C(=O)c2cn(CC(=O)N3CCCC3)c3ccccc23)cc1,cliff_resolution,-0.42296119663164,37.760592777439626,0.6550886332716357,0.9404185796263073,0.8070175438596491,True,0.8070175438596491,433.4640000000002,2.8717000000000015,IFAB,B,https://zinc20.docking.org/substances/3007645,True,True,False,False
70666185,CCCCN1C(=O)c2ccccc2[C@@H](C(=O)NCCCOC)C12CCCCC2,cliff_resolution,-2.1565510136090595,0.6973470794681268,1.1297472303633112,0.9033651286849071,0.8032786885245902,True,0.8032786885245902,386.53600000000034,3.881700000000003,GHAB,B,https://zinc20.docking.org/substances/70666185,False,True,False,False
72402034,CCCCN1C(=O)c2ccccc2[C@H](C(=O)Nc2nnc(C3CC3)s2)C12CCCC2,cliff_resolution,-2.0337134639267225,0.9253084667708805,1.1398430947312894,0.9420204688070735,0.803030303030303,True,0.803030303030303,424.57000000000033,4.706500000000005,HJAB,B,https://zinc20.docking.org/substances/72402034,True,True,False,False
4392435,Cc1nc(-c2ccccc2)sc1CCNC(=O)c1ccc(Cl)cc1,cliff_resolution,-0.6180664344071094,24.095368115379266,0.6380809193169131,0.9250017129960323,0.8,True,0.8,356.87800000000004,4.744420000000003,FJAB,B,https://zinc20.docking.org/substances/4392435,False,True,False,False
8614473,CSc1ccc(CCNC(=O)c2ccc3c(c2)nc2n3CC[C@@H](C)C2)cc1,cliff_resolution,-1.5959230870960555,2.5355776377491765,1.3061940993021839,0.9523054209382584,0.7966101694915254,True,0.7966101694915254,379.52900000000017,4.313000000000003,GIAA,A,https://zinc20.docking.org/substances/8614473,False,True,False,False
6423131,O=C(Nc1nc(-c2ccccn2)cs1)c1ccc(C(=O)c2ccccc2)cc1,cliff_resolution,-0.29044849004920104,51.23320323370988,0.36908237577498576,0.9571839660770212,0.7954545454545454,True,0.7954545454545454,385.4480000000001,4.688400000000003,GJAB,B,https://zinc20.docking.org/substances/6423131,True,True,False,False
35528275,CCCn1c(=O)c2sccc2n2c(CCC(=O)NCc3ccc(OCC)c(OCC)c3)nnc12,cliff_resolution,-2.1092913873436197,0.7775147070481785,1.1767665284330953,0.8978411292829268,0.7945205479452054,True,0.7945205479452054,483.5940000000003,3.5621000000000027,JHAB,B,https://zinc20.docking.org/substances/35528275,False,True,False,False
8596148,Cn1nc(-c2ccccc2F)c2cc(C(=O)N3CCN(c4ccc(F)cc4)CC3)sc21,cliff_resolution,-0.5270728583268162,29.711675394389413,0.7246804284991646,0.9453065720343312,0.7931034482758621,True,0.7931034482758621,438.5030000000001,4.542400000000004,IJAA,A,https://zinc20.docking.org/substances/8596148,False,True,False,False
71279244,COCCNC(=O)[C@H]1c2ccccc2C(=O)N(C2CCCC2)C12CCCC2,cliff_resolution,-2.201685147238062,0.6285138506856448,1.1795011072288637,0.914453627427176,0.7931034482758621,True,0.7931034482758621,370.49300000000034,3.2440000000000015,FGAB,B,https://zinc20.docking.org/substances/71279244,False,True,False,False
12437844,Cc1ccc(S(=O)(=O)c2cnc3ccccc3c2N2CCCCCC2)cc1,cliff_resolution,-1.704812255923735,1.973275592307162,1.2835655783156965,0.9319295426832178,0.7916666666666666,True,0.7916666666666666,380.5130000000003,4.756420000000004,GJAB,B,https://zinc20.docking.org/substances/12437844,False,False,False,False
3015483,COc1ccc(Cl)cc1NC(=O)C(=O)c1cn(CC(=O)N2CCCCC2)c2ccccc12,cliff_resolution,-0.7113565919832887,19.437634343617674,0.7843676402458744,0.9351665899896464,0.7868852459016393,True,0.7868852459016393,453.9260000000004,4.1372000000000035,JIAB,B,https://zinc20.docking.org/substances/3015483,True,True,False,False
3007641,O=C(Nc1ccc(OC(F)(F)F)cc1)C(=O)c1cn(CC(=O)N2CCCC2)c2ccccc12,cliff_resolution,-0.6515556130012499,22.307165377576606,0.9210754547039854,0.9141947790713373,0.7796610169491526,True,0.7796610169491526,459.42400000000026,3.9837000000000033,JHAA,A,https://zinc20.docking.org/substances/3007641,True,True,False,False
16890458,CC(=O)Nc1ccc(NC(=O)CSc2cn(CC(=O)N3CCCC3)c3ccccc23)cc1,cliff_resolution,-1.3862461947779365,4.109167127816525,1.4523524424653322,0.9485670446157625,0.8392857142857143,True,0.7796610169491526,450.56400000000025,3.952900000000003,JHAB,B,https://zinc20.docking.org/substances/16890458,True,True,False,False
17155553,O=C(Nc1ccc2c(c1)N(S(=O)(=O)c1ccc(F)cc1)CCC2)c1ccc(F)cc1,cliff_resolution,-1.2449942257620354,5.688604941773918,0.9914431177683256,0.8156079898647005,0.7777777777777778,True,0.7777777777777778,428.46000000000015,4.358600000000004,IIAB,B,https://zinc20.docking.org/substances/17155553,True,True,True,False
20738476,COCCN1C(=O)c2ccccc2[C@@H](C(=O)Nc2nc3ccccc3s2)C12CCCCC2,cliff_resolution,-1.173083875273265,6.712991924236121,1.195673664798436,0.935108421864099,0.7761194029850746,True,0.7761194029850746,449.5760000000003,4.823700000000004,IJAB,B,https://zinc20.docking.org/substances/20738476,True,True,False,False
36367307,COC(=O)CCNC(=O)[C@H]1c2ccccc2C(=O)N(c2ccccc2F)C12CCCCC2,cliff_resolution,-1.0236132750178517,9.470801297636676,1.1062733017951922,0.9194277489842162,0.7704918032786885,True,0.7704918032786885,438.4990000000003,3.951900000000003,IHAB,B,https://zinc20.docking.org/substances/36367307,False,True,False,False
35459314,O=C(NCc1cccc(Cl)c1)c1cccc(CN2C(=O)[C@H]3CCCN3C(=O)c3ccccc32)c1,cliff_resolution,-1.5277312082841175,2.966666938476585,0.9430590595636065,0.8884492784047099,0.7681159420289855,True,0.7681159420289855,473.96000000000026,4.421400000000004,JIAA,A,https://zinc20.docking.org/substances/35459314,False,True,False,False
20132391,CCOc1ccc(CCNC(=O)CCc2nnc3n(C)c(=O)c4sccc4n23)cc1OCC,cliff_resolution,-1.8104770034595876,1.547116423900628,1.2779377798928317,0.9069769171558731,0.7671232876712328,True,0.7671232876712328,469.56700000000023,2.7316000000000003,JFAB,B,https://zinc20.docking.org/substances/20132391,False,True,False,False
2948809,COc1ccc(CNc2nc(SCC(=O)Nc3cccc(OC)c3)nc3ccccc23)cc1,cliff_resolution,-0.7860310595178124,16.366994651074013,0.9225520832745373,0.9149706488986716,0.765625,True,0.765625,460.55900000000014,4.989900000000003,JJAB,B,https://zinc20.docking.org/substances/2948809,True,True,False,False
6823426,CS(=O)(=O)Cc1ccc(C(=O)Nc2nc(-c3ccccn3)cs2)cc1,cliff_resolution,-0.6619091906881556,21.781651707304157,0.90229018568754,0.9336186046198381,0.7647058823529411,True,0.7647058823529411,373.45900000000006,3.0020000000000016,FGAB,B,https://zinc20.docking.org/substances/6823426,True,True,False,False
16960278,COc1cccc(C(=O)Nc2ccc3c(c2)CCCN3C(=O)c2ccccc2)c1,cliff_resolution,-0.4849739123406973,32.736035851576275,0.47028731391682543,0.9140571961795793,0.7627118644067796,True,0.7627118644067796,386.451,4.540500000000003,GJAB,B,https://zinc20.docking.org/substances/16960278,True,True,False,False
23181094,C[C@@H](NC(=O)C(=O)NCCc1ccccc1)[C@H](c1cccs1)N1CCN(c2ccccc2)CC1,cliff_resolution,-1.5178753685411732,3.0347619586579504,1.1162610971502192,0.9341336149179899,0.7580645161290323,True,0.7580645161290323,476.64600000000024,3.4750000000000023,JGAB,B,https://zinc20.docking.org/substances/23181094,False,True,False,True
10511409,COc1cc(NC(=O)CCc2c(C)nc3c4ccccc4nn3c2C)cc(OC)c1,cliff_resolution,-0.8106994943307866,15.463240327054613,0.8479869771658801,0.9508024667432164,0.7580645161290323,True,0.7580645161290323,404.47000000000014,4.0878400000000035,HIAB,B,https://zinc20.docking.org/substances/10511409,True,True,False,False
9569234,COc1cc(C(=O)Nc2ccc3c(c2)CCCN3C(=O)c2cccs2)c([N+](=O)[O-])cc1OC,cliff_resolution,-0.5539870246477641,27.926272749045207,0.7285172382878197,0.8704883494827365,0.7575757575757576,True,0.7575757575757576,467.50300000000016,4.518800000000004,JJBB,B,https://zinc20.docking.org/substances/9569234,True,True,False,False
5136978,Cc1nc(-c2ccc(F)cc2)sc1CCNC(=O)Cc1ccc(Cl)cc1,cliff_resolution,-1.4750708972988205,3.3491076149665076,1.4576860289085123,0.9096140140595055,0.7547169811320755,True,0.7547169811320755,388.8950000000001,4.812420000000003,GJAB,B,https://zinc20.docking.org/substances/5136978,False,True,False,False
96344415,CC(C)CN1C(=O)c2ccccc2[C@@H](C(=O)NCCc2ccccc2)C12CCCC2,cliff_resolution,-2.2663656112678368,0.5415447983878542,1.3095075979948776,0.9265022744367877,0.75,True,0.75,404.55400000000026,4.553700000000004,HJAB,B,https://zinc20.docking.org/substances/96344415,False,True,False,False
4392527,COc1ccc(C(=O)NCCc2sc(-c3ccc(OC)c(OC)c3)nc2C)cc1,cliff_resolution,-0.6210810572449205,23.928691067543703,0.7893442391126203,0.9287138545139122,0.75,True,0.75,412.5110000000002,4.116820000000003,HIAB,B,https://zinc20.docking.org/substances/4392527,False,True,False,False
3007632,O=C(Nc1cccc(Cl)c1)C(=O)c1cn(CC(=O)N2CCCC2)c2ccccc12,cliff_resolution,-0.5060524245310165,31.185131195926246,0.6585913288771486,0.9282718878247391,0.75,True,0.75,409.8730000000002,3.738500000000003,HHAB,B,https://zinc20.docking.org/substances/3007632,True,True,False,False
9610730,O=C(c1ccc(F)cc1)c1cn(Cc2ccc(Cl)cc2)c2cc3c(cc2c1=O)OCO3,cliff_resolution,-0.2530630108891292,55.83891733278294,0.6053246704825141,0.7775580945571262,0.7454545454545455,True,0.7454545454545455,435.83800000000025,4.802000000000003,IJAB,B,https://zinc20.docking.org/substances/9610730,False,False,False,False
96344403,CCCCN1C(=O)c2ccccc2[C@@H](C(=O)NCCc2ccccc2)C12CCCC2,cliff_resolution,-2.1926112721895668,0.6417837666573403,1.2739398699946551,0.9328718080696404,0.7419354838709677,True,0.7419354838709677,404.55400000000026,4.697800000000004,HJAB,B,https://zinc20.docking.org/substances/96344403,False,True,False,False
38677456,O=C(Nc1ccc2c(c1)N(S(=O)(=O)c1ccc(F)cc1)CCC2)c1ccccn1,cliff_resolution,-1.0062653325665547,9.856771014104782,1.0666711495331962,0.9095202110917484,0.7377049180327869,True,0.7377049180327869,411.45800000000014,3.6145000000000023,HHAB,B,https://zinc20.docking.org/substances/38677456,True,True,True,False
15780629,Cc1cc(S(=O)(=O)N2CCOC23CCN(C(=O)CC(C)C)CC3)ccc1F,cliff_resolution,-1.5045946949092612,3.1289981407655154,1.2098649680847156,0.8634837894365593,0.7368421052631579,True,0.7368421052631579,398.50000000000017,2.51982,GFAB,B,https://zinc20.docking.org/substances/15780629,False,True,True,False
4060566,CCn1cc(SCC(=O)NCc2ccc3c(c2)OCO3)c2ccccc21,cliff_resolution,-1.6186727406898618,2.40617527214507,1.2935107643671075,0.9416699240296788,0.734375,True,0.734375,368.45800000000014,3.7984000000000027,FHAB,B,https://zinc20.docking.org/substances/4060566,False,True,False,False
71280951,CC(C)CNC(=O)[C@@H]1c2ccccc2C(=O)N(Cc2ccco2)C12CCCC2,cliff_resolution,-1.5363863960028068,2.9081285765783598,1.200056851712956,0.8837309462896276,0.7272727272727273,True,0.7272727272727273,380.4880000000002,4.104200000000003,GIAB,B,https://zinc20.docking.org/substances/71280951,False,True,False,False
2691267,COc1cccc(Cn2cc(C(=O)c3ccc(Cl)cc3)c(=O)c3cc4c(cc32)OCCO4)c1,cliff_resolution,-0.4828169617801914,32.899025824927016,0.6358814433439621,0.8335961215499238,0.7258064516129032,True,0.7258064516129032,461.9010000000003,4.714000000000004,JJAB,B,https://zinc20.docking.org/substances/2691267,False,False,False,False
2690526,CCc1ccc(C(=O)c2cn(Cc3ccccc3)c3cc4c(cc3c2=O)OCCO4)cc1,cliff_resolution,-0.5460199945162083,28.443301541042693,0.8604097167530486,0.8863512958400012,0.7777777777777778,True,0.7241379310344828,425.48400000000026,4.614400000000004,IJAB,B,https://zinc20.docking.org/substances/2690526,False,False,False,False
49549185,COCCN1C(=O)c2ccccc2[C@H](C(=O)Nc2cccc(C)n2)C12CCCCC2,cliff_resolution,-1.2623001351750882,5.4663805799112595,1.1943502631578404,0.943117078309741,0.7205882352941176,True,0.7205882352941176,407.5140000000003,3.9174200000000035,HHAB,B,https://zinc20.docking.org/substances/49549185,True,True,False,False
49546593,COc1ccc(CCNC(=O)[C@@H]2c3ccccc3C(=O)N(C3CCCC3)C23CCCC3)cc1,cliff_resolution,-1.9069982919377055,1.2388014586758582,1.2734671856750521,0.9058749167838813,0.71875,True,0.71875,446.5910000000004,4.848900000000005,IJAB,B,https://zinc20.docking.org/substances/49546593,False,True,False,False
1913358,CCCCOC(=O)c1ccc(Nc2nc(C(=O)OCC)nc3ccccc23)cc1,cliff_resolution,-1.9251363969346609,1.1881290184422,1.4081441359935136,0.9190844801265585,0.7169811320754716,True,0.7169811320754716,393.4430000000001,4.507000000000003,GJAB,B,https://zinc20.docking.org/substances/1913358,True,False,False,False
96344044,CC(C)CNC(=O)[C@H]1c2ccccc2C(=O)N(C2CCCCC2)C12CCCC2,cliff_resolution,-2.0077977259609927,0.9822053017530721,1.252297600938857,0.8878258290748762,0.7166666666666667,True,0.7166666666666667,382.5480000000004,4.643700000000004,GJAB,B,https://zinc20.docking.org/substances/96344044,False,True,False,False
16954431,COc1ccc(S(=O)(=O)N2CCCc3cc(NC(=O)c4c(F)cccc4Cl)ccc32)cc1,cliff_resolution,-0.8676134436375229,13.56396174853913,0.8913405997794476,0.84824638956665,0.7164179104477612,True,0.7164179104477612,474.9410000000001,4.881500000000004,JJAB,B,https://zinc20.docking.org/substances/16954431,True,True,True,False
20321156,Cc1nc2c3cccnc3nn2c(C)c1CCC(=O)Nc1ccc(OC(F)(F)F)cc1,cliff_resolution,-0.8665471320747284,13.59730589681593,0.9309092686151742,0.9177689473500269,0.7164179104477612,True,0.7164179104477612,429.402,4.364240000000003,IIAA,A,https://zinc20.docking.org/substances/20321156,True,True,False,False
170610396,Clc1cnc(CSc2nnc(-c3cccs3)n2Cc2ccccc2)cn1,cliff_resolution,-2.013910378657193,0.9684776914416292,1.314149563505925,0.9089919316953048,0.7142857142857143,True,0.7142857142857143,399.93200000000013,4.790600000000003,GJAB,B,https://zinc20.docking.org/substances/170610396,False,False,False,False
67291051,O=C(CSc1nc2ccccc2c(=O)n1Cc1ccc2c(c1)OCO2)Nc1ccc(F)cc1,cliff_resolution,-0.32900139208218837,46.881187941902716,0.6492761367795677,0.9046562659343294,0.7142857142857143,True,0.7142857142857143,463.4900000000002,4.043400000000003,JIAB,B,https://zinc20.docking.org/substances/67291051,True,True,False,False
21522577,COc1cc2ncc(S(=O)(=O)c3ccc(C)c(C)c3)c(N3CCN(C)CC3)c2cc1OC,cliff_resolution,-1.2688952917603706,5.383995748084079,1.200544773680454,0.9179850004648533,0.7142857142857143,True,0.7142857142857143,455.5800000000003,3.4534400000000023,JGAB,B,https://zinc20.docking.org/substances/21522577,False,False,False,True
14123853,c1ccc(Cn2c(SCc3ncon3)nnc2-c2cccs2)cc1,cliff_resolution,-1.8043781724247165,1.5689959681273722,1.238220340734233,0.9329715746049966,0.7142857142857143,True,0.7142857142857143,355.44800000000004,3.7302000000000017,FHAB,B,https://zinc20.docking.org/substances/14123853,False,False,False,False
49546117,COCCN1C(=O)c2ccccc2[C@@H](C(=O)Nc2ccccc2C)C12CCCCC2,cliff_resolution,-1.2124038243912836,6.13191569935307,1.107970817636502,0.9382116615627106,0.7121212121212122,True,0.7121212121212122,406.5260000000003,4.522420000000004,HJAB,B,https://zinc20.docking.org/substances/49546117,True,True,False,False
2911313,c1ccc(CSc2nnc(-c3ccncc3)n2Cc2ccccc2)cc1,cliff_resolution,-1.789149055777403,1.624990941022327,1.3947868452884424,0.9484419112668075,0.7111111111111111,True,0.7111111111111111,358.4700000000001,4.680700000000003,FJAB,B,https://zinc20.docking.org/substances/2911313,False,False,False,False
64471935,CCOC(=O)c1ccc(Nc2c(C(=O)N3CCSCC3)cnc3ccc(F)cc23)cc1,cliff_resolution,-1.123092052695214,7.531959000400964,1.143348017665822,0.9460247592353456,0.7101449275362319,True,0.7101449275362319,439.5120000000001,4.483200000000004,IIAB,B,https://zinc20.docking.org/substances/64471935,True,True,False,False
3015408,CCCCc1ccc(NC(=O)C(=O)c2cn(CC(=O)N3CCCCC3)c3ccccc23)cc1,cliff_resolution,-1.9408660550052288,1.1458662947463105,1.38203166977155,0.9452840426515554,0.8103448275862069,True,0.7096774193548387,445.5630000000003,4.8178000000000045,IJAB,B,https://zinc20.docking.org/substances/3015408,True,True,False,False
9519466,COc1ccccc1CCNC(=O)C(=O)c1cn(CC(=O)N2CCCCCC2)c2ccccc12,cliff_resolution,-2.157575248119856,0.6957044028953389,1.1705606403926807,0.9483389515441918,0.7096774193548387,True,0.7096774193548387,461.5620000000004,3.594100000000002,JHAB,B,https://zinc20.docking.org/substances/9519466,False,True,False,False
23437095,CCOC(=O)c1ccc2c(c1)nc(SCC(=O)NC[C@@H]1CCCO1)n2Cc1cccc(F)c1,cliff_resolution,-2.269708482770176,0.5373923963382531,1.3709267594164258,0.9222552441858025,0.7088607594936709,True,0.7088607594936709,471.55400000000026,3.7877000000000027,JHAA,A,https://zinc20.docking.org/substances/23437095,False,True,False,False
8595911,Cc1ccc(NC(=O)CSc2cn(CC(=O)N3CCCC3)c3ccccc23)cc1Cl,cliff_resolution,-1.6015834392812713,2.502744759736138,1.4675857790638398,0.9443686923239554,0.7142857142857143,True,0.7076923076923077,441.98400000000026,4.956320000000004,IJAB,B,https://zinc20.docking.org/substances/8595911,True,True,False,False
954342,CCOC(=O)c1cnc2ccc(Cl)cc2c1Nc1cccc(C(=O)O)c1,cliff_resolution,-0.7371758482166011,18.315726583988084,0.9532616835801107,0.8168578361335201,0.7076923076923077,True,0.7076923076923077,370.79200000000014,4.506700000000003,FJAA,A,https://zinc20.docking.org/substances/954342,True,False,False,False
32087925,COCCN1C(=O)c2ccccc2[C@H](C(=O)Nc2nccs2)C12CCCC2,cliff_resolution,-1.1016296017399339,7.91353264507139,1.1112298140061017,0.9171170836796126,0.7058823529411765,True,0.7058823529411765,385.4890000000002,3.280400000000002,GGAB,B,https://zinc20.docking.org/substances/32087925,True,True,False,False
949099,O=[N+]([O-])c1ccc(-c2nc(NCc3cccnc3)c3ccccc3n2)cc1,cliff_resolution,-0.8464096134492666,14.242636374307246,1.1829073249772795,0.9289085899776001,0.7058823529411765,True,0.7058823529411765,357.37300000000005,4.212100000000002,FIBA,A,https://zinc20.docking.org/substances/949099,True,False,False,False
10220741,COc1ccc(CCNC(=O)C(=O)Nc2ccc3c(c2)CCCN3C(=O)c2cccs2)cc1,cliff_resolution,-0.7364738290304765,18.345357145312793,0.9004971110309704,0.9294968672048219,0.7058823529411765,True,0.7058823529411765,463.55900000000025,3.6471000000000027,JHAB,B,https://zinc20.docking.org/substances/10220741,True,True,False,False
9519700,O=C(CS(=O)(=O)c1cn(CC(=O)N2CCCCC2)c2ccccc12)Nc1ccc2c(c1)OCCO2,cliff_resolution,-1.6345074306269642,2.3200244904209857,1.3593571099114532,0.9330373194887815,0.7058823529411765,True,0.7058823529411765,497.57300000000026,2.8374000000000006,JFAB,B,https://zinc20.docking.org/substances/9519700,True,True,False,False
4930565,CC[C@@H]1CCCCN1Cc1nc2c(c(=O)n(C)c(=O)n2C)n1CCCc1ccccc1,cliff_resolution,-2.2061979113389256,0.6220167627448593,1.18917708444869,0.9327155119927371,0.7049180327868853,True,0.7049180327868853,423.5610000000002,2.8310000000000004,HFAB,B,https://zinc20.docking.org/substances/4930565,False,False,False,True
9118437,COc1ccc(NC(=O)CSc2cn(CC(=O)N3CCCCCC3)c3ccccc23)cc1OC,cliff_resolution,-2.1545345238639197,0.7005924876583361,1.4358425512042858,0.958837829880921,0.71875,True,0.7014925373134329,481.6180000000004,4.7919000000000045,JJAB,B,https://zinc20.docking.org/substances/9118437,True,True,False,False
5086989,CCN(CC)C(=O)Cn1cc(C(=O)C(=O)Nc2cccc(OC)c2)c2ccccc21,cliff_resolution,-1.2198668224090792,6.027443909537872,1.2981409029273219,0.8969377646937214,0.6984126984126984,True,0.6984126984126984,407.47000000000014,3.3397000000000014,HGAB,B,https://zinc20.docking.org/substances/5086989,True,True,False,False
49004625,CCOC(=O)c1cccc(Nc2c(C(=O)N3CCCC3)cnc3nc(C)ccc23)c1,cliff_resolution,-1.4598894357234686,3.4682513522468192,1.1680854631723112,0.9698773804737857,0.6956521739130435,True,0.6956521739130435,404.47000000000014,4.094520000000003,HIAB,B,https://zinc20.docking.org/substances/49004625,True,True,False,False
67291169,Cc1cccc(NC(=O)CSc2nc3ccccc3c(=O)n2Cc2ccc3c(c2)OCO3)c1C,cliff_resolution,-0.5842585906164736,26.046022379654243,0.9076525687113483,0.8941638107903587,0.6944444444444444,True,0.6944444444444444,473.55400000000037,4.521140000000003,JJAB,B,https://zinc20.docking.org/substances/67291169,True,True,False,False
5136294,Cc1ccc(C(=O)Nc2ccc3c(c2)N(C(=O)c2cccs2)CCC3)cc1,cliff_resolution,-0.745286679176058,17.976838665166436,0.8461634970048902,0.8969990875372555,0.6935483870967742,True,0.6935483870967742,376.48100000000017,4.901820000000003,GJAB,B,https://zinc20.docking.org/substances/5136294,True,True,False,False
206595644,CCN(Cc1ccccc1)C(=O)CSc1nc2ccsc2c(=O)n1Cc1ccc2c(c1)OCO2,cliff_resolution,-1.0363541962939675,9.196991893944503,1.11828964226557,0.9120793478055554,0.6923076923076923,True,0.6923076923076923,493.61000000000024,4.375800000000004,JIAB,B,https://zinc20.docking.org/substances/206595644,False,True,False,False
5035141,Cn1cccc1Cc1nnc(SCC(=O)NC2CCCC2)n1CCc1ccccc1,cliff_resolution,-3.0928984119078153,0.08074238769001237,0.9431816594281701,0.9374783662362873,0.6923076923076923,True,0.6923076923076923,423.5860000000003,3.6010000000000026,HHAA,A,https://zinc20.docking.org/substances/5035141,False,True,False,False
169772751,O=C(NCCc1ccco1)[C@H]1c2ccccc2C(=O)N(Cc2ccccc2)C12CCCC2,cliff_resolution,-2.201043859791504,0.6294426116700237,1.362924204950283,0.9039756286776934,0.6911764705882353,True,0.6911764705882353,428.53200000000027,4.690900000000004,IJAB,B,https://zinc20.docking.org/substances/169772751,False,True,False,False
9130649,Cn1c(=O)c2c(nc(CN3CCC(Cc4ccccc4)CC3)n2CCc2ccccc2)n(C)c1=O,cliff_resolution,-2.5692178183681578,0.26963867330861413,1.2296625307778133,0.9203488020363558,0.6896551724137931,True,0.6896551724137931,471.6050000000003,3.1311000000000018,JGAB,B,https://zinc20.docking.org/substances/9130649,False,False,False,True
5099310,COc1ccc(C(=O)Nc2ccc3c(c2)CCCN3C(=O)c2ccco2)cc1,cliff_resolution,-0.44510974379250384,35.88312485330849,0.5418442200603923,0.8857936587466873,0.6875,True,0.6875,376.4120000000001,4.133500000000002,GIAB,B,https://zinc20.docking.org/substances/5099310,True,True,False,False
67205978,COc1cc(OC)cc(C(=O)N2CCC(c3nc(-c4ccc5c(c4)OCO5)no3)CC2)c1,cliff_resolution,-0.3588652215566999,43.76579063294896,0.6107033653180778,0.9325854356119543,0.6875,True,0.6875,437.4520000000002,3.5023000000000026,IHAB,B,https://zinc20.docking.org/substances/67205978,False,True,False,False
16959830,COc1ccc(CC(=O)Nc2ccc3c(c2)CCCN3C(=O)c2cccs2)cc1OC,cliff_resolution,-0.5586379713672834,27.628800381232775,0.7159658816873751,0.9428161482699395,0.6865671641791045,True,0.6865671641791045,436.53300000000013,4.539500000000004,IJAB,B,https://zinc20.docking.org/substances/16959830,True,True,False,False
9519697,CCOc1ccc(NC(=O)CS(=O)(=O)c2cn(CC(=O)N3CCCCC3)c3ccccc23)cc1,cliff_resolution,-2.195685987126898,0.6372561169026963,1.3033673912646082,0.9478146518658284,0.6865671641791045,True,0.6865671641791045,483.5900000000004,3.464900000000002,JGAB,B,https://zinc20.docking.org/substances/9519697,True,True,False,False
20715702,COCCN1C(=O)c2ccccc2[C@@H](C(=O)Nc2ccc(NC(C)=O)cc2)C12CCCCC2,cliff_resolution,-1.1999575635174904,6.310190006136293,1.139639846360828,0.9452280471012295,0.7096774193548387,True,0.6865671641791045,449.55100000000033,4.172400000000003,IIAB,B,https://zinc20.docking.org/substances/20715702,True,True,False,False
9738828,COc1ccc(C(=O)Nc2ccc3c(c2)N(S(=O)(=O)c2cccs2)CCC3)c(OC)c1,cliff_resolution,-1.3964604670356262,4.013650320618542,1.1624034917002697,0.8669010799257592,0.6857142857142857,True,0.6857142857142857,458.5610000000003,4.159100000000003,JIAB,B,https://zinc20.docking.org/substances/9738828,True,True,True,False
16944956,COc1ccc(OC)c(S(=O)(=O)Nc2ccc3c(c2)N(C(=O)c2cccs2)CCC3)c1,cliff_resolution,-1.405554805447126,3.9304764144283624,1.233961949537691,0.8179137677304642,0.6857142857142857,True,0.6857142857142857,458.56100000000026,4.159100000000003,JIAB,B,https://zinc20.docking.org/substances/16944956,True,True,True,False
4936817,Cc1ccc(C(=O)c2cn(Cc3ccccc3)c3ccc(C)cc3c2=O)cc1,cliff_resolution,-0.3331215649688303,46.43852692363719,0.6858637412491804,0.8222381600950402,0.6851851851851852,True,0.6851851851851852,367.44800000000015,4.897640000000004,FJAB,B,https://zinc20.docking.org/substances/4936817,False,False,False,False
72401798,CCc1nnc(NC(=O)[C@H]2c3ccccc3C(=O)N(C[C@@H]3CCCO3)C23CCCC3)s1,cliff_resolution,-2.002915596653592,0.9933090751968666,1.1134490919058682,0.9444102570122623,0.684931506849315,True,0.684931506849315,440.5690000000004,3.770400000000003,IHAB,B,https://zinc20.docking.org/substances/72401798,True,True,False,False
5137469,Cc1cc(C)cc(C(=O)NCCc2csc(-c3cccc(F)c3)n2)c1,cliff_resolution,-0.6381007895014017,23.009077690411658,0.6541283226778625,0.9251520869451224,0.6842105263157895,True,0.6842105263157895,354.45,4.538540000000004,FJAB,B,https://zinc20.docking.org/substances/5137469,False,True,False,False
3007741,O=C(Nc1ccc(Cl)cc1)C(=O)c1cn(CC(=O)N2CCOCC2)c2ccccc12,cliff_resolution,-0.4806844848062206,33.06096419067405,0.7500661644212243,0.932813389988536,0.6833333333333333,True,0.6833333333333333,425.87200000000024,2.9749000000000017,IFAB,B,https://zinc20.docking.org/substances/3007741,True,True,False,False
5137110,Cc1nc(-c2cccc(F)c2)sc1CCNC(=O)c1ccc(Br)o1,cliff_resolution,-0.9577955132157979,11.020580894894174,0.8956827312026481,0.8510047422737881,0.6833333333333333,True,0.6833333333333333,409.28000000000003,4.585620000000003,HJAA,A,https://zinc20.docking.org/substances/5137110,False,True,False,False
5252310,COc1ccc(C(=O)Nc2ccc3c(c2)N(C(=O)C2CC2)CCC3)c(OC)c1,cliff_resolution,-0.7572682374202407,17.487662479124342,0.8851242674370455,0.9708653099357801,0.6818181818181818,True,0.6818181818181818,380.4440000000003,3.6453000000000024,GHAB,B,https://zinc20.docking.org/substances/5252310,True,True,False,False
8609693,Cc1cccc(CNC(=O)CN2C(=O)CCn3nc(-c4cn(C)c5ccccc45)cc32)c1,cliff_resolution,-1.1460829487329025,7.1435987279810025,1.1240076408183546,0.9581015428386876,0.68,True,0.68,427.50800000000015,3.4033200000000017,IGAA,A,https://zinc20.docking.org/substances/8609693,False,True,False,False
956520,CCOC(=O)c1nc(Nc2cccc(C(=O)OC)c2)c2ccccc2n1,cliff_resolution,-0.9297528938982015,11.75566241688655,0.9437559496036255,0.9154980947095603,0.6792452830188679,True,0.6792452830188679,351.3620000000001,3.3367000000000013,FGAB,B,https://zinc20.docking.org/substances/956520,True,False,False,False
956537,CCOC(=O)c1nc(Nc2ccc(S(=O)(=O)Nc3ncccn3)cc2)c2ccccc2n1,cliff_resolution,-1.0591188276032883,8.727325467824494,1.1450171692042264,0.8736483288229144,0.6785714285714286,True,0.6785714285714286,450.48000000000013,3.140900000000001,JGAA,A,https://zinc20.docking.org/substances/956537,True,False,True,False
4251613,COc1ccc(-c2cn3c(C)c(C(=O)Nc4ccc(F)c(F)c4)sc3n2)cc1,cliff_resolution,-0.9182183959192056,12.072066081899335,0.801743671411573,0.9215786889925048,0.6779661016949152,True,0.6779661016949152,399.4220000000001,4.910320000000003,GJAB,B,https://zinc20.docking.org/substances/4251613,True,True,False,False
5136669,O=C(Nc1ccc2c(c1)N(S(=O)(=O)c1ccc(F)cc1)CCC2)C1CCCC1,cliff_resolution,-1.0305337605877232,9.321080085935025,1.0866831403011374,0.8757162925258238,0.6779661016949152,True,0.6779661016949152,402.49100000000027,4.095900000000004,HIAB,B,https://zinc20.docking.org/substances/5136669,True,True,True,False
4003614,COc1ccc(-c2cn3c(C)c(C(=O)Nc4cccc(NC(C)=O)c4)sc3n2)cc1,cliff_resolution,-0.8873662653624879,12.960857467336801,0.8125751677846821,0.9422745232166327,0.7192982456140351,True,0.6779661016949152,420.49400000000014,4.590520000000003,HJAB,B,https://zinc20.docking.org/substances/4003614,True,True,False,False
16837431,Cc1ccc(OCC(=O)N2CCC3(CC2)OCCN3S(=O)(=O)c2ccc(Cl)cc2)cc1,cliff_resolution,-1.2249415540360946,5.957423112315212,1.1996385630221331,0.8714480884785928,0.6779661016949152,True,0.6779661016949152,464.971,3.067020000000001,JGAA,A,https://zinc20.docking.org/substances/16837431,False,True,True,False
20745527,COCCN1C(=O)c2ccccc2[C@@H](C(=O)NCCC(C)C)C12CCCCC2,cliff_resolution,-2.0704223396638697,0.8503107317606534,1.1977083544028395,0.9456550912087374,0.6984126984126984,True,0.676923076923077,386.53600000000034,3.737600000000003,GHAB,B,https://zinc20.docking.org/substances/20745527,False,True,False,False
71286007,CC(C)CN1C(=O)c2ccccc2[C@H](C(=O)NCc2ccncc2)C12CCCCC2,cliff_resolution,-1.2199637368640541,6.026099012714798,1.0855651110276496,0.9489209578582242,0.6984126984126984,True,0.676923076923077,405.54200000000026,4.296300000000003,HIAB,B,https://zinc20.docking.org/substances/71286007,False,True,False,False
2688689,COc1ccc2c(c1)c(=O)c(C(=O)c1ccccc1)cn2Cc1ccc(C)cc1,cliff_resolution,-0.2085789045504106,61.86159244538314,0.46083489465586513,0.8042069066822739,0.6833333333333333,True,0.6724137931034483,383.4470000000001,4.597820000000004,GJAB,B,https://zinc20.docking.org/substances/2688689,False,False,False,False
2941490,CCOC(=O)CSc1nc(NCCc2ccccc2)c2ccccc2n1,cliff_resolution,-2.2453176552531913,0.5684370078671738,1.446973423702424,0.9215011628626797,0.6721311475409836,True,0.6721311475409836,367.47400000000005,3.939600000000002,FHAB,B,https://zinc20.docking.org/substances/2941490,True,False,False,False
9882069,COc1ccc(CNc2nc3ccccc3c3nc(CCn4c(C)nc5ccccc54)nn23)cc1,cliff_resolution,-1.1612674818471305,6.8981481623087735,1.2097473988226866,0.907522697372555,0.671875,True,0.671875,463.54500000000024,4.799020000000004,JJAB,B,https://zinc20.docking.org/substances/9882069,True,False,False,False
16960553,COc1cccc(OCC(=O)Nc2ccc3c(c2)N(C(=O)c2cccs2)CCC3)c1,cliff_resolution,-1.0347171289986248,9.231725255378628,1.0324450843716366,0.925261937731247,0.6714285714285714,True,0.6714285714285714,422.5060000000002,4.367200000000003,HIAB,B,https://zinc20.docking.org/substances/16960553,True,True,False,False
20733749,COCCN1C(=O)c2ccccc2[C@@H](C(=O)NCc2ccco2)C12CCCCC2,cliff_resolution,-1.676510334466393,2.1061517804318948,1.0819158454757165,0.9170451052316986,0.6714285714285714,True,0.6714285714285714,396.4870000000003,3.484700000000002,GGAB,B,https://zinc20.docking.org/substances/20733749,False,True,False,False
67291216,O=C(CSc1nc2ccccc2c(=O)n1Cc1ccc2c(c1)OCO2)N[C@H]1CCc2ccccc21,cliff_resolution,-0.5385810772659374,28.934695926028436,0.9149171622976231,0.8961348609032025,0.6666666666666666,True,0.6666666666666666,485.5650000000003,4.069300000000003,JIAB,B,https://zinc20.docking.org/substances/67291216,False,True,False,False
4865708,O=[N+]([O-])c1cccc(-c2nc(NCc3ccccc3)c3ccccc3n2)c1,cliff_resolution,-0.4001228577710986,39.79945657561604,0.7075006501330927,0.8980515548343366,0.6666666666666666,True,0.6666666666666666,356.38500000000005,4.8171000000000035,FJBA,A,https://zinc20.docking.org/substances/4865708,True,False,False,False
21530575,CCOc1ccc([C@H](CC(=O)Nc2ccc(Cl)cn2)N2Cc3ccccc3C2=O)cc1OC,cliff_resolution,-1.0425427256771678,9.066867607992304,1.1707819856219457,0.9216228865253336,0.6666666666666666,True,0.6666666666666666,465.93700000000024,4.868200000000003,JJAA,A,https://zinc20.docking.org/substances/21530575,True,True,False,False
79478530,COc1ccc2[nH]cc(CCNC(=O)[C@H]3CCCN(c4nc(C)cc(C)n4)C3)c2c1,cliff_resolution,-1.0951219869044369,8.03300455262563,1.0586930301510802,0.9640656165843988,0.6666666666666666,True,0.6666666666666666,407.51800000000014,3.158640000000002,HGAB,B,https://zinc20.docking.org/substances/79478530,False,True,False,False
3015455,Cc1cccc(C)c1NC(=O)C(=O)c1cn(CC(=O)N2CCCCC2)c2ccccc12,cliff_resolution,-0.8609693665176129,13.7730661544247,0.9671139753301834,0.9437336047670395,0.6779661016949152,True,0.6666666666666666,417.5090000000003,4.0920400000000035,HIAB,B,https://zinc20.docking.org/substances/3015455,True,True,False,False
96344613,CCCCN1C(=O)c2ccccc2[C@@H](C(=O)NCc2ccc(F)cc2)C12CCCC2,cliff_resolution,-1.8767911742440693,1.3280328743253422,1.3442774641909279,0.9312300393204118,0.6666666666666666,True,0.6666666666666666,408.5170000000002,4.794400000000004,HJAB,B,https://zinc20.docking.org/substances/96344613,False,True,False,False
9569412,COc1ccccc1C(=O)Nc1ccc2c(c1)N(S(=O)(=O)c1ccccc1)CCC2,cliff_resolution,-1.3216419773453507,4.768239077873906,1.181961514853986,0.8775544907880198,0.6666666666666666,True,0.6666666666666666,422.5060000000002,4.089000000000003,HIAB,B,https://zinc20.docking.org/substances/9569412,True,True,True,False
27818938,CCn1c(SCC(=O)NCc2ccc3c(c2)OCO3)nc2ccsc2c1=O,cliff_resolution,-0.7600078566478615,17.377693911736372,0.9949196666660514,0.9047966056946832,0.6666666666666666,True,0.6666666666666666,403.4850000000002,2.615100000000001,HFAB,B,https://zinc20.docking.org/substances/27818938,False,True,False,False
2691651,COc1ccc(Cn2cc(C(=O)c3ccc(C)c(C)c3)c(=O)c3cc4c(cc32)OCCO4)cc1,cliff_resolution,-0.4883119135530373,32.48539010746242,0.7201641370118071,0.8789277235110241,0.8305084745762712,True,0.6666666666666666,455.5100000000003,4.677440000000005,JJAB,B,https://zinc20.docking.org/substances/2691651,False,False,False,False
14069148,O=C(NCCc1c[nH]c2ccccc12)NC[C@@H](c1cccs1)N1CCOCC1,cliff_resolution,-1.4106287444428771,3.8848231722874194,1.1080985623097055,0.9332742628234469,0.6619718309859155,True,0.6619718309859155,398.5320000000002,3.1446000000000023,GGAB,B,https://zinc20.docking.org/substances/14069148,False,True,False,True
38693441,COc1nn(C)cc1C(=O)Nc1ccc2c(c1)N(S(=O)(=O)c1ccc(F)cc1)CCC2,cliff_resolution,-1.0102811671223875,9.766047513658657,1.0494250999663515,0.8969128455163553,0.6617647058823529,True,0.6617647058823529,444.4880000000002,2.9616000000000016,IFAB,B,https://zinc20.docking.org/substances/38693441,True,True,True,False
71283891,CC(C)CN1C(=O)c2ccccc2[C@H](C(=O)NCc2ccco2)C12CCCC2,cliff_resolution,-1.4000342655349023,3.9807576141158254,1.0883531188127726,0.8942992472073318,0.671875,True,0.6615384615384615,380.4880000000002,4.104200000000003,GIAB,B,https://zinc20.docking.org/substances/71283891,False,True,False,False
12235683,COc1ccc(CC(=O)NCc2cc(-c3ccc(Cl)cc3)on2)cc1,cliff_resolution,-0.7376597901225608,18.295328417948937,0.9555466641991816,0.8422401639320206,0.6610169491525424,True,0.6610169491525424,356.809,3.8625000000000025,FHAB,B,https://zinc20.docking.org/substances/12235683,False,True,False,False
40082093,C[C@H]1CN(Cc2ccc(C(=O)Nc3nc(-c4ccccn4)cs3)cc2)C[C@H](C)O1,cliff_resolution,-0.568018465599493,27.038433979906657,0.8357884359018679,0.9716499979763619,0.6610169491525424,True,0.6610169491525424,408.5270000000001,4.066600000000003,HIAB,B,https://zinc20.docking.org/substances/40082093,True,True,False,True
20731959,O=C(NC1CCCC1)[C@H]1c2ccccc2C(=O)N(C2CCCC2)C12CCCCC2,cliff_resolution,-1.7298988985399457,1.8625206711670939,1.3192061465749967,0.8854610734223509,0.6610169491525424,True,0.6610169491525424,394.5590000000004,4.930300000000004,GJAA,A,https://zinc20.docking.org/substances/20731959,False,True,False,False
11762732,O=C(NCc1nc2ccccc2o1)c1ccc2oc(CCc3ccccc3)nc2c1,cliff_resolution,-1.0699059216105389,8.513224346723488,1.2334526109115096,0.9222298178582236,0.6607142857142857,True,0.6607142857142857,397.43400000000014,4.684200000000003,GJAA,A,https://zinc20.docking.org/substances/11762732,False,True,False,False
225636300,O=C(Nc1nc(-c2ccccn2)cs1)c1ccc(Oc2nccs2)cc1,cliff_resolution,-0.7770997160294201,16.70706968192147,1.0726496677505877,0.9523501599266458,0.660377358490566,True,0.660377358490566,380.45400000000006,4.706200000000003,GJAB,B,https://zinc20.docking.org/substances/225636300,True,True,False,False
3465731,CC(C)(C)C(=O)CSc1nnc(-c2cccs2)n1Cc1ccccc1,cliff_resolution,-1.6768824630068695,2.104347881161734,1.3701670271255466,0.9545353531190856,0.66,True,0.66,371.5310000000001,4.762200000000004,FJAB,B,https://zinc20.docking.org/substances/3465731,False,False,False,False
65533997,O=C(Cc1ccccc1F)N1CCC[C@H](c2nc(-c3ccc(F)cc3)no2)C1,cliff_resolution,-1.4554821520736185,3.5036268664004275,1.1023841894707431,0.9732311737358869,0.6567164179104478,True,0.6567164179104478,383.398,3.9635000000000025,GHAB,B,https://zinc20.docking.org/substances/65533997,False,True,False,False
9569411,O=C(Nc1ccc2c(c1)N(S(=O)(=O)c1ccccc1)CCC2)c1ccccc1[N+](=O)[O-],cliff_resolution,-1.1882441470119958,6.482698936781828,1.1720021649608712,0.8223210169349737,0.65625,True,0.65625,437.4770000000002,3.9886000000000035,IHBB,B,https://zinc20.docking.org/substances/9569411,True,True,True,False
956519,CCOC(=O)c1nc(Nc2cccc(C(F)(F)F)c2)c2ccccc2n1,cliff_resolution,-0.7173156684181455,19.1727465649305,0.8116964293589941,0.8417178427909892,0.6545454545454545,True,0.6545454545454545,361.3230000000001,4.568900000000003,FJAB,B,https://zinc20.docking.org/substances/956519,True,False,False,False
71287088,CCCCN1C(=O)c2ccccc2[C@@H](C(=O)NCc2cccnc2)C12CCCCC2,cliff_resolution,-2.105751088842852,0.7838787856405741,1.1756088263529973,0.9595605930441984,0.6521739130434783,True,0.6521739130434783,405.54200000000026,4.440400000000004,HIAB,B,https://zinc20.docking.org/substances/71287088,False,True,False,False
9391825,O=C(CSc1cn(CCNC(=O)c2ccccc2)c2ccccc12)Nc1ccc2c(c1)OCCO2,cliff_resolution,-1.333558707453806,4.6391807380465915,1.310369960363409,0.9251569181909968,0.6521739130434783,True,0.6521739130434783,487.5810000000003,4.573300000000003,JJAB,B,https://zinc20.docking.org/substances/9391825,True,True,False,False
9118469,Cc1ccc(NC(=O)CSc2cn(CC(=O)N3CCC(C)CC3)c3ccccc23)cc1,cliff_resolution,-1.229216973673671,5.899062891526254,1.4575708625930897,0.9749571515960723,0.819672131147541,True,0.6515151515151515,435.59300000000025,4.939020000000005,IJAB,B,https://zinc20.docking.org/substances/9118469,True,True,False,False
17169947,O=C(Nc1ccc2c(c1)CCCN2C(=O)c1cccs1)c1ccc(Br)o1,cliff_resolution,-0.7038799729520031,19.77516095646027,0.8190103350649132,0.881639422199068,0.6515151515151515,True,0.6515151515151515,431.31100000000004,4.948900000000003,IJAB,B,https://zinc20.docking.org/substances/17169947,True,True,False,False
33261422,O=C(NCCc1c[nH]c2ccc(Cl)cc12)[C@@H]1CCCN(c2nc3ncccc3n3cccc23)C1,cliff_resolution,-1.3140239655202697,4.852617213956725,1.242791817878421,0.9305942700530474,0.6511627906976745,True,0.6511627906976745,472.98000000000025,4.592500000000003,JJAA,A,https://zinc20.docking.org/substances/33261422,False,True,False,False
12604083,CCOc1ccc(/C=C(\c2nc3ccccc3[nH]2)S(=O)(=O)c2ccccc2)cc1OC,cliff_resolution,-0.8715688617251375,13.440986295200345,1.1024049058715206,0.8420492720867712,0.6507936507936508,True,0.6507936507936508,434.51700000000017,4.942200000000004,IJAB,B,https://zinc20.docking.org/substances/12604083,False,False,False,False
15783795,Cc1nc(-c2cccc(F)c2)sc1CCNC(=O)C(=O)Nc1ccc(C(N)=O)cc1,cliff_resolution,-0.6330739108677436,23.27695082693931,0.9229505914870404,0.8202478130175895,0.6507936507936508,True,0.6507936507936508,426.4730000000001,2.6539200000000003,IFAB,B,https://zinc20.docking.org/substances/15783795,True,True,False,False
8609384,Cc1ccc(Cl)cc1NC(=O)C(=O)NCCc1sc(-c2ccc(F)cc2)nc1C,cliff_resolution,-0.5553654796307201,27.837775003662085,0.9270303529987732,0.8973902455619366,0.6721311475409836,True,0.65,431.92000000000013,4.516840000000003,IJAB,B,https://zinc20.docking.org/substances/8609384,True,True,False,False
2941523,O=C(CSc1nc(NCCc2ccccc2)c2ccccc2n1)NCc1ccccc1,cliff_resolution,-1.8444006167959708,1.4308673805939736,1.381043084937558,0.9438206161394322,0.65,True,0.65,428.5610000000001,4.692900000000003,IJAB,B,https://zinc20.docking.org/substances/2941523,True,True,False,False
26089947,O=C(CSc1nc2ccsc2c(=O)n1-c1ccccc1)NCc1ccc2c(c1)OCO2,cliff_resolution,-0.4636837503557821,34.38082150618309,0.8172133893422961,0.9004197923289322,0.6493506493506493,True,0.6493506493506493,451.5290000000002,3.5844000000000014,JHAB,B,https://zinc20.docking.org/substances/26089947,False,True,False,False
40122741,O=C(Nc1ccc(C(=O)Nc2nc(-c3ccccn3)cs2)cc1)NC1CC1,cliff_resolution,-0.42433545098200304,37.641294364399066,0.6932156547074573,0.9487440409657785,0.6481481481481481,True,0.6481481481481481,379.4450000000001,3.7413000000000016,GHAB,B,https://zinc20.docking.org/substances/40122741,True,True,False,False
20737561,COCCN1C(=O)c2ccccc2[C@@H](C(=O)Nc2cccc(Cl)c2)C12CCCCC2,cliff_resolution,-1.16568141094063,6.828394267229224,1.123863761656439,0.9280270359628509,0.6666666666666666,True,0.647887323943662,426.94400000000024,4.867400000000004,IJAB,B,https://zinc20.docking.org/substances/20737561,True,True,False,False
33140182,Cc1nc(CCNC(=O)[C@H]2CSCN2S(=O)(=O)c2ccc(Br)s2)cs1,cliff_resolution,-1.3499051291903197,4.467811799969403,1.1286334570490535,0.8223073478806785,0.647887323943662,True,0.647887323943662,482.4720000000001,2.6980200000000005,JFAA,A,https://zinc20.docking.org/substances/33140182,False,True,True,False
8607988,Cc1ccc(C)c(NC(=O)CN2C(=O)CCc3cc(S(=O)(=O)N4CCCCC4)ccc32)c1,cliff_resolution,-1.667423753079837,2.150682230769505,1.1937086013788962,0.9150882608005486,0.6470588235294118,True,0.6470588235294118,455.58000000000027,3.395940000000002,JGAA,A,https://zinc20.docking.org/substances/8607988,True,True,True,False
20723495,O=C(NCc1ccccn1)[C@@H]1c2ccccc2C(=O)N(C2CCCC2)C12CCCCC2,cliff_resolution,-1.8630717698100163,1.3706552383159913,1.2917103495418985,0.9443861851875545,0.6461538461538462,True,0.6461538461538462,417.5530000000004,4.582900000000004,HJAB,B,https://zinc20.docking.org/substances/20723495,False,True,False,False
17122906,Cc1cccc(CC(=O)Nc2ccc3c(c2)N(S(=O)(=O)c2ccc(F)cc2)CCC3)c1,cliff_resolution,-1.262512241311525,5.4637114928620605,1.0984040920569946,0.8692878775174955,0.6461538461538462,True,0.6461538461538462,438.5240000000002,4.456820000000003,IIAB,B,https://zinc20.docking.org/substances/17122906,True,True,True,False
3953627,CCOC(=O)c1cccc(Nc2c(C(=O)OCC)cnc3ccc(C)cc23)c1,cliff_resolution,-1.0458559785835582,8.99795923792779,1.052911016304473,0.9053057057166728,0.6461538461538462,True,0.6461538461538462,378.42800000000005,4.640220000000004,GJAB,B,https://zinc20.docking.org/substances/3953627,True,False,False,False
18182079,O=C(NCc1ccncc1)C12C[C@H]3C[C@@H](C1)CC(c1ccc(Cl)cc1)(C3)C2,cliff_resolution,-0.8729452004551843,13.398457393195612,1.113721570348036,0.9075943427359051,0.6458333333333334,True,0.6458333333333334,380.9190000000001,4.889400000000005,GJAA,A,https://zinc20.docking.org/substances/18182079,False,True,False,False
3007732,CCc1ccccc1NC(=O)C(=O)c1cn(CC(=O)N2CCOCC2)c2ccccc12,cliff_resolution,-1.1849921101291527,6.531424182426628,1.1723121685682187,0.9515708915412532,0.6451612903225806,True,0.6451612903225806,419.4810000000002,2.8839000000000015,HFAB,B,https://zinc20.docking.org/substances/3007732,True,True,False,False
22503725,O=C(Nc1ccc2c(c1)N(S(=O)(=O)c1ccc(F)cc1)CCC2)NC1CCCCC1,cliff_resolution,-1.1490541349789984,7.094893243262485,1.1214961269969923,0.8781223234375729,0.6451612903225806,True,0.6451612903225806,431.5330000000003,4.421400000000003,IIAB,B,https://zinc20.docking.org/substances/22503725,True,True,True,False
20738991,O=C(NC1CC1)[C@H]1c2ccccc2C(=O)N(c2ccccc2)C12CCCCC2,cliff_resolution,-1.03187349402412,9.292370255333529,1.1399230183932278,0.9085271121533611,0.6440677966101694,True,0.6440677966101694,374.48400000000026,4.412100000000004,FIAB,B,https://zinc20.docking.org/substances/20738991,False,True,False,False
9445823,CN(Cc1ccccc1)S(=O)(=O)c1ccc(C(=O)Nc2nc(-c3ccccn3)cs2)cc1,cliff_resolution,-1.1515155351832405,7.054796078308521,1.1864147728557344,0.9294150624474169,0.6440677966101694,True,0.6440677966101694,464.57200000000006,4.278100000000003,JIAB,B,https://zinc20.docking.org/substances/9445823,True,True,True,False
71280856,CC[C@H](C)N1C(=O)c2ccccc2[C@@H](C(=O)Nc2nnc(COC)s2)C12CCCC2,cliff_resolution,-1.4787551469598819,3.320816307337705,1.1158906267488033,0.9193847977440568,0.6438356164383562,True,0.6438356164383562,428.55800000000033,3.973900000000003,IHAB,B,https://zinc20.docking.org/substances/71280856,True,True,False,False
12582318,CCOC(=O)c1ccc2c(c1)nc(SCC(=O)NCCc1ccccc1)n2CC,cliff_resolution,-2.3503855160595655,0.4462872544195205,1.367808241290181,0.9405118063519083,0.6438356164383562,True,0.6438356164383562,411.52700000000016,3.683900000000002,HHAB,B,https://zinc20.docking.org/substances/12582318,False,True,False,False
12612962,COc1ccc(Cc2nc3ccc(C(=O)NCc4cnc(C)cn4)cc3o2)cc1OC,cliff_resolution,-0.753457656717209,17.64177761679802,0.8565172029207814,0.8857879968294782,0.6428571428571429,True,0.6428571428571429,418.4530000000002,3.464220000000002,HGAA,A,https://zinc20.docking.org/substances/12612962,False,True,False,False
4375197,Cc1cc(C)cc(NC(=O)C(=O)NCCc2sc(-c3ccc(F)cc3)nc2C)c1,cliff_resolution,-0.44992759887091077,35.487254501952336,0.8268393395079574,0.932770428972362,0.6440677966101694,True,0.6428571428571429,411.5020000000001,4.171860000000002,HIAB,B,https://zinc20.docking.org/substances/4375197,True,True,False,False
72401756,CC(C)CN1C(=O)c2ccccc2[C@@H](C(=O)Nc2nccs2)C12CCCCC2,cliff_resolution,-0.8476472746132413,14.202105202936103,0.9535331456895719,0.903351574976107,0.6417910447761194,True,0.6417910447761194,397.54400000000027,4.680100000000004,GJAB,B,https://zinc20.docking.org/substances/72401756,True,True,False,False
40067605,CCOc1ncccc1CNc1nc(-c2cccnc2)nc2ccccc12,cliff_resolution,-1.0620134077402723,8.669351109230378,1.0679871533981953,0.9687353759203069,0.6415094339622641,True,0.6415094339622641,357.4170000000001,4.097600000000003,FIAB,B,https://zinc20.docking.org/substances/40067605,True,False,False,False
169772739,CC(C)CCNC(=O)[C@H]1c2ccccc2C(=O)N(Cc2ccccc2)C12CCCC2,cliff_resolution,-2.1241158170844194,0.7514224789322819,1.3530586947880978,0.9252906410258583,0.640625,True,0.640625,404.55400000000026,4.901300000000004,HJAB,B,https://zinc20.docking.org/substances/169772739,False,True,False,False
14201956,CNc1nc(SCC(=O)NCc2ccc(OC)cc2)nc2ccccc12,cliff_resolution,-0.7811277245319838,16.55283078746415,0.9897464543751715,0.9251242430789006,0.640625,True,0.640625,368.46200000000005,3.0886000000000013,FGAB,B,https://zinc20.docking.org/substances/14201956,True,True,False,False
3444994,O=C(CSc1nc2ccccc2c(=O)n1C[C@H]1CCCO1)NCc1ccc2c(c1)OCO2,cliff_resolution,-0.938434010232744,11.523011352876287,1.0555445750186112,0.945322578927846,0.64,True,0.64,453.5200000000003,2.7127000000000008,JFAB,B,https://zinc20.docking.org/substances/3444994,False,True,False,False
9530310,CCCCN1C(SCC(=O)NCc2ccccc2)=NS(=O)(=O)c2ccccc21,cliff_resolution,-2.1491320566612657,0.7093620382457556,1.1441566703919595,0.883511429313928,0.8103448275862069,True,0.639344262295082,417.5560000000001,3.4010000000000025,HGAB,B,https://zinc20.docking.org/substances/9530310,False,True,False,False
4392800,Cc1ccc(-c2nc(C)c(CCNC(=O)C(=O)Nc3cc(F)ccc3F)s2)cc1,cliff_resolution,-0.5864610446505242,25.91426856754336,0.9296812390837459,0.9223017739789907,0.6379310344827587,True,0.6379310344827587,415.4650000000001,4.002540000000002,HIAB,B,https://zinc20.docking.org/substances/4392800,True,True,False,False
8670706,Cc1ccc(-n2nc(C(=O)NCc3ccc(C)o3)c3c4ccccc4n(C)c3c2=O)cc1,cliff_resolution,-0.8973557834640539,12.66613803200231,1.040878541172024,0.9261192645361817,0.6376811594202898,True,0.6376811594202898,426.47600000000017,4.017240000000003,IIAA,A,https://zinc20.docking.org/substances/8670706,False,True,False,False
20326524,Cc1ccc(C(=O)c2cn(CC(=O)Nc3ccc4c(c3)OCO4)c3cc4c(cc3c2=O)OCCO4)cc1,cliff_resolution,-0.42108222658931266,37.92431746552525,0.5994392628597718,0.8368181207939545,0.6349206349206349,True,0.6349206349206349,498.4910000000004,3.679520000000003,JHAB,B,https://zinc20.docking.org/substances/20326524,True,True,False,False
779342,O=C(CSc1nnc(-c2cccs2)n1Cc1ccccc1)N1CCCC1,cliff_resolution,-1.9643870321795054,1.0854578600629394,1.3646079036089442,0.9748950460458562,0.6346153846153846,True,0.6346153846153846,384.5300000000002,3.769400000000002,GHAB,B,https://zinc20.docking.org/substances/779342,False,True,False,False
2909187,CCOc1ccc(NC(=O)CSc2nc3ccsc3c(=O)n2Cc2ccc3c(c2)OCO3)cc1,cliff_resolution,-0.7892742238570155,16.24522669616114,1.0898768077678829,0.8899777380853844,0.6341463414634146,True,0.6341463414634146,495.5820000000003,4.364500000000003,JIAB,B,https://zinc20.docking.org/substances/2909187,True,True,False,False
2688237,O=C(c1ccccc1)c1cn(Cc2ccccc2F)c2cc3c(cc2c1=O)OCCO3,cliff_resolution,-0.8003923543383985,15.834620001795297,1.0729140821110543,0.8786533817532073,0.6333333333333333,True,0.6333333333333333,415.42000000000024,4.191100000000003,HIAA,A,https://zinc20.docking.org/substances/2688237,False,False,False,False
8611416,C[C@@H](NC(=O)c1ccc2nc(Cc3ccccc3)oc2c1)c1ccccc1,cliff_resolution,-1.7529147112237302,1.7663846774892356,1.3424171115917851,0.8168877645269537,0.631578947368421,True,0.631578947368421,356.425,4.909600000000004,FJAA,A,https://zinc20.docking.org/substances/8611416,False,True,False,False
72325014,O=C(NC[C@@H]1CCCO1)[C@@H]1c2ccccc2C(=O)N(c2ccccc2)C12CCCCC2,cliff_resolution,-1.7463318242154808,1.7933628780670015,1.3336959223258187,0.9211869599347337,0.6307692307692307,True,0.6307692307692307,418.5370000000003,4.428700000000004,HIAA,A,https://zinc20.docking.org/substances/72325014,False,True,False,False
4392433,Cc1nc(-c2ccccc2)sc1CCNC(=O)c1ccccc1Br,cliff_resolution,-1.2543631226353482,5.567200690655592,1.0986923847312449,0.9104452415883303,0.6296296296296297,True,0.6296296296296297,401.329,4.853520000000003,HJAB,B,https://zinc20.docking.org/substances/4392433,False,True,False,False
6508854,O=C(CSCc1ccc(F)cc1)Nc1nc(-c2ccccn2)cs1,cliff_resolution,-1.196157058509434,6.3656527144105395,1.2472577988646276,0.975792987539928,0.6296296296296297,True,0.6296296296296297,359.451,4.216100000000003,FIAB,B,https://zinc20.docking.org/substances/6508854,True,True,False,False
16837433,O=C(COc1ccccc1F)N1CCC2(CC1)OCCN2S(=O)(=O)c1ccc(Cl)cc1,cliff_resolution,-1.5340334826973485,2.923926943860104,1.2565874512784936,0.8669236826853286,0.6290322580645161,True,0.6290322580645161,468.9340000000001,2.8977000000000013,JFAB,B,https://zinc20.docking.org/substances/16837433,False,True,True,False
17156003,O=C(Nc1ccc2c(c1)CCCN2S(=O)(=O)c1ccc(F)cc1)c1ccc(F)c(F)c1,cliff_resolution,-1.161072872563349,6.90123994576827,0.9784965058801444,0.7764141275916309,0.6290322580645161,True,0.6290322580645161,446.45000000000005,4.497700000000003,IIAB,B,https://zinc20.docking.org/substances/17156003,True,True,True,False
17011361,COc1ccc(S(=O)(=O)Nc2ccc3c(c2)CCCN3C(=O)c2cccs2)cc1C,cliff_resolution,-0.9755335283909512,10.579532367659448,1.1473824807074768,0.8468925100385515,0.6285714285714286,True,0.6285714285714286,442.56200000000024,4.4589200000000035,IIAB,B,https://zinc20.docking.org/substances/17011361,True,True,True,False
4930846,COc1ccc(OC)c(NC(=O)c2sc3nc(-c4ccccc4)cn3c2C)c1,cliff_resolution,-0.9349977876978107,11.614545302909603,0.7508659136984908,0.96616120501284,0.6333333333333333,True,0.6271186440677966,393.4680000000001,4.6407200000000035,GJAB,B,https://zinc20.docking.org/substances/4930846,True,True,False,False
4271986,CC(C)N(C(=O)C(=O)c1cn(CC(=O)N2CCCC2)c2ccccc12)C(C)C,cliff_resolution,-1.1951736135529296,6.380083849857887,1.1524426157690666,0.9301471819768851,0.6271186440677966,True,0.6271186440677966,383.4920000000001,3.091800000000001,GGAB,B,https://zinc20.docking.org/substances/4271986,False,True,False,False
16953656,COc1ccc(CCC(=O)N2CCC3(CC2)OCCN3S(=O)(=O)c2ccc(OC)cc2)cc1,cliff_resolution,-1.206996234551158,6.2087441735330895,1.1540637438878303,0.8803203709697648,0.6271186440677966,True,0.6271186440677966,474.5790000000001,2.6762000000000006,JFAB,B,https://zinc20.docking.org/substances/16953656,False,True,True,False
4375223,COc1ccccc1NC(=O)C(=O)NCCc1sc(-c2ccc(F)cc2)nc1C,cliff_resolution,-0.6657770891821665,21.588522013301755,0.9121800214382072,0.9455715604012146,0.6271186440677966,True,0.6271186440677966,413.4740000000001,3.563620000000002,HHAB,B,https://zinc20.docking.org/substances/4375223,True,True,False,False
12993509,O=C(NCc1ccc(OC(F)F)cc1)c1ccc2c(=O)n3c(nc2c1)CCC3,cliff_resolution,-0.4957784148989615,31.931666524049607,0.6768142720396995,0.9406428722551442,0.6268656716417911,True,0.6268656716417911,385.37000000000023,2.874100000000001,GFAB,B,https://zinc20.docking.org/substances/12993509,False,True,False,False
38693567,C[C@H]1Oc2ccccc2O[C@H]1C(=O)Nc1ccc2c(c1)N(S(=O)(=O)c1ccc(F)cc1)CCC2,cliff_resolution,-1.4072667495533921,3.9150133781944665,1.2157952364241336,0.8661862466589462,0.6268656716417911,True,0.6268656716417911,482.5330000000002,4.1342000000000025,JIAB,B,https://zinc20.docking.org/substances/38693567,True,True,True,False
95477462,O=C(NCc1cccnc1)[C@H]1c2ccccc2C(=O)N(C2CCCCC2)C12CCCC2,cliff_resolution,-1.9038038345896588,1.247947069111696,1.2538492127586263,0.9434096767577249,0.6268656716417911,True,0.6268656716417911,417.5530000000004,4.582900000000004,HJAB,B,https://zinc20.docking.org/substances/95477462,False,True,False,False
32093102,COCCN1C(=O)c2ccccc2[C@H](C(=O)Nc2ccc(OC)cc2OC)C12CCCC2,cliff_resolution,-1.2179008112185084,6.054791447145269,1.1341941499987758,0.9352605890167525,0.6417910447761194,True,0.625,438.52400000000034,3.8411000000000026,IHAB,B,https://zinc20.docking.org/substances/32093102,True,True,False,False
32095620,O=C(CCc1nnc2ccc(NCCC3=CCCCC3)nn12)N1CCCCC1,cliff_resolution,-1.8269256112536767,1.4896162068850343,1.2806625612536244,0.9323527954241599,0.625,True,0.625,382.5120000000002,3.371800000000002,GGAB,B,https://zinc20.docking.org/substances/32095620,True,True,False,False
36359799,O=C(NCc1ccccn1)[C@@H]1c2ccccc2C(=O)N(c2ccccc2)C12CCCC2,cliff_resolution,-0.8316390162584124,14.735367911161184,1.0272594619083186,0.9587724055061867,0.625,True,0.625,411.5050000000002,4.454800000000004,HIAB,B,https://zinc20.docking.org/substances/36359799,False,True,False,False
6346734,CN(c1ccccc1)S(=O)(=O)c1ccc(C(=O)Nc2nc(-c3ccccn3)cs2)cc1,cliff_resolution,-1.1570393134789743,6.965634565002514,1.226953497256848,0.9094170057528782,0.6545454545454545,True,0.625,450.5450000000001,4.282500000000003,JIAB,B,https://zinc20.docking.org/substances/6346734,True,True,True,False
15781311,COc1cccc(OC)c1C(=O)Nc1ccc2c(c1)N(C(=O)c1ccccc1)CCC2,cliff_resolution,-1.032993070796182,9.268446111426112,0.9583610952996675,0.9331069677495747,0.625,True,0.625,416.4770000000002,4.549100000000004,HJAB,B,https://zinc20.docking.org/substances/15781311,True,True,False,False
5375448,COc1ccccc1C(=O)Nc1ccc2c(c1)CCCN2S(C)(=O)=O,cliff_resolution,-0.7741856761151532,16.819548126863324,1.0028182180119065,0.8683063352025587,0.625,True,0.625,360.43500000000006,2.659700000000001,FFAB,B,https://zinc20.docking.org/substances/5375448,True,True,True,False
79474994,COc1ccc2[nH]cc(CCNC(=O)[C@@H]3CCCN(c4ccc(Cl)nn4)C3)c2c1,cliff_resolution,-1.0719634719286648,8.472986765817096,1.0502437418943953,0.9480264900490099,0.6235294117647059,True,0.6235294117647059,413.90900000000005,3.1952000000000016,HGAB,B,https://zinc20.docking.org/substances/79474994,False,True,False,False
58190942,Cc1cc(NC(=O)N2CCC[C@H](c3nc(-c4ccc(F)cc4)no3)C2)no1,cliff_resolution,-0.6571009933393421,22.02414241409828,0.9438460944330439,0.9561999912340372,0.6231884057971014,True,0.6231884057971014,371.3720000000001,3.5836200000000025,FHAB,B,https://zinc20.docking.org/substances/58190942,True,True,False,False
20228873,COc1ccc(OC)c(CCNC(=O)COCc2cc(-c3ccc4c(c3)OCO4)on2)c1,cliff_resolution,-1.2589550572322963,5.508646994397396,1.1700729725965908,0.8980243286513317,0.6351351351351351,True,0.6231884057971014,440.45200000000017,2.963000000000001,IFAB,B,https://zinc20.docking.org/substances/20228873,False,True,False,False
40086524,CCOC(=O)N1CCN(C(=O)c2nc(-c3ccccc3)n3c2CCCCC3)CC1,cliff_resolution,-1.2314971697999257,5.8681719376281105,1.245353742022581,0.9701004032785405,0.6229508196721312,True,0.6229508196721312,396.4910000000003,3.190800000000002,GGAB,B,https://zinc20.docking.org/substances/40086524,False,True,False,False
36692834,CCN(CC)[C@H](CNC(=O)CN1C(=O)COc2ccccc21)c1ccccc1,cliff_resolution,-2.005281490442444,0.9879125659408455,1.4470812594939841,0.902393752301098,0.6229508196721312,True,0.6229508196721312,381.47600000000006,2.611300000000001,GFAB,B,https://zinc20.docking.org/substances/36692834,False,True,False,True
3465695,CC(C)NC(=O)CSc1nnc(-c2cccs2)n1Cc1ccccc1,cliff_resolution,-1.6190092270824084,2.4043117171151493,1.366538265534775,0.9631532776618286,0.6226415094339622,True,0.6226415094339622,372.5190000000001,3.6716000000000024,FHAB,B,https://zinc20.docking.org/substances/3465695,False,True,False,False
9221189,O=C(Nc1nc(-c2ccccn2)cs1)c1cc(F)c(Cl)cc1Cl,cliff_resolution,-0.38866809536911284,40.86315590635072,0.5944320761382035,0.8791722260987709,0.6226415094339622,True,0.6226415094339622,368.22000000000014,4.9033000000000015,FJAB,B,https://zinc20.docking.org/substances/9221189,True,True,False,False
6414243,COc1cc(C(=O)Nc2nc(-c3ccccn3)cs2)cc(OC)c1OC,cliff_resolution,-0.2997017182612783,50.15315768217352,0.46869040985641036,0.9540890837822623,0.6538461538461539,True,0.6226415094339622,371.4180000000002,3.4832000000000027,FGAB,B,https://zinc20.docking.org/substances/6414243,True,True,False,False
10508051,Cc1nc2c3ccccc3nn2c(C)c1CCC(=O)Nc1cccc(F)c1,cliff_resolution,-0.7967417818676413,15.968282899977812,0.8540151204762477,0.9608168165370193,0.6212121212121212,True,0.6212121212121212,362.40799999999996,4.209740000000003,FIAB,B,https://zinc20.docking.org/substances/10508051,True,True,False,False
13689851,Cc1c(C(=O)Nc2nnc(C(C)C)s2)sc2nc(-c3ccccc3)cn12,cliff_resolution,-1.0929373845258752,8.07351423733408,0.950282295949562,0.9558267705994814,0.6206896551724138,True,0.6206896551724138,383.50200000000007,4.5984200000000035,GJAA,A,https://zinc20.docking.org/substances/13689851,True,True,False,False
49491060,O=C(c1ccc(Cl)s1)N1CCC2(CC1)OCCN2S(=O)(=O)c1ccc(Cl)cc1,cliff_resolution,-1.1891064569060503,6.469840036535763,1.1651772921764085,0.834591555350797,0.6206896551724138,True,0.6206896551724138,461.39200000000017,3.708300000000003,JHAB,B,https://zinc20.docking.org/substances/49491060,False,True,True,False
3007380,COc1ccc(-c2nsc(SCC(=O)Nc3ccc4c(c3)OCO4)n2)cc1,cliff_resolution,-0.503533473801962,31.366533592766583,0.9598297139846463,0.8040225779553916,0.6197183098591549,True,0.6197183098591549,401.46900000000016,3.6732000000000014,HHAB,B,https://zinc20.docking.org/substances/3007380,True,True,False,False
4820520,COc1ccc(-c2n[nH]c(SCC(=O)Nc3ccc4c(c3)OCO4)n2)cc1,cliff_resolution,-0.23332734304314134,58.434947333956345,0.5400055988294622,0.8314807431825664,0.6197183098591549,True,0.6197183098591549,384.41700000000014,2.939800000000001,GFAA,A,https://zinc20.docking.org/substances/4820520,True,True,False,False
2649823,Cc1ccc(C)c(NC(=O)C2CCN(S(=O)(=O)c3ccc(F)cc3)CC2)c1,cliff_resolution,-0.8193473207750237,15.158376132202662,0.9031125720552835,0.9003467671392434,0.6190476190476191,True,0.6190476190476191,390.48000000000013,3.4819400000000025,GGAB,B,https://zinc20.docking.org/substances/2649823,True,True,True,False
8757122,CCCCN1C(SCC(=O)Nc2ccc(Br)cc2)=NS(=O)(=O)c2ccccc21,cliff_resolution,-1.889110262405648,1.2908914894086747,1.2189396230353449,0.828426326862283,0.6461538461538462,True,0.6190476190476191,482.4250000000001,4.485800000000004,JIAB,B,https://zinc20.docking.org/substances/8757122,True,True,False,False
2909055,O=c1c2sccc2nc(SCc2ccccc2F)n1Cc1ccc2c(c1)OCO2,cliff_resolution,-1.0486312534652438,8.940642849573502,1.251530554085929,0.9043443458404339,0.618421052631579,True,0.618421052631579,426.4940000000002,4.666400000000003,IJAB,B,https://zinc20.docking.org/substances/2909055,False,False,False,False
23968416,c1cncc(-c2nc(NCc3ccccc3CN3CCOCC3)c3ccccc3n2)c1,cliff_resolution,-1.344557864581099,4.5231619255749385,1.1925039076913575,0.9657793471204514,0.6181818181818182,True,0.6181818181818182,411.5090000000002,4.136100000000003,HIAB,B,https://zinc20.docking.org/substances/23968416,True,False,False,True
40159387,O=C(CCC(=O)c1ccc2c(c1)OCCO2)NCCc1c[nH]c2ccccc12,cliff_resolution,-0.9616743368762021,10.922590785341718,1.0079171104318296,0.8833419209130973,0.6176470588235294,True,0.6176470588235294,378.42800000000005,3.2609000000000012,GGAB,B,https://zinc20.docking.org/substances/40159387,False,True,False,False
65010967,Cc1cc2c(C)c(C(=O)N3CCCCCC3)oc2c(S(=O)(=O)NC[C@H]2CCCO2)c1C,cliff_resolution,-1.4964740919220365,3.188055755255814,1.2785952129167246,0.937494576759937,0.6176470588235294,True,0.6176470588235294,448.5850000000002,3.831560000000003,IHAA,A,https://zinc20.docking.org/substances/65010967,False,True,True,False
9569463,COc1cccc(OCC(=O)Nc2ccc3c(c2)N(S(=O)(=O)c2ccc(F)cc2)CCC3)c1,cliff_resolution,-1.328813277510867,4.690149891797462,1.1812486900191397,0.871206447926607,0.6176470588235294,True,0.6176470588235294,470.5220000000002,3.9933000000000023,JHAB,B,https://zinc20.docking.org/substances/9569463,True,True,True,False
5137231,Cc1cc(C)c(S(=O)(=O)NCCc2sc(-c3cccc(F)c3)nc2C)c(C)c1,cliff_resolution,-1.289760560265929,5.131442180043573,1.247328206184682,0.8242827104917487,0.6166666666666667,True,0.6166666666666667,418.5590000000001,4.703880000000004,HJAB,B,https://zinc20.docking.org/substances/5137231,False,False,True,False
4392819,COc1ccc(-c2nc(C)c(CCNC(=O)C(=O)Nc3ccc(C)cc3)s2)cc1,cliff_resolution,-0.26237434383869107,54.65446609623468,0.5556497389764721,0.9324128474768025,0.6166666666666667,True,0.6166666666666667,409.511,3.732940000000002,HHAB,B,https://zinc20.docking.org/substances/4392819,True,True,False,False
21117784,O=C(CSC1=NS(=O)(=O)c2ccccc2N1Cc1ccccc1)Nc1ccccc1F,cliff_resolution,-1.4231204592799283,3.7746747910178535,1.2384271029116771,0.8611877211903957,0.711864406779661,True,0.6166666666666667,455.5360000000001,4.262500000000003,JIAB,B,https://zinc20.docking.org/substances/21117784,True,True,False,False
11020692,COc1ccc(CCNC(=O)CSc2nc3ccccc3c(=O)n2Cc2ccc(F)cc2)cc1,cliff_resolution,-1.250119561754478,5.62186533305494,1.2049268758744895,0.9210040455796205,0.7164179104477612,True,0.6164383561643836,477.5610000000002,4.0435000000000025,JIAB,B,https://zinc20.docking.org/substances/11020692,False,True,False,False
3015381,C[C@H](CCc1ccccc1)NC(=O)C(=O)c1cn(CC(=O)N2CCCCC2)c2ccccc12,cliff_resolution,-2.7288960944647527,0.1866826278091362,1.0823289903964606,0.9564052619043495,0.6153846153846154,True,0.6153846153846154,445.56300000000033,3.9740000000000038,IHAB,B,https://zinc20.docking.org/substances/3015381,False,True,False,False
8768852,CCCCN1C(SCC(=O)Nc2cccc(Cl)c2C)=NS(=O)(=O)c2ccccc21,cliff_resolution,-1.8386562129934827,1.4499191536990186,1.2351975476054096,0.8621541155937692,0.6176470588235294,True,0.6153846153846154,452.00100000000015,4.685120000000004,JJAB,B,https://zinc20.docking.org/substances/8768852,True,True,False,False
8610245,Cc1ccc(C)c(N2CCN(C(=O)c3cc(S(=O)(=O)N4CCCCC4)cn3C)CC2)c1,cliff_resolution,-1.1849219998067906,6.532478667892503,1.1284482329419718,0.936264720801009,0.6153846153846154,True,0.6153846153846154,444.6010000000004,2.7789400000000013,IFAA,A,https://zinc20.docking.org/substances/8610245,False,True,True,False
35528637,CCCCCn1c(=O)c2sccc2n2c(CCC(=O)NCc3cccc(OC)c3)nnc12,cliff_resolution,-1.748200673466945,1.7856622872713932,1.1353152802121722,0.9067569877755524,0.6144578313253012,True,0.6144578313253012,453.5680000000002,3.5535000000000023,JHAB,B,https://zinc20.docking.org/substances/35528637,False,True,False,False
49403473,COc1ccc(-c2noc(C3CCN(CC(=O)Nc4ccc(F)cc4)CC3)n2)cc1,cliff_resolution,-0.46794638512273495,34.04502166451204,0.7120458024732919,0.9584315321619507,0.6142857142857143,True,0.6142857142857143,410.4490000000001,3.7024000000000026,HHAB,B,https://zinc20.docking.org/substances/49403473,True,True,False,True
32612002,COc1ccc(-c2nc(SCC(=O)Nc3ccc4c(c3)OCO4)no2)cc1,cliff_resolution,-0.25204443556662554,55.97003318893326,0.5615895229062674,0.7607717750128544,0.6142857142857143,True,0.6142857142857143,385.4010000000002,3.2047000000000017,GGAB,B,https://zinc20.docking.org/substances/32612002,True,True,False,False
2698710,Cc1ccc(S(=O)(=O)c2cnc3ccccc3c2N2CCN(c3ccccc3F)CC2)cc1,cliff_resolution,-0.8526136755711643,14.040621254785643,1.049261020790335,0.9180328563108752,0.6140350877192983,True,0.6140350877192983,461.5620000000003,4.841720000000004,JJAB,B,https://zinc20.docking.org/substances/2698710,False,False,False,False
72324884,COCCN1C(=O)c2ccccc2[C@H](C(=O)Nc2ccc3[nH]ccc3c2)C12CCCC2,cliff_resolution,-1.1541072168383446,7.012821473905771,1.159024559829714,0.9158618855689435,0.6133333333333333,True,0.6133333333333333,417.50900000000024,4.305200000000003,HIAB,B,https://zinc20.docking.org/substances/72324884,True,True,False,False
4272083,Cc1ccc(CNC(=O)C(=O)c2cn(CC(=O)N3CCCC3)c3ccccc23)cc1,cliff_resolution,-0.658477022810875,21.954471004402134,0.8716450602071882,0.963332472164392,0.6779661016949152,True,0.6129032258064516,403.48200000000026,3.071220000000001,HGAB,B,https://zinc20.docking.org/substances/4272083,False,True,False,False
5558473,Cc1cccc(NC(=O)C2CCN(S(=O)(=O)c3c(C)c(C)cc(C)c3C)CC2)c1C,cliff_resolution,-1.179650281997991,6.612256892791203,1.0744164743116924,0.8977996507326023,0.6129032258064516,True,0.6129032258064516,428.5980000000003,4.576520000000004,IJAB,B,https://zinc20.docking.org/substances/5558473,True,True,True,False
35528273,CCCOc1ccc(CNC(=O)CCc2nnc3n(CCC)c(=O)c4sccc4n23)cc1,cliff_resolution,-1.8336716701422895,1.4666562249418897,1.2867996945952287,0.901990266675667,0.6527777777777778,True,0.6125,453.56800000000015,3.5535000000000023,JHAB,B,https://zinc20.docking.org/substances/35528273,False,True,False,False
91663567,COc1ccc2[nH]cc(CCNC(=O)[C@@H]3CCCN(C4CCCC4)C3)c2c1,cliff_resolution,-1.5757536390870934,2.6561118592133655,1.2827968813884676,0.9613450097010704,0.6125,True,0.6125,369.5090000000002,3.4898000000000025,FGAA,A,https://zinc20.docking.org/substances/91663567,False,True,False,True
17315862,CCOc1ccccc1C(=O)Nc1ccc2c(c1)CCCN2C(=O)c1ccccc1,cliff_resolution,-0.6754948349432245,21.110823027246255,0.7733080108074983,0.9443851017827083,0.6119402985074627,True,0.6119402985074627,400.4780000000001,4.930600000000004,HJAB,B,https://zinc20.docking.org/substances/17315862,True,True,False,False
32841560,CCOC(=O)[C@@H]1CCCN(C(=O)c2csc(-c3ccc(Cl)cc3)n2)C1,cliff_resolution,-0.9007723422388019,12.566885489196938,0.9404209201054929,0.9532432775300864,0.6119402985074627,True,0.6119402985074627,378.88100000000003,3.8788000000000027,GHAB,B,https://zinc20.docking.org/substances/32841560,False,True,False,False
71853329,O=C(Nc1ccccc1)N1CCC[C@H](C(=O)N2CCC[C@H](c3nc(-c4ccc(F)cc4)no3)C2)C1,cliff_resolution,-1.1338795703909432,7.347175766714454,1.1699447241701948,0.9619483567870424,0.6111111111111112,True,0.6111111111111112,477.5400000000002,4.525800000000004,JJAB,B,https://zinc20.docking.org/substances/71853329,True,True,False,False
9309351,COc1ccc(-n2c(SCC(=O)Nc3ccc4c(c3)OCO4)nnc2-c2cccc(OC)c2)cc1,cliff_resolution,-0.46655928871281604,34.15393214751129,0.7786545746596115,0.8719497583959879,0.6103896103896104,True,0.6103896103896104,490.5410000000003,4.411000000000002,JIAB,B,https://zinc20.docking.org/substances/9309351,True,True,False,False
2925307,Cc1cccc(CSc2nc3ccsc3c(=O)n2Cc2ccc3c(c2)OCO3)c1,cliff_resolution,-0.9829435283297158,10.400553962992502,1.2873081870837013,0.9022476503794051,0.6103896103896104,True,0.6103896103896104,422.53100000000023,4.835720000000004,HJAB,B,https://zinc20.docking.org/substances/2925307,False,False,False,False
3007755,O=C(Nc1ccccc1-c1ccccc1)C(=O)c1cn(CC(=O)N2CCOCC2)c2ccccc12,cliff_resolution,-0.9679433076642011,10.766057434161995,0.9955747968002701,0.9297876942351232,0.609375,True,0.609375,467.5250000000003,3.988500000000003,JHAB,B,https://zinc20.docking.org/substances/3007755,True,True,False,False
5136332,COc1cccc(C(=O)Nc2ccc3c(c2)N(C(=O)C(C)C)CCC3)c1OC,cliff_resolution,-0.7524022693428172,17.68470137373485,0.8546199243973858,0.9562968962986612,0.6086956521739131,True,0.6086956521739131,382.4600000000002,3.891300000000003,GHAB,B,https://zinc20.docking.org/substances/5136332,True,True,False,False
4927821,COCCNC(=O)CSc1nc(-c2ccc(C)cc2)[nH]c1-c1ccc(OC)cc1,cliff_resolution,-0.9630337571016623,10.888454556122214,1.1242793263087707,0.8807893374857234,0.6086956521739131,True,0.6086956521739131,411.5270000000001,3.915420000000003,HHAB,B,https://zinc20.docking.org/substances/4927821,False,True,False,False
72401688,Cc1cccnc1NC(=O)[C@H]1c2ccccc2C(=O)N(CC(C)C)C12CCCCC2,cliff_resolution,-0.9655592383891701,10.825320461352963,1.0192068790485862,0.9320642295055802,0.6323529411764706,True,0.6086956521739131,405.54200000000037,4.927020000000005,HJAB,B,https://zinc20.docking.org/substances/72401688,True,True,False,False
17316452,CCS(=O)(=O)N1CCCc2cc(NC(=O)c3ccc(OC)cc3OC)ccc21,cliff_resolution,-0.7790528477496542,16.63210247920643,0.9661317839115647,0.9003294822771322,0.6086956521739131,True,0.6086956521739131,404.48800000000017,3.0584000000000016,HGAB,B,https://zinc20.docking.org/substances/17316452,True,True,True,False
9642945,CCOc1cc(C(=O)NCCc2c[nH]c3ccccc23)ccc1OCC(=O)N1CCCCC1,cliff_resolution,-1.5766579965236645,2.650586633000658,1.2445329189867045,0.9525622950864044,0.6081081081081081,True,0.6081081081081081,449.5510000000004,3.9304000000000032,IHAB,B,https://zinc20.docking.org/substances/9642945,False,True,False,False
9708342,O=C(NCCc1c[nH]c2ccccc12)C(=O)NC[C@H](c1cccs1)N1CCc2ccccc21,cliff_resolution,-1.6835860423103675,2.072115491928102,1.2257116427687205,0.9067322596547917,0.6081081081081081,True,0.6081081081081081,458.5870000000002,3.8083000000000027,JHAB,B,https://zinc20.docking.org/substances/9708342,False,True,False,False
3477342,Cc1cc(C)cc(-n2c(SCC(=O)NCc3ccc4c(c3)OCO4)nc3ccccc3c2=O)c1,cliff_resolution,-0.45523387388497105,35.05630398246387,0.8120399168190888,0.9209578569833614,0.6081081081081081,True,0.6081081081081081,473.55400000000026,4.139740000000002,JIAB,B,https://zinc20.docking.org/substances/3477342,False,True,False,False
9474978,COc1cccc(NC(=O)CSc2nc(Nc3ccc4c(c3)OCO4)c3ccccc3n2)c1,cliff_resolution,-0.5539993827447192,27.925478102347114,0.8348865634802852,0.9023602058177042,0.6075949367088608,True,0.6075949367088608,460.5150000000002,4.8415000000000035,JJAB,B,https://zinc20.docking.org/substances/9474978,True,True,False,False
34138653,CC1CCN(C(=O)CSc2nc(NCc3ccc4c(c3)OCO4)c3ccccc3n2)CC1,cliff_resolution,-0.9385895058254992,11.518886371261459,1.2149193175437754,0.964250629472432,0.64,True,0.6075949367088608,450.5640000000003,4.321200000000003,JIAB,B,https://zinc20.docking.org/substances/34138653,True,True,False,False
7804785,O=C(Nc1nc(-c2ccccn2)cs1)c1ccc(Cl)c([N+](=O)[O-])c1,cliff_resolution,-0.4294383983975637,37.201598525766464,0.6644577177131531,0.8681803188675193,0.6071428571428571,True,0.6071428571428571,360.7820000000001,4.019000000000002,FIBB,B,https://zinc20.docking.org/substances/7804785,True,True,False,False
8757208,Cc1ccc(NC(=O)CSC2=NS(=O)(=O)c3ccccc3N2Cc2ccccc2)cc1,cliff_resolution,-1.0882782054246978,8.160594430084297,1.1536464358341658,0.9101175416376396,0.7586206896551724,True,0.6065573770491803,451.57300000000015,4.431820000000004,JIAB,B,https://zinc20.docking.org/substances/8757208,True,True,False,False
5373552,COc1cc(OC)cc(C(=O)Nc2ccc3c(c2)CCCN3C(C)=O)c1,cliff_resolution,-0.3308576551764325,46.681235816027296,0.46600264362416594,0.9453039160471209,0.6065573770491803,True,0.6065573770491803,354.4060000000002,3.255200000000002,FGAB,B,https://zinc20.docking.org/substances/5373552,True,True,False,False
72400544,O=C(Nc1nccs1)[C@H]1c2ccccc2C(=O)N(C2CCCCC2)C12CCCC2,cliff_resolution,-1.5075501263526405,3.1077771817979305,1.316712579675941,0.8864742599683803,0.6060606060606061,True,0.6060606060606061,409.5550000000004,4.966700000000005,HJAB,B,https://zinc20.docking.org/substances/72400544,True,True,False,False
4272344,CC(C)OCCCNC(=O)C(=O)c1cn(CC(=O)N2CCCCC2)c2ccccc12,cliff_resolution,-1.808923977927,1.5526587748855183,1.1791048148664367,0.9659307270540123,0.6060606060606061,True,0.6060606060606061,413.51800000000026,2.7678000000000003,HFAB,B,https://zinc20.docking.org/substances/4272344,False,True,False,False
38693583,O=C(Nc1ccc2c(c1)N(S(=O)(=O)c1ccc(F)cc1)CCC2)[C@@H]1CC(=O)N(c2ccccc2)C1,cliff_resolution,-1.2507208794046216,5.614086768604945,1.1224019788854391,0.8927709848037284,0.6056338028169014,True,0.6056338028169014,493.5600000000003,3.9588000000000036,JHAB,B,https://zinc20.docking.org/substances/38693583,True,True,True,False
48989202,COc1ccc(-c2c[nH]c3c(SCC(=O)Nc4ccc5c(c4)OCO5)ncnc23)cc1,cliff_resolution,-0.3415434399024618,45.54666262606833,0.6536992258620922,0.8573165603278151,0.6052631578947368,True,0.6052631578947368,434.47700000000015,4.093000000000002,IIAB,B,https://zinc20.docking.org/substances/48989202,True,True,False,False
35528720,CCCCn1c(=O)c2sccc2n2c(CCC(=O)Nc3ccc(OC)c(OC)c3)nnc12,cliff_resolution,-1.3983716664911716,3.9960262596962712,1.1381243359949986,0.8870143493388745,0.6049382716049383,True,0.6049382716049383,455.5400000000002,3.4943000000000017,JGAB,B,https://zinc20.docking.org/substances/35528720,True,True,False,False
2623666,Cc1ccc2nc(CSc3nnc(-c4cccs4)n3Cc3ccccc3)cc(=O)n2c1,cliff_resolution,-1.7234088591658525,1.8905629422017092,1.43600102724904,0.948323910384834,0.603448275862069,True,0.603448275862069,445.5730000000002,4.6635200000000046,IJAB,B,https://zinc20.docking.org/substances/2623666,False,False,False,False
5136650,Cc1cccc(C(=O)Nc2ccc3c(c2)N(S(=O)(=O)c2ccccc2)CCC3)c1,cliff_resolution,-1.1557143867218758,6.986917468598744,1.0835081525752221,0.8588438461938847,0.6031746031746031,True,0.6031746031746031,406.50700000000023,4.3888200000000035,HIAB,B,https://zinc20.docking.org/substances/5136650,True,True,True,False
17316490,CCS(=O)(=O)N1CCCc2cc(NC(=O)c3ccccc3Cl)ccc21,cliff_resolution,-0.8482746120018544,14.181605104098816,1.001369894403939,0.8395478228027287,0.6031746031746031,True,0.6031746031746031,378.88100000000003,3.694600000000003,GHAB,B,https://zinc20.docking.org/substances/17316490,True,True,True,False
243475888,O=C(Cc1c[nH]c2ccccc12)N1CCN(c2ccc(C(F)(F)F)cc2)CC1,cliff_resolution,-0.7950887102029508,16.02917940756081,0.859945832095712,0.9538857592532668,0.6031746031746031,True,0.6031746031746031,387.4050000000001,4.078000000000003,GIAB,B,https://zinc20.docking.org/substances/243475888,False,True,False,False
27063383,COc1ccc2c(c1)CCCN2C(=O)c1ccc(NS(=O)(=O)c2cccs2)cc1,cliff_resolution,-0.7706224386631174,16.958114424726208,0.9761451971041439,0.8316777643475385,0.6029411764705882,True,0.6029411764705882,428.5350000000001,4.150500000000003,IIAB,B,https://zinc20.docking.org/substances/27063383,True,True,True,False
8744724,O=C(CSc1nc(-c2ccc(F)cc2)c[nH]1)Nc1ccc2c(c1)OCO2,cliff_resolution,-0.3307192090087607,46.69611942312962,0.669282175740471,0.8472824430977844,0.6029411764705882,True,0.6029411764705882,371.3930000000002,3.675300000000002,FHAB,B,https://zinc20.docking.org/substances/8744724,True,True,False,False
58138070,CCN(C)c1cccc(NC(=O)Cn2c(CSC)nc3ccccc32)c1,substructure_test,-2.62954084918481,0.2346708523896055,1.3831472051177673,0.9637224630978452,0.34210526315789475,True,0.27586206896551724,368.50600000000003,3.994100000000003,FHAB,B,https://zinc20.docking.org/substances/58138070,True,True,False,False
31463794,CCCN(CC(=O)Nc1ccccc1C)C(=O)[C@H]1CC(=O)N(c2ccccc2OCC)C1,substructure_test,-2.627466873820411,0.23579420431294146,1.2242390619126051,0.8868515739612767,0.3218390804597701,False,0.2988505747126437,437.5400000000003,3.6239200000000027,IHAB,B,https://zinc20.docking.org/substances/31463794,True,True,False,False
10462350,CCCCN1C[C@@H](C(=O)Nc2ccc(C(=O)N(CC)c3cccc(C)c3)cc2)CC1=O,substructure_test,-2.5772278696395503,0.26471108635953094,1.4158480875297252,0.9253139088784087,0.34782608695652173,True,0.3068181818181818,421.54100000000017,4.248820000000004,HIAB,B,https://zinc20.docking.org/substances/10462350,True,True,False,False
40150643,O=C(Nc1ccccc1CN1CCc2ccccc21)[C@@H]1CC(=O)N(CCc2ccccc2)C1,substructure_test,-2.5760838375333845,0.2654093158268665,1.1828821352088184,0.9507194141673365,0.3125,False,0.3125,439.5590000000002,4.2790000000000035,IIAB,B,https://zinc20.docking.org/substances/40150643,True,True,False,False
9375767,CC[C@@H](c1nnc(SCC(=O)Nc2c(F)cccc2F)n1Cc1ccccc1)N(C)C,substructure_test,-2.5702867659834276,0.2689758161835347,1.3336685883103587,0.9033796629779768,0.358974358974359,True,0.3142857142857143,445.53900000000016,4.348100000000003,IIAB,B,https://zinc20.docking.org/substances/9375767,True,True,False,True
12779151,CCOc1ccccc1NC(=O)[C@@H](C)N1CCN(S(=O)(=O)c2ccc3c(c2)CCC3)CC1,substructure_test,-2.562557460467873,0.2738057344456239,1.0975231472378655,0.9383885814998897,0.3448275862068966,True,0.3448275862068966,457.5960000000003,2.9075000000000015,JFAB,B,https://zinc20.docking.org/substances/12779151,True,True,True,True
15019825,CCn1c(CN(c2ccccc2)S(C)(=O)=O)nnc1SCC(=O)Nc1ccc(F)c(F)c1,substructure_test,-2.5436771761854216,0.28597154638221084,1.2329533873202903,0.8784355339523735,0.38202247191011235,True,0.29213483146067415,481.5500000000002,3.273200000000002,JGAB,B,https://zinc20.docking.org/substances/15019825,True,True,True,False
2442233,CCn1c(COc2ccccc2)nnc1SCC(=O)Nc1ccccc1C(C)C,substructure_test,-2.53289038119019,0.29316331155290304,1.4390060123065358,0.9284976342528853,0.3783783783783784,True,0.3170731707317073,410.5430000000001,4.731200000000004,HJAB,B,https://zinc20.docking.org/substances/2442233,True,True,False,False
1506419644,CN(C)CC[C@@H]1CCCCN1C(=O)c1ccc(NCc2nc3ccccc3n2C)cc1,substructure_test,-2.5298919775348208,0.29519433749455365,1.3083106881217406,0.948268910021441,0.379746835443038,True,0.379746835443038,419.57300000000015,4.131800000000004,HIAA,A,https://zinc20.docking.org/substances/1506419644,True,True,False,True
19897519,O=C(CSc1nnc(CNc2ccccc2F)n1C[C@H]1CCCO1)c1ccccc1,substructure_test,-2.5190582666227237,0.3026507352962194,1.32288118589659,0.9518829944322388,0.2988505747126437,False,0.29213483146067415,426.5170000000003,4.183300000000004,IIAB,B,https://zinc20.docking.org/substances/19897519,True,False,False,False
9307356,CCOc1ccccc1NC(=O)CSc1nnc(COc2ccc(C)cc2)n1CC,substructure_test,-2.511593636468024,0.30789764243405787,1.3673211109286052,0.9251125581523173,0.41025641025641024,True,0.41025641025641024,426.5420000000002,4.314920000000003,IIAB,B,https://zinc20.docking.org/substances/9307356,True,True,False,False
12526582,CCN(CCCNC(=O)[C@H](NC(=O)Nc1ccccc1)C(C)C)c1ccccc1,substructure_test,-2.507888330115986,0.3105357964342994,1.443115196025277,0.8450837251427552,0.4153846153846154,True,0.4117647058823529,396.53500000000014,3.8655000000000026,GHAB,B,https://zinc20.docking.org/substances/12526582,True,True,False,False
9198794,Cc1ccccc1N1C[C@H](c2nnc(NC(=O)CCS(=O)(=O)Cc3ccccc3)s2)CC1=O,substructure_test,-2.141761718999304,0.7215032322141113,1.3307401830961025,0.8531409782389073,0.3010752688172043,False,0.3010752688172043,484.60300000000024,3.310620000000002,JGAB,B,https://zinc20.docking.org/substances/9198794,True,True,False,False
12193938,Cc1cc(F)ccc1NC(=O)CC[C@H]1CCCN(C(=O)CCn2cnc3ccccc32)C1,substructure_test,-2.1425554086206082,0.720185861857914,1.3684189452635962,0.9662085343968502,0.3473684210526316,True,0.2903225806451613,436.5310000000002,4.531420000000003,IJAA,A,https://zinc20.docking.org/substances/12193938,True,True,False,False
30952871,CCCOc1ccc(C(=O)CCNc2ccc(CN3C(=O)[C@H]4CCCN4C3=O)cc2)cc1,substructure_test,-2.142614862788134,0.7200872764004893,1.3642638519929045,0.8692073606058283,0.4634146341463415,True,0.4634146341463415,435.52400000000017,4.0869000000000035,IIAB,B,https://zinc20.docking.org/substances/30952871,True,True,False,False
2837587,COCCn1c(SCC(=O)Nc2cccc(Cl)c2C)nnc1-c1ccccc1,substructure_test,-2.1428826242095607,0.7196434481351929,1.351120992449173,0.9374902136734465,0.37662337662337664,True,0.29069767441860467,416.93400000000014,4.284120000000003,HIAA,A,https://zinc20.docking.org/substances/2837587,True,True,False,False
4602902,CCCOc1ccc(N2C[C@@H](C(=O)Nc3ccccc3C(=O)OCC)CC2=O)cc1,substructure_test,-2.142923731007654,0.7195753357386715,1.3912275436578057,0.9286406770134447,0.3333333333333333,False,0.28421052631578947,410.47000000000025,3.6437000000000026,HHAB,B,https://zinc20.docking.org/substances/4602902,True,True,False,False
57364262,O=C(CNc1ccc(S(=O)(=O)N2CCCCCC2)cc1)N1CCc2ccccc2C1,substructure_test,-2.1398017825499123,0.7247666772017377,1.274039709676559,0.923996071103983,0.47692307692307695,True,0.36585365853658536,427.57000000000016,3.2481000000000018,IGAB,B,https://zinc20.docking.org/substances/57364262,True,True,True,False
12137170,CC1CCN(C(=O)c2ccccc2NC(=O)CCC(=O)OCCc2ccccc2)CC1,substructure_test,-2.1441850628269465,0.7174884878411789,1.347318667583186,0.9380175186924784,0.40789473684210525,True,0.3170731707317073,422.52500000000026,4.0633000000000035,HIAB,B,https://zinc20.docking.org/substances/12137170,True,True,False,False
20717279,O=C(CS[C@H]1CCc2ccccc2NC1=O)NCCC1CCN(Cc2ccccc2)CC1,substructure_test,-2.1442733058163808,0.7173427183232529,1.3102941588146906,0.9414296638807894,0.34782608695652173,True,0.32098765432098764,451.63600000000037,4.091600000000003,JIAB,B,https://zinc20.docking.org/substances/20717279,True,True,False,True
12558860,CC1CCN(S(=O)(=O)c2ccc(NCCc3nccn3Cc3ccccc3)c([N+](=O)[O-])c2)CC1,substructure_test,-2.14435274148414,0.7172115230415602,1.2745934255087097,0.8847114801973817,0.35365853658536583,True,0.2967032967032967,483.5940000000002,3.914800000000003,JHBB,B,https://zinc20.docking.org/substances/12558860,True,False,True,False
2325732649,c1ccc(-c2csc3nc(CN4CCCCC4)nc(NCCCn4ccnn4)c23)cc1,substructure_test,-2.138957746045379,0.7261766061355722,1.2679721448246526,0.9404540294954756,0.34146341463414637,True,0.28888888888888886,433.5850000000001,4.437900000000003,IIAB,B,https://zinc20.docking.org/substances/2325732649,True,False,False,True
58210774,CC[C@H](O)CN(CC(=O)Nc1cc(C)c(Cl)cc1OC)c1ccccc1,substructure_test,-2.1445847242630527,0.7168285195725892,1.5270011057376396,0.8199345066667724,0.3026315789473684,False,0.24705882352941178,376.8840000000001,3.873020000000002,GHAB,B,https://zinc20.docking.org/substances/58210774,True,True,False,False
9875895,O=C(COc1ccccc1[C@H]1Nc2ccccc2C(=O)N1CCc1ccccc1)N1CCCC1,substructure_test,-2.1388089157615173,0.7264255054325875,1.291004130901562,0.9482599637427026,0.3466666666666667,True,0.30864197530864196,455.55800000000033,4.497000000000004,JIAB,B,https://zinc20.docking.org/substances/9875895,True,True,False,False
11843191,COc1ccc(Cl)cc1NC(=O)CC[C@H]1CCCN(C(=O)CCN2CCCO2)C1,substructure_test,-1.5076488234462504,3.1070709933992307,1.2784321491269985,0.9605065767340446,0.3263157894736842,False,0.2840909090909091,423.9410000000003,3.3333000000000013,HGAA,A,https://zinc20.docking.org/substances/11843191,True,True,False,False
1084365,COc1ccccc1OCC(=O)Nc1sc2c(c1C(=O)NC[C@H]1CCCO1)CCCC2,substructure_test,-1.5075897151179547,3.107493900616234,1.2804124113402873,0.8760429635789749,0.48717948717948717,True,0.25555555555555554,444.5530000000004,3.5618000000000025,IHAA,A,https://zinc20.docking.org/substances/1084365,True,True,False,False
2087920421,Cc1cc(C(=O)NS(=O)(=O)c2c(C)nn(-c3ccccc3)c2C)ccc1NC(=O)CC(C)C,substructure_test,-1.50755097626614,3.107771099889672,1.3574981795417873,0.8822583179437002,0.29069767441860467,False,0.25,468.57900000000024,3.9008600000000024,JHAB,B,https://zinc20.docking.org/substances/2087920421,True,True,True,False
5397449,CCOc1ccccc1NC(=O)Cn1nc(-c2ccc(CC)cc2)ccc1=O,substructure_test,-1.5077771355349279,3.1061531464149588,1.4252652108519284,0.9233692056616892,0.44776119402985076,True,0.3815789473684211,377.44400000000013,3.510100000000002,GHAB,B,https://zinc20.docking.org/substances/5397449,True,True,False,False
14732471,CSCCCNc1cc(C(=O)N2CCCN(C)CC2)cc(S(=O)(=O)NC(C)(C)C)c1,substructure_test,-1.5077983255111203,3.106001595547351,1.3105709908811318,0.9000421835665304,0.23863636363636365,False,0.23076923076923078,456.6780000000002,2.7061,JFAA,A,https://zinc20.docking.org/substances/14732471,True,True,True,True
4502524,COc1ccc(S(=O)(=O)NCc2ccco2)cc1NC(=O)c1ccccc1,substructure_test,-1.5074348097678527,3.1086024877814267,1.2576593146966906,0.7584655849154335,0.3225806451612903,False,0.3170731707317073,386.4290000000001,3.019000000000001,GGAA,A,https://zinc20.docking.org/substances/4502524,True,True,True,False
96997100,CN(C1CCCCC1)S(=O)(=O)c1ccccc1NS(=O)(=O)c1cccc(F)c1,substructure_test,-1.5078668567251359,3.10551151041977,1.2656338546284456,0.735040941833862,0.26506024096385544,False,0.26506024096385544,426.5350000000001,3.5797000000000025,IHAB,B,https://zinc20.docking.org/substances/96997100,True,False,True,False
849593052,CC(C)N1CC[C@H](C(=O)Nc2c3c(cc4c2CCC4)CCC3)[C@H](c2cnn(C)c2)C1,substructure_test,-1.507868693429298,3.1054983767188067,1.3682712216647273,0.953954611118601,0.23529411764705882,False,0.21348314606741572,406.5740000000002,3.850100000000003,HHAB,B,https://zinc20.docking.org/substances/849593052,True,True,False,True
9833653,CCn1c(SCC(=O)Nc2cccc3ccccc23)nnc1[C@@H](C)NC(=O)c1cccc(C)c1,substructure_test,-1.5079028560100187,3.105254100839671,1.372739753617163,0.8901509028176352,0.32954545454545453,False,0.28888888888888886,473.60200000000026,4.9814200000000035,JJAB,B,https://zinc20.docking.org/substances/9833653,True,True,False,False
9498704,COc1cc(CCC(=O)Nc2ccc(C)c(S(=O)(=O)N3CCCCCC3)c2)cc(OC)c1OC,substructure_test,-1.5079047538063066,3.1052405314136817,1.225863643374807,0.9084425565636272,0.41333333333333333,True,0.32926829268292684,490.62200000000047,4.156820000000003,JIAB,B,https://zinc20.docking.org/substances/9498704,True,True,True,False
4499395,O=[N+]([O-])c1ccc(NCCCc2ccccc2)c(S(=O)(=O)N2CCOCC2)c1,substructure_test,-1.5073436355665166,3.109255164970582,1.3224142320169894,0.8299338283497267,0.3333333333333333,False,0.313953488372093,405.4760000000002,2.660400000000001,HFBB,B,https://zinc20.docking.org/substances/4499395,True,False,True,False
1161056,CSc1cccc(NC(=O)CN(Cc2ccccc2)S(=O)(=O)c2ccc(F)cc2)c1,substructure_test,-1.507937306135509,3.1050077883602203,1.3683755217965394,0.8031245803693633,0.4153846153846154,True,0.34523809523809523,444.55300000000005,4.377200000000004,IIAA,A,https://zinc20.docking.org/substances/1161056,True,True,True,False
12812617,CC(C)c1nnc(NC(=O)c2ccc3c(c2)CCCN3S(C)(=O)=O)s1,substructure_test,-0.8735311765451335,13.38039158360091,1.0699165040663594,0.8776031588325338,0.3333333333333333,False,0.3333333333333333,380.49500000000006,2.6260000000000012,GFAB,B,https://zinc20.docking.org/substances/12812617,True,True,True,False
12321974,CCOC(=O)Cc1csc(NC(=O)CSc2nc3ccc(OC)cc3[nH]2)n1,substructure_test,-0.8735348795911935,13.38027749512601,0.9950949592082535,0.8799706194024948,0.4,True,0.32967032967032966,406.48900000000015,2.8644000000000007,HFAB,B,https://zinc20.docking.org/substances/12321974,True,True,False,False
1875354333,CNC(=O)c1cnc(NC(=O)C2(S(=O)(=O)c3ccccc3)CCCCC2)s1,substructure_test,-0.8735350046945275,13.380273640789486,1.1060250079792675,0.8473641040466642,0.2716049382716049,False,0.2619047619047619,407.5170000000002,2.6180000000000003,HFAB,B,https://zinc20.docking.org/substances/1875354333,True,True,False,False
9583238,Cc1nc(NC(=O)[C@H](C)Sc2nnc(-c3ccccc3F)n2CC(C)C)sc1C,substructure_test,-0.8735380887355308,13.380178624233336,1.1403380057291188,0.928782980390757,0.3372093023255814,False,0.3372093023255814,433.57800000000015,4.932840000000005,IJAB,B,https://zinc20.docking.org/substances/9583238,True,True,False,False
9631812,COc1cc(C(=O)Nc2cc(F)ccc2C)ccc1OCC(=O)Nc1ccc(F)cc1,substructure_test,-0.8735058187514505,13.381172867105603,0.9037286633941052,0.8332771041635957,0.34210526315789475,True,0.3037974683544304,426.41900000000015,4.551620000000003,IJAB,B,https://zinc20.docking.org/substances/9631812,True,True,False,False
7987500,CCOC(=O)C1=C(c2ccc([N+](=O)[O-])cc2)Nc2ncnn2[C@@H]1c1cccc(O)c1,substructure_test,-0.8735048066361578,13.381204051718898,1.1519756544494142,0.7888573729253787,0.25882352941176473,False,0.2268041237113402,407.3860000000001,2.8812000000000006,HFBB,B,https://zinc20.docking.org/substances/7987500,True,False,False,False
54020379,O=C(NCc1ccccc1Cn1cccn1)Nc1cccc2cnccc12,substructure_test,-0.8735012091750767,13.381314894849947,1.031050269270002,0.9714973628999327,0.2692307692307692,False,0.2647058823529412,357.4170000000001,3.801300000000002,FHAB,B,https://zinc20.docking.org/substances/54020379,True,True,False,False
23697628,C[C@@H]1Oc2ccc(NC(=O)CCn3cnc4ccc(Br)cc4c3=O)cc2NC1=O,substructure_test,-0.8734992944182123,13.381373891733627,1.0316670649414454,0.8248071169086155,0.28865979381443296,False,0.2717391304347826,457.2840000000001,2.9072000000000005,JFAB,B,https://zinc20.docking.org/substances/23697628,True,True,False,False
2652043,Nc1c(N(Cc2ccccc2)C(=O)c2ccccc2F)c(=O)[nH]c(=O)n1Cc1ccccc1,substructure_test,-0.8735500782657301,13.379809243898071,1.0326363849304108,0.861413492919349,0.2876712328767123,False,0.2261904761904762,444.4660000000002,3.153200000000002,IGAB,B,https://zinc20.docking.org/substances/2652043,True,True,False,False
100801625,O=C(Nc1ccc2c(C(F)(F)F)cc(=O)oc2c1)c1c(O)c2cccc3c2n(c1=O)CCC3,substructure_test,-0.8735533915312533,13.37970716870849,0.9864490214441173,0.806823122775072,0.3373493975903614,False,0.3373493975903614,456.37600000000026,4.030800000000002,JIAB,B,https://zinc20.docking.org/substances/100801625,True,True,False,False
4598848,Cc1cc(NC(=O)CSc2nc3ccccc3c3nc(-c4ccccc4)nn23)[nH]n1,substructure_test,-0.8734926490091698,13.381578649995857,1.1093929965436942,0.921293307529592,0.36585365853658536,True,0.32558139534883723,415.4820000000001,3.7068200000000022,HHAB,B,https://zinc20.docking.org/substances/4598848,True,True,False,False
6150975,O=C(CN1CCN(c2ccc(F)cc2)CC1)Nc1oc2ccccc2c(=O)c1-c1ccccc1,substructure_test,-0.8734878400848287,13.38172682446791,1.0106645982762126,0.9454470797334298,0.3614457831325301,True,0.35714285714285715,457.50500000000017,4.3598000000000035,JIAB,B,https://zinc20.docking.org/substances/6150975,True,True,False,True
3262119,CC(=O)Nc1ccc(C(=O)OCC(=O)Nc2cccc(C(C)=O)c2)cc1,substructure_test,-0.23938499466562707,57.62553962998057,0.5244081710343934,0.7067155090984849,0.3582089552238806,True,0.35714285714285715,354.3620000000001,2.6431000000000004,FFAB,B,https://zinc20.docking.org/substances/3262119,True,True,False,False
3241225,CC(=O)Nc1ccc(NC(=O)[C@H](C)OC(=O)c2cccnc2Cl)cc1,substructure_test,-0.23936034353892535,57.62881062432735,0.5835600444932428,0.8319424122173324,0.3508771929824561,True,0.24285714285714285,361.78499999999997,2.8774000000000015,FFAB,B,https://zinc20.docking.org/substances/3241225,True,True,False,False
720921,Cc1ccc(C(=O)N/C(=C/c2ccco2)C(=O)Nc2ccc(Cl)cc2)cc1,substructure_test,-0.23917106749668324,57.653932128112054,0.43800091885014486,0.7110923359773246,0.2982456140350877,False,0.24675324675324675,380.831,4.6510200000000035,GJAA,A,https://zinc20.docking.org/substances/720921,True,True,False,False
3845321,CC(=O)Nc1ccc(-c2ccc(NC(C)=O)cc2NC(C)=O)c(NC(C)=O)c1,substructure_test,-0.2391685465509888,57.65426679240059,0.5743761321966323,0.5863303627670751,0.3076923076923077,False,0.25806451612903225,382.42000000000013,3.1872000000000007,GGAB,B,https://zinc20.docking.org/substances/3845321,True,True,False,False
61720454,O=C(CSc1ccc2nnc(C(F)(F)F)n2n1)Nc1ccccc1,substructure_test,-0.23987296249346468,57.56082865809523,0.5865490238747996,0.8011582662639042,0.3424657534246575,True,0.2911392405063291,353.32899999999995,2.8739,FFAB,B,https://zinc20.docking.org/substances/61720454,True,True,False,False
169326167,O=C(Nc1nonc1-c1ccc(Cl)cc1)c1ccc(C(F)(F)F)cc1,substructure_test,-0.2388592156415609,57.69534629109976,0.5914307796208138,0.6762693045874657,0.30303030303030304,False,0.30303030303030304,367.71400000000006,4.661100000000001,FJAB,B,https://zinc20.docking.org/substances/169326167,True,True,False,False
48550740,COC(=O)Nc1ccc(CNC(=O)Nc2cccc(-n3cccn3)c2)cc1,substructure_test,-0.24009400923067978,57.53153886415352,0.4734572790049853,0.948719086411966,0.2857142857142857,False,0.27710843373493976,365.39300000000003,3.372300000000002,FGAB,B,https://zinc20.docking.org/substances/48550740,True,True,False,False
2728453,O=C(NC(=S)Nc1c(O)ccc2ccccc12)c1ccc2c(c1)OCO2,substructure_test,-0.24012867108330627,57.52694734796281,0.5239533236749723,0.6837236565980647,0.39473684210526316,True,0.39473684210526316,366.3980000000002,3.400900000000002,FGAB,B,https://zinc20.docking.org/substances/2728453,True,True,False,False
211072379,O=C(Nc1nc(C(=O)Nc2cccc(C(F)(F)F)c2)co1)c1ccncc1,substructure_test,-0.24013212525716515,57.52648980752475,0.5393646373189764,0.8631379418453983,0.3939393939393939,True,0.24719101123595505,376.2940000000001,3.593000000000001,GHAB,B,https://zinc20.docking.org/substances/211072379,True,True,False,False
853348,COc1ccc(-c2csc(Nc3ccc(C(=O)O)cc3)n2)cc1OC,substructure_test,-0.2386909790840929,57.717700585547064,0.40661653098417133,0.8850008083733603,0.3559322033898305,True,0.32,356.4030000000001,4.2691000000000034,FIAA,A,https://zinc20.docking.org/substances/853348,True,False,False,False
2787796,O=C(Nc1ccc2c(c1)OCO2)c1ccn(COc2ccc(F)c(Cl)c2)n1,substructure_test,-0.23864887020198483,57.723297123796726,0.5275934725959627,0.8896780256102856,0.3372093023255814,False,0.3372093023255814,389.77000000000004,3.693100000000002,GHAA,A,https://zinc20.docking.org/substances/2787796,True,True,False,False
48006306,COC(=O)c1ccc(NC(=O)NCc2cc(OC)c(OC)c(OC)c2)cc1,substructure_test,-0.24021974467956414,57.51488494124932,0.47010069761632495,0.8245579491144022,0.4067796610169492,True,0.2972972972972973,374.39300000000014,2.8207000000000013,FFAB,B,https://zinc20.docking.org/substances/48006306,True,True,False,False
15066789,CC[C@@H](C)C(=O)NCc1nnc2n1CCN(Cc1ccc(N(C)c3ccccc3)cc1)CC2,substructure_test,-2.777108257504161,0.16706741099320652,1.1736340398972447,0.9667168568009964,0.3218390804597701,False,0.3218390804597701,446.59900000000016,3.766600000000002,IHAA,A,https://zinc20.docking.org/substances/15066789,False,True,False,True
11667192,O=C(Cn1c(SCCOc2ccccc2)nc2ccccc21)N1CCCCCC1,substructure_test,-2.773267658405163,0.1685513912450717,1.2149634321910723,0.9731732592832479,0.4857142857142857,True,0.3684210526315789,409.5550000000003,4.610000000000004,HJAB,B,https://zinc20.docking.org/substances/11667192,False,True,False,False
48290341,CCN(CCNC(=O)c1nc(N2CCCCC2)ncc1Cl)c1cccc(C)c1,substructure_test,-2.7800907199003526,0.16592402720525143,1.2192210857637944,0.9609815137021844,0.4090909090909091,True,0.3977272727272727,401.94200000000006,3.6850200000000033,HHAB,B,https://zinc20.docking.org/substances/48290341,False,True,False,False
4057600,CCN(CCNC(=O)[C@@H]1CC(=O)N(CCc2ccccc2)C1)c1ccccc1,substructure_test,-2.7578583501479,0.1746391664607828,1.3302338437947647,0.9184435871756671,0.47297297297297297,True,0.43478260869565216,379.5040000000001,2.7203000000000017,GFAA,A,https://zinc20.docking.org/substances/4057600,False,True,False,False
7792088,CCN(CCNC(=O)CCN1C(=O)c2ccccc2C1=O)c1cccc(C)c1,substructure_test,-2.7471506792167815,0.17899847080173564,1.2353987132851716,0.9179518441686819,0.5230769230769231,True,0.5,379.46000000000015,2.623820000000001,GFAB,B,https://zinc20.docking.org/substances/7792088,False,True,False,False
24113976,CCN(CCCNC(=O)[C@H]1CC(=O)N(Cc2ccccc2)C1)c1ccccc1,substructure_test,-2.737830287106305,0.18288147377827702,1.355418054612252,0.9193249294105899,0.463768115942029,True,0.463768115942029,379.5040000000001,3.0679000000000016,GGAB,B,https://zinc20.docking.org/substances/24113976,False,True,False,False
1340909280,CN(CCCNC(=O)CN1CCC(CN2C(=O)c3ccccc3C2=O)CC1)c1ccccc1,substructure_test,-2.7350684644905714,0.18404818352584976,1.2471410754230037,0.9316032186620589,0.3972602739726027,True,0.3972602739726027,448.5670000000002,2.6373000000000015,IFAB,B,https://zinc20.docking.org/substances/1340909280,False,True,False,True
6532116,CN(Cc1cccc(F)c1)C(=O)CSc1nnc(C2CC2)n1Cc1ccccc1,substructure_test,-2.734894607831041,0.18412187639850858,1.241983285633034,0.9528006462551766,0.33707865168539325,False,0.33707865168539325,410.5180000000002,4.093600000000004,HIAB,B,https://zinc20.docking.org/substances/6532116,False,True,False,False
306129735,O=C(NCCc1ccccc1)c1nc([C@H]2CCCN2Cc2ccccn2)n2ccccc12,substructure_test,-2.731506636086339,0.1855638454776551,1.183029069971838,0.9777787822036692,0.37037037037037035,True,0.37037037037037035,425.5360000000001,4.0389000000000035,IIAB,B,https://zinc20.docking.org/substances/306129735,False,True,False,True
25576032,CCN(CCCNC(=O)CSc1nncn1-c1cccc(Cl)c1)c1ccccc1,substructure_test,-2.729366485969187,0.1864805382440679,1.252100133085231,0.9207058367904246,0.5063291139240507,True,0.42105263157894735,429.97700000000015,4.045600000000003,IIAB,B,https://zinc20.docking.org/substances/25576032,False,True,False,False
8590553,CN(C)S(=O)(=O)N(CC(=O)NCCSCc1c(F)cccc1Cl)c1ccccc1,substructure_test,-2.719172030937063,0.19090968851944667,1.1959831286978246,0.7942198897470583,0.2857142857142857,False,0.2857142857142857,459.99600000000004,3.1415000000000024,JGAB,B,https://zinc20.docking.org/substances/8590553,False,True,True,False
8425117,Cc1nc2ccccc2n1CCNC(=O)c1ccccc1SCC(=O)N1CCCC1,substructure_test,-2.713638739567007,0.19335760603952115,1.2305821895061726,0.9655315150257722,0.4,True,0.35443037974683544,422.55400000000026,3.489220000000002,HGAB,B,https://zinc20.docking.org/substances/8425117,False,True,False,False
48345172,CCOC(=O)N1CCC(C(=O)NCc2ccc(CN3C[C@@H](C)C[C@H](C)C3)cc2)CC1,substructure_test,-2.1417777499571127,0.7214766001133452,1.3930258877332526,0.9603074872842806,0.3783783783783784,True,0.3783783783783784,415.57800000000026,3.649200000000002,HHAB,B,https://zinc20.docking.org/substances/48345172,False,True,False,True
10032306,Cc1nn(CC(=O)N2CCC(Cc3ccccc3)CC2)c(C)c1S(=O)(=O)N1CCc2ccccc21,substructure_test,-2.1418759402138106,0.7213134988819444,1.2271181461832525,0.9219124260735344,0.3780487804878049,True,0.3411764705882353,492.6450000000003,3.7326400000000026,JHAB,B,https://zinc20.docking.org/substances/10032306,False,True,True,False
14882710,COCCC(=O)N[C@@H](C)c1nnc2n1CCN(Cc1ccc(OCc3ccccc3)cc1)CC2,substructure_test,-2.141916791772547,0.721245652302829,1.3272178055937696,0.954762902529107,0.3076923076923077,False,0.3076923076923077,463.5820000000002,3.129100000000001,JGAA,A,https://zinc20.docking.org/substances/14882710,False,True,False,True
22407115,O=C(CCSc1ccc(F)cc1)NC1CCN(Cc2ccccc2)CC1,substructure_test,-2.141978971704398,0.7211423956485208,1.4553503222406465,0.9559986225532258,0.5185185185185185,True,0.30952380952380953,372.5090000000001,4.088700000000004,FIAB,B,https://zinc20.docking.org/substances/22407115,False,True,False,True
89718487,Cc1nc(-c2cccc(C(=O)NCC[C@@H]3C[C@H](C)N(Cc4ccccc4)C3)c2)no1,substructure_test,-2.1414166814654187,0.7220766786277301,1.3588179720455809,0.9444015261681638,0.3373493975903614,False,0.3373493975903614,404.5140000000001,4.075520000000004,HIAB,B,https://zinc20.docking.org/substances/89718487,False,True,False,True
12062318,COc1ccc(OCCSc2nc3ccccc3n2CC(=O)N2CCCC[C@@H]2C)cc1,substructure_test,-2.1413001481909046,0.7222704578574386,1.4488788847178204,0.9734153231101205,0.6111111111111112,True,0.3103448275862069,439.58100000000036,4.617000000000004,IJAB,B,https://zinc20.docking.org/substances/12062318,False,True,False,False
524731730,COCCN(C[C@@H]1CCCN2CCCC[C@H]12)C(=O)COc1ccc2c(C)c(C)c(=O)oc2c1C,substructure_test,-2.142228959985297,0.7207274116233182,1.353461830863826,0.9012802502356179,0.2524271844660194,False,0.2524271844660194,470.6100000000003,3.836560000000003,JHAB,B,https://zinc20.docking.org/substances/524731730,False,True,False,True
306133352,O=C1CC[C@@]2(c3ccccc3)CCN(CCc3ccccc3)[C@H]2CN1CC1CC1,substructure_test,-2.1412309323205094,0.7223855791967387,1.3172823275598886,0.9267561105817844,0.23529411764705882,False,0.22093023255813954,388.5550000000001,4.273800000000004,GIAB,B,https://zinc20.docking.org/substances/306133352,False,True,False,True
1772491146,O=C(Cn1c([C@H]2CC(=O)N(Cc3cccs3)C2)nc2ccccc21)N1CCCCCC1,substructure_test,-2.1412284742659824,0.7223896678237931,1.2613189047815503,0.95890296022647,0.3333333333333333,False,0.3068181818181818,436.5810000000003,4.016500000000003,IIAB,B,https://zinc20.docking.org/substances/1772491146,False,True,False,False
12303552,CCN1CCC[C@H]1CNC(=O)CCC1CCN(Cc2ccccc2C(F)(F)F)CC1,substructure_test,-2.1422748276578303,0.7206512965800952,1.2988903214808722,0.9558174768949778,0.2736842105263158,False,0.25806451612903225,425.5390000000001,4.298100000000003,IIAA,A,https://zinc20.docking.org/substances/12303552,False,True,False,True
34902532,CCCn1nc(-c2ccc(Cl)s2)cc1C(=O)N1CCC[C@@H](C(=O)OCC)C1,substructure_test,-2.14118703502748,0.722458599636658,1.3651826054157483,0.9218973380493,0.44871794871794873,True,0.44871794871794873,409.9390000000003,4.090300000000004,HIAA,A,https://zinc20.docking.org/substances/34902532,False,True,False,False
95377388,Cc1nccn1CCC(=O)N1C[C@H]2CC[C@@H]1CN(CCCc1ccccc1)C2,substructure_test,-2.142292843749129,0.7206214020021046,1.3073558661037477,0.9600229048449381,0.29411764705882354,False,0.2727272727272727,380.5360000000002,3.137220000000002,GGAA,A,https://zinc20.docking.org/substances/95377388,False,True,False,True
1875288348,O=C1C[C@H]2C[C@@H]1[C@H](C(=O)NCC[C@H]1CN(c3ncnc4n[nH]cc34)c3ccccc31)C2,substructure_test,-1.5076486444764008,3.1070722738026575,1.2079464537858486,0.8842946450351868,0.25471698113207547,False,0.24107142857142858,416.4850000000001,2.7097000000000007,HFAB,B,https://zinc20.docking.org/substances/1875288348,False,True,False,False
1775990815,CC(C)C(=O)N1CCC[C@@H]2CN(C(=O)c3cccc4c3CCCC4)CC[C@H]21,substructure_test,-1.5076083920580334,3.107360264956944,1.340082361788816,0.952296584814778,0.29069767441860467,False,0.2804878048780488,368.5210000000003,3.6745000000000028,FHAB,B,https://zinc20.docking.org/substances/1775990815,False,True,False,False
8232636,O=C1COc2ccccc2N1CC(=O)N1CCCC[C@@H]1c1nc2ccccc2s1,substructure_test,-1.5075970043636722,3.107441744539053,1.3717834532778932,0.934853030058982,0.375,True,0.3684210526315789,407.49500000000006,3.7755000000000027,HHAB,B,https://zinc20.docking.org/substances/8232636,False,True,False,False
84519313,O=C(c1ccccc1)c1ccc(N(CC(=O)N2CCCC2)C[C@H]2CCCO2)c([N+](=O)[O-])c1,substructure_test,-1.507573200151622,3.1076120718918947,1.3080312090021713,0.8780662827660486,0.25925925925925924,False,0.25,437.4960000000003,3.433600000000002,IGBB,B,https://zinc20.docking.org/substances/84519313,False,True,False,False
306126543,CC(C)n1cnc([C@@H]2CN(Cc3cnn(C)c3)C[C@]23CCN(Cc2cccnc2)C3=O)c1,substructure_test,-1.507566634063327,3.1076590561625963,1.2205671558641744,0.9665033961862561,0.2717391304347826,False,0.2625,433.56000000000023,2.6108000000000002,IFAB,B,https://zinc20.docking.org/substances/306126543,False,True,False,True
11974401,COc1cccc(CN2CCC([C@@]3(CCCc4ccccc4)NC(=O)NC3=O)CC2)c1OC,substructure_test,-1.50772038765085,3.106559044124217,1.2414428258461263,0.8868208913191665,0.3484848484848485,True,0.2839506172839506,451.5670000000002,3.5169000000000015,JHAA,A,https://zinc20.docking.org/substances/11974401,False,True,False,True
16788777,CCOC(=O)CNC(=O)CSc1nnc(-c2ccc(C)cc2)n1Cc1ccco1,substructure_test,-1.5075403607168758,3.10784706470569,1.3134738007998172,0.8946363094369879,0.3488372093023256,True,0.30434782608695654,414.48700000000014,2.666220000000001,HFAB,B,https://zinc20.docking.org/substances/16788777,False,True,False,False
29717197,O=C(/C=C/c1ccc(N2CCCC2=O)cc1)NCc1ccc(CN2CCOCC2)cc1,substructure_test,-1.5075368911596048,3.1078718932423213,1.3242584261272334,0.9470645156816357,0.2875,False,0.25882352941176473,419.52500000000026,2.975200000000002,HFAB,B,https://zinc20.docking.org/substances/29717197,False,True,False,True
12860420,O=C(NCc1ccccc1OC(F)(F)F)c1ccc(S(=O)(=O)NC2CC2)cc1,substructure_test,-1.5077280088153782,3.1065045295244573,1.2547671165861891,0.7047882992372844,0.3291139240506329,False,0.3157894736842105,414.4050000000001,2.9559000000000015,HFAB,B,https://zinc20.docking.org/substances/12860420,False,True,True,False
2382432413,Cc1ccccc1[C@H]1[C@@H]2CN(C(=O)C3CCCC3)C[C@@H]2CN1C(=O)CN(C)C,substructure_test,-1.5077335438986081,3.106464937376115,1.3546191153490532,0.944410554707366,0.3013698630136986,False,0.2682926829268293,383.5360000000001,2.704720000000001,GFAA,A,https://zinc20.docking.org/substances/2382432413,False,True,False,True
10784206,O=C(COC(=O)CSc1ccc(Cl)cc1)NCCc1ccccc1,substructure_test,-1.5077534178072405,3.1063227845504846,1.3968923615784736,0.7508750272283726,0.3424657534246575,True,0.323943661971831,363.8660000000001,3.334200000000002,FGAB,B,https://zinc20.docking.org/substances/10784206,False,True,False,False
10377806,Nn1c(SCC(=O)NC2c3ccccc3-c3ccccc32)nnc1SCc1ccccc1,substructure_test,-1.5075072404822665,3.108084084868815,1.340502968108223,0.9041808154417653,0.3225806451612903,False,0.3225806451612903,459.6000000000002,4.262500000000003,JIAB,B,https://zinc20.docking.org/substances/10377806,False,True,False,False
1888864302,O=C(C1CCN(Cc2ccc(F)cc2F)CC1)N1CCC(F)(F)CC1,substructure_test,-0.8735163303575382,13.380848994890284,1.0892558966136272,0.935725978947962,0.3103448275862069,False,0.23170731707317074,358.37900000000013,3.4345000000000026,FGAB,B,https://zinc20.docking.org/substances/1888864302,False,True,False,True
2995943,O=C(NCCCCNC(=O)c1ccc(Br)o1)c1ccc(Br)o1,substructure_test,-0.8735479335106238,13.379875319996785,1.0779942428879934,0.6549000122812845,0.28,False,0.27419354838709675,434.0840000000001,3.337600000000001,IGAA,A,https://zinc20.docking.org/substances/2995943,False,True,False,False
12132087,COCC(=O)Nc1cc(C(=O)N2CCC[C@@H](c3ccccc3)CC2)cc2nc(-c3cccnc3)n(C)c12,substructure_test,-0.8734867638366596,13.38175998647535,1.0201220804848845,0.968165972293219,0.3333333333333333,False,0.30526315789473685,497.5990000000002,4.630100000000004,JJAA,A,https://zinc20.docking.org/substances/12132087,True,True,False,False
9805920,CC[C@@H](Sc1nnc(-c2ccc(N)cc2)n1CC)C(=O)Nc1ccc(Br)cc1,substructure_test,-0.8735621278333882,13.379438024168314,1.0815350502284993,0.8962268223511157,0.27586206896551724,False,0.23076923076923078,460.4010000000001,4.819100000000003,JJAB,B,https://zinc20.docking.org/substances/9805920,True,True,False,False
10387624,O=C(Cc1c[nH]c2ccccc12)OCC(=O)N1c2ccccc2NC(=O)C12CCCC2,substructure_test,-0.8734843360375555,13.381834793586812,1.0470138186574003,0.8705724045160662,0.352112676056338,True,0.3132530120481928,417.4650000000002,3.551700000000002,HHAB,B,https://zinc20.docking.org/substances/10387624,True,True,False,False
1875376759,CN(C)C/C=C/C(=O)N(CC(F)(F)F)[C@@H]1CCCN(C(=O)OC(C)(C)C)C1,substructure_test,-0.873484289574023,13.38183622525904,1.0303161601931914,0.8328008985314795,0.20253164556962025,False,0.19318181818181818,393.45000000000016,2.8946000000000014,GFAB,B,https://zinc20.docking.org/substances/1875376759,False,True,False,True
95459642,Cc1cc2c(cc1[N+](=O)[O-])N(C(=O)CCc1nc(-c3ccco3)no1)CC2,substructure_test,-0.8735671961570362,13.37928188373993,1.0188034068282554,0.8761191457805694,0.2976190476190476,False,0.27472527472527475,368.3490000000001,3.0681200000000013,FGBB,B,https://zinc20.docking.org/substances/95459642,False,True,False,False
585372837,O=C(Cn1c(=O)oc2ccccc21)NC[C@H](O)c1csc2ccccc12,substructure_test,-0.8735693641178324,13.379215095679257,1.036892544268442,0.817917579353354,0.44285714285714284,True,0.2247191011235955,368.41400000000004,2.6590000000000007,FFAB,B,https://zinc20.docking.org/substances/585372837,False,True,False,False
56023945,Cc1nc(C)c([C@H](C)NC(=O)[C@@H]2CCCN(C(=O)N3CCCC3)C2)s1,substructure_test,-0.8735771966732048,13.37897380203527,1.0984861398426784,0.9583049902257453,0.2911392405063291,False,0.27848101265822783,364.51500000000016,2.8649400000000016,FFAB,B,https://zinc20.docking.org/substances/56023945,False,True,False,False
9287721,CC(C)CN1C(=O)c2ccc(-c3nc4ccc(Br)cc4c(=O)o3)cc2C1=O,substructure_test,-0.8734705917070078,13.382258301779535,1.0169638721595684,0.7667494049337529,0.23809523809523808,False,0.2,427.25400000000013,3.869500000000004,IHAB,B,https://zinc20.docking.org/substances/9287721,False,True,False,False
2954402,O=C([C@H]1CC(=O)N(c2ccc(F)c(Cl)c2)C1)N1CCN(c2ccc(F)cc2)CC1,substructure_test,-0.8735853896312872,13.378721410300647,1.0398978331773785,0.971439735041001,0.32051282051282054,False,0.275,419.8590000000002,3.3199000000000023,HGAB,B,https://zinc20.docking.org/substances/2954402,False,True,False,False
2325797849,Cc1cc(Sc2nccn2C)ccc1NC(=O)c1cc([C@H]2CCCN2)[nH]n1,substructure_test,-0.8735906435822854,13.378559559933073,1.0907978643291791,0.9436446047550932,0.25,False,0.21875,382.49300000000017,3.2796200000000004,GGAA,A,https://zinc20.docking.org/substances/2325797849,True,True,False,False
940733,CC1=C(C(N)=O)[C@@H](c2ccc(Cl)cc2)N2NC(c3ccc(F)cc3)=NC2=N1,substructure_test,-0.23921412822955307,57.64821596638166,0.5424028306925961,0.7562647673814149,0.2876712328767123,False,0.2876712328767123,383.8140000000001,2.916100000000001,GFAB,B,https://zinc20.docking.org/substances/940733,False,True,False,False
1599513320,COc1ccc([C@@H](CC(=O)O)NC(=O)c2ncoc2C2CC2)c(OC)c1,substructure_test,-0.24032904880534817,57.50041129851983,0.5005357348548591,0.8432474640431218,0.3230769230769231,False,0.2808988764044944,360.36600000000016,2.5150000000000006,FFAB,B,https://zinc20.docking.org/substances/1599513320,False,True,False,False
9221139,C[C@@H](Nc1ccc2c(c1)NC(=O)CS2)C(=O)Nc1ccc2c(c1)OCCO2,substructure_test,-0.2403695854435128,57.49504451472019,0.5025399862845235,0.7870337730938356,0.31645569620253167,False,0.3048780487804878,385.44500000000016,2.9411000000000005,GFAB,B,https://zinc20.docking.org/substances/9221139,True,True,False,False
6624166,CC(=O)c1cccc(NC(=O)COc2cc(O)c3c(c2)OC(C)(C)CC3=O)c1,substructure_test,-0.23840460000095978,57.755772893210114,0.4842524815451767,0.7873193518523273,0.29411764705882354,False,0.29411764705882354,383.40000000000015,3.3561000000000023,GGAB,B,https://zinc20.docking.org/substances/6624166,True,True,False,False
44901974,Cn1ccnc1C(=O)c1cccc(NC(=O)C(=O)NCc2ccc(Cl)cc2)c1,substructure_test,-0.24051526232048595,57.47576199033225,0.5292290220305756,0.9061512897446221,0.3246753246753247,False,0.2891566265060241,396.83400000000006,2.5594,GFAB,B,https://zinc20.docking.org/substances/44901974,True,True,False,False
949358,COC(=O)c1ccc(NC(=O)/C(=C/c2ccccc2)c2ccccc2)cc1,substructure_test,-0.24057380858509497,57.46801433405976,0.5368520759341066,0.6968970013751264,0.3695652173913043,True,0.2647058823529412,357.40900000000005,4.652500000000003,FJAA,A,https://zinc20.docking.org/substances/949358,True,True,False,False
6728031,O=C(Nc1ccc(-c2nc3ccccc3c(=O)o2)cc1)c1ccccc1Cl,substructure_test,-0.23825551740952128,57.77560242981969,0.4902506949788239,0.8250390513397055,0.4098360655737705,True,0.3108108108108108,376.7990000000001,4.760700000000002,GJAB,B,https://zinc20.docking.org/substances/6728031,True,True,False,False
12649966,Cc1ccc2nc(-c3ccc(NC(=O)[C@@H]4CC=CC[C@@H]4C(=O)O)cc3)sc2c1,substructure_test,-0.24084264262007626,57.43245188017835,0.6232189222487362,0.8987948055318148,0.35064935064935066,True,0.27710843373493976,392.4800000000001,4.877220000000004,GJAB,B,https://zinc20.docking.org/substances/12649966,True,True,False,False
32616588,CSc1nnc(-c2ccncc2)n1NC(=O)/C=C/c1ccc2c(c1)OCO2,substructure_test,-0.23797160413551932,57.81338468122742,0.6039502607316855,0.8949353189179107,0.32954545454545453,False,0.26666666666666666,381.4170000000002,2.5742000000000003,GFAB,B,https://zinc20.docking.org/substances/32616588,False,True,False,False
58108147,O=C(Nc1ccc2c(c1)OCO2)C1CCN(C(=O)c2cc(Cl)c[nH]2)CC1,substructure_test,-0.2408875280439324,57.42651639897248,0.567431229491274,0.945434348531151,0.3375,False,0.3375,375.812,2.8877000000000006,GFAB,B,https://zinc20.docking.org/substances/58108147,True,True,False,False
72255864,O=C(Nc1cc(-c2ccncc2)n[nH]1)c1ccc(Cn2cc(Cl)cn2)cc1,substructure_test,-0.2378684290310025,57.82712100727097,0.5173622995735223,0.9453405189375694,0.3384615384615385,False,0.273972602739726,378.82300000000004,3.622200000000002,GHAB,B,https://zinc20.docking.org/substances/72255864,True,True,False,False
5980784,O=C(COC(=O)c1ccc(C(F)(F)F)cc1)Nc1cccc(Cl)c1,substructure_test,-0.24106602366630944,57.402918872315446,0.558708583164347,0.5331488646749295,0.3384615384615385,False,0.30864197530864196,357.71500000000003,4.154300000000002,FIAB,B,https://zinc20.docking.org/substances/5980784,True,True,False,False
8587350,O=C(NCCSCc1ccccc1)C1CCN(S(=O)(=O)Cc2ccccc2)CC1,substructure_test,-2.6985841496300713,0.20017777161888037,1.266285253609697,0.8967513491402574,0.3684210526315789,True,0.3116883116883117,432.6110000000003,3.2780000000000022,IGAB,B,https://zinc20.docking.org/substances/8587350,False,True,True,False
32711151,O=C(NCCSCc1ccccc1)[C@@H]1CCCN(S(=O)(=O)c2ccccc2)C1,substructure_test,-2.6913609168880486,0.2035349913723541,1.2646236274257154,0.9035201193044903,0.4567901234567901,True,0.35064935064935066,418.5840000000002,3.1369000000000016,HGAB,B,https://zinc20.docking.org/substances/32711151,False,True,True,False
24759333,CCCn1c(SCC(=O)NCCCN(C)c2ccccc2)nc2cc(S(N)(=O)=O)ccc21,substructure_test,-2.67521058777543,0.21124644653055807,1.2927676126575456,0.8706142990482775,0.38461538461538464,True,0.3804347826086957,475.64000000000016,2.8285,JFAB,B,https://zinc20.docking.org/substances/24759333,False,True,True,False
20898490,C[C@@H](CCc1ccccc1)NC(=O)C1CCN(S(=O)(=O)Cc2ccccc2)CC1,substructure_test,-2.653094975005252,0.2222823732548863,1.2278614613532144,0.9020594684149091,0.40540540540540543,True,0.3170731707317073,414.5710000000002,3.3659000000000026,HGAB,B,https://zinc20.docking.org/substances/20898490,False,True,True,False
103394477,CCOc1ccc(Cl)cc1S(=O)(=O)N1CCC[C@@H](C(=O)N[C@H](C)CCc2ccccc2)C1,substructure_test,-2.640484099134404,0.2288315492356263,1.1028893390627335,0.934561595163429,0.38372093023255816,True,0.33,479.0420000000003,4.276900000000003,JIAB,B,https://zinc20.docking.org/substances/103394477,False,True,True,False
19925881,CCn1c(CN(c2ccccc2)S(C)(=O)=O)nnc1SCC(=O)c1ccccc1,substructure_test,-2.634731896081595,0.23188256937107413,1.2135445928765214,0.8580197757004762,0.3116883116883117,False,0.3116883116883117,430.5550000000002,3.239200000000002,IGAB,B,https://zinc20.docking.org/substances/19925881,False,False,True,False
25575991,CCN(CCCNC(=O)[C@@H]1CCCN1S(=O)(=O)c1ccc(Cl)s1)c1ccccc1,substructure_test,-2.612489331358717,0.24406790236947729,1.3249366500397246,0.8920286086579381,0.5151515151515151,True,0.39759036144578314,456.0330000000001,3.5874000000000024,JHAB,B,https://zinc20.docking.org/substances/25575991,False,True,True,False
15398116,Cc1ccccc1N(CC(=O)N[C@@H](C)CCc1ccccc1)S(=O)(=O)c1ccccc1,substructure_test,-2.606149840785714,0.24765674420410788,1.3461380036498545,0.8244285248136911,0.34615384615384615,True,0.3333333333333333,436.5770000000001,4.327820000000004,IIAB,B,https://zinc20.docking.org/substances/15398116,False,True,True,False
28251964,CCCCCOc1ccc(S(=O)(=O)NCCCN2CCOCC2)c2ccccc12,substructure_test,-2.5886821957788784,0.25782071247514093,1.2627023708473852,0.8926666423781415,0.3218390804597701,False,0.2875,420.5750000000003,3.4094000000000015,HGAB,B,https://zinc20.docking.org/substances/28251964,False,False,True,True
10704986,O=C(CC(c1ccccc1)c1ccccc1)NCCS(=O)(=O)N1CCc2ccccc2C1,substructure_test,-2.581681243656781,0.26201053646396605,1.2048098335714919,0.8243527781474655,0.34285714285714286,True,0.3253012048192771,448.58800000000025,3.712900000000002,IHAB,B,https://zinc20.docking.org/substances/10704986,False,True,True,False
1743933,CCN(CC)C[C@@H](O)CN(c1ccccc1)S(=O)(=O)c1ccc2ccccc2c1,substructure_test,-2.5790317885652803,0.26361384243008196,1.4254390325514668,0.7585002934358093,0.2839506172839506,False,0.2602739726027397,412.5550000000002,3.7378000000000027,HHAA,A,https://zinc20.docking.org/substances/1743933,False,False,True,True
23108017,Cc1ccc([C@H](CNS(=O)(=O)c2ccc3c(c2)CCCC3)N2CCOCC2)cc1,substructure_test,-2.577403354357608,0.26460414655598913,1.222951466481452,0.8807170137460025,0.36363636363636365,True,0.36363636363636365,414.57100000000037,3.225620000000002,HGAB,B,https://zinc20.docking.org/substances/23108017,False,False,True,True
585103613,O=S(=O)(NC1CC2(CCN(Cc3ccc(OCC(F)F)cc3)CC2)C1)c1ccccc1,substructure_test,-2.1418104249450427,0.7214223204635265,1.2573650263689942,0.8650812237179848,0.3132530120481928,False,0.25555555555555554,450.5510000000001,4.053600000000003,JIAB,B,https://zinc20.docking.org/substances/585103613,False,False,True,True
15019639,CCn1c(CN(c2ccc(C)cc2)S(C)(=O)=O)nnc1SCC(=O)N1[C@H](C)CCC[C@@H]1C,substructure_test,-2.142323262403391,0.7205709303370346,1.2918026402826672,0.9162270056621534,0.3103448275862069,False,0.3103448275862069,479.6720000000003,3.454220000000002,JGAB,B,https://zinc20.docking.org/substances/15019639,False,True,True,False
13388821,CS(=O)(=O)N(CC(=O)NCCSCc1ccccc1Cl)c1ccccc1Cl,substructure_test,-2.140957478974506,0.722840572214433,1.3072546067773716,0.7841744458051743,0.2727272727272727,False,0.24691358024691357,447.4090000000001,3.809000000000003,IHAB,B,https://zinc20.docking.org/substances/13388821,False,True,True,False
58297793,O=C(N[C@@H](CC1CCCCC1)c1ccccc1)c1cccc(N2CCCS2(=O)=O)c1,substructure_test,-2.1431605492914345,0.7191830624075809,1.2765802216975934,0.9240889118895231,0.31521739130434784,False,0.25301204819277107,426.5820000000002,4.668000000000005,IJAB,B,https://zinc20.docking.org/substances/58297793,False,True,True,False
11228611,O=C(C1CCN(S(=O)(=O)c2ccccc2F)CC1)N1CCC(CCc2ccccc2)CC1,substructure_test,-2.1431804057007064,0.7191501813386952,1.199293710633934,0.9288349915564069,0.325,False,0.32051282051282054,458.5990000000004,4.097800000000004,JIAB,B,https://zinc20.docking.org/substances/11228611,False,True,True,False
77424909,CCCN(CC1CC1)S(=O)(=O)c1ccc2c(c1)CCN(C(=O)c1ccsc1)C2,substructure_test,-2.1397927005209967,0.7247818337856219,1.3681110078326324,0.8828948690882004,0.2857142857142857,False,0.2857142857142857,418.5840000000002,3.7573000000000034,HHAA,A,https://zinc20.docking.org/substances/77424909,False,True,True,False
13988385,CCS(=O)(=O)N1CCc2cc(C(=O)COC(=O)C3CCC(C(C)(C)C)CC3)ccc21,substructure_test,-2.1437658009671092,0.7181814757069747,1.2254529563461467,0.8928038706492584,0.2619047619047619,False,0.2619047619047619,435.5860000000003,3.9772000000000025,IHAB,B,https://zinc20.docking.org/substances/13988385,False,False,True,False
58169185,Cc1ccc(S(=O)(=O)N2CCC(C(=O)NC[C@H]3CCCN(Cc4ccccc4)C3)CC2)cc1C,substructure_test,-2.1438738592345787,0.7180028047926713,1.167249890020677,0.9363119083485182,0.4861111111111111,True,0.35714285714285715,483.6780000000004,3.732540000000002,JHAB,B,https://zinc20.docking.org/substances/58169185,False,True,True,True
13073141,Cc1ccc(C)c(OCc2nn(CN3CCN(S(=O)(=O)Cc4ccccc4)CC3)c(=S)o2)c1,substructure_test,-2.144021763763545,0.7177583214065422,1.2536435331584805,0.8824939973036129,0.27835051546391754,False,0.27835051546391754,488.6350000000003,3.5065300000000024,JHAB,B,https://zinc20.docking.org/substances/13073141,False,False,True,True
1875343498,CCCS(=O)(=O)N1CCCC[C@H]1c1nc(CCc2noc3ccccc23)no1,substructure_test,-2.1390348673292108,0.726047664363888,1.3413295325247268,0.8779513115888549,0.3253012048192771,False,0.3253012048192771,404.4920000000001,3.262800000000002,HGAB,B,https://zinc20.docking.org/substances/1875343498,False,False,True,False
24496169,O=S(=O)(N[C@@H](CN1CCOCC1)c1ccccc1)c1ccc2c(c1)CCCC2,substructure_test,-2.1388364884040305,0.7263793873357598,1.3639634000367082,0.8927882230707656,0.3048780487804878,False,0.3048780487804878,400.5440000000002,2.917200000000002,HFAB,B,https://zinc20.docking.org/substances/24496169,False,False,True,True
9137011,Cc1ccc(NC(=S)NCCc2ccccc2)cc1S(=O)(=O)N1CCCCCC1,substructure_test,-2.144798688486267,0.7164754460519592,1.2390426436076156,0.908706366894437,0.4305555555555556,True,0.36046511627906974,431.62700000000035,4.088820000000004,IIAB,B,https://zinc20.docking.org/substances/9137011,True,False,True,False
2332241428,CC(C)n1nc(-c2ccccc2)nc1[C@H]1CC[C@@H](O)[C@H](NS(=O)(=O)c2cccnc2)C1,substructure_test,-1.507579677827848,3.1075657209582466,1.300014691598934,0.8913482369494712,0.24742268041237114,False,0.24731182795698925,441.55700000000013,2.8965000000000014,IFAB,B,https://zinc20.docking.org/substances/2332241428,False,False,True,False
40069599,O=C(CCOc1cccc(F)c1)N1CCN(S(=O)(=O)c2ccc(Cl)s2)CC1,substructure_test,-1.5077553206370358,3.1063091744521625,1.2721198172322754,0.9046785316561095,0.3815789473684211,True,0.27380952380952384,432.92600000000016,2.842600000000002,IFAB,B,https://zinc20.docking.org/substances/40069599,False,True,True,False
72305538,CC[C@@H]1C[C@@H](C)CN1C(=O)C1CCN(S(=O)(=O)c2ccccc2C(=O)OC)CC1,substructure_test,-1.5074647121535731,3.1083884592029043,1.2530767376220715,0.9231607767074643,0.3333333333333333,False,0.2857142857142857,422.54700000000025,2.520900000000001,HFAB,B,https://zinc20.docking.org/substances/72305538,False,True,True,False
9061001,Cc1ccc(S(=O)(=O)N2Cc3ccccc3C[C@H]2C(=O)NCc2ccncc2)cc1,substructure_test,-1.5078077754854393,3.1059340116447185,1.2781217555072868,0.8754320415006644,0.36231884057971014,True,0.3333333333333333,421.5220000000001,2.822020000000001,HFAB,B,https://zinc20.docking.org/substances/9061001,False,True,True,False
8968177,Cc1cc(F)ccc1S(=O)(=O)NC[C@H](c1ccc(F)cc1)S(=O)(=O)c1cccs1,substructure_test,-1.5074249115161884,3.1086733385098575,1.2485388593023998,0.5973111754459396,0.2702702702702703,False,0.20987654320987653,457.54500000000013,3.8282200000000026,JHAB,B,https://zinc20.docking.org/substances/8968177,False,False,True,False
9468654,Cc1ccc(S(=O)(=O)N(CC(=O)N[C@H](C)c2ccc(-n3ccnc3)cc2)Cc2ccco2)cc1,substructure_test,-1.507852794559646,3.105612066437918,1.273738654249465,0.8697414465317398,0.27956989247311825,False,0.2391304347826087,478.5740000000002,3.8420200000000033,JHAB,B,https://zinc20.docking.org/substances/9468654,False,True,True,False
3395169,Cc1ccc(OCCOC(=O)c2ccc(Cl)c(S(=O)(=O)N3CCCC3)c2)cc1,substructure_test,-1.507380626500135,3.1089903461479054,1.269182832648688,0.9010723089847947,0.3253012048192771,False,0.32051282051282054,423.91800000000023,3.668720000000003,HHAB,B,https://zinc20.docking.org/substances/3395169,False,False,True,False
19879903,Cc1ccc(S(=O)(=O)N2CCN(C[C@H](O)COc3ccc(C(=O)c4ccccc4)cc3)CC2)cc1,substructure_test,-1.5078854464056963,3.1053785839520804,1.2538117040733259,0.9085688473019822,0.3888888888888889,True,0.2891566265060241,494.6130000000002,2.972220000000002,JFAB,B,https://zinc20.docking.org/substances/19879903,False,False,True,True
12687641,O=C(C[C@H]1C[C@H]2CC[C@@H]1C2)N1CCN(S(=O)(=O)c2ccc(C(F)(F)F)cc2)CC1,substructure_test,-1.5073561104196853,3.1091658547301937,1.2321618321511565,0.852217775892674,0.33783783783783783,False,0.3108108108108108,430.49200000000013,3.364600000000002,IGAB,B,https://zinc20.docking.org/substances/12687641,False,True,True,False
45766157,Cc1ccc(S(=O)(=O)N2C[C@@H](O)C[C@H]2C(=O)OCc2nc(-c3cccs3)oc2C)cc1C,substructure_test,-1.5073215633034789,3.109413191481853,1.2717612742491855,0.7922993421022145,0.30526315789473685,False,0.24752475247524752,476.57600000000025,3.195660000000002,JGAB,B,https://zinc20.docking.org/substances/45766157,False,False,True,False
11451439,Cc1ccc(OCC(=O)N2CCC(NS(=O)(=O)c3cccs3)CC2)c(Br)c1,substructure_test,-1.507966776034659,3.1047970991489473,1.2140814338525474,0.9206840193223971,0.32941176470588235,False,0.26136363636363635,473.41400000000016,3.167320000000001,JGAB,B,https://zinc20.docking.org/substances/11451439,False,True,True,False
12889272,CC(=O)c1ccc(S(=O)(=O)N(C)CC(=O)N[C@@H](C)c2ccc(-c3ccccc3)cc2)cc1,substructure_test,-1.5079717723460306,3.1047613804270457,1.2925736242937083,0.7862356900667342,0.30120481927710846,False,0.25925925925925924,450.5600000000001,4.054100000000003,JIAB,B,https://zinc20.docking.org/substances/12889272,False,True,True,False
22142787,CC(=O)[C@@H](C)OC(=O)c1ccc(S(=O)(=O)N(C)c2ccccc2)cc1,substructure_test,-0.8735389853365176,13.380151000882186,1.1299216462413735,0.592546536323366,0.2608695652173913,False,0.2191780821917808,361.41900000000004,2.646000000000001,FFAB,B,https://zinc20.docking.org/substances/22142787,False,False,True,False
1704359647,Cc1[nH]nc(-c2ccc(S(=O)(=O)N3CCC[C@]4(CCC[C@H]4O)C3)o2)c1C,substructure_test,-0.8734686959663003,13.382316716860196,1.0536780604707712,0.8169432795120545,0.23809523809523808,False,0.2087912087912088,379.48200000000014,2.602240000000001,GFAA,A,https://zinc20.docking.org/substances/1704359647,False,False,True,False
30020552,O=C(c1ccc(Cl)c(S(=O)(=O)Nc2cc(Cl)ccc2Cl)c1)N1CCC1,substructure_test,-0.8735946578354696,13.37843590034413,1.0283291212216377,0.7999356864347418,0.3939393939393939,True,0.32432432432432434,419.71700000000016,4.2935000000000025,HIAB,B,https://zinc20.docking.org/substances/30020552,True,True,True,False
1174207,Cc1cc(NC(=O)CN(c2ccc(F)cc2)S(C)(=O)=O)ccc1Br,substructure_test,-0.8734282244205748,13.38356386206246,0.988775161375439,0.6097369397985867,0.2597402597402597,False,0.2597402597402597,415.2840000000001,3.3013200000000023,HGAA,A,https://zinc20.docking.org/substances/1174207,True,True,True,False
14186243,COC(=O)c1ccc(CN(c2cccc(Cl)c2C)S(=O)(=O)c2ccccc2)cc1,substructure_test,-0.8733987460591941,13.384472321502594,1.1334665214361062,0.7159218592329469,0.2716049382716049,False,0.24096385542168675,429.9250000000001,4.830520000000004,IJAA,A,https://zinc20.docking.org/substances/14186243,False,False,True,False
24752045,Cc1ccc2nc(C)cc(C(=O)N3CCN(S(=O)(=O)c4ccc(F)c(F)c4)CC3)c2c1,substructure_test,-0.8733955820528461,13.384569833010149,0.9807608127228191,0.8853400256967393,0.3048780487804878,False,0.3048780487804878,445.4910000000002,3.2765400000000025,IGAB,B,https://zinc20.docking.org/substances/24752045,False,True,True,False
12651065,CCNS(=O)(=O)c1cc(C(=O)Nc2c(F)cccc2F)ccc1OC,substructure_test,-0.8736883646266199,13.375549575253507,1.0537948030595914,0.6438180753174934,0.3125,False,0.275,370.37700000000007,2.5239000000000003,FFAA,A,https://zinc20.docking.org/substances/12651065,True,True,True,False
8189806,Cc1sc2ncnc(Nc3cccc(S(=O)(=O)N(C)C)c3)c2c1C,substructure_test,-0.8737042660197432,13.375059847690302,1.056915200625967,0.8563435245117098,0.30120481927710846,False,0.2222222222222222,362.48000000000013,3.3020400000000016,FGAB,B,https://zinc20.docking.org/substances/8189806,True,False,True,False
15729833,C[C@@H]1CCCCN1S(=O)(=O)c1ccc(C(=O)Nc2ccc(Cl)c3ncsc23)cc1,substructure_test,-0.8737194604211419,13.374591910653349,1.108746821877949,0.8672511686092105,0.3170731707317073,False,0.30337078651685395,449.9850000000002,4.765100000000004,IJAB,B,https://zinc20.docking.org/substances/15729833,True,True,True,False
24613201,CC(C)NC(=O)C1CCN(S(=O)(=O)Cc2c(F)cccc2Cl)CC1,substructure_test,-0.8737321378754868,13.374201499743995,1.0430669873998126,0.874071418704913,0.35526315789473684,True,0.3333333333333333,376.8810000000001,2.5455000000000005,GFAA,A,https://zinc20.docking.org/substances/24613201,False,True,True,False
328626929,CN(C[C@@H]1CCc2nccn2C1)S(=O)(=O)c1cccc(Cl)c1F,substructure_test,-0.8737575445511303,13.37341911803136,1.0466517156589883,0.8205456744209708,0.25,False,0.20454545454545456,357.8380000000001,2.558700000000001,FFAB,B,https://zinc20.docking.org/substances/328626929,False,False,True,False
48344059,CCN(CC)S(=O)(=O)c1ccc(Cl)c(C(=O)Nc2ccc3[nH]c([C@H]4CCCO4)nc3c2)c1,substructure_test,-0.8732776221736065,13.38820574537643,1.0535243213793835,0.868988282237806,0.3058823529411765,False,0.2826086956521739,476.9860000000003,4.350600000000004,JIAB,B,https://zinc20.docking.org/substances/48344059,True,True,True,False
29967724,COc1cc(NC(=O)c2ccccc2Cl)ccc1NS(C)(=O)=O,substructure_test,-0.3722261064019887,42.43985521270156,0.6693783695857625,0.6188238340917555,0.41818181818181815,True,0.391304347826087,354.8150000000001,2.9724000000000004,FFAB,B,https://zinc20.docking.org/substances/29967724,True,True,True,False
797658,CS(=O)(=O)N(CC(=O)Nc1ccc(Cl)cc1)c1ccc(Cl)cc1,substructure_test,-0.40577248690823425,39.28506835039218,0.6793320874166798,0.5763005717966891,0.3103448275862069,False,0.2537313432835821,373.2610000000001,3.3981000000000012,FGAB,B,https://zinc20.docking.org/substances/797658,True,True,True,False
5826246,CC(=O)Nc1ccc(NS(=O)(=O)c2c(Cl)cccc2Cl)cc1,substructure_test,-0.41729056645054535,38.25686985630337,0.7525880115282156,0.5125737656512349,0.3114754098360656,False,0.30985915492957744,359.23400000000004,3.752600000000002,FHAB,B,https://zinc20.docking.org/substances/5826246,True,True,True,False
9002250,COC(=O)c1scc(-c2ccc(C)cc2)c1S(=O)(=O)Nc1ccc(C)cc1,substructure_test,-0.4228057279481232,37.774112729440986,0.711505571797255,0.6639041041817245,0.273972602739726,False,0.23809523809523808,401.5090000000001,4.619340000000003,HJAB,B,https://zinc20.docking.org/substances/9002250,True,False,True,False
4671170,COc1ccc(N(C(=O)c2ccncc2)S(=O)(=O)c2ccc(Cl)cc2)cc1,substructure_test,-0.43000124476027624,37.15341642168875,0.6734631744424354,0.7974905383376695,0.3333333333333333,False,0.2702702702702703,402.85900000000015,3.7793000000000028,HHAB,B,https://zinc20.docking.org/substances/4671170,False,True,True,False
12536100,COc1ccc(NC(=O)c2cc(Cl)ccc2F)cc1NS(C)(=O)=O,substructure_test,-0.43743456243611656,36.522915421614286,0.7209587726898711,0.5713761273541476,0.3559322033898305,True,0.2987012987012987,372.80500000000006,3.1115000000000013,FGAB,B,https://zinc20.docking.org/substances/12536100,True,True,True,False
32818584,COc1cc(NC(=O)c2ccc(Br)cc2)ccc1NS(C)(=O)=O,substructure_test,-0.4398811103639081,36.31774622656934,0.7465400022296131,0.5671312522501115,0.40384615384615385,True,0.3013698630136986,399.2660000000001,3.081500000000001,GGAB,B,https://zinc20.docking.org/substances/32818584,True,True,True,False
1118935,COc1ccc(Cl)cc1NC(=O)Nc1ccc(S(N)(=O)=O)cc1,substructure_test,-0.4599006676757929,34.68161655665987,0.7199902204864274,0.5400820092258658,0.3103448275862069,False,0.2608695652173913,355.8030000000001,2.6399999999999997,FFAA,A,https://zinc20.docking.org/substances/1118935,True,True,True,False
1121517,CN(c1ccccc1C(=O)Nc1ccc(F)c(Cl)c1)S(C)(=O)=O,substructure_test,-0.4824531778324331,32.926595024875496,0.7687664868464289,0.6809271730497072,0.391304347826087,True,0.391304347826087,356.8060000000001,3.127200000000002,FGAA,A,https://zinc20.docking.org/substances/1121517,True,True,True,False
32754974,COc1ccc(NC(=O)Nc2ccccc2F)cc1NS(C)(=O)=O,substructure_test,-0.4845219604786645,32.770120588937345,0.7603009038300349,0.6258603811094148,0.3220338983050847,False,0.2727272727272727,353.37500000000006,2.8498,FFAB,B,https://zinc20.docking.org/substances/32754974,True,True,True,False
1144189,Cc1ccc(NC(=O)CN(c2ccc(Cl)c(Cl)c2)S(C)(=O)=O)cc1,substructure_test,-0.486037000254498,32.65600093040381,0.7172622302279883,0.6389342697226756,0.288135593220339,False,0.2465753424657534,387.28800000000007,3.706520000000002,GHAA,A,https://zinc20.docking.org/substances/1144189,True,True,True,False
40478895,COC(=O)c1ccccc1N(Cc1ccc(Cl)cc1)S(C)(=O)=O,substructure_test,-0.48764619555460575,32.53522424832049,0.7813140789469339,0.5573238406940393,0.28169014084507044,False,0.24324324324324326,353.82700000000006,3.0928000000000013,FGAB,B,https://zinc20.docking.org/substances/40478895,False,False,True,False
23145968,CCS(=O)(=O)c1ncc(CN2CCc3ccccc3C2)n1CCCc1ccccc1,substructure_test,-2.7663693751833947,0.17125001760713077,1.1047541817260602,0.8748915046257434,0.3424657534246575,True,0.3424657534246575,423.5820000000002,3.8678000000000035,HHAA,A,https://zinc20.docking.org/substances/23145968,False,False,False,True
20255045,CC(C)S(=O)(=O)c1ncc(CN2CCc3ccccc3C2)n1CCc1ccccc1,substructure_test,-2.7494708574377404,0.17804473786142166,1.1269498945260257,0.8892505713612411,0.32098765432098764,False,0.2727272727272727,423.58200000000016,3.8662000000000036,HHAA,A,https://zinc20.docking.org/substances/20255045,False,False,False,True
12300739,CCN(Cc1ccccc1)Cc1cnc(S(=O)(=O)C(C)C)n1CCc1ccccc1,substructure_test,-2.7095965888913653,0.19516566292547932,1.2854109789359065,0.8888759299211471,0.2823529411764706,False,0.2823529411764706,425.5980000000002,4.330000000000004,IIAA,A,https://zinc20.docking.org/substances/12300739,False,False,False,True
14533298,CC(C)CCN1CCC2(CC1)C(=O)N(Cc1ccccn1)C(=O)N2Cc1ccccc1,substructure_test,-2.7051228924456168,0.19718646779958823,1.1839953452125853,0.9287440094520997,0.3037974683544304,False,0.25882352941176473,420.55700000000013,3.926700000000003,HHAA,A,https://zinc20.docking.org/substances/14533298,False,True,False,True
3548800,CC[C@H](c1nnc(SCC(=O)N2CCc3ccccc32)n1Cc1ccccc1)N(C)C,substructure_test,-2.704176437280002,0.1976166635892966,1.210670415146857,0.9586623715154183,0.34146341463414637,True,0.34146341463414637,435.59700000000015,4.020500000000004,IIAB,B,https://zinc20.docking.org/substances/3548800,False,True,False,True
14537281,CC(C)CCN1C(=O)N(Cc2cccnc2)C(=O)C12CCN(Cc1ccccc1)CC2,substructure_test,-2.68366085802022,0.20717585602942593,1.1962566660897285,0.9224192803905111,0.3291139240506329,False,0.29545454545454547,420.5570000000003,3.926700000000003,HHAA,A,https://zinc20.docking.org/substances/14537281,False,True,False,True
1772811444,CSCC(=O)N1C[C@H]2CN(Cc3cccc(F)c3)C[C@]2(CCc2ccccc2)C1,substructure_test,-2.681449352980583,0.20823352310628387,1.2410730100346687,0.9410691909584662,0.2857142857142857,False,0.2857142857142857,412.57400000000024,4.081900000000004,HIAA,A,https://zinc20.docking.org/substances/1772811444,False,True,False,True
11935277,Cc1cccn2c(CN(C)CC3CCOCC3)c(C(=O)N(C)CCc3ccccc3)nc12,substructure_test,-2.680031803499898,0.20891431367471625,1.2332622001833908,0.9372148347633478,0.2988505747126437,False,0.24731182795698925,434.5840000000002,3.815820000000003,IHAA,A,https://zinc20.docking.org/substances/11935277,False,True,False,True
12712655,CN1CCC[C@H](CN(CCc2ccccc2)Cc2ccc(Sc3nncn3C)o2)C1,substructure_test,-2.6728564899700737,0.21239461914460567,1.2658772870950261,0.9520931929879108,0.2549019607843137,False,0.25,425.60200000000015,3.945800000000003,IHAA,A,https://zinc20.docking.org/substances/12712655,False,False,False,True
14746065,CC(C)CN1C(=O)N(CCc2ccccc2)C2(CCN(Cc3ccccc3)CC2)C1=O,substructure_test,-2.6721597809927276,0.21273562277797964,1.1918575703601242,0.9062711919449526,0.3333333333333333,False,0.3333333333333333,419.56900000000024,4.1841000000000035,HIAA,A,https://zinc20.docking.org/substances/14746065,False,True,False,True
4494593,CC[C@@H](c1nnc(SCC(=O)N2CCCCC2)n1Cc1ccccc1)N(C)C,substructure_test,-2.665685748050383,0.21593063004492702,1.194906063672917,0.9750355840375907,0.49295774647887325,True,0.49295774647887325,401.58000000000004,3.4437000000000024,HGAB,B,https://zinc20.docking.org/substances/4494593,False,True,False,True
14538419,CSC[C@@H](C)N1CCC2(CC1)C(=O)N(Cc1ccccc1)C(=O)N2CCc1ccccc1,substructure_test,-2.662823117351243,0.2173586272801289,1.1777690628394377,0.8661390227434375,0.26666666666666666,False,0.26666666666666666,451.63600000000014,4.279600000000004,JIAA,A,https://zinc20.docking.org/substances/14538419,False,True,False,True
212419043,CCOP(=O)(OCC)[C@@H]1C[C@H]2C(=O)CCCC[C@H]2N1Cc1ccccc1,substructure_test,-2.1417427178131505,0.721534800004418,1.3802243877761844,0.8368882808225889,0.2857142857142857,False,0.26136363636363635,379.43700000000007,4.6124000000000045,GJAB,B,https://zinc20.docking.org/substances/212419043,False,False,False,True
40033475,CCOC(=O)c1c(CN2CCN(Cc3cn4ccccc4n3)CC2)nc2ccccc2c1C,substructure_test,-2.1417800278163712,0.7214728160039171,1.3061640701369324,0.9429556080175553,0.3372093023255814,False,0.3287671232876712,443.5510000000002,3.6854200000000024,IHAB,B,https://zinc20.docking.org/substances/40033475,False,False,False,True
12431368,COCc1ccc(CN(CC2CCN(Cc3ccccc3F)CC2)C[C@@H]2CCCO2)o1,substructure_test,-2.141805977088018,0.7214297089980376,1.3163027844610744,0.9302225155143892,0.25252525252525254,False,0.22772277227722773,430.5640000000003,4.458300000000004,IIAA,A,https://zinc20.docking.org/substances/12431368,False,False,False,True
58005057,COc1ccccc1-n1cnn(CN(CCCc2ccccc2)CCN(C)C)c1=S,substructure_test,-2.1414645009060447,0.7219971763467029,1.3544166266520827,0.9184146457162394,0.32926829268292684,False,0.22580645161290322,425.60200000000015,3.865790000000003,IHAB,B,https://zinc20.docking.org/substances/58005057,False,False,False,True
247822100,CCn1ncc(CN2C[C@@H]3CC[C@H]2CN(CCCc2ccccc2)C3)c1C,substructure_test,-2.1420324162955215,0.7210536568071843,1.2801835347791486,0.9178657647201202,0.2692307692307692,False,0.2692307692307692,366.55300000000005,3.740420000000003,FHAA,A,https://zinc20.docking.org/substances/247822100,False,False,False,True
19220845,CC(C)CN1CCN(CC(c2ccccc2)c2ccccc2)C[C@@H]1CCO,substructure_test,-2.1411459000865167,0.7225270317732303,1.369206092308223,0.9138876608152812,0.2459016393442623,False,0.21052631578947367,366.5490000000002,3.8431000000000037,FHAA,A,https://zinc20.docking.org/substances/19220845,False,False,False,True
19836862,CCc1ccc(CN2CCc3nnc(CCNC(=O)COc4ccccc4)n3CC2)cc1,substructure_test,-2.14239255066727,0.7204559780907633,1.3896230411593404,0.9735129228799067,0.3132530120481928,False,0.3132530120481928,433.5560000000002,2.6365,IFAA,A,https://zinc20.docking.org/substances/19836862,False,True,False,True
12385636,CN(C[C@@H]1CCCN(CCc2ccc(F)cc2)C1)C(=O)c1cc(-c2ccccc2)no1,substructure_test,-2.141049786191256,0.7226869522312482,1.3932954176172718,0.9482152182744521,0.3111111111111111,False,0.3111111111111111,421.5160000000002,4.507400000000004,HJAA,A,https://zinc20.docking.org/substances/12385636,False,True,False,True
11840812,CN(C)c1ccccc1C(=O)NC[C@H]1CCC2(CCN(CCCc3ccccc3)CC2)O1,substructure_test,-2.1410225288086817,0.7227323112531487,1.2476768393988726,0.9773518827770654,0.32967032967032966,False,0.32967032967032966,435.61200000000025,4.128800000000004,IIAA,A,https://zinc20.docking.org/substances/11840812,False,True,False,True
11818671,CCSc1ncc(CN2CC[C@]3(CCCN(Cc4ccc(F)c(F)c4)C3)C2)cn1,substructure_test,-2.14096383701201,0.7228299899620263,1.3698628705686586,0.9059474481408064,0.2261904761904762,False,0.2261904761904762,418.5570000000001,4.354900000000004,HIAA,A,https://zinc20.docking.org/substances/11818671,False,False,False,True
79073507,CN1CCC(N(C)c2ccccc2CNCc2ccccc2Cn2cccn2)CC1,substructure_test,-2.1409461568252985,0.7228594170670263,1.3335361860048558,0.9326319110445556,0.2597402597402597,False,0.2222222222222222,403.5740000000002,3.7516000000000025,HHAB,B,https://zinc20.docking.org/substances/79073507,False,False,False,True
23179854,CC(C)N(CCNC(=O)c1ccc(=O)n(Cc2ccccc2Cl)c1)C(C)C,substructure_test,-2.140798887374346,0.723104580580337,1.3321954011825503,0.889028078201848,0.33766233766233766,False,0.33766233766233766,389.92700000000013,3.398600000000002,GGAB,B,https://zinc20.docking.org/substances/23179854,False,True,False,True
44336448,CCc1noc([C@@H](C)N2CCN(CCOc3ccc(Cl)cc3)CC2)n1,substructure_test,-1.5076107504728726,3.1073433906355636,1.3405773105703005,0.9564653891990251,0.3484848484848485,True,0.24096385542168675,364.877,3.043000000000002,FGAB,B,https://zinc20.docking.org/substances/44336448,False,False,False,True
2384418606,Cc1cc(-c2cccc(OCCCN3CCOCC3)c2)nc2cc(CO)ccc12,substructure_test,-1.5076622447164334,3.106974975152002,1.2708243693150743,0.9765494060790256,0.30337078651685395,False,0.23469387755102042,392.4990000000001,3.803620000000002,GHAA,A,https://zinc20.docking.org/substances/2384418606,False,False,False,True
103976428,CN(C)C[C@@H]1CCCCN1C(=O)c1nc(-c2cccs2)n(-c2ccccc2)n1,substructure_test,-1.507503241218306,3.1081127062453615,1.339421075663199,0.9529084677739921,0.3037974683544304,False,0.25675675675675674,395.53200000000004,3.552100000000003,GHAB,B,https://zinc20.docking.org/substances/103976428,False,True,False,True
253505390,CCCCCC[C@](C)(O)[C@@H]1C[C@@]23C=C[C@@]1(OC)[C@@]1(C)Oc4c(O)ccc5c4[C@@]12CCN(C)[C@H]3C5,substructure_test,-1.5077712039084898,3.1061955707761104,1.226441646399022,0.8633129182365744,0.17475728155339806,False,0.17307692307692307,467.6500000000003,4.724000000000005,JJAB,B,https://zinc20.docking.org/substances/253505390,False,False,False,True
72163881,CCc1cc(N2CCC[C@H](N3CCN(c4ccccc4C)CC3)C2)nc(C)n1,substructure_test,-1.5074630782222858,3.1084001538085753,1.2703680132500292,0.9714319964207462,0.27419354838709675,False,0.24324324324324326,379.55200000000025,3.4468400000000026,GGAA,A,https://zinc20.docking.org/substances/72163881,False,False,False,True
20896942,O=C(Cc1cccc2ccccc12)N1CCN(CCc2ccncc2)CC1,substructure_test,-1.5078207993295583,3.1058408707102436,1.2869339565484617,0.9899534039857418,0.4492753623188406,True,0.32,359.47300000000007,3.164200000000002,FGAB,B,https://zinc20.docking.org/substances/20896942,False,True,False,True
248244024,COc1ccccc1/C=C/CN1CCN2CCC[C@H]2[C@H]1C1CCCCC1,substructure_test,-1.5078277534425517,3.105791139027401,1.3200394434096543,0.925871880080411,0.225,False,0.225,354.5380000000001,4.437300000000004,FIAA,A,https://zinc20.docking.org/substances/248244024,False,False,False,True
35093031,C[C@@H]1CCC[C@@H]1OC[C@H](O)CN1CCN(c2cccc(C(F)(F)F)c2)CC1,substructure_test,-1.50743378757877,3.1086098044372843,1.22086564355671,0.9158830121395887,0.3411764705882353,True,0.3411764705882353,386.4580000000001,3.393500000000002,GGAB,B,https://zinc20.docking.org/substances/35093031,False,False,False,True
173288323,CC(C)Oc1cccc(/C=C/C(=O)N2CCCC[C@H](N3CCN(C)CC3)C2)c1,substructure_test,-1.507432872282084,3.108616355990134,1.3286639146572412,0.9393964229080166,0.3218390804597701,False,0.3218390804597701,385.5520000000002,3.1155000000000017,GGAB,B,https://zinc20.docking.org/substances/173288323,False,True,False,True
14987992,CC[C@H]1CN(CCC(=O)NCCCn2ncc3ccccc32)Cc2cc(OC)ccc2O1,substructure_test,-1.5078555285978008,3.105592515567458,1.2230761437028976,0.9639927699636577,0.3333333333333333,False,0.2978723404255319,436.5560000000002,3.6145000000000023,IHAA,A,https://zinc20.docking.org/substances/14987992,False,True,False,True
849593054,CC(C)N1CC[C@H](C(=O)Nc2c3c(cc4c2CCC4)CCC3)[C@@H](c2cnn(C)c2)C1,substructure_test,-1.5078686934292982,3.105498376718805,1.3682712216647273,0.953954611118601,0.23529411764705882,False,0.21348314606741572,406.5740000000002,3.850100000000003,HHAB,B,https://zinc20.docking.org/substances/849593054,True,True,False,True
663022827,CC1(C)CN(C(=O)C2(N)CC3(CCC3)C2)[C@@H]1C1CCN(Cc2ccccc2)CC1,substructure_test,-1.5073529417238405,3.1091885398834167,1.2900621661037315,0.9082319018253923,0.4032258064516129,True,0.2625,395.5910000000001,3.797200000000002,GHAB,B,https://zinc20.docking.org/substances/663022827,False,True,False,True
24843641,COc1ccc(-c2nc(CN3CCN(c4ccc(C(F)(F)F)cn4)CC3)cs2)c(OC)c1,substructure_test,-0.8735364949635529,13.38022772684405,1.0324412248476948,0.9766881690527005,0.26595744680851063,False,0.26595744680851063,464.51300000000015,4.5633000000000035,JJAB,B,https://zinc20.docking.org/substances/24843641,False,False,False,True
187226724,CC(C)Oc1ccc(NC(=O)N2CCC(N3CCO[C@@H](C)C3)CC2)c(Cl)c1,substructure_test,-0.8736082592530412,13.378016915412688,1.033408336749616,0.9698069391772095,0.27058823529411763,False,0.27058823529411763,395.93100000000015,3.8442000000000025,GHAB,B,https://zinc20.docking.org/substances/187226724,True,True,False,True
575621682,Cc1cc(C)cc(NC(=O)C(=O)NC[C@@H](c2cc3ccccc3o2)N(C)C)c1,substructure_test,-0.8736208394385414,13.377629400710298,1.0102205990901019,0.8648572217531115,0.27692307692307694,False,0.2682926829268293,379.4600000000001,3.4072400000000016,GGAB,B,https://zinc20.docking.org/substances/575621682,True,True,False,True
155240258,C[C@H]1CN(Cc2ccccc2)CCCN1C(=O)c1ccc(CNC(N)=O)cc1,substructure_test,-0.8736261401866261,13.37746612207419,1.1125622451754684,0.9508488965043462,0.33783783783783783,False,0.33783783783783783,380.4920000000001,2.5915,GFAB,B,https://zinc20.docking.org/substances/155240258,False,True,False,True
2384412620,COc1ccc([C@@H]2[C@H]3CN(Cc4csc(C)n4)C[C@H]3CN2C(=O)N(C)C)cc1,substructure_test,-0.8734088234383841,13.384161751500923,1.0825688277564391,0.9436554676659273,0.313953488372093,False,0.2696629213483146,400.5480000000002,3.246620000000002,HGAA,A,https://zinc20.docking.org/substances/2384412620,False,True,False,True
22577253,Cc1cccc(NC(=O)NC[C@@H](c2ccc3c(c2)OCO3)N2CCN(C)CC2)c1,substructure_test,-0.8736454777571535,13.37687048490572,1.0361533858730652,0.9544509669304564,0.31645569620253167,False,0.2967032967032967,396.49100000000027,2.833920000000001,GFAB,B,https://zinc20.docking.org/substances/22577253,True,True,False,True
67654885,CCC[C@@H](C)Nc1ccc(C(=O)N2CCC(N3CCOCC3)CC2)cn1,substructure_test,-0.8736565890477545,13.376528246171135,1.083465246156751,0.9775755595977523,0.3684210526315789,True,0.2619047619047619,360.5020000000002,2.618900000000001,FFAA,A,https://zinc20.docking.org/substances/67654885,True,True,False,True
102886559,Cc1cc(Cl)c2c(c1)[C@]1(C(=O)N2)[C@@H]2C(=O)N(c3ccc([N+](=O)[O-])cc3)C(=O)[C@@H]2[C@H]2CCCN21,substructure_test,-0.8736804707667114,13.375792695252771,1.02232643016706,0.7534269981945296,0.2235294117647059,False,0.1836734693877551,466.88100000000026,2.987820000000001,JFBB,B,https://zinc20.docking.org/substances/102886559,True,True,False,True
6764250,NC(=O)C1CCN(CCOc2ccc3c(=O)c(-c4ccccc4)coc3c2)CC1,substructure_test,-0.8733626431939387,13.385585017855778,1.0399099621608732,0.9440585192507472,0.3472222222222222,True,0.31868131868131866,392.45500000000015,3.036100000000001,GGAB,B,https://zinc20.docking.org/substances/6764250,False,True,False,True
306140209,O=S1(=O)c2ccc(-c3ccoc3)cc2[C@H]2CN(Cc3ccsc3)C[C@H]21,substructure_test,-0.873343681286399,13.38616946407169,1.0762733134022837,0.7875322721557072,0.2,False,0.18,371.4830000000001,3.7634000000000025,FHAB,B,https://zinc20.docking.org/substances/306140209,False,False,False,True
92116501,COc1cc2c(cc1OC)[C@H](c1ccc([N+](=O)[O-])cc1)N([C@@H]1CC(=O)N(c3ccccc3)C1=O)CC2,substructure_test,-0.8737224798118712,13.374498925409176,0.9834319660844473,0.7813135982460642,0.3333333333333333,False,0.22105263157894736,487.5120000000003,3.891600000000002,JHBA,A,https://zinc20.docking.org/substances/92116501,False,True,False,True
20291075,C/C(NCCCN1CCCCC1)=C1/C(=O)NC(=O)N(c2ccc(Cl)cc2)C1=O,substructure_test,-0.8733154436699088,13.38703985461105,0.9918306638498671,0.8779594412334659,0.3333333333333333,False,0.2948717948717949,404.8980000000001,2.6624,HFAB,B,https://zinc20.docking.org/substances/20291075,False,True,False,True
67443022,C[C@H](C(=O)Nc1ccc2c(c1)OCO2)N1CCC(c2nnc3ccccn23)CC1,substructure_test,-0.2421734464017951,57.25673161886664,0.53953998626516,0.9806572096391648,0.3764705882352941,True,0.32098765432098764,393.4470000000001,2.664600000000001,GFAB,B,https://zinc20.docking.org/substances/67443022,True,True,False,True
582490860,Cc1cc(CN(C)[C@H](C(=O)O)c2ccc(Br)cc2F)no1,substructure_test,-0.24615413696117605,56.73432119245261,0.6157128681898809,0.7153727032384524,0.22058823529411764,False,0.21052631578947367,357.17900000000003,3.1423200000000016,FGAB,B,https://zinc20.docking.org/substances/582490860,False,False,False,True
952976856,CN1CCC(Oc2ccc(NC(=O)c3cc(C(F)F)[nH]n3)cc2)CC1,substructure_test,-0.23264954053639492,58.52621784067363,0.45520621434530256,0.9259977876265131,0.2894736842105263,False,0.25301204819277107,350.3690000000001,3.0726000000000013,FGAA,A,https://zinc20.docking.org/substances/952976856,True,True,False,True
91444506,CC(=O)c1cc(CN2C[C@@H](C(=O)O)[C@H](c3ccc4c(c3)OCO4)C2)cs1,substructure_test,-0.22739167599219456,59.23908256776489,0.4714849292774335,0.8699408785401879,0.2875,False,0.2625,373.4300000000001,2.9796000000000014,FFAA,A,https://zinc20.docking.org/substances/91444506,False,False,False,True
89977198,CCN1CCC(N[C@@H](C)C(=O)Nc2ccc(Br)cc2)CC1,substructure_test,-0.2532412529374154,55.81600476703984,0.5238774386096227,0.9245019413816178,0.3508771929824561,True,0.30666666666666664,354.2920000000001,2.8500000000000005,FFAB,B,https://zinc20.docking.org/substances/89977198,True,True,False,True
91849357,COc1cc(C)ccc1CN1C[C@@H](C(=O)O)[C@H](c2ccc3c(c2)OCO3)C1,substructure_test,-0.2549942127550858,55.59116650907999,0.47325137362187414,0.9302791802481785,0.3132530120481928,False,0.3023255813953488,369.41700000000014,3.0325200000000017,FGAA,A,https://zinc20.docking.org/substances/91849357,False,False,False,True
22299939,C[C@H]1CN(Cc2csc(NC(=O)c3ccc4c(c3)OCO4)n2)C[C@H](C)O1,substructure_test,-0.2581237903561719,55.19200987512143,0.5257196281671787,0.9312361802488777,0.38961038961038963,True,0.3194444444444444,375.45000000000016,2.7333000000000007,GFAB,B,https://zinc20.docking.org/substances/22299939,True,True,False,True
19859132,COC(=O)c1ccc(NC(=O)c2ccc(CN3CCOCC3)cc2)cc1,substructure_test,-0.2597104427680164,54.990739150624826,0.5118152904695357,0.9493296258557394,0.358974358974359,True,0.3013698630136986,354.4060000000001,2.5577000000000005,FFAA,A,https://zinc20.docking.org/substances/19859132,True,True,False,True
216912483,COc1cccc([C@H]2CN(Cc3ccc4c(c3)OCO4)C[C@@H]2C(=O)O)c1,substructure_test,-0.2665996093653754,54.12530923555639,0.526274649668683,0.9203743226469908,0.345679012345679,True,0.3411764705882353,355.39000000000004,2.7241,FFAA,A,https://zinc20.docking.org/substances/216912483,False,False,False,True
12692033,Cc1ccc2nc(-c3ccc(NC(=O)[C@H](C)N4C[C@@H](C)O[C@@H](C)C4)cc3)sc2c1,substructure_test,-0.2084990718486605,61.87296498683078,0.5321941405202816,0.944010069497596,0.3146067415730337,False,0.3058823529411765,409.5550000000002,4.707920000000004,HJAB,B,https://zinc20.docking.org/substances/12692033,True,True,False,True
95499846,C[C@H](C(N)=O)N1CCC(C(=O)Nc2ccc(-c3nc4ccccc4[nH]3)cc2)CC1,substructure_test,-0.2732841364844824,53.29860760874089,0.5711346637663244,0.9627088650611726,0.546875,True,0.2840909090909091,391.47500000000014,2.754200000000001,GFAA,A,https://zinc20.docking.org/substances/95499846,True,True,False,True
67443094,C[C@H](C(=O)Nc1ccc(Cl)cc1)N1CCC(c2nnc3ccccn23)CC1,substructure_test,-0.2775832148226266,52.77360780002384,0.5110476750783525,0.9787178040877076,0.27419354838709675,False,0.2727272727272727,383.8830000000001,3.5893000000000024,GHAB,B,https://zinc20.docking.org/substances/67443094,True,True,False,True
57996484,O=C(CSCCOc1ccc(Cl)cc1)Nc1ccc(Cl)cc1,uncertainty_sampling,-1.5610979534606044,2.7472744459669953,1.6343163599872481,0.6460881856682991,0.3888888888888889,True,0.3333333333333333,356.2740000000001,4.744100000000003,FJAB,B,https://zinc20.docking.org/substances/57996484,True,True,False,False
2855040,Cc1ccc(CSCCNC(=O)[C@H](C)Sc2ccc(C)cc2)cc1,uncertainty_sampling,-1.7808715761244753,1.6562596584743312,1.630356506416136,0.791493816232918,0.3188405797101449,False,0.2564102564102564,359.5600000000001,4.833640000000004,FJAA,A,https://zinc20.docking.org/substances/2855040,False,True,False,False
26528096,CCOc1ccc(CN(C)C(=O)NCCSc2ccc(Cl)cc2)cc1,uncertainty_sampling,-2.3584291075613977,0.4380976185808499,1.629985679313769,0.8352381753755076,0.37142857142857144,True,0.37142857142857144,378.92500000000007,4.672400000000003,GJAB,B,https://zinc20.docking.org/substances/26528096,False,True,False,False
16789302,CCn1c(COc2ccc(C)cc2)nnc1SCC(=O)c1ccc(Cl)cc1,uncertainty_sampling,-1.8421191654377953,1.4384038425428258,1.6198047658450387,0.9106722506511974,0.37142857142857144,True,0.3026315789473684,401.9190000000001,4.813820000000004,HJAB,B,https://zinc20.docking.org/substances/16789302,False,False,False,False
4118439,CCOc1ccc(C(=O)C[C@@H](SCc2ccc(Cl)cc2)C(=O)O)cc1,uncertainty_sampling,-1.2709347819651795,5.358771241791544,1.6028372509586117,0.656886807846846,0.36764705882352944,True,0.36764705882352944,378.87700000000007,4.698100000000004,GJAB,B,https://zinc20.docking.org/substances/4118439,False,False,False,False
17081883,CCOc1ccc(NC(=O)CSc2nnc(-c3ccc(F)cc3)n2CC)cc1,uncertainty_sampling,-1.8242604306539432,1.4987857984696993,1.602643170856277,0.937335084236905,0.39473684210526316,True,0.39473684210526316,400.4790000000001,4.233600000000003,HIAA,A,https://zinc20.docking.org/substances/17081883,True,True,False,False
1875261008,CCc1ccc(OC[C@@H](O)CN(C)C(=O)NCc2cccc(CN(C)C)c2)cc1,uncertainty_sampling,-2.2633819840678173,0.5452780503567481,1.6014085732966228,0.8542515931721674,0.323943661971831,False,0.3,399.5350000000001,2.8919000000000015,GFAB,B,https://zinc20.docking.org/substances/1875261008,False,True,False,True
32923133,CCOc1ccc(CN(C)Cn2nc(-c3ccccc3)c3ccccc3c2=O)cc1,uncertainty_sampling,-1.8107760284486463,1.5460515537230572,1.6011991070439369,0.9257271886772682,0.4142857142857143,True,0.3150684931506849,399.49400000000014,4.551700000000004,GJAB,B,https://zinc20.docking.org/substances/32923133,False,False,False,True
8118083,CCCCOc1ccc(C(=O)N[C@H](c2ccc(Cl)cc2)c2nccn2C)cc1,uncertainty_sampling,-1.5450189769756246,2.850893691842972,1.5971599061870279,0.9077265514742546,0.3333333333333333,False,0.3333333333333333,397.90600000000006,4.771800000000003,GJAB,B,https://zinc20.docking.org/substances/8118083,False,True,False,False
8128273,CN(CCOc1ccc(F)cc1)C(=O)NCCc1ccc(Cl)cc1,uncertainty_sampling,-1.9439258016889758,1.1378216636885663,1.595397593567372,0.819558144232259,0.36363636363636365,True,0.36363636363636365,350.821,3.7420000000000027,FHAB,B,https://zinc20.docking.org/substances/8128273,False,True,False,False
5102601,CCOc1ccc(NC(=O)CSCc2cccc(Br)c2)cc1,uncertainty_sampling,-1.6997398706960665,1.9964577749398318,1.5888121811348896,0.755551184545242,0.43478260869565216,True,0.43478260869565216,380.307,4.719700000000004,GJAA,A,https://zinc20.docking.org/substances/5102601,True,True,False,False
4626372,Cc1nc(SCCOc2ccc(Cl)cc2)nc(O)c1Cc1ccccc1,uncertainty_sampling,-1.9032495616601939,1.2495407915542065,1.588049473918987,0.8215017842015476,0.36507936507936506,True,0.2972972972972973,386.90400000000017,4.9059200000000045,GJAB,B,https://zinc20.docking.org/substances/4626372,False,False,False,False
1306997280,CCc1csc(N(CCCN(C)C)Cc2ccc(Cl)c(Cl)c2)n1,uncertainty_sampling,-1.7562607517584006,1.752827782590197,1.5864078395890913,0.8627668748679919,0.24691358024691357,False,0.1917808219178082,372.36500000000007,4.9706000000000055,FJAB,B,https://zinc20.docking.org/substances/1306997280,False,False,False,True
2840296,CCOC(=O)c1sc(SCCOc2ccc(Br)cc2)nc1C,uncertainty_sampling,-1.6732053133182123,2.1222409324668647,1.5856430306845553,0.7841383643593305,0.3142857142857143,False,0.28378378378378377,402.33500000000004,4.5618200000000035,HJAA,A,https://zinc20.docking.org/substances/2840296,False,False,False,False
5125919,CC(C)(C)c1ccc(OCCSc2nc3ccccc3n2CCC(=O)O)cc1,uncertainty_sampling,-2.203191261213491,0.6263379676784592,1.5855397236121644,0.9386292441129784,0.373134328358209,True,0.2777777777777778,398.52800000000013,4.979600000000003,GJAB,B,https://zinc20.docking.org/substances/5125919,False,False,False,False
40134859,Cc1ccc(C(=O)CCC(=O)OCc2ccc(OCc3nccn3C)cc2)s1,uncertainty_sampling,-1.69688395373479,2.0096297267974546,1.5845157104376495,0.8958974428031867,0.2727272727272727,False,0.2345679012345679,398.4840000000001,4.075320000000003,GIAB,B,https://zinc20.docking.org/substances/40134859,False,False,False,False
584890545,CCOc1cc(CN(C)C(=O)NCCc2nc(C)cs2)ccc1OC,uncertainty_sampling,-1.8127615541113902,1.538999383602526,1.5842858271581597,0.9271550269980857,0.37037037037037035,True,0.37037037037037035,363.48300000000006,3.2429200000000025,FGAA,A,https://zinc20.docking.org/substances/584890545,False,True,False,False
40023376,CCN(CC)Cc1ccc(CNC(=O)[C@@H]2Oc3ccccc3O[C@H]2C)cc1,uncertainty_sampling,-2.3067102198639993,0.4935029807395413,1.5831616214793676,0.9432061055012539,0.37681159420289856,True,0.3287671232876712,368.4770000000001,3.3731000000000018,FGAB,B,https://zinc20.docking.org/substances/40023376,False,True,False,True
2983577,CCOc1ccccc1OCCOCCOc1ccc(C(C)(C)C)cc1,uncertainty_sampling,-1.8614916916674316,1.3756511271137974,1.5778282020722778,0.7773110419626693,0.2698412698412698,False,0.22388059701492538,358.478,4.857200000000005,FJAA,A,https://zinc20.docking.org/substances/2983577,False,False,False,False
249684726,CCN1[C@H](c2ccc(Cl)cc2)[C@H](CNCc2cc(OC)cc(OC)c2)C[C@]1(C)CO,uncertainty_sampling,-2.088912177120468,0.8148690498975301,1.575653402362001,0.8449056277839324,0.2696629213483146,False,0.2696629213483146,432.9920000000003,4.280900000000004,IIAA,A,https://zinc20.docking.org/substances/249684726,False,False,False,True
28288022,CCc1ccc(OCC(=O)NCCc2csc(-c3ccc(Cl)cc3)n2)cc1,uncertainty_sampling,-1.1331202693725189,7.360032475488346,1.574128152391496,0.9102248126854419,0.45,True,0.4492753623188406,400.9310000000001,4.763600000000004,HJAB,B,https://zinc20.docking.org/substances/28288022,False,True,False,False
534589519,CCC(CC)(CO)CN(C)C(=O)NCc1c(C)cc(Cl)cc1Cl,uncertainty_sampling,-2.0230295529694136,0.9483539273019861,1.573183314087309,0.8068603719439191,0.24285714285714285,False,0.21518987341772153,361.313,4.241920000000003,FIAA,A,https://zinc20.docking.org/substances/534589519,False,True,False,False
21659934,CCc1ccc(OCCSc2nc3ccccc3n2[C@@H](C)C(C)=O)cc1,uncertainty_sampling,-2.425883424706226,0.3750736677086802,1.5728698865231767,0.9438984037151298,0.3582089552238806,True,0.34146341463414637,368.5020000000001,4.919800000000004,FJAB,B,https://zinc20.docking.org/substances/21659934,False,False,False,False
3436534,CCOc1ccc(OC[C@@H](O)CN(C)C(c2ccccc2)c2ccccc2)cc1,uncertainty_sampling,-1.8976758993525342,1.2656805336692822,1.5719481794646533,0.8207144315391086,0.26865671641791045,False,0.26865671641791045,391.5110000000001,4.546400000000004,GJAB,B,https://zinc20.docking.org/substances/3436534,False,False,False,True
6829098,Fc1ccc(CSCc2nnc(S)n2Cc2ccc(Cl)cc2)cc1,uncertainty_sampling,-1.8061574507308311,1.5625810360180847,1.5710391258126464,0.838092209843342,0.2857142857142857,False,0.25,379.913,4.841000000000003,GJAA,A,https://zinc20.docking.org/substances/6829098,False,False,False,False
3245846,CCCCc1ccc(NC(=O)CSc2ncnc3ccccc23)cc1,uncertainty_sampling,-1.9101461325075317,1.22985487649757,1.5705561659740848,0.917240147320266,0.4576271186440678,True,0.45714285714285713,351.475,4.703200000000003,FJAB,B,https://zinc20.docking.org/substances/3245846,True,True,False,False
2723231,CCOc1ccc(-n2ccnc2SCC(=O)NCc2ccc(F)cc2)cc1,uncertainty_sampling,-1.5857053855459453,2.595939785200551,1.5683141844283108,0.9413925672859778,0.3974358974358974,True,0.3670886075949367,385.4640000000001,3.8186000000000027,GHAB,B,https://zinc20.docking.org/substances/2723231,False,True,False,False
426526849,Cc1ccc(OCCCN(C)C(=O)NCc2ccc(C(=O)O)o2)c(C)c1,uncertainty_sampling,-1.8100721288663886,1.5485594083901004,1.5672031001889708,0.8759548108791302,0.2876712328767123,False,0.25316455696202533,360.41000000000014,3.205140000000001,FGAA,A,https://zinc20.docking.org/substances/426526849,False,True,False,False
14881244,CC(C)COc1ccc(CN(Cc2ccncc2)C(=O)Cc2ccsc2)cc1,uncertainty_sampling,-1.4824772099926369,3.2924773046134503,1.5655687572256742,0.9152198868768273,0.30158730158730157,False,0.23076923076923078,394.5400000000001,4.949400000000005,GJAA,A,https://zinc20.docking.org/substances/14881244,False,True,False,False
4193272,CCCCn1cc(S(=O)(=O)c2ccc(CC)cc2)c(=O)c2cc(OCC)ccc21,uncertainty_sampling,-1.9411165094845433,1.145205672467387,1.5648642558545272,0.8179781149115231,0.3125,False,0.2872340425531915,413.53900000000016,4.595500000000005,HJAB,B,https://zinc20.docking.org/substances/4193272,False,False,False,False
6709886,CCc1ccc(C(=O)CSc2n[nH]c(-c3ccc(CC)cc3)n2)cc1,uncertainty_sampling,-1.4506632431114819,3.5427194110449234,1.5643932374808092,0.9066069136905033,0.3275862068965517,False,0.28125,351.4750000000001,4.571500000000003,FJAB,B,https://zinc20.docking.org/substances/6709886,False,False,False,False
10090510,CCc1ccc(-n2c(SCCc3ccccn3)nnc2-c2ccncc2)cc1,uncertainty_sampling,-1.941883677021966,1.143184488384919,1.5641436989491015,0.9578544530668389,0.3088235294117647,False,0.3088235294117647,387.51200000000006,4.621500000000003,GJAB,B,https://zinc20.docking.org/substances/10090510,False,False,False,False
6747432,CCc1ccc(CN(Cc2ccco2)C(=O)COc2ccc(F)cc2)cc1,uncertainty_sampling,-1.504780653621147,3.127658635124227,1.5640647596690096,0.8360527596352663,0.3108108108108108,False,0.2753623188405797,367.42,4.588900000000004,FJAB,B,https://zinc20.docking.org/substances/6747432,False,True,False,False
1077015,CC[C@H](C)c1ccc(NC(=O)CSc2nnc(-c3ccncc3)n2CC)cc1,uncertainty_sampling,-1.78640258906848,1.6352999027925925,1.5625874144386547,0.9560884892311421,0.3058823529411765,False,0.26506024096385544,395.5320000000001,4.604300000000003,GJAA,A,https://zinc20.docking.org/substances/1077015,True,True,False,False
5268983,CCCCOc1ccc(C(=O)N[C@@H](C)c2ccc(-n3ccnc3)cc2)cc1,uncertainty_sampling,-1.599657577167667,2.5138677287131004,1.5611501736086086,0.9345524249426367,0.2857142857142857,False,0.2857142857142857,363.461,4.542200000000004,FJAB,B,https://zinc20.docking.org/substances/5268983,False,True,False,False
14181326,CCc1ccc(CN(C)C(=O)c2nn(Cc3ccccc3)c(=O)c3ccccc23)cc1,uncertainty_sampling,-1.8415721809653625,1.440216622296845,1.5606278164062146,0.946685854567196,0.35526315789473684,True,0.30120481927710846,411.5050000000001,4.279400000000003,HIAB,B,https://zinc20.docking.org/substances/14181326,False,True,False,False
55851840,CN(CCCOc1ccc(Cl)cc1)C(=O)CSc1ccncc1,uncertainty_sampling,-1.6169638251893268,2.4156620400352766,1.560573507724521,0.9073837828197999,0.37681159420289856,True,0.273972602739726,350.87100000000004,3.7546000000000026,FHAA,A,https://zinc20.docking.org/substances/55851840,False,True,False,False
13648183,CCOCCn1c(COc2ccc(C(C)(C)C)cc2)nc2ccccc21,uncertainty_sampling,-2.32295024850046,0.47538968206847926,1.5597477499932784,0.9244688692437112,0.4827586206896552,True,0.25287356321839083,352.47800000000007,4.949300000000005,FJAB,B,https://zinc20.docking.org/substances/13648183,False,False,False,False
3104376,O=C(CCSc1ccccc1)NCCSc1ccc(Cl)cc1,uncertainty_sampling,-1.756774255165398,1.7507564895783954,1.558734218356097,0.7492973298554148,0.2835820895522388,False,0.2835820895522388,351.924,4.730700000000004,FJAB,B,https://zinc20.docking.org/substances/3104376,False,True,False,False
32764773,CCOc1ccc([C@@H]2CCCN2CCS(=O)(=O)c2ccc(Cl)cc2)cc1,uncertainty_sampling,-1.8936405609105544,1.2774956767567673,1.558276619953707,0.8513480347664562,0.3375,False,0.3150684931506849,393.93600000000004,4.3495000000000035,GIAB,B,https://zinc20.docking.org/substances/32764773,False,False,False,True
67290346,CCOc1ccc(-c2cc3c(SCC(=O)NCc4ccc(C)cc4)nccn3n2)cc1,uncertainty_sampling,-1.7514185411773573,1.7724804708011102,1.5582724177126286,0.9023033573597545,0.3763440860215054,True,0.358974358974359,432.5490000000001,4.511920000000003,IJAB,B,https://zinc20.docking.org/substances/67290346,False,True,False,False
2648734,CN(C)[C@H](CNC(=O)COc1ccc(OCc2ccccc2)cc1)c1ccccc1,uncertainty_sampling,-1.848279335431466,1.4181450864402,1.558204496994288,0.8169074182348478,0.3088235294117647,False,0.2876712328767123,404.51000000000005,4.063500000000002,HIAB,B,https://zinc20.docking.org/substances/2648734,False,True,False,True
2723001,CCCCc1ccc(NC(=O)CSc2nccn2-c2ccccc2)cc1,uncertainty_sampling,-1.838800953132355,1.4494360102529549,1.5575341361016672,0.9503211013369832,0.3924050632911392,True,0.38666666666666666,365.502,4.945700000000004,FJAB,B,https://zinc20.docking.org/substances/2723001,True,True,False,False
4949063,CC(C)SCCCCCOc1ccc(I)cc1,uncertainty_sampling,-1.7316659421767011,1.854957902045029,1.5572490623344561,0.5261489606826066,0.35,True,0.15492957746478872,364.29200000000003,4.981900000000005,FJAA,A,https://zinc20.docking.org/substances/4949063,False,False,False,False
40146468,Cc1ccc(SCC(=O)NCc2ccc(OCCOc3ccccc3)nc2)cc1,uncertainty_sampling,-1.928554743711498,1.1788139219620508,1.5571431075833797,0.8866092381407902,0.34523809523809523,True,0.325,408.52300000000014,4.256320000000003,HIAB,B,https://zinc20.docking.org/substances/40146468,False,True,False,False
15841017,CCCOc1ccc(NC(=O)[C@H](CC)Oc2ccc(F)cc2)c2cccnc12,uncertainty_sampling,-1.5157334957813613,3.049765900228618,1.5558556033074162,0.9489674280116738,0.3146067415730337,False,0.3146067415730337,382.43500000000006,4.9588000000000045,GJAB,B,https://zinc20.docking.org/substances/15841017,True,True,False,False
58132539,O=[S@](CCCOc1ccc(F)cc1)Cc1c(Cl)cccc1Cl,uncertainty_sampling,-1.7145906086865892,1.929342767290211,1.5558441570743633,0.6240987554345019,0.26582278481012656,False,0.21621621621621623,361.2650000000001,4.850300000000003,FJAB,B,https://zinc20.docking.org/substances/58132539,False,False,False,False
46085547,CCN(CC)CCN(C(=O)COc1ccc(Cl)cc1)c1ccccc1,uncertainty_sampling,-2.120883856463302,0.7570353221932278,1.5542361829407738,0.8307341457996021,0.3235294117647059,False,0.3235294117647059,360.88500000000005,4.093800000000003,FIAB,B,https://zinc20.docking.org/substances/46085547,False,True,False,True
12202487,CN(Cc1ccc(Oc2ccccc2)cc1)C(=O)c1cn(CCc2ccccc2)nn1,uncertainty_sampling,-1.786401477157062,1.635304089608307,1.5534689671009334,0.9192327622872658,0.2857142857142857,False,0.26582278481012656,412.49300000000017,4.585300000000004,HJAA,A,https://zinc20.docking.org/substances/12202487,False,True,False,False
2356386,CCCSc1nc(SCC(=O)OCC)c2c3c(sc2n1)COC(C)(C)C3,uncertainty_sampling,-1.898708810571051,1.2626738590574662,1.5532558482136667,0.8174486241793653,0.22,False,0.18181818181818182,412.6020000000002,4.699900000000004,HJAB,B,https://zinc20.docking.org/substances/2356386,False,False,False,False
4029010,CCCCOc1ccc(C(=O)OCC[C@@H]2CCC[N+]3(C)CCCC[C@H]23)cc1,uncertainty_sampling,-1.8936543733887574,1.2774550474111794,1.5532144484666013,0.8517940395458495,0.3026315789473684,False,0.23863636363636365,374.54500000000013,4.821500000000005,FJBB,B,https://zinc20.docking.org/substances/4029010,False,False,False,False
1352844282,CCN(Cc1ccc(Cl)cc1)C(=O)[C@H](C)SCc1nc(O)c2ccccc2n1,uncertainty_sampling,-1.9323323361416493,1.168604794705252,1.5519594906157745,0.9087237785174692,0.30985915492957744,False,0.29411764705882354,415.94600000000014,4.659200000000005,HJAB,B,https://zinc20.docking.org/substances/1352844282,False,True,False,False
5588916,Cc1ccc(OCc2nc3ccccc3n2C[C@@H](O)COc2ccc(C)cc2)cc1,uncertainty_sampling,-1.99748154977154,1.0058157923886988,1.5519416267545016,0.887424959608954,0.4,True,0.25675675675675674,402.4940000000002,4.6720400000000035,HJAB,B,https://zinc20.docking.org/substances/5588916,False,False,False,False
12607825,Cc1ccc(CSCCNC(=O)Cn2c3ccccc3c(=O)c3ccccc32)cc1,uncertainty_sampling,-2.0794617766507444,0.8327952191608876,1.5516104113189935,0.887613757301764,0.35714285714285715,True,0.3076923076923077,416.54600000000016,4.512720000000003,HJBB,B,https://zinc20.docking.org/substances/12607825,False,True,False,False
12373154,CCOC(=O)C[C@@H]1CCCCN1Cc1nc(-c2ccc(OCC)cc2)oc1C,uncertainty_sampling,-2.1040656786254313,0.7869267732690184,1.550865049998344,0.9356824965905554,0.41975308641975306,True,0.3488372093023256,386.49200000000013,4.356420000000004,GIAA,A,https://zinc20.docking.org/substances/12373154,False,False,False,True
4120404,CCOc1ccc(CC(=O)N2CCN=C2SCc2ccc(C)cc2)cc1,uncertainty_sampling,-2.189546007714725,0.6463295203703254,1.5508264323736658,0.9502784219726012,0.34615384615384615,True,0.325,368.50200000000007,4.067820000000003,FIAB,B,https://zinc20.docking.org/substances/4120404,False,True,False,False
3253720,O=C(CSc1ncnc2ccccc12)N(Cc1ccccc1)Cc1ccccc1,uncertainty_sampling,-1.8314225070963381,1.4742715776875133,1.5498235437331924,0.9007098960866528,0.5294117647058824,True,0.3055555555555556,399.5190000000001,4.950900000000004,GJAB,B,https://zinc20.docking.org/substances/3253720,False,True,False,False
7785432,CCn1c(SCCOc2ccccc2F)nnc1-c1ccc(Cl)cc1,uncertainty_sampling,-2.0635275422257373,0.8639178707284598,1.5493898695274508,0.929985441909181,0.358974358974359,True,0.2727272727272727,377.87200000000007,4.928600000000004,GJAB,B,https://zinc20.docking.org/substances/7785432,False,False,False,False
215359583,Cc1ccc(SCCCN(C)C(=O)c2nc3ccc(C)cn3c2F)cc1,uncertainty_sampling,-2.0334486420151876,0.9258728687896931,1.549338649753184,0.9392472539229831,0.2702702702702703,False,0.22666666666666666,371.48100000000005,4.344640000000004,FIAA,A,https://zinc20.docking.org/substances/215359583,False,True,False,False
856762,CCOc1ccc2nc(SCC(=O)Nc3ccccc3OCC)sc2c1,uncertainty_sampling,-1.413996637096571,3.8548134257938176,1.5480919846710934,0.9229775639024961,0.48484848484848486,True,0.41333333333333333,388.5140000000001,4.824500000000004,GJAA,A,https://zinc20.docking.org/substances/856762,True,True,False,False
5214227,CCc1ccc(OCC(=O)N(Cc2ccccc2)c2cccc([N+](=O)[O-])c2)cc1,uncertainty_sampling,-1.7078011010228826,1.959741994216717,1.547570641520624,0.809017883353031,0.3116883116883117,False,0.2727272727272727,390.4390000000001,4.7694000000000045,GJBA,A,https://zinc20.docking.org/substances/5214227,False,True,False,False
20783848,CC(C)COc1ccc(CN(Cc2ccncc2)S(=O)(=O)c2cccc(F)c2)cc1,uncertainty_sampling,-1.8046392190660807,1.568053156110245,1.5473098508063656,0.8496228187335894,0.3387096774193548,False,0.24691358024691357,428.5290000000001,4.646600000000005,IJAA,A,https://zinc20.docking.org/substances/20783848,False,False,True,False
584900566,CCOc1ccc(Cl)cc1CN(C)C(=O)NCCCc1nc(C)cs1,uncertainty_sampling,-2.1939074538330026,0.6398711745751121,1.5472402439464854,0.9147038711602237,0.3125,False,0.3125,381.92900000000014,4.277820000000004,GIAA,A,https://zinc20.docking.org/substances/584900566,False,True,False,False
12770051,Cc1ccccc1OCCSc1nc(COc2ccc(Cl)cc2)n[nH]1,uncertainty_sampling,-1.8799110366506007,1.318526805417336,1.5467767720559977,0.853936797021176,0.359375,True,0.22784810126582278,375.88100000000003,4.516620000000003,GJAB,B,https://zinc20.docking.org/substances/12770051,False,False,False,False
2443519,CCc1ccc(NC(=O)CSc2nnc(-c3cccc(Cl)c3)n2CC)cc1,uncertainty_sampling,-1.7764901251618692,1.6730536772836,1.5465979254565303,0.9371574660807376,0.3950617283950617,True,0.3023255813953488,400.93500000000006,4.9116000000000035,HJAB,B,https://zinc20.docking.org/substances/2443519,True,True,False,False
36615274,Cc1ccc(S(=O)(=O)N(CCc2ccc(F)cc2)Cc2ccnn2C)cc1,uncertainty_sampling,-1.8887265435171803,1.2920325546535796,1.546498445113906,0.8329317585414396,0.2948717948717949,False,0.2948717948717949,387.4800000000001,3.3012200000000016,GGAB,B,https://zinc20.docking.org/substances/36615274,False,False,True,False
4570737,CCOc1ccc(C(=O)NCCc2csc(-c3ccc(C)cc3)n2)cc1,uncertainty_sampling,-1.2846287529979015,5.192437132370977,1.5461629026677168,0.9539029194014893,0.6037735849056604,True,0.5806451612903226,366.48600000000005,4.489720000000003,FIAB,B,https://zinc20.docking.org/substances/4570737,False,True,False,False
4814654,CCOc1cc(C)ccc1OCc1nnc(SCC(=O)c2ccc(F)cc2)n1C,uncertainty_sampling,-1.9156421707340145,1.2143890127486614,1.5458928121058242,0.902314413334308,0.358974358974359,True,0.2926829268292683,415.4900000000001,4.215320000000003,HIAB,B,https://zinc20.docking.org/substances/4814654,False,False,False,False
5235802,CC(C)c1ccc(Cn2c(CCNC(=O)c3ccco3)nc3ccccc32)cc1,uncertainty_sampling,-1.7050680426788927,1.9721137328475167,1.5453157878124424,0.9473994292684723,0.35443037974683544,True,0.35443037974683544,387.48300000000006,4.773500000000004,GJAB,B,https://zinc20.docking.org/substances/5235802,False,True,False,False
2516261,CN(C)c1cccc2c(S(=O)(=O)NCCCCCC(=O)O)cccc12,uncertainty_sampling,-1.782510125562505,1.6500225306471408,1.5453097487581862,0.7019528143823142,0.328125,False,0.2222222222222222,364.46700000000004,2.8291000000000004,FFAB,B,https://zinc20.docking.org/substances/2516261,False,False,True,False
78969955,CC(C)(C)c1ccc(CCNC(=O)CN(CCO)c2ccccc2)cc1,uncertainty_sampling,-2.1969305576065103,0.6354325274967098,1.5446882077121307,0.9055053764057874,0.34285714285714286,True,0.34285714285714286,354.49399999999997,3.141700000000002,FGAB,B,https://zinc20.docking.org/substances/78969955,False,True,False,False
13281907,Ic1ccc(OCCCCn2cnc3ccccc32)cc1,uncertainty_sampling,-1.9755910375104513,1.057813152253025,1.5445628536830096,0.8880270366510409,0.4339622641509434,True,0.20512820512820512,392.24,4.500100000000003,GJAA,A,https://zinc20.docking.org/substances/13281907,False,False,False,False
2822329,Clc1ccc(OCCOCCNCc2ccccc2)c2ccccc12,uncertainty_sampling,-2.0094179623925923,0.978547783605937,1.5439766380704767,0.7780928346270544,0.2545454545454545,False,0.2545454545454545,355.865,4.678400000000004,FJAA,A,https://zinc20.docking.org/substances/2822329,False,False,False,False
1875329737,CN(Cc1ccc(C(F)(F)F)cc1)C(=O)Cn1cc(COc2ccc(Cl)cc2)nn1,uncertainty_sampling,-1.7134505922873031,1.9344139155958278,1.5436517029538326,0.9174857942007805,0.2716049382716049,False,0.2682926829268293,438.8370000000001,4.1879000000000035,IIAB,B,https://zinc20.docking.org/substances/1875329737,False,True,False,False
4707666,CCc1ccc(OCCSc2nnc3sc4ccccc4n23)cc1,uncertainty_sampling,-2.0359652918431848,0.920523135627511,1.5430612869168747,0.9025191187848023,0.29850746268656714,False,0.2535211267605634,355.48800000000006,4.677500000000004,FJAB,B,https://zinc20.docking.org/substances/4707666,False,False,False,False
16780641,CCCOc1ccc(S(=O)(=O)Nc2ccc(OCC)cc2)c2ccccc12,uncertainty_sampling,-2.046368102175502,0.8987355024590011,1.542926331155629,0.7510641217598287,0.3424657534246575,True,0.29333333333333333,385.4850000000001,4.8281000000000045,GJAB,B,https://zinc20.docking.org/substances/16780641,True,False,True,False
12880419,CC(=O)c1ccc(OCC(=O)NCCSc2ccc(Br)cc2)cc1,uncertainty_sampling,-1.5470946245186508,2.8373007671446167,1.54260513171616,0.6812712890535348,0.2972972972972973,False,0.2972972972972973,408.317,3.9390000000000027,HHAB,B,https://zinc20.docking.org/substances/12880419,False,True,False,False
225388361,CCOC(CN(CC(=O)N[C@H](C)c1ccccc1OC)c1ccccc1)OCC,uncertainty_sampling,-2.4428229019382957,0.3607257109750064,1.5425845005986571,0.8328129047959864,0.3116883116883117,False,0.3116883116883117,400.51900000000023,3.778100000000003,HHAB,B,https://zinc20.docking.org/substances/225388361,False,True,False,False
41096383,CCCCOc1ccc(S(=O)(=O)N[C@@H](CC)CO)c2ccccc12,uncertainty_sampling,-1.9282372449582064,1.1796760300675782,1.5424757691633515,0.7136014217671558,0.25333333333333335,False,0.2222222222222222,351.4680000000001,3.0679000000000016,FGAB,B,https://zinc20.docking.org/substances/41096383,False,False,True,False
5091603,CCc1ccc(CN(C(=O)COc2ccc(C)cc2)[C@@H]2CCS(=O)(=O)C2)cc1,uncertainty_sampling,-1.6087752877678372,2.461640974586193,1.5424381009926031,0.8857407441721602,0.2692307692307692,False,0.23863636363636365,401.5280000000002,3.152120000000002,HGAB,B,https://zinc20.docking.org/substances/5091603,False,True,False,False
6509571,Fc1ccc(OCCSc2nnc(-c3ccncc3)n2Cc2ccccc2)cc1,uncertainty_sampling,-1.809237784841889,1.551537279926016,1.5420567492411046,0.9205504378084659,0.45901639344262296,True,0.45901639344262296,406.4860000000001,4.698600000000003,HJAB,B,https://zinc20.docking.org/substances/6509571,False,False,False,False
6867031,CCN(CC)C(=O)Cn1cc(SCC(=O)Nc2ccccc2)c2ccccc21,uncertainty_sampling,-2.1977808076835594,0.6341897117266426,1.5416671722281636,0.882506525015302,0.5873015873015873,True,0.5873015873015873,395.5280000000001,4.2405000000000035,GIAB,B,https://zinc20.docking.org/substances/6867031,True,True,False,False
5147018,CCOc1ccc(-c2cn3c(CC(=O)NCCc4ccccc4)csc3n2)cc1,uncertainty_sampling,-1.9541991545507382,1.111222037003534,1.5414701356947715,0.9760909332484018,0.4861111111111111,True,0.4861111111111111,405.52299999999997,4.362900000000003,HIAB,B,https://zinc20.docking.org/substances/5147018,False,True,False,False
585655845,CCC(=O)Cn1c(SCCOc2cc(C)cc(C)c2)nc2ccccc21,uncertainty_sampling,-2.0658775356332852,0.8592557842668984,1.5413065150997496,0.9284091357204791,0.35064935064935066,True,0.2988505747126437,368.50200000000007,4.803340000000005,FJAB,B,https://zinc20.docking.org/substances/585655845,False,False,False,False
10218571,Cc1ccc(S(=O)(=O)CCCC(=O)N(Cc2ccccc2)Cc2ccccc2)cc1,uncertainty_sampling,-1.860633106353726,1.3783734323337788,1.5409170823922087,0.7981202711283754,0.2916666666666667,False,0.2916666666666667,421.56200000000007,4.777920000000004,HJAB,B,https://zinc20.docking.org/substances/10218571,False,True,False,False
78239671,O=C(CN(CCO)c1ccccc1)Nc1ccc(OCc2ccccc2)cc1,uncertainty_sampling,-2.118563447130076,0.7610909412690088,1.540653191746082,0.8063833385044807,0.352112676056338,True,0.352112676056338,376.45600000000013,3.703000000000002,GHAB,B,https://zinc20.docking.org/substances/78239671,True,True,False,False
14882798,Cc1noc(C)c1CC(=O)N(Cc1ccncc1)Cc1ccc(OCC(C)C)cc1,uncertainty_sampling,-1.7732232754702708,1.6856861731632207,1.540472209509081,0.9132504991137587,0.2878787878787879,False,0.25316455696202533,407.51400000000024,4.492740000000004,HIAA,A,https://zinc20.docking.org/substances/14882798,False,True,False,False
70010775,CCN(CC)Cc1ccccc1CNC(=O)CN(CC)c1ccccc1,uncertainty_sampling,-2.2890082488322543,0.5140338881160197,1.5403635273925886,0.8908478503465941,0.34375,True,0.34375,353.5100000000001,3.6711000000000027,FHAB,B,https://zinc20.docking.org/substances/70010775,False,True,False,True
18960734,CCc1ccc(CN(C)C(=O)CSc2nc(Cc3ccccc3)c(C)[nH]2)cc1,uncertainty_sampling,-2.0865210579989264,0.8193678928423527,1.540311454508793,0.9600040343190958,0.30434782608695654,False,0.30434782608695654,393.55600000000004,4.622020000000004,GJAB,B,https://zinc20.docking.org/substances/18960734,False,True,False,False
255992840,CC[C@H](C)C(=O)O[C@@H]1C[C@H](O)C=C2C=C[C@H](C)[C@H](CC[C@@H]3C[C@@H](O)CC(=O)O3)[C@@H]21,uncertainty_sampling,-1.8454690006628998,1.4273517089119727,1.540085874547764,0.533208273050737,0.1702127659574468,False,0.15841584158415842,406.51900000000023,2.920300000000001,HFAB,B,https://zinc20.docking.org/substances/255992840,False,False,False,False
2210295,CCCOc1ccc(N2C(=O)C[C@H](NCc3ccc(Cl)cc3)C2=O)cc1,uncertainty_sampling,-1.534750026299878,2.9191067266795,1.5399628683480098,0.78587738698162,0.32432432432432434,False,0.2857142857142857,372.85200000000003,3.550500000000002,FHAB,B,https://zinc20.docking.org/substances/2210295,False,True,False,False
2618142,Cc1cc(C(=O)CSc2ncccn2)c(C)n1CCc1ccc(Cl)cc1,uncertainty_sampling,-1.911097256446764,1.227164387664959,1.5399228600665227,0.9404772807189268,0.3717948717948718,True,0.26582278481012656,385.9200000000002,4.766040000000004,GJAB,B,https://zinc20.docking.org/substances/2618142,False,False,False,False
4703028,CCCCCOc1ccc(NC(=O)[C@@H]2CC(=O)N(c3ccc(CC)cc3)C2)cc1,uncertainty_sampling,-1.626359718168124,2.363960860862776,1.5397428420179649,0.9209473071651559,0.34210526315789475,True,0.26506024096385544,394.51500000000016,4.809600000000004,GJAB,B,https://zinc20.docking.org/substances/4703028,True,True,False,False
2064881,CCNC(=O)CN(c1ccc(OCC)cc1)S(=O)(=O)c1ccc(SC)cc1,uncertainty_sampling,-1.6847584928645205,2.066529013974197,1.539399253965249,0.8041569186147018,0.35714285714285715,True,0.35714285714285715,408.54500000000013,3.138600000000002,HGAB,B,https://zinc20.docking.org/substances/2064881,False,True,True,False
2989020,Cc1cccc(CSCCNC(=O)CSc2ccc(Cl)cc2)c1,uncertainty_sampling,-1.9417796718149343,1.1434582919497231,1.5393835349259593,0.8058161211295755,0.3717948717948718,True,0.2823529411764706,365.951,4.790120000000004,FJAA,A,https://zinc20.docking.org/substances/2989020,False,True,False,False
15833665,Cc1ccc(OCCCn2c([C@@H](C)NC(=O)c3ccco3)nc3ccccc32)cc1,uncertainty_sampling,-2.1585932211267105,0.6940756026890765,1.5389243795363774,0.9122706685470895,0.38028169014084506,True,0.2926829268292683,403.48200000000014,4.897820000000004,HJAB,B,https://zinc20.docking.org/substances/15833665,False,True,False,False
9204779,CCc1ccc(CN(Cc2ccco2)C(=O)COc2ccccc2C)cc1,uncertainty_sampling,-1.774281343575513,1.6815843483338448,1.538770586934158,0.8527246469724972,0.29411764705882354,False,0.29411764705882354,363.45700000000005,4.758220000000005,FJAB,B,https://zinc20.docking.org/substances/9204779,False,True,False,False
1774683,CN(C)CCCNc1nc(-c2ccc(C(C)(C)C)cc2)nc2ccccc12,uncertainty_sampling,-1.738611105642157,1.825529663719708,1.5377772349617729,0.9423297016021138,0.47058823529411764,True,0.47058823529411764,362.5210000000001,4.957900000000005,FJAB,B,https://zinc20.docking.org/substances/1774683,True,False,False,True
3441462,CC(C)c1ccccc1OC[C@H](O)CNCCCN(C)c1ccccc1,uncertainty_sampling,-2.280526802208873,0.5241712511134884,1.5376085005186042,0.8486255213693904,0.32894736842105265,False,0.23076923076923078,356.51,3.6658000000000026,FHAB,B,https://zinc20.docking.org/substances/3441462,False,False,False,False
15832589,CCc1ccc(OCC(=O)NCc2csc(-c3ccc(C)cc3)n2)cc1,uncertainty_sampling,-1.3880897808965493,4.091760627738953,1.5374666547379394,0.9332706894354825,0.3924050632911392,True,0.35135135135135137,366.48600000000005,4.376120000000003,FIAB,B,https://zinc20.docking.org/substances/15832589,False,True,False,False
8412776,Cc1ccc(CSCC(=O)N(C)CC(=O)Nc2c(Cl)cccc2Cl)cc1,uncertainty_sampling,-1.9867241362029449,1.0310408294816031,1.5374507213918385,0.8084506371924047,0.26666666666666666,False,0.25301204819277107,411.35400000000016,4.632120000000004,HJAB,B,https://zinc20.docking.org/substances/8412776,True,True,False,False
55183158,CCCc1nc(CN(CC)C(=O)c2ccc(NC(=O)C3CCC3)cc2)no1,uncertainty_sampling,-2.0295315988552103,0.934261389810378,1.537420380339265,0.9314022799669813,0.3188405797101449,False,0.2716049382716049,370.4530000000002,3.423000000000002,FGAA,A,https://zinc20.docking.org/substances/55183158,True,True,False,False
56455500,CCN(CC)C(=O)CCNC(=O)N(C)Cc1ccc(-c2ccccc2)cc1,uncertainty_sampling,-2.050577032740189,0.8900675487755255,1.5369052809101564,0.8631573239432804,0.36,True,0.28169014084507044,367.49300000000005,3.7535000000000034,FHAB,B,https://zinc20.docking.org/substances/56455500,False,True,False,False
4679260,CCOc1ccc(-c2cnc(NCc3ccc(C)cc3)n2CCOC)cc1,uncertainty_sampling,-1.3857601158483328,4.113768838939071,1.5363615031263373,0.9303398115095665,0.31645569620253167,False,0.31645569620253167,365.4770000000001,4.5157200000000035,FJAB,B,https://zinc20.docking.org/substances/4679260,True,False,False,False
13012954,CSc1ccc(CN(C)C(=O)CSc2nnc(COc3ccc(Cl)cc3)n2C)cc1,uncertainty_sampling,-2.0384828673092215,0.915202362824972,1.5360240128069707,0.9048688858730984,0.3218390804597701,False,0.25,463.02800000000013,4.520100000000004,JJAB,B,https://zinc20.docking.org/substances/13012954,False,True,False,False
2706339,CCCSc1nnc(CSc2nc(C)cc(C)n2)n1-c1ccc(OCC)cc1,uncertainty_sampling,-1.911957305431176,1.2247365946024353,1.5359416834869417,0.918118783267486,0.2857142857142857,False,0.24390243902439024,415.5880000000002,4.867240000000004,HJAB,B,https://zinc20.docking.org/substances/2706339,False,False,False,False
2621409,CCCCn1c(SCC(=O)c2ccc(F)cc2)nnc1-c1ccc(OC)cc1,uncertainty_sampling,-1.5371994339637851,2.902689393706796,1.5358209650500383,0.9152374047246447,0.3561643835616438,True,0.3561643835616438,399.4910000000001,4.867900000000005,GJAB,B,https://zinc20.docking.org/substances/2621409,False,False,False,False
4710435,CC[C@@H](C)c1ccc(OCC(=O)NCc2cc(C)nc3ccccc23)cc1,uncertainty_sampling,-1.7035993492141743,1.9787943004344741,1.53572893054118,0.9235859298769569,0.39705882352941174,True,0.39705882352941174,362.473,4.751920000000004,FJAB,B,https://zinc20.docking.org/substances/4710435,False,True,False,False
12751792,CN(Cc1nc2ccccc2[nH]1)C(=O)CCCOc1ccc(C(C)(C)C)cc1,uncertainty_sampling,-1.6588632725517232,2.1934953973202624,1.5355755188333093,0.9295697790019812,0.40625,True,0.2826086956521739,379.5040000000001,4.678000000000004,GJAB,B,https://zinc20.docking.org/substances/12751792,False,True,False,False
9643182,CCc1ccc(CN(C)C(=O)CSc2nc(-c3ccccc3)n[nH]2)cc1,uncertainty_sampling,-1.8276997815837601,1.4869631926952305,1.5354162833840643,0.9512788722042379,0.3125,False,0.29411764705882354,366.49,3.7848000000000024,FHAB,B,https://zinc20.docking.org/substances/9643182,False,True,False,False
20602498,CCOc1ccc(S(=O)(=O)N(Cc2ccc(F)cc2)Cc2cn(CC)nc2C)cc1,uncertainty_sampling,-2.0677617238661066,0.8555359748737559,1.5347858131263472,0.8726876150419396,0.32894736842105265,False,0.32894736842105265,431.5330000000002,4.1403200000000036,IIAA,A,https://zinc20.docking.org/substances/20602498,False,False,True,False
215876306,Cc1sc2ncnc(SC[C@H](O)COCc3ccc(Cl)cc3)c2c1C,uncertainty_sampling,-1.462423162414897,3.4480760628945206,1.5345960927316635,0.8144186197365549,0.2702702702702703,False,0.21951219512195122,394.9490000000001,4.631340000000003,GJAB,B,https://zinc20.docking.org/substances/215876306,False,False,False,False
7846262,CNC(=O)c1ccc(CN(C)C(=O)CCSc2ccc(Cl)cc2)cc1,uncertainty_sampling,-1.5392560436422642,2.8889761488389585,1.5345040454319123,0.8278157983213784,0.2916666666666667,False,0.2916666666666667,376.909,3.8404000000000034,GHAB,B,https://zinc20.docking.org/substances/7846262,False,True,False,False
7024047,CCOc1ccc(OCCn2nc(-c3cccs3)c3ccccc3c2=O)cc1,uncertainty_sampling,-1.6963354138563047,2.0121696128882545,1.5345022111773639,0.9363968524141894,0.3291139240506329,False,0.28378378378378377,392.48000000000013,4.602700000000004,GJAB,B,https://zinc20.docking.org/substances/7024047,False,False,False,False
25830734,Cc1nnc(SC[C@H](O)Cn2c3ccccc3c3ccccc32)n1Cc1ccccc1,uncertainty_sampling,-1.8401889181716544,1.444811140942878,1.5342480771522253,0.9046988111139175,0.3728813559322034,True,0.3728813559322034,428.56100000000015,4.895920000000004,IJAB,B,https://zinc20.docking.org/substances/25830734,False,False,False,False
642107,CCOc1ccc(NC(=O)CN(Cc2ccc(C)cc2)S(=O)(=O)c2ccc(C)cc2)cc1,uncertainty_sampling,-1.7403540567725497,1.8182179595888095,1.5342234272407345,0.8546352385779887,0.37142857142857144,True,0.37142857142857144,452.57600000000014,4.5317400000000045,JJAA,A,https://zinc20.docking.org/substances/642107,True,True,True,False
9250757,CCc1ccc(OCC(=O)NC[C@H](c2ccc(Cl)cc2)N2CCCCC2)cc1,uncertainty_sampling,-1.6794647708962707,2.0918725887603027,1.5339012445996751,0.9666582809810303,0.3108108108108108,False,0.2857142857142857,400.9500000000002,4.624600000000004,HJAB,B,https://zinc20.docking.org/substances/9250757,False,True,False,True
12585098,CCOc1ccc(OCCn2c([C@H](C)NC(C)=O)nc3ccccc32)cc1,uncertainty_sampling,-2.022694900124818,0.9490849788377828,1.5337384173488189,0.9285265803625071,0.4126984126984127,True,0.3287671232876712,367.44900000000007,3.711100000000002,FHAB,B,https://zinc20.docking.org/substances/12585098,False,True,False,False
2325721021,Cc1ccc(CN(CCc2ccccc2)C(=O)Cn2nc(O)c3ccccc3c2=O)s1,uncertainty_sampling,-1.9532634475518464,1.1136187959081514,1.5335231359052786,0.9313661735563822,0.29069767441860467,False,0.26373626373626374,433.5330000000002,3.743520000000003,IHAB,B,https://zinc20.docking.org/substances/2325721021,False,True,False,False
2985069,O=C(CSCc1ccccc1)NCCSCc1ccc(Cl)cc1,uncertainty_sampling,-2.1151449885378693,0.7671053496794079,1.5334125409125987,0.8014061979648415,0.3333333333333333,False,0.28378378378378377,365.951,4.622800000000004,FJAA,A,https://zinc20.docking.org/substances/2985069,False,True,False,False
12538209,CCOC(=O)c1ccc2c(c1)nc(SCC(=O)Nc1ccc(C)cc1C)n2CC,uncertainty_sampling,-1.5310338359942226,2.944192242091883,1.5323034426521043,0.914419830674579,0.5063291139240507,True,0.5063291139240507,411.52700000000016,4.580540000000004,HJAB,B,https://zinc20.docking.org/substances/12538209,True,True,False,False
3504337,CCOc1ccc(-n2c(COc3ccc(Br)cc3)nnc2SCC(C)=O)cc1,uncertainty_sampling,-1.925443620450512,1.1872888233430852,1.532152284955606,0.8955111316613089,0.35,True,0.25925925925925924,462.36900000000014,4.6886000000000045,JJAB,B,https://zinc20.docking.org/substances/3504337,False,False,False,False
61719765,CCCCc1ccc(NC(=O)Cn2nc(-c3ccc(SC)cc3)ccc2=O)cc1,uncertainty_sampling,-2.0482136670442834,0.8949243664707716,1.5318589059879675,0.9214524137248372,0.4626865671641791,True,0.25287356321839083,407.53900000000004,4.613500000000004,HJAB,B,https://zinc20.docking.org/substances/61719765,True,True,False,False
32778719,CSc1ccccc1NC(=O)CCSCc1nc2ccccc2nc1C,uncertainty_sampling,-2.1036177401783673,0.7877388411593933,1.5318561655378244,0.8832464440497276,0.3116883116883117,False,0.275,383.54200000000003,4.922120000000003,GJAB,B,https://zinc20.docking.org/substances/32778719,True,True,False,False
6810670,Cc1ccc(CN(Cc2ccco2)C(=O)COc2ccc(Br)cc2)cc1,uncertainty_sampling,-1.60780900437837,2.4671240995802735,1.5315302931471764,0.7681126726200991,0.26506024096385544,False,0.25,414.29900000000004,4.958320000000005,HJAB,B,https://zinc20.docking.org/substances/6810670,False,True,False,False
5518091,CCc1ccc(NC(=O)CSc2nnc(-c3ccccc3Cl)n2CC)cc1,uncertainty_sampling,-2.109041526212624,0.7779621605789708,1.5309165288499518,0.9435935223796819,0.4230769230769231,True,0.32098765432098764,400.93500000000006,4.9116000000000035,HJAB,B,https://zinc20.docking.org/substances/5518091,True,True,False,False
7783076,CCN(CC(=O)NCc1ccc(Cl)cc1)C(=O)CCSc1ccc(F)cc1,uncertainty_sampling,-1.732292054764067,1.8522855777330587,1.5305064192369726,0.8764008575962842,0.41333333333333333,True,0.3055555555555556,408.92600000000016,4.1262000000000025,HIAB,B,https://zinc20.docking.org/substances/7783076,False,True,False,False
3429379,CC(C)Cc1ccc([C@H](C)NC(=O)CN(C)CCOc2ccc(Cl)cc2)cc1,uncertainty_sampling,-1.5394903547464267,2.8874179051904156,1.530077920065959,0.8535943345079663,0.3142857142857143,False,0.26582278481012656,402.966,4.726500000000004,HJAB,B,https://zinc20.docking.org/substances/3429379,False,True,False,True
4681140,Cc1ccc(CNC(=O)C[C@@H](C)CC(=O)N(c2ccccc2)c2ccccc2)o1,uncertainty_sampling,-2.2623562279297955,0.5465674596858081,1.529967410238724,0.8585896481163047,0.3114754098360656,False,0.24324324324324326,390.48300000000006,4.985420000000005,GJAB,B,https://zinc20.docking.org/substances/4681140,False,True,False,False
21975542,COC(=O)c1cn(CC(=O)N(Cc2ccc(OC)cc2)CC(F)(F)F)c2ccccc12,uncertainty_sampling,-1.7528561913929097,1.7666227083678334,1.5299407074573599,0.876776316264294,0.4246575342465753,True,0.4246575342465753,434.4140000000001,4.027600000000003,IIAB,B,https://zinc20.docking.org/substances/21975542,False,True,False,False
33026788,CCOc1ccc(NC(=O)CSCc2cc(=O)n3c(C)cccc3n2)cc1,uncertainty_sampling,-1.701967222818409,1.9862448180655456,1.5297363295837079,0.9380295816478096,0.3974358974358974,True,0.3974358974358974,383.47300000000007,3.273520000000002,GGAB,B,https://zinc20.docking.org/substances/33026788,True,True,False,False
96150148,Cc1ccc(SCCCN(C)C(=O)Nc2cccn3nc(C)nc23)cc1,uncertainty_sampling,-1.8959396430620101,1.2707506980386447,1.5296236452035483,0.9495279223196357,0.2564102564102564,False,0.24719101123595505,369.4940000000001,3.9922400000000025,FHAA,A,https://zinc20.docking.org/substances/96150148,True,True,False,False
522209430,CC(C)(C)c1ccc(OCCCC(=O)Nc2ccn(CCc3ccncc3)n2)cc1,uncertainty_sampling,-1.9399345479705965,1.1483266714683174,1.5296089397638652,0.963831872158554,0.2839506172839506,False,0.26744186046511625,406.5300000000001,4.616000000000004,HJAB,B,https://zinc20.docking.org/substances/522209430,True,True,False,False
40157148,CCSCc1ccc(C(=O)OCc2c(Cl)nc3sccn23)cc1,uncertainty_sampling,-1.7204666566591444,1.9034143682789983,1.5291542301648693,0.8891101589074331,0.3125,False,0.24324324324324326,366.895,4.6593000000000035,FJAB,B,https://zinc20.docking.org/substances/40157148,False,False,False,False
1190014,Cc1ccc(N(CC(=O)N(Cc2ccccc2)Cc2ccccc2)S(C)(=O)=O)cc1,uncertainty_sampling,-1.9745706870354374,1.0603013465899842,1.5291154895749925,0.7993826558182352,0.32075471698113206,False,0.25,422.5500000000001,3.990020000000003,HHAA,A,https://zinc20.docking.org/substances/1190014,False,True,True,False
67706939,CC1CCN([C@H](C)CNC(=O)N(C)Cc2cc(Br)cs2)CC1,uncertainty_sampling,-1.6978001111802183,2.005394820044852,1.5286951893234437,0.8859874002219169,0.25925925925925924,False,0.24719101123595505,388.37500000000006,3.772400000000002,GHAB,B,https://zinc20.docking.org/substances/67706939,False,True,False,True
5430296,CCn1c(Cc2ccccc2)nnc1SCC(=O)c1ccc(Cl)cc1,uncertainty_sampling,-2.096108007589707,0.801478713515969,1.5286114870671328,0.9099754949584589,0.4,True,0.4,371.89300000000003,4.517200000000003,FJAB,B,https://zinc20.docking.org/substances/5430296,False,False,False,False
33326094,CCOc1ccc(NC(=O)CCC(=O)N2CCC[C@@H]2c2nc3ccccc3s2)cc1,uncertainty_sampling,-1.9739397213436796,1.061842927303134,1.5284206012242276,0.9467977195739405,0.4473684210526316,True,0.3902439024390244,423.538,4.777400000000004,HJAB,B,https://zinc20.docking.org/substances/33326094,True,True,False,False
521297009,CC(C)Oc1ccc(CNC(=O)CN(CC(=O)N(C)C)c2ccccc2)cc1,uncertainty_sampling,-2.0421087365412873,0.9075932629389469,1.5282445384294705,0.8975410301135114,0.35185185185185186,True,0.3424657534246575,383.4920000000001,2.684800000000001,GFAB,B,https://zinc20.docking.org/substances/521297009,False,True,False,False
3275126,CCSc1nnc(NC(=O)CCOc2ccc(C(C)(C)C)cc2)s1,uncertainty_sampling,-1.6200526668517543,2.3985420304110807,1.527999403011461,0.8886201768537056,0.2727272727272727,False,0.25333333333333335,365.52400000000006,4.3552000000000035,FIAB,B,https://zinc20.docking.org/substances/3275126,True,True,False,False
1173598,CCOc1ccc(S(=O)(=O)N(Cc2ccccc2)Cc2ccccc2)cc1,uncertainty_sampling,-1.5352061913339685,2.9160422269131714,1.527579446119337,0.7097541827670877,0.4166666666666667,True,0.4067796610169492,381.49700000000007,4.476400000000004,GIAA,A,https://zinc20.docking.org/substances/1173598,False,False,True,False
4183173,CCCOc1ccc(C(=O)N(Cc2ccc(CC)cc2)[C@H]2CCS(=O)(=O)C2)cc1,uncertainty_sampling,-1.7604388539238573,1.7360456705549945,1.527561161881566,0.8982064842336418,0.3698630136986301,True,0.25,415.5550000000001,3.8673000000000037,HHAB,B,https://zinc20.docking.org/substances/4183173,False,True,False,False
35145310,CC[C@H](C)c1ccc(OCCn2c(CNC=O)nc3ccccc32)cc1,uncertainty_sampling,-2.1915293622684446,0.6433845648565177,1.527545154399055,0.9142658884151306,0.4603174603174603,True,0.2948717948717949,351.45000000000005,3.8748000000000022,FHAB,B,https://zinc20.docking.org/substances/35145310,False,True,False,False
221166396,CN(CCc1ccncc1)C(=O)c1ccc(CSc2ccccn2)cc1,uncertainty_sampling,-1.9722285868979559,1.0660348759080405,1.5273215041681365,0.9409194344394973,0.3333333333333333,False,0.29850746268656714,363.48600000000005,4.083600000000003,FIAA,A,https://zinc20.docking.org/substances/221166396,False,True,False,False
4681778,CCCC[C@H](CC)CNC(=O)COCC(=O)N(c1ccccc1)c1ccccc1,uncertainty_sampling,-2.3233228282449714,0.47498202178306276,1.5272015042098293,0.848679299904766,0.2876712328767123,False,0.2692307692307692,396.531,4.700500000000004,GJAB,B,https://zinc20.docking.org/substances/4681778,False,True,False,False
1757155,CCOC(=O)CSc1ncnc2c1sc1nc(CC(C)C)c3c(c12)CCCC3,uncertainty_sampling,-1.8098767996273524,1.5492560485166573,1.5271570652778137,0.8691207059179306,0.27380952380952384,False,0.21739130434782608,415.58400000000034,4.972000000000005,HJAB,B,https://zinc20.docking.org/substances/1757155,False,False,False,False
9537250,CCOc1cc(CNCc2ccccc2)ccc1OCCOc1ccc(F)cc1,uncertainty_sampling,-1.4844176541470455,3.2777992071800037,1.5271029291855687,0.8480783300798662,0.33783783783783783,False,0.33783783783783783,395.4740000000002,4.972000000000005,GJAB,B,https://zinc20.docking.org/substances/9537250,False,False,False,False
245229101,C[C@@H]1C[N@@+](Cc2ccccc2)(C[C@@H](O)COc2ccc(-c3ccccc3)cc2)C[C@H](C)O1,uncertainty_sampling,-1.8256678177893004,1.4939366516746986,1.5264642466048979,0.8345992383243293,0.2631578947368421,False,0.2631578947368421,432.5840000000001,4.917500000000005,IJBB,B,https://zinc20.docking.org/substances/245229101,False,False,False,False
12594994,CN(Cc1ccccc1)Cc1ccc(OC[C@@H](O)CN(C)Cc2ccccc2)cc1,uncertainty_sampling,-2.1815044769568748,0.6584086426540771,1.5264580684198525,0.8246521240742013,0.3225806451612903,False,0.26666666666666666,404.5540000000001,4.190300000000004,HIAA,A,https://zinc20.docking.org/substances/12594994,False,False,False,True
11842502,Cc1ccsc1C(=O)N(C)C[C@@H]1CCCN(CCc2ccc(Cl)cc2)C1,uncertainty_sampling,-2.0695288623273984,0.8520618831988988,1.5262478668726742,0.961061316558855,0.29411764705882354,False,0.2857142857142857,390.98000000000013,4.736620000000005,GJAA,A,https://zinc20.docking.org/substances/11842502,False,True,False,True
12779119,CCN(C(=O)CSCc1ccc(C(=O)O)cc1)c1cccc2ccccc12,uncertainty_sampling,-1.5877350153776555,2.583836236526635,1.5261556296203282,0.8075880638182888,0.2911392405063291,False,0.2835820895522388,379.4810000000001,4.824300000000004,GJAB,B,https://zinc20.docking.org/substances/12779119,False,True,False,False
1712467,CCOC(=O)[C@H](c1ccccc1)N(CCCN(CC)CC)c1ccccc1,uncertainty_sampling,-2.2278970315237556,0.5917019063275128,1.526061268983652,0.8276736067124095,0.375,True,0.375,368.5210000000001,4.5293000000000045,FJAB,B,https://zinc20.docking.org/substances/1712467,False,False,False,True
98212042,CCOc1ccc(CNCc2nc(C)n(-c3ccc(Cl)cc3)n2)cc1,uncertainty_sampling,-1.5084559234113546,3.101302124010989,1.5257633365156156,0.9215865487842158,0.34285714285714286,True,0.34285714285714286,356.857,3.917620000000002,FHAB,B,https://zinc20.docking.org/substances/98212042,False,False,False,False
8374573,Cc1ccc(CSCC(=O)N(C)CC(=O)Nc2ccc(C)cc2)cc1,uncertainty_sampling,-1.6272267246203467,2.359246260677705,1.5256664574450627,0.8284796250092478,0.2807017543859649,False,0.26666666666666666,356.4910000000001,3.633740000000002,FHAB,B,https://zinc20.docking.org/substances/8374573,True,True,False,False
6228802,O=c1c2ccccc2nc(SCCOc2ccccc2)n1Cc1ccccc1,uncertainty_sampling,-1.90648024641409,1.2402800371206806,1.525618752765655,0.9176498089861199,0.4411764705882353,True,0.4225352112676056,388.4920000000001,4.6159000000000034,GJAB,B,https://zinc20.docking.org/substances/6228802,False,False,False,False
26043040,CC(=O)NCc1ccc(C(=O)CSc2nccn2Cc2ccccc2)cc1,uncertainty_sampling,-1.6918729871793197,2.032951476576208,1.525166073061218,0.9417230692312849,0.32051282051282054,False,0.3013698630136986,379.48500000000007,3.542500000000002,GHAB,B,https://zinc20.docking.org/substances/26043040,False,True,False,False
5626874,CCN(CC(=O)NCc1ccc(F)cc1)C(=O)CSc1ccc2ccccc2n1,uncertainty_sampling,-1.9272080962435145,1.1824748261394438,1.5249426040559158,0.9020283119915901,0.5492957746478874,True,0.3132530120481928,411.50200000000007,3.6309000000000022,HHAB,B,https://zinc20.docking.org/substances/5626874,False,True,False,False
19953936,CCCCn1c(=N)n(CCOc2ccc(Br)cc2)c2ccccc21,uncertainty_sampling,-2.237449102220003,0.5788298211856358,1.5248698595440053,0.8599390970060155,0.38596491228070173,True,0.2191780821917808,388.3090000000001,4.563870000000004,GJAA,A,https://zinc20.docking.org/substances/19953936,False,False,False,False
5146912,CCCN(CCC)C(=O)Cc1csc2nc(-c3ccc(OCC)cc3)cn12,uncertainty_sampling,-1.7774392201194522,1.6694014250064233,1.5243547950882168,0.9648805265362149,0.352112676056338,True,0.352112676056338,385.53300000000013,4.652600000000004,GJAB,B,https://zinc20.docking.org/substances/5146912,False,True,False,False
20608242,CC[C@H](C)c1ccc(S(=O)(=O)N(Cc2ccccc2)Cc2cnn(CC)c2)cc1,uncertainty_sampling,-2.0973609474337245,0.7991697791807372,1.5237777932346783,0.8677198685690248,0.2564102564102564,False,0.2564102564102564,411.57100000000014,4.807600000000004,HJAA,A,https://zinc20.docking.org/substances/20608242,False,False,True,False
2393589,CCCCO[P@@](=O)(c1ccc(N(C)C)cc1)[C@@H](O)c1ccc(C)cc1,uncertainty_sampling,-1.570396878877659,2.68907627540922,1.5236383721092874,0.8145416247094011,0.30434782608695654,False,0.22666666666666666,361.4220000000001,4.4722200000000045,FIAB,B,https://zinc20.docking.org/substances/2393589,False,False,False,False
6435169,O=C(CCCSc1nc2ccccc2s1)NCCc1ccc(F)cc1,uncertainty_sampling,-1.9573510624154389,1.1031864973749865,1.5235307386815773,0.9150874900828175,0.35526315789473684,True,0.35526315789473684,374.5060000000002,4.666600000000003,FJAB,B,https://zinc20.docking.org/substances/6435169,False,True,False,False
12634767,CCOc1ccc(-n2c(SCCC(N)=O)nnc2-c2ccc(C(C)(C)C)cc2)cc1,uncertainty_sampling,-1.9545530969653806,1.1103167793936166,1.5235107877833862,0.9215201480249559,0.2988505747126437,False,0.275,424.57000000000016,4.598000000000003,HJAB,B,https://zinc20.docking.org/substances/12634767,False,True,False,False
2983845,Cc1ccccc1CSCC(=O)NCCSc1ccc(Cl)cc1,uncertainty_sampling,-2.135127321165138,0.7326097240594687,1.5227125824628145,0.7967910323540588,0.2804878048780488,False,0.24358974358974358,365.951,4.790120000000004,FJAA,A,https://zinc20.docking.org/substances/2983845,False,True,False,False
4800245,CCCn1c(SCC(=O)Nc2ccc(C(C)C)cc2)nnc1-c1ccncc1,uncertainty_sampling,-1.7564045075914339,1.7522476750149827,1.522677262544754,0.9765527088576254,0.3220338983050847,False,0.28378378378378377,395.5320000000001,4.604300000000003,GJAB,B,https://zinc20.docking.org/substances/4800245,True,True,False,False
584891025,CCCc1noc(CN(C)C(=O)NCc2cc(-c3ccc(OC)cc3)no2)n1,uncertainty_sampling,-1.8453666126110722,1.427688257027168,1.522487490991524,0.8519629060406477,0.3048780487804878,False,0.3048780487804878,385.4240000000001,3.027300000000001,GGAA,A,https://zinc20.docking.org/substances/584891025,False,True,False,False
12553478,O=C(CCSc1nc2ccccc2s1)NCc1ccc(Cn2cccn2)cc1,uncertainty_sampling,-1.6797180364934088,2.090653036286011,1.52242012338325,0.9378257958954553,0.37037037037037035,True,0.28735632183908044,408.55200000000013,4.339700000000003,HIAB,B,https://zinc20.docking.org/substances/12553478,False,True,False,False
28538595,CCOc1ccc(Nc2nnc(SCc3ccc(Br)cc3)n(CC)c2=O)cc1,uncertainty_sampling,-1.642355171243493,2.2784779432227187,1.5223862202153302,0.8912629913534141,0.2891566265060241,False,0.2891566265060241,461.3850000000001,4.855300000000004,JJAB,B,https://zinc20.docking.org/substances/28538595,True,False,False,False
72493507,CN(C)C(=O)CN(CC(=O)NCc1ccc(Cl)cc1)c1ccccc1,uncertainty_sampling,-1.8262297278610986,1.4920049779931723,1.522104368206509,0.8645690078754293,0.3877551020408163,True,0.36764705882352944,359.857,2.551000000000001,FFAB,B,https://zinc20.docking.org/substances/72493507,False,True,False,False
14087723,CCn1c(COc2ccccc2)nnc1SCc1cccc(Cl)c1,uncertainty_sampling,-2.0960255322489845,0.8016309339787022,1.521823821682092,0.9080253737244022,0.36065573770491804,True,0.36065573770491804,359.88200000000006,4.822700000000004,FJAB,B,https://zinc20.docking.org/substances/14087723,False,False,False,False
2333318,CCCSc1nc(NCCCN(C)C)c2c3c(sc2n1)COC(C)(C)C3,uncertainty_sampling,-1.953986196530224,1.11176706275052,1.521529021873669,0.8897559312834528,0.23376623376623376,False,0.17391304347826086,394.6100000000001,4.408300000000004,GIAB,B,https://zinc20.docking.org/substances/2333318,True,False,False,True
334163358,CCSCn1c(Nc2ccc(CC)cc2)nnc(COc2ccc(Cl)cc2)c1=O,uncertainty_sampling,-1.6119502808257327,2.443710299061399,1.5214643173444478,0.8986840818313874,0.3055555555555556,False,0.273972602739726,430.9610000000002,4.887300000000004,IJAB,B,https://zinc20.docking.org/substances/334163358,True,False,False,False
3612173,c1ccc(Cn2c3ccccc3n3c(SCCOc4ccccc4)nnc23)cc1,uncertainty_sampling,-1.9605585534056653,1.095068903625633,1.521388970367578,0.9120552414255235,0.3389830508474576,False,0.3389830508474576,400.50700000000006,4.903400000000004,HJAA,A,https://zinc20.docking.org/substances/3612173,False,False,False,False
26520370,CN(CCOc1ccc(F)cc1)C(=O)NC[C@@H]1COc2ccccc2O1,uncertainty_sampling,-1.9251367429578337,1.1881280718033962,1.520702839830502,0.8907607665151416,0.30120481927710846,False,0.26582278481012656,360.38500000000005,2.685900000000001,FFAB,B,https://zinc20.docking.org/substances/26520370,False,True,False,False
9967646,CCOc1ccc(-n2c(SCCOC)nnc2-c2c[nH]c3ccccc23)cc1,uncertainty_sampling,-1.8337360746426214,1.4664387405813857,1.5206156355051756,0.9128051667464819,0.3253012048192771,False,0.3253012048192771,394.50000000000006,4.552800000000003,GJAB,B,https://zinc20.docking.org/substances/9967646,False,False,False,False
153924365,CN(Cc1ccc2c(c1)OCO2)C(=O)NCCc1nc2c(s1)CCCC2,uncertainty_sampling,-1.840208113050576,1.444747284819416,1.5204322591739576,0.8965806114152506,0.358974358974359,True,0.32941176470588235,373.4780000000001,3.1347000000000014,FGAA,A,https://zinc20.docking.org/substances/153924365,False,True,False,False
670453182,Cc1ncn(CCNC(=O)N(C)Cc2ccc(C(F)(F)F)cc2)c1C,uncertainty_sampling,-1.7613645940105949,1.732349064955188,1.5203873048074237,0.8995944177262929,0.27586206896551724,False,0.27586206896551724,354.37600000000003,3.3603400000000017,FGAA,A,https://zinc20.docking.org/substances/670453182,False,True,False,False
2851801,Cc1ccc(SCCC(=O)NCCSCc2ccccc2C)cc1,uncertainty_sampling,-2.048163650472467,0.8950274385297475,1.5202843839232283,0.8355803166662157,0.2676056338028169,False,0.24675324675324675,359.56000000000006,4.835240000000004,FJAA,A,https://zinc20.docking.org/substances/2851801,False,True,False,False
64411601,c1ccc(COc2ccc(CNC[C@H]3COc4ccccc4C3)cc2)nc1,uncertainty_sampling,-1.6937266891802105,2.024292708667092,1.520083130972656,0.9209198687547119,0.28,False,0.2564102564102564,360.45700000000005,4.001500000000003,FIAB,B,https://zinc20.docking.org/substances/64411601,False,False,False,False
575442387,CC(C)c1ccc(CN2CCN([C@H](O)CCOc3ccc(F)cc3)CC2)cc1,uncertainty_sampling,-2.035895218736673,0.9206716733652167,1.519707021311239,0.9365760412342995,0.2976190476190476,False,0.24096385542168675,386.5110000000001,3.854200000000003,GHAB,B,https://zinc20.docking.org/substances/575442387,False,False,False,True
72330918,CCOc1ccc(CC(=O)OCC(=O)N(C)c2ccccc2)cc1OCC,uncertainty_sampling,-2.278199217810113,0.5269880681323523,1.5194025660702615,0.8776219427363898,0.3880597014925373,True,0.32,371.4330000000001,3.232700000000002,FGAB,B,https://zinc20.docking.org/substances/72330918,False,True,False,False
4619585,CCc1ccc(N(CC(=O)c2ccccc2)C2=N[C@@H](CC)CS2)cc1,uncertainty_sampling,-1.6145617674087946,2.4290599450941666,1.5193980683310782,0.8806281663379092,0.2898550724637681,False,0.2898550724637681,352.50300000000016,4.8197000000000045,FJAB,B,https://zinc20.docking.org/substances/4619585,False,False,False,False
23081125,CCN(CC)S(=O)(=O)c1ccc(CNC(=O)N(C)Cc2ccc(Cl)cc2Cl)s1,uncertainty_sampling,-1.914498791447769,1.2175903811441766,1.519311080398271,0.7893849638780291,0.25,False,0.23809523809523808,464.44000000000017,4.427000000000003,JIAB,B,https://zinc20.docking.org/substances/23081125,False,True,True,False
2814427,CCc1ccc(N(CC(=O)NCCSC2CCCCC2)S(C)(=O)=O)cc1,uncertainty_sampling,-1.8999113797905147,1.2591823287525885,1.519009607880944,0.8599793822462345,0.32941176470588235,False,0.2564102564102564,398.59400000000016,3.1971000000000016,GGAA,A,https://zinc20.docking.org/substances/2814427,False,True,True,False
91713934,CCN(Cc1noc(C)n1)C(=O)[C@H]1CCC(=O)N(Cc2ccc(Cl)cc2)C1,uncertainty_sampling,-1.8926584461574156,1.2803878780281033,1.5189061227383431,0.9202081743051815,0.2962962962962963,False,0.29069767441860467,390.8710000000001,2.818720000000001,GFAA,A,https://zinc20.docking.org/substances/91713934,False,True,False,False
8131521,CCn1c(C)cc(C(=O)CSc2nnc(-c3ccco3)n2Cc2ccccc2)c1C,uncertainty_sampling,-1.7814843291611524,1.653924462978625,1.5184646668583113,0.9231947407782931,0.4935064935064935,True,0.35294117647058826,420.5380000000001,4.999640000000005,HJAB,B,https://zinc20.docking.org/substances/8131521,False,False,False,False
4995386,CCOc1ccc(N(CC(=O)NCC(C)C)S(=O)(=O)c2ccc(C)cc2)cc1,uncertainty_sampling,-1.5711683993037726,2.68430339519131,1.5182387706533946,0.8331910287025799,0.352112676056338,True,0.352112676056338,404.53200000000015,3.361220000000002,HGAB,B,https://zinc20.docking.org/substances/4995386,False,True,True,False
15356951,CCCn1nnc(NCc2c(OCc3ccc(C)cc3)ccc3ccccc23)n1,uncertainty_sampling,-1.7024649353403434,1.9839698348299981,1.5181663458313623,0.9116989208295174,0.30985915492957744,False,0.23943661971830985,387.4870000000001,4.735820000000004,GJAB,B,https://zinc20.docking.org/substances/15356951,True,False,False,False
14981643,CN(Cc1cccc(Oc2ccccc2)c1)Cc1nnc(SCc2ccncc2)n1C,uncertainty_sampling,-1.985187209291423,1.0346960489460388,1.5181449376689709,0.924668760600159,0.3939393939393939,True,0.3939393939393939,431.5650000000001,4.926700000000005,IJAA,A,https://zinc20.docking.org/substances/14981643,False,False,False,True
12818273,CCCOc1ccc2ccccc2c1CN(C)S(=O)(=O)c1ccc(C(C)=O)cc1,uncertainty_sampling,-1.7560361801841509,1.753734395733879,1.5177244241973862,0.8711902298511788,0.25,False,0.24705882352941178,411.52300000000014,4.651900000000005,HJAB,B,https://zinc20.docking.org/substances/12818273,False,False,True,False
1911990,CCCOc1ccc(-c2csc3ncn(CCC(C)C)c(=O)c23)cc1,uncertainty_sampling,-1.745977408812225,1.7948269879518117,1.5177001464014754,0.924673806895952,0.3333333333333333,False,0.20833333333333334,356.4910000000001,4.959900000000005,FJAA,A,https://zinc20.docking.org/substances/1911990,False,False,False,False
7782548,CCOc1ccc(CN(C)[C@H](C)C(=O)NCCc2ccc(F)cc2)cc1,uncertainty_sampling,-1.4399976659262006,3.6308000610332654,1.5175554788613508,0.8981574765167234,0.43283582089552236,True,0.36619718309859156,358.457,3.4036000000000017,FGAB,B,https://zinc20.docking.org/substances/7782548,False,True,False,True
1161699,CCc1ccc(NC(=O)CN(CCc2ccccc2)S(=O)(=O)c2ccc(C)cc2)cc1,uncertainty_sampling,-2.0000920106029794,0.9997881601984026,1.5173827478603954,0.8482504151613665,0.3333333333333333,False,0.32051282051282054,436.5770000000001,4.429520000000005,IIAA,A,https://zinc20.docking.org/substances/1161699,True,True,True,False
6560794,Cc1ccc(CN(C)C(=O)CSCC(=O)Nc2ccc(F)cc2)cc1,uncertainty_sampling,-1.499347609671367,3.1670315535673885,1.5172565271145233,0.8273318115178618,0.3013698630136986,False,0.28378378378378377,360.454,3.4644200000000023,FGAB,B,https://zinc20.docking.org/substances/6560794,True,True,False,False
584903114,CCOc1ccc(CN(C(=O)NCc2sc(C)nc2CC)C2CC2)cc1,uncertainty_sampling,-1.5633240131939548,2.7332287910342505,1.5172096050827835,0.9313300892192161,0.3684210526315789,True,0.36,373.52200000000016,4.286820000000004,FIAA,A,https://zinc20.docking.org/substances/584903114,False,True,False,False
32142633,Brc1ccc(OCCOCCOCCOc2ccc(Br)cc2)cc1,uncertainty_sampling,-1.5838800593621096,2.6068734000082823,1.516942595539389,0.6744526020155122,0.34375,True,0.16071428571428573,460.16200000000003,4.702600000000004,JJAA,A,https://zinc20.docking.org/substances/32142633,False,False,False,False
1875289199,Cc1noc(C)c1[C@@H](C)CNC(=O)N(C)Cc1ccc(Cn2ccnc2)cc1,uncertainty_sampling,-2.2470354758300446,0.5661930370382987,1.5168590462332248,0.9264386283451732,0.3620689655172414,True,0.26582278481012656,381.4800000000001,3.481340000000002,GGAB,B,https://zinc20.docking.org/substances/1875289199,False,True,False,False
1758903,CCOc1ccc(N(CCN(C)C)C(=O)C(c2ccccc2)c2ccccc2)cc1,uncertainty_sampling,-1.8867185399260098,1.2980202268877965,1.5165737708954516,0.8886415298058113,0.32,False,0.2898550724637681,402.53800000000007,4.812000000000005,HJAB,B,https://zinc20.docking.org/substances/1758903,False,True,False,True
26045968,CC(=O)NCCc1ccc(C(=O)CSc2nccn2-c2cc(C)cc(C)c2)cc1,uncertainty_sampling,-1.8986113737046661,1.262957180148715,1.5164088641744808,0.938175581397005,0.2839506172839506,False,0.27906976744186046,407.5390000000001,4.142740000000003,HIAB,B,https://zinc20.docking.org/substances/26045968,False,True,False,False
6311409,CCN(CC)C(=O)CSc1nc(-c2cccc(C)c2)nc2c1CCCC2,uncertainty_sampling,-1.9270341609292783,1.1829485031739566,1.516393431025508,0.9357216557203313,0.375,True,0.29333333333333333,369.5340000000002,4.291320000000003,FIAB,B,https://zinc20.docking.org/substances/6311409,False,True,False,False
253595932,CO[C@@H]1C[C@]23[C@H]4[C@H]5[C@@H](CC[C@@H]5O1)[C@H]1[C@@H]4[C@H]4[C@H]5[C@@H]6[C@@H](CC[C@@H]6O[C@H]2[C@]51C)[C@@H]43,space_expansion,-0.9854640323864086,10.340367347981875,1.11696976995799,0.5061608438859379,0.10843373493975904,False,0.0989010989010989,354.4900000000001,3.3255000000000017,FGAA,A,https://zinc20.docking.org/substances/253595932,False,False,False,False
257358367,CO[C@@]12[C@H]3[C@@H]4[C@@H]5[C@@H]6[C@@H]3[C@@H]3[C@@H]7[C@@H]8[C@H]([C@@H]9[C@@H]%10[C@H]([C@H]4[C@H]91)[C@H]5[C@](Br)([C@@H]8%10)[C@@H]67)[C@H]32,space_expansion,-0.7262599026943167,18.781924797443832,0.9673056054576049,0.5004271463792652,0.10909090909090909,False,0.08695652173913043,369.302,2.746500000000001,FFAA,A,https://zinc20.docking.org/substances/257358367,False,False,False,False
104078555,NC(=O)C12C3(Cl)[C@]4(Cl)C5(Cl)C(Cl)(Cl)C(Cl)([C@@]14Cl)[C@]2(Cl)[C@]53Cl,space_expansion,-0.7557307311895539,17.549682701003494,1.0607320412138288,0.5162242685205666,0.1111111111111111,False,0.0851063829787234,471.2090000000002,3.5431999999999997,JHAB,B,https://zinc20.docking.org/substances/104078555,False,True,False,False
5528112,C[C@@H]1CC[C@@H]2[C@]3(C)COC(C)(C)O[C@H]3CC[C@]2(C)[C@@]12CC[C@]1(CCOC1)O2,space_expansion,-1.0694743040037333,8.521689303524752,1.2065278269662227,0.569892714028707,0.11235955056179775,False,0.0963855421686747,378.5530000000003,4.698700000000004,GJAA,A,https://zinc20.docking.org/substances/5528112,False,False,False,False
104130546,COC1(OC)C(Cl)=C(Cl)[C@H]2[C@H]1[C@]1(Cl)C(Cl)=C(Cl)[C@]2(Cl)C1(OC)OC,space_expansion,-0.8390769059039629,14.485153242793055,1.055584751406564,0.5826175490761047,0.11688311688311688,False,0.11688311688311688,458.9800000000002,4.571400000000003,JJAB,B,https://zinc20.docking.org/substances/104130546,False,False,False,False
253595728,CO[C@H]1O[C@H]2CC[C@@H]3[C@H]2[C@@H]2[C@@H]4[C@H]5[C@H]6[C@H]7[C@@H](CC[C@H]7O[C@H](OC)[C@@]6(C)[C@@H]34)[C@H]5[C@]12C,space_expansion,-0.736546795406904,18.34227517709132,1.0208607265421539,0.5063314862291521,0.12162162162162163,False,0.10256410256410256,386.53200000000015,3.545600000000002,GHAA,A,https://zinc20.docking.org/substances/253595728,False,False,False,False
104169942,Oc1c(Br)cc(Br)cc1/C=C\NC(=S)N[C@H]1C[C@@H]2C[C@@H]1[C@H]1C=CC[C@H]21,space_expansion,-1.4272505286315267,3.738948397662894,1.272859972942211,0.6937898039967814,0.12345679012345678,False,0.1,484.2570000000002,4.952700000000004,JJAB,B,https://zinc20.docking.org/substances/104169942,False,False,False,False
3881322,C[C@@H]1CC[C@@H]2[C@]3(C)COC(C)(C)O[C@H]3CC[C@]2(C)[C@@]12CC[C@@](CO)(CCO)O2,space_expansion,-1.0749450807764875,8.415015479929322,1.1294099153263646,0.5830461009583492,0.125,False,0.11363636363636363,396.56800000000027,3.6531000000000033,GHAB,B,https://zinc20.docking.org/substances/3881322,False,False,False,False
4813935,C[N+](C)(C)CCSC(=O)CCCCCCC(=O)SCC[N+](C)(C)C,space_expansion,-1.8309944673057073,1.475725333158144,1.4760106211500879,0.6571075768910327,0.125,False,0.11475409836065574,378.6480000000001,3.259000000000002,GGBB,B,https://zinc20.docking.org/substances/4813935,False,False,False,False
5479600,C[C@@H]1O[C@H]2CO[C@H](C)O[C@H]2[C@H](C(C2C(=O)CC(C)(C)CC2=O)C2C(=O)CC(C)(C)CC2=O)O1,space_expansion,-1.0147469101978646,9.666140196505056,1.2238438829276193,0.5270701123560144,0.1282051282051282,False,0.1125,464.55500000000035,2.6427999999999994,JFAB,B,https://zinc20.docking.org/substances/5479600,False,False,False,False
70688107,C[C@H]1CC[C@H]2[C@H](C)[C@H]3C[C@H](O)[C@@H]4[C@@H](C[C@H]5[C@H]4C[C@@H](O)[C@H]4C[C@H](O)CC[C@@]45C)[C@@H]3CN2C1,space_expansion,-1.1269012920094237,7.466184332134398,1.227938464863982,0.5020216174092056,0.12871287128712872,False,0.10344827586206896,431.6610000000003,3.5340000000000025,IHAB,B,https://zinc20.docking.org/substances/70688107,False,False,False,True
584567035,CN[C@@H](C)[C@H]1[C@H](O)C[C@]2(C)[C@@H]3CC[C@H]4C(C)(C)[C@@H](NC)CC[C@]45C[C@@]35CC[C@]12C,space_expansion,-1.2939498259769024,5.0821815359081,1.3467424966433055,0.6051506058739986,0.12941176470588237,False,0.10638297872340426,402.66700000000026,4.592200000000004,HJAB,B,https://zinc20.docking.org/substances/584567035,False,False,False,False
248293854,CC(C)(C)[C@@H]1CC[C@@H]2OCCOCCO[C@@H]3CCCC[C@H]3OCCOCCO[C@H]2C1,space_expansion,-1.3301390017308568,4.675854603830586,1.2767491924553938,0.6699233676697192,0.12962962962962962,False,0.0975609756097561,428.6100000000003,3.9942000000000037,IHAB,B,https://zinc20.docking.org/substances/248293854,False,False,False,False
253390514,CC(=O)OC/C(=C/CC/C(=C\CC/C(C)=C/CO)CO)CCC=C(C)C,space_expansion,-0.9554914298319995,11.0792042835186,1.1847367555798618,0.5000785598843099,0.13043478260869565,False,0.12790697674418605,364.5260000000002,4.640000000000004,FJAB,B,https://zinc20.docking.org/substances/253390514,False,False,False,False
104078488,O=C1[C@@]2(Cl)[C@]3(Cl)[C@]4(Cl)[C@]5(Cl)C6(OCCO6)[C@@](Cl)([C@]1(Cl)[C@@]53Cl)[C@]24Cl,space_expansion,-0.7133634675139774,19.348020215635405,0.9716815184284543,0.50993136172298,0.13333333333333333,False,0.13333333333333333,479.7850000000003,3.1874000000000002,JGAB,B,https://zinc20.docking.org/substances/104078488,False,False,False,False
2060993649,CN[C@H]1CC[C@@]23C[C@@]24C=C[C@@]2(C)[C@H]([C@@H](C)NC)[C@@H](O)C[C@]2(C)[C@H]4CC[C@@H]3C1(C)C,space_expansion,-1.181806677284389,6.579506536500782,1.2761930116624967,0.6225817696334637,0.1348314606741573,False,0.12087912087912088,400.6510000000003,4.368200000000003,HIAB,B,https://zinc20.docking.org/substances/2060993649,False,False,False,False
2332918255,C/C=C/C=C/C[C@@H]1CC=CC=CC=CC=C[C@@H](O)[C@H](O)C=C(C)C=CC=CC(=O)N1,space_expansion,-0.806315832400478,15.620112865000241,1.0542941459554485,0.5788888009076366,0.13513513513513514,False,0.11764705882352941,407.55400000000014,4.402600000000003,HIAB,B,https://zinc20.docking.org/substances/2332918255,False,True,False,False
118924364,CN(C=O)[C@H]1CC[C@H]2[C@@H]3CC=C4C[C@@H](OC=O)CC[C@]4(C)[C@H]3CC[C@]12C,space_expansion,-1.049099974104523,8.930998694759703,1.1618063206343259,0.5537842626782136,0.13580246913580246,False,0.11702127659574468,359.51000000000016,3.947600000000003,FHAB,B,https://zinc20.docking.org/substances/118924364,False,True,False,False
16940871,Nc1nnc(SCCCCCCCCCCSc2nnc(N)s2)s1,space_expansion,-1.2731315815380777,5.331733313904021,1.2735792981236589,0.7133346307386428,0.13636363636363635,False,0.1320754716981132,404.656,4.559200000000003,HJAB,B,https://zinc20.docking.org/substances/16940871,True,False,False,False
17196935,CSc1nc(O)c2sc3nc(C(C)C)c4c(c3c2n1)CC(C)(C)OC4,space_expansion,-0.8987793907312253,12.624686699850777,1.053123953150102,0.785754288945722,0.13725490196078433,False,0.13043478260869565,375.5190000000002,4.641700000000004,GJAB,B,https://zinc20.docking.org/substances/17196935,False,False,False,False
5631039,C1CC[C@@H]2OCCOCCO[C@H]3CCCC[C@@H]3OCCOCCO[C@H]2C1,space_expansion,-0.9697919189192363,10.720328192848683,1.1955264071329172,0.6852995230716132,0.13725490196078433,False,0.09375,372.50200000000024,2.7220000000000004,FFAB,B,https://zinc20.docking.org/substances/5631039,False,False,False,False
299872773,CC(C)NC[C@]1(O)C[C@@H]2[C@H]3CC[C@H]4C[C@@H](O)CC[C@]4(C)[C@@H]3CC[C@]2(C)C1,space_expansion,-1.0337493491152638,9.252320128936779,1.1708475241327254,0.5505885003008618,0.13793103448275862,False,0.13636363636363635,363.5860000000002,4.119100000000003,FIAA,A,https://zinc20.docking.org/substances/299872773,False,False,False,False
450613379,CC(C)c1n[nH]c(=NCc2c(Br)cncc2Br)o1,space_expansion,-0.35397577773573485,44.26130578972805,0.6542332189511872,0.6346408995116416,0.13793103448275862,False,0.13414634146341464,376.052,3.147000000000001,GGAB,B,https://zinc20.docking.org/substances/450613379,False,False,False,False
118921904,Cc1nn(C)c(C)c1/C=C1\C[C@H]2[C@@H]3CC[C@H]4C[C@H](O)CC[C@]4(C)[C@H]3CC[C@]2(C)[C@@H]1O,space_expansion,-1.2923415931226705,5.101036215529234,1.2284960358598913,0.7268590667936415,0.13861386138613863,False,0.13402061855670103,412.6180000000002,4.794740000000005,HJAB,B,https://zinc20.docking.org/substances/118921904,False,False,False,False
504185756,CC1=C[C@@]23C(=O)[C@@H](C=C4COC(C)(C)O[C@@H]4[C@]2(O)[C@@H]1O)[C@@H]1[C@@H](C[C@@H]3C)C1(C)C,space_expansion,-0.6567786102347495,22.040497324535,0.9731892743030434,0.6012269292857857,0.13978494623655913,False,0.12643678160919541,388.50400000000013,2.6135,GFAA,A,https://zinc20.docking.org/substances/504185756,False,False,False,False
25693012,O=S1(=O)Cc2ccc(cc2)CS(=O)(=O)Cc2cc(Br)cc(c2)C1,space_expansion,-0.9041719725777233,12.468896712383433,1.150969827490924,0.5281915253364156,0.14,False,0.13559322033898305,415.3300000000001,2.9925000000000015,HFAA,A,https://zinc20.docking.org/substances/25693012,False,False,False,False
13362178,CC(=O)O/N=C(/C)[C@H]1[C@H](C[N+](=O)[O-])C[C@@H]2[C@@H]3CC=C4C[C@@H](OC(C)=O)CC[C@]4(C)[C@@H]3CC[C@@]21C,space_expansion,-1.0877952545861802,8.169674347646358,1.1877936734430399,0.5041528372303827,0.14,False,0.13541666666666666,474.5980000000004,4.938900000000005,JJBB,B,https://zinc20.docking.org/substances/13362178,False,False,False,False
96024848,CC(C)[C@@H]1COC(CC(C)(C2=N[C@H](C(C)C)CO2)C2=N[C@H](C(C)C)CO2)=N1,space_expansion,-0.686074284035645,20.602774823229435,0.9753802347115804,0.7697873347248584,0.14084507042253522,False,0.14084507042253522,377.5290000000001,3.742700000000003,GHAB,B,https://zinc20.docking.org/substances/96024848,False,False,False,False
255995164,C/C=C/C=C/C=C\[C@H](O)[C@H](C)[C@H](CC[C@H](C)[C@@H]1OC(=O)C=C[C@H]1C)OP(=O)(O)O,space_expansion,-1.460983394632176,3.459526051653462,1.2273296099590572,0.5117921646749166,0.1411764705882353,False,0.13541666666666666,428.4620000000001,3.6838000000000033,IHAB,B,https://zinc20.docking.org/substances/255995164,False,False,False,False
252694616,O=[S@](O)[C@@H]1CC[C@@H](SCC2=C(Br)N3C=CS[C@H]3N2)C1,space_expansion,-1.4352474468754488,3.6707309458983635,1.413801292477922,0.6602093206358352,0.14285714285714285,False,0.13793103448275862,383.358,2.8332000000000006,GFAB,B,https://zinc20.docking.org/substances/252694616,False,False,False,False
5781394,CCCC=C1OC(=O)C2=C[C@H]3CC[C@@]12[C@@]1(OC(=O)C2=C1CCC=C2)[C@H]3CCC,space_expansion,-1.7700926229759029,1.6978815027795215,1.4042724385770444,0.6654421934617608,0.14285714285714285,False,0.13761467889908258,380.4840000000002,4.922100000000005,GJAB,B,https://zinc20.docking.org/substances/5781394,False,False,False,False
2112807187,CC(C)=C[C@H](O)C[C@](C)(O)[C@@H]1[C@H](O)C[C@]2(C)[C@@H]3CC=C4[C@H](CC[C@H](O)C4(C)C)[C@@]3(C)C(=O)C[C@]12C,space_expansion,-1.1948416871259666,6.384961940657527,1.1505915902328125,0.524491317499542,0.14423076923076922,False,0.14285714285714285,488.70900000000034,4.5705000000000044,JJAB,B,https://zinc20.docking.org/substances/2112807187,False,False,False,False
1560408755,C[C]1[C@H]2[C@H](C[C@H]3[C@@H]4CC(=O)[C@@]5(O)C[C@@H](O)CC[C@]5(C)[C@H]4CC[C@@]32C)O[C@]12CC[C@@H](C)CO2,space_expansion,-1.1592286602404884,6.930608067266972,1.2146005541014677,0.5028661128431309,0.14432989690721648,False,0.14432989690721648,445.62000000000035,4.045990000000003,IIAB,B,https://zinc20.docking.org/substances/1560408755,False,False,False,False
100741033,CC1(C)CC2=C(CC[C@@]3(O2)C(=O)CC(C)(C)N([O])C3(C)C)C(C)(C)N1[O],space_expansion,-0.7539593009920942,17.621411740847744,1.0242807807912122,0.7656811460328502,0.14473684210526316,False,0.13580246913580246,364.4860000000001,3.5756000000000023,FHAB,B,https://zinc20.docking.org/substances/100741033,False,False,False,False
15085161,Cc1cc(-c2[nH]c3[nH]c(=O)[nH]c(=O)c3c2-c2cc(C)sc2C)c(C)s1,space_expansion,-0.7184439623679596,19.123000554704987,0.9688048069046227,0.628028229666617,0.14492753623188406,False,0.125,371.4870000000001,4.235180000000002,FIAB,B,https://zinc20.docking.org/substances/15085161,False,False,False,False
257469121,C=C[C@@H]1C=C(C)[C@@H]2[C@@H]3[C@H](Oc4ccc(cc4)C[C@@]4(O)C=C(C(=O)N4)C(=O)[C@H]13)[C@@H]1[C@H](C)C[C@H](C)C[C@]12C,space_expansion,-0.8570098974686954,13.89920954882038,1.047850793925085,0.6240177428701033,0.1452991452991453,False,0.1346153846153846,487.64000000000027,4.616800000000003,JJAB,B,https://zinc20.docking.org/substances/257469121,False,True,False,False
4556810,CC1(C)O[C@H]2CC(=O)OC[C@@]23[C@H]2CC[C@@]4(C)[C@@H](c5ccoc5)OC(=O)[C@@H]5O[C@@]54[C@@]2(C)C(=O)C[C@@H]13,space_expansion,-0.9678728028168424,10.767805374523084,1.1361051263382131,0.6316220001157249,0.14583333333333334,False,0.12244897959183673,470.51800000000026,3.137400000000002,JGAB,B,https://zinc20.docking.org/substances/4556810,False,False,False,False
1857794452,C[C@@H]1C[C@@H]2[C@@H]3C[C@H](F)[C@H]4CC(=O)CC[C@]4(C)[C@@]3(F)[C@@H](O)C[C@]2(C)[C@@]1(O)C(=O)O,space_expansion,-0.676948223854028,21.040292650414518,0.9298087714882558,0.5096639649858787,0.14634146341463414,False,0.1348314606741573,400.4620000000001,2.670800000000001,HFAB,B,https://zinc20.docking.org/substances/1857794452,False,False,False,False
1611808,CC1(C)OC(=O)C=C[C@]2(C)[C@@H]1CC(=O)[C@]1(C)[C@@H]2CC[C@]2(C)[C@H](c3ccoc3)OC(=O)[C@H]3O[C@]321,space_expansion,-0.8150439984067142,15.30932354952889,1.0818836143734074,0.6769545975162949,0.14678899082568808,False,0.12244897959183673,454.51900000000023,3.9246000000000025,JHAB,B,https://zinc20.docking.org/substances/1611808,False,False,False,False
22048188,CC(C)(C)OC(=O)CN(CC(=O)OC(C)(C)C)[C@@H](CCCCN)C(=O)OC(C)(C)C,space_expansion,-1.4105458703085665,3.8855645634191673,1.3371791896916982,0.5325342933122803,0.14705882352941177,False,0.11842105263157894,430.5860000000003,2.8111000000000015,IFAB,B,https://zinc20.docking.org/substances/22048188,False,False,False,True
2382315756,O=C1/C=N\C2=C[C@@]34/C(=N\CC(=O)CCCCCCCCNC1)CO[C@@H]3C(=O)CC[C@H]4C=C2,space_expansion,-1.8925615305302077,1.2806736367613323,1.3299656981817412,0.7687588707382094,0.14736842105263157,False,0.13725490196078433,439.5560000000002,2.7883000000000004,IFAB,B,https://zinc20.docking.org/substances/2382315756,False,False,False,False
253499975,CC1([C@@H]2CC[C@@H]3[C@@H]4CC[C@H]5CC6(CC[C@]5(C)[C@@H]4[C@H](O)C[C@@]32CO)OCCO6)OCCO1,space_expansion,-1.4387522853747094,3.6412266665138673,1.3395260948885455,0.5540884356811694,0.14772727272727273,False,0.14285714285714285,436.58900000000034,3.0946000000000016,IGAB,B,https://zinc20.docking.org/substances/253499975,False,False,False,False
3977984,C[C@@H]1C[C@@H]2[C@@H]3C[C@H](F)C4=CC(=O)C=C[C@]4(C)[C@@]3(F)[C@@H](O)C[C@]2(C)[C@@]1(O)C(=O)COC(=O)C(C)(C)C,space_expansion,-0.9709609295864541,10.691510588814756,1.07558066563054,0.7216853453268983,0.14814814814814814,False,0.14814814814814814,494.5750000000004,3.4407000000000023,JGAA,A,https://zinc20.docking.org/substances/3977984,False,False,False,False
1772591028,CC1=C2CC(=O)OC(C)(C)C2=CC[C@]2(C)[C@@H]1C[C@](C)(C(=O)O)[C@]13COC(=O)[C@@]12C(=O)[C@H](C)O3,space_expansion,-1.1379233573509067,7.279082517002615,1.1307255568281465,0.6160598256954509,0.14893617021276595,False,0.14893617021276595,458.5070000000003,2.745400000000001,JFAB,B,https://zinc20.docking.org/substances/1772591028,False,False,False,False
253476341,CC(C)[C@H](C)[C@@H](O)[C@H](O)[C@H](C)[C@@H]1OC[C@H]2CCC(=O)C[C@@H]2[C@H]2[C@H](O)[C@H](O)[C@H]3[C@H](C)CC[C@]3(C)[C@H]12,space_expansion,-0.9751213133365624,10.589578806219452,1.108332271787078,0.5548288113559794,0.14893617021276595,False,0.1262135922330097,480.6860000000002,3.040800000000001,JGAB,B,https://zinc20.docking.org/substances/253476341,False,False,False,False
2382403187,O=C1NCCc2c1sc1ccc(-c3cc4n(c(=O)c3)C[C@@H]3CNC[C@H]4C3)cc21,space_expansion,-0.6096819078865833,24.565074869312845,0.912827369960019,0.8296473779607717,0.14893617021276595,False,0.14102564102564102,391.4960000000002,2.722600000000001,GFAA,A,https://zinc20.docking.org/substances/2382403187,False,True,False,False
1547206363,C[C@]12Cc3cc4c(O)nc(S)nc4nc3C[C@@H]1CC[C@@H]1[C@@H]2CC[C@@]2(C)[C@H]1CC[C@]2(C)O,space_expansion,-1.1343341137651302,7.339490053096079,1.1509567093543014,0.7419577262785719,0.14893617021276595,False,0.12631578947368421,439.62500000000034,4.727500000000005,IJAB,B,https://zinc20.docking.org/substances/1547206363,False,False,False,False
2325777004,O=C1N[C@H](C2CC3(CCC3)C2)C(=O)N[C@H]1c1csc(Br)c1,space_expansion,-0.545876362161995,28.452710028086692,0.8714303407335556,0.5155356470864099,0.15,False,0.12359550561797752,369.284,2.7466,FFAB,B,https://zinc20.docking.org/substances/2325777004,False,True,False,False
2382324618,CC(C)[Si](c1nc[c]([Sn]([CH3])([CH3])[CH3])s1)(C(C)C)C(C)C,space_expansion,-0.6545980577044626,22.151438909047265,0.9512865835517367,0.6048484230272548,0.15,False,0.14285714285714285,404.2840000000001,4.574100000000004,HJAA,A,https://zinc20.docking.org/substances/2382324618,False,False,False,False
257357614,C[C@H]1CC[C@]2(OC1)O[C@@H]1C[C@@H]3[C@H]4CC[C@H]5C[C@@H](O)[C@@H](O)C[C@]5(C)[C@@H]4CC(=O)[C@]3(C)[C@@H]1[C@H]2C,space_expansion,-1.1265477689326417,7.472264407163107,1.2026054688126535,0.5277908408111119,0.15053763440860216,False,0.13333333333333333,446.6280000000002,3.9436000000000035,IHAA,A,https://zinc20.docking.org/substances/257357614,False,False,False,False
2382414934,CC1(C)OCC2(CO1)[C@@H]1c3nc(-c4ccc5c(n4)[C@@H]4[C@H](C5)C45COC(C)(C)OC5)ccc3C[C@@H]12,space_expansion,-1.2792855431475316,5.256715303395504,1.2682059652174258,0.785133375924617,0.1506849315068493,False,0.1506849315068493,460.5740000000003,4.221200000000004,JIAB,B,https://zinc20.docking.org/substances/2382414934,False,False,False,False
36378991,COc1c2c(c(C)c3c1C(=O)OC3)O[C@]1(C)C[C@]3(O)OC[C@@]4(C)O[C@@]5(OC)CC[C@](C)([C@@H]1C2)[C@]43O5,space_expansion,-1.0335122429950614,9.257372877208619,1.1151759240085424,0.6838791772165911,0.1509433962264151,False,0.14814814814814814,488.53300000000036,2.7509200000000007,JFAB,B,https://zinc20.docking.org/substances/36378991,False,False,False,False
4962084,CC(=O)O[C@@H]1CCC2=C(CC[C@H](F)[C@@H]3[C@@H]2CC[C@]2(C)[C@@H]3CC[C@@H]2O)C1,space_expansion,-0.9912904419160519,10.202569410974624,1.1457567839797136,0.5544218125073541,0.1511627906976744,False,0.12244897959183673,350.4740000000001,4.333900000000004,FIAB,B,https://zinc20.docking.org/substances/4962084,False,False,False,False
263603169,CC(=O)[C@@H]1CC[C@@H]2[C@]1(C)CC=C1[C@@]23C=C[C@@]2(C[C@H](O)CC[C@]12C)[C@H](C(=O)O)[C@@H]3C(=O)O,space_expansion,-0.999488296528158,10.011789351846682,1.1527016309911475,0.5536054775709772,0.1511627906976744,False,0.14084507042253522,428.5250000000002,3.446900000000001,IGAB,B,https://zinc20.docking.org/substances/263603169,False,False,False,False
252428371,CCCC[C@]12[C@H]3[C@H]4[C@H]([C@@H]5[C@@H]1[C@@H]3[C@@]4(Br)C51OCCO1)C21OCCO1,space_expansion,-1.0418456119070787,9.08143310230506,1.1045261143558227,0.6040861900114234,0.15151515151515152,False,0.15151515151515152,383.28200000000027,2.5481000000000007,GFAB,B,https://zinc20.docking.org/substances/252428371,False,False,False,False
79501560,Cn1nc(C(C)(C)C)c(Br)c1-c1nn2c(C(F)(F)F)nnc2s1,space_expansion,-0.6849074191539395,20.658204907279544,0.9826742410613081,0.8278465085567909,0.1518987341772152,False,0.1518987341772152,409.235,3.6651000000000025,HHAB,B,https://zinc20.docking.org/substances/79501560,False,False,False,False
13544783,CCCCCCC(=O)OC[C@H](CO[P@](=O)(O)OCC[N+](C)(C)C)OC(=O)CCCCCC,space_expansion,-1.78304808097306,1.6479799326908529,1.307336842603456,0.6551661741244673,0.1518987341772152,False,0.13793103448275862,482.57500000000044,4.222000000000003,JIBA,A,https://zinc20.docking.org/substances/13544783,False,False,False,False
118928686,CC(=O)O[C@H]1CC[C@@]2(C)C(=CC[C@H]3[C@@H]4C[C@@H](C(N)=O)[C@H](C(C)=O)[C@@]4(C)CC[C@@H]32)C1,space_expansion,-0.9827342165332968,10.405567803624436,1.1430437003176637,0.5330003043898958,0.15217391304347827,False,0.14432989690721648,401.54700000000025,3.797500000000003,HHAB,B,https://zinc20.docking.org/substances/118928686,False,True,False,False
252693626,C[C@]12CCC(=O)OC1=CC[C@H]1[C@H]2C(=O)C[C@@]2(C)[C@H]1CC[C@]21OCO[C@@]12COCO2,space_expansion,-0.6778910534542328,20.99466486986525,0.9990538791367819,0.5145403269459796,0.15217391304347827,False,0.11214953271028037,404.4590000000003,2.682500000000001,HFAB,B,https://zinc20.docking.org/substances/252693626,False,False,False,False
33776180,COC1=C(OC)S[C@@H]2C3CC([C@H]2S1)[C@H]1SC(OC)=C(OC)S[C@H]31,space_expansion,-0.6482020258117214,22.480086302683834,0.925946620593957,0.6253052928745767,0.15217391304347827,False,0.13432835820895522,392.58900000000017,3.9093000000000027,GHAB,B,https://zinc20.docking.org/substances/33776180,False,False,False,False
252516344,C[C@@H]1CC[C@@H]2C(C)(C)[C@H](O)CC[C@]2(C)[C@@]12Cc1c(O)cc3c(c1O2)C(=N)NC3,space_expansion,-0.8079056703964527,15.563036270625135,1.043852246710139,0.6958738230386703,0.15217391304347827,False,0.13829787234042554,384.52000000000004,3.7277700000000022,GHAB,B,https://zinc20.docking.org/substances/252516344,False,False,False,False
71767333,CC(=O)NC12O[C@@H](C(Cl)(Cl)Cl)CC1(OC(C)=O)C[C@H](C(Cl)(Cl)Cl)O2,space_expansion,-0.6524828191853583,22.259591026336594,0.9503101740323007,0.6010604159078238,0.15254237288135594,False,0.1518987341772152,463.95600000000013,3.3964000000000016,JGAA,A,https://zinc20.docking.org/substances/71767333,False,True,False,False
245241190,CC1(C)[C@@H]2CC[C@]1(C)C(=O)[C@@H]2CN(C[C@H]1C(=O)[C@@]2(C)CC[C@@H]1C2(C)C)N=O,space_expansion,-0.8006259564373798,15.826105028715665,1.0511584045325626,0.5678620260653152,0.1527777777777778,False,0.1388888888888889,374.5250000000002,4.252600000000004,FIAB,B,https://zinc20.docking.org/substances/245241190,False,False,False,False
118917507,C[C@@H]1[C@H]2CC[C@H]3[C@@H]4CC=C5C[C@H](N(C)C)CC[C@]5(C)[C@H]4CC[C@]23CN1C,space_expansion,-1.0805494501836521,8.307121257294805,1.1775061146280406,0.6602330731063674,0.15294117647058825,False,0.1411764705882353,356.5980000000001,4.809600000000005,FJAB,B,https://zinc20.docking.org/substances/118917507,False,False,False,True
139587664,CC(=O)[C@H]1CC[C@H]2[C@@H]3CC[C@H]4C[C@H](N[C@@H](O)CN)CC[C@]4(C)[C@H]3CC[C@]12C,space_expansion,-0.9545244034708945,11.10390139572443,1.1753471092337016,0.6197099713339195,0.15294117647058825,False,0.14634146341463414,376.58500000000026,3.4696000000000016,GGAB,B,https://zinc20.docking.org/substances/139587664,False,False,False,False
257355938,O=C(O[C@@H]1[C@H]2C=C[C@@]13CC[C@H]1C[C@@]13C2)c1cc([N+](=O)[O-])cc([N+](=O)[O-])c1,space_expansion,-0.7159295599788361,19.23403668421125,1.014427883979551,0.6736558917668753,0.15294117647058825,False,0.13978494623655913,356.33400000000006,3.404600000000002,FGBA,A,https://zinc20.docking.org/substances/257355938,False,False,False,False
253534523,CCn1cc(/C=C2/C[C@@H]3[C@H]4CC[C@H]5C[C@@H](O)CC[C@]5(C)[C@@H]4CC[C@]3(C)[C@H]2O)c(C)n1,space_expansion,-1.2330221937376211,5.847602003982834,1.2608321044551796,0.7056630409505099,0.15306122448979592,False,0.1368421052631579,412.61800000000017,4.969220000000005,HJAB,B,https://zinc20.docking.org/substances/253534523,False,False,False,False
13536927,CC(=O)N[C@H](CSC/C=C(/C)CC/C=C(\C)CCC=C(C)C)C(=O)O,space_expansion,-1.2387365131491124,5.771164942931215,1.3624574788584658,0.5200288407021814,0.15384615384615385,False,0.15384615384615385,367.5550000000001,4.728100000000004,FJAB,B,https://zinc20.docking.org/substances/13536927,False,True,False,False
257355973,c1ccc2c(c1)O[C@]13[C@@H]4[C@H]5[C@H]6[C@H]7[C@@H]8C[C@H]([C@H]74)[C@@]21[C@@H]1C[C@@H]2[C@@H]8[C@@H]6[C@H]4[C@H]2[C@H]1[C@H]3[C@H]45,space_expansion,-0.889967205432714,12.88346834029223,1.0197742151465943,0.6019879895040904,0.15384615384615385,False,0.15384615384615385,352.4770000000001,3.831000000000003,FHAA,A,https://zinc20.docking.org/substances/257355973,False,False,False,False
13805688,CSc1nc(NC[C@H](C)O)c2sc3nc(CC(C)C)c4c(c3c2n1)CC(C)(C)OC4,space_expansion,-1.1780846642242808,6.636136885715273,1.2480425398665433,0.8334452796336926,0.15384615384615385,False,0.15151515151515152,446.64200000000034,4.803900000000005,IJAB,B,https://zinc20.docking.org/substances/13805688,True,False,False,False
1848443756,C[C@@H]1CC[C@@H]2N(C1)C[C@H]1[C@@H]3C[C@H]4[C@@H](CC=C5C[C@@H](O)CC[C@]54C)[C@@H]3CC[C@@H]1[C@]2(C)O,space_expansion,-1.214250254871175,6.1059008127728704,1.250733655688232,0.5617461590483193,0.15384615384615385,False,0.12087912087912088,413.64600000000024,4.627400000000005,HJAB,B,https://zinc20.docking.org/substances/1848443756,False,False,False,True
67875079,CC(=O)[C@H]1CC[C@H]2[C@@H]3CC[C@H]4C[C@H](O)[C@@H](N5CCOC(C)(C)C5)C[C@]4(C)[C@H]3C(=O)C[C@]12C,space_expansion,-1.3364323455008034,4.608585557556553,1.271808462674193,0.7307495142466383,0.15384615384615385,False,0.14606741573033707,445.64400000000035,3.863500000000003,IHAB,B,https://zinc20.docking.org/substances/67875079,False,False,False,True
1709892306,CCC[C@@H]1C[C@H]1n1c(CC(C)(C)C)nnc1N1CC[C@]2(CCS(=O)(=O)C2)C1,space_expansion,-1.8666546398045625,1.3593940358842058,1.3389001818094675,0.9287221843640387,0.15384615384615385,False,0.14942528735632185,394.58500000000026,3.2428000000000017,GGAB,B,https://zinc20.docking.org/substances/1709892306,False,False,False,False
79502100,OC1=Nc2c(c(O)nn2C2CCCCCCC2)[C@@H](C(F)(F)F)SC1,space_expansion,-1.1505364678609702,7.0707182511766025,1.254171570758569,0.86288732321873,0.15384615384615385,False,0.13414634146341464,363.405,4.812300000000004,FJAB,B,https://zinc20.docking.org/substances/79502100,False,False,False,False
118918479,CC(=O)OCC(=O)[C@@]12OC(C)(C)O[C@@H]1C[C@H]1[C@@H]3CC=C4C[C@@H](OC(C)=O)CC[C@]4(C)[C@H]3CC[C@@]12C,space_expansion,-1.2790463005078097,5.2596119022726215,1.2072772800288054,0.5287354129168444,0.15463917525773196,False,0.15151515151515152,488.62100000000044,4.513300000000004,JJAB,B,https://zinc20.docking.org/substances/118918479,False,False,False,False
140695133,CC(C)C[C@H](c1c(O)c(C=O)c(O)c(C=O)c1O)[C@H]1CC[C@](C)(O)[C@H]2C[C@@H](C(C)(C)O)CC[C@]12C,space_expansion,-1.061171891152101,8.686165680118942,1.1311162366375682,0.5639197092866387,0.15463917525773196,False,0.14285714285714285,490.6370000000004,4.912600000000006,JJAB,B,https://zinc20.docking.org/substances/140695133,False,False,False,False
2069632594,CCCCC[C@H](O)/C=C/[C@@H]1[C@H](CC=CCCCCOC)[C@@H](O)C[C@H]1O,space_expansion,-1.0500586645659375,8.911305559496704,1.114142116680144,0.541721537431516,0.15476190476190477,False,0.13333333333333333,354.531,3.6047000000000025,FHAB,B,https://zinc20.docking.org/substances/2069632594,False,False,False,False
238730942,CC(=O)OC[C@@]1(O)C[C@@]23CC[C@H]4C(C)(C)[C@@H](O)CC[C@]4(C)[C@H]2CC[C@@H]1C3,space_expansion,-1.5515681579699745,2.808224616743581,1.4208802811115397,0.5694642656234652,0.15476190476190477,False,0.13186813186813187,364.5260000000002,3.6842000000000024,FHAB,B,https://zinc20.docking.org/substances/238730942,False,False,False,False
253530042,C[C@]12CC[C@@](O)(CN3CC3)C[C@@H]1CC[C@H]1[C@H]2CC[C@]2(C)[C@@H]1CC[C@@]2(O)CN1CC1,space_expansion,-1.4110933372507486,3.880669548566696,1.2839346929318023,0.7617227330667294,0.15476190476190477,False,0.13095238095238096,402.6230000000002,3.1225000000000023,HGAB,B,https://zinc20.docking.org/substances/253530042,False,False,False,True
6304699,CC(=O)O[C@@H]1CC[C@@]2(C)C(=CC[C@@H]3[C@@H]2CC[C@@]2(C)[C@H]3CC[C@]2(O)C(C)=O)C1,space_expansion,-0.8317223468849708,14.732540821026715,1.0789881731884052,0.5146711019511211,0.15476190476190477,False,0.14130434782608695,374.52100000000024,4.201000000000004,FIAB,B,https://zinc20.docking.org/substances/6304699,False,False,False,False
2069681950,C/C=C/C=C/C(=O)O[C@@H]1[C@H](C)[C@H]([C@H](C)C/C(C)=C/C)OC(=O)[C@@]1(C)O,space_expansion,-0.5298668580091465,29.52114119831738,0.8170251221612466,0.5727783858270561,0.15492957746478872,False,0.14606741573033707,350.4550000000001,3.335400000000003,FGAB,B,https://zinc20.docking.org/substances/2069681950,False,False,False,False
549171239,OC(CN1CC[C@H](C(F)(F)F)C2(CCC2)C1)CN1CC[C@H](C(F)(F)F)C2(CCC2)C1,space_expansion,-1.611281122860843,2.447478453390257,1.2864756368755688,0.8202754447239188,0.15492957746478872,False,0.136986301369863,442.48800000000017,4.456300000000004,IIAB,B,https://zinc20.docking.org/substances/549171239,False,False,False,True
3977977,CC(=O)OCC(=O)[C@@]12OC(C)(C)O[C@@H]1C[C@@H]1[C@H]3C[C@H](F)C4=CC(=O)C=C[C@]4(C)[C@@]3(F)[C@@H](O)C[C@@]12C,space_expansion,-0.8686084625458709,13.532920715624194,1.0376580333576233,0.6976992252334331,0.15517241379310345,False,0.14545454545454545,494.53100000000023,2.9376000000000015,JFAB,B,https://zinc20.docking.org/substances/3977977,False,False,False,False
96031419,CC(C)(C)OC(=O)[C@H](CCO)N(C(=O)OC(C)(C)C)C(=O)OC(C)(C)C,space_expansion,-0.7585581608355234,17.43579841141802,1.0232472128540486,0.5202341950666353,0.15517241379310345,False,0.12857142857142856,375.46200000000016,3.2513000000000023,GGAB,B,https://zinc20.docking.org/substances/96031419,False,True,False,False
3902439,C[C@@]12CC[C@@H]3c4ccc(O)c(Br)c4CC[C@@H]3[C@@H]1CC[C@@H]2O,space_expansion,-0.805553958774344,15.647538948166043,0.9986991209297683,0.589747082961331,0.15517241379310345,False,0.13414634146341464,351.2840000000001,4.371700000000004,FIAB,B,https://zinc20.docking.org/substances/3902439,False,False,False,False
118936530,C[C@]12CC[C@H]3[C@@H](C=C[C@@]45C[C@@H](O)CC[C@]34C5)[C@@H]1CC[C@H]2O[C@H]1CCCCO1,space_expansion,-1.4124322322627751,3.8687241787516813,1.323406008189984,0.6182388765866548,0.15555555555555556,False,0.13,372.5490000000002,4.831800000000005,FJAB,B,https://zinc20.docking.org/substances/118936530,False,False,False,False
3902444,C[C@]12CC[C@@H]3c4cc(Br)c(O)cc4CC[C@@H]3[C@@H]1CC[C@@H]2O,space_expansion,-0.8069188153379553,15.59844064389336,0.9780264213721614,0.5347390489163929,0.15584415584415584,False,0.12903225806451613,351.2840000000001,4.371700000000004,FIAA,A,https://zinc20.docking.org/substances/3902444,False,False,False,False
253531662,CC1(C)CC(O)CC(C)(C)N1C[C@@H](O)CCO[C@H]1C[C@H]2CC[C@@]1(C)C2(C)C,space_expansion,-1.4110703227452142,3.8808752017835966,1.233275959283888,0.7203267604716383,0.15584415584415584,False,0.13253012048192772,381.6010000000002,3.982700000000003,GHAB,B,https://zinc20.docking.org/substances/253531662,False,False,False,True
306145471,CCOP(=O)(OCC)C(F)(CCC(C)=O)P(=O)(OCC)OCC,space_expansion,-1.243383125896535,5.7097471196950496,1.2910880765834323,0.5245249390922992,0.15625,False,0.14925373134328357,376.2980000000002,4.511100000000004,GJAB,B,https://zinc20.docking.org/substances/306145471,False,False,False,False
169303490,N=C1S/C(=C\c2ccc(-c3ccc4c(c3)C(=O)NC4=O)o2)C(=O)N1c1ccc(Br)cc1,space_expansion,-0.8398986038877193,14.457772815591516,1.0790061751607052,0.6221233282327475,0.15625,False,0.13793103448275862,494.32600000000014,4.648370000000002,JJAA,A,https://zinc20.docking.org/substances/169303490,False,True,False,False
2325794085,CC[C@H](C)CC(=O)N(C)C[C@H](O)CN(C)C(=O)C1(C)C(C)(C)C1(C)C,space_expansion,-0.992872463210453,10.165471726665887,1.165793640329016,0.5577027885268159,0.15625,False,0.13414634146341464,354.53500000000014,2.7726000000000006,FFAB,B,https://zinc20.docking.org/substances/2325794085,False,True,False,False
252694754,C[C@]12CC[C@@H]3[C@H](C[C@H]4OC[C@@]35CC[C@H](O)C[C@]45Br)[C@H]1CCC2=O,space_expansion,-1.0890565232840663,8.14598257425882,1.1629514254904934,0.5102313946782197,0.1566265060240964,False,0.125,383.3260000000001,3.4654000000000025,GGAB,B,https://zinc20.docking.org/substances/252694754,False,False,False,False
257349966,CC1([C@@H]2CC[C@@H]3[C@@H]4CC[C@H]5CCCC[C@]5(C)[C@@H]4[C@@H](O)C[C@@]32C)OCCO1,space_expansion,-1.1626658833817296,6.875972270935428,1.2522101283906635,0.5782772567718117,0.1566265060240964,False,0.1511627906976744,362.5540000000002,4.769200000000005,FJAA,A,https://zinc20.docking.org/substances/257349966,False,False,False,False
238790946,COC1=C[C@]23CC(=O)CC=C2O[C@H]2C[C@@H](C=O)CC(=C23)C(Br)=N1,space_expansion,-0.5110651440948589,30.82725507290539,0.862422338468537,0.7092597625369008,0.1566265060240964,False,0.13861386138613863,378.22200000000004,2.8187000000000015,GFAB,B,https://zinc20.docking.org/substances/238790946,False,False,False,False
71770811,CC(=O)OCCC[C@]1(O)CC[C@H]2[C@@H]3C[C@@H](C)[C@@]4(O)C[C@H](OC(C)=O)CC[C@]4(C)[C@H]3CC[C@@]21C,space_expansion,-1.1485705488093307,7.102797794901945,1.142208223025274,0.5047415863989808,0.1566265060240964,False,0.12903225806451613,464.6430000000004,4.396100000000004,JIAA,A,https://zinc20.docking.org/substances/71770811,False,False,False,False
100494471,O=C1NC(=O)c2ccc3c4ccc5c6c(ccc(c7ccc1c2c73)c64)C(=O)OC5=O,space_expansion,-0.46275608364947907,34.45433851429115,0.7873868282222268,0.5121427559387697,0.1568627450980392,False,0.14285714285714285,391.33800000000014,3.931400000000002,GGBB,B,https://zinc20.docking.org/substances/100494471,False,True,False,False
328606230,Clc1snnc1CN(Cc1ccsc1)[C@@H]1CC12CCNCC2,space_expansion,-1.0613912215460788,8.681780040356957,1.1078039620386086,0.8910408038388189,0.15714285714285714,False,0.15492957746478872,354.93200000000024,3.3973000000000013,FGAB,B,https://zinc20.docking.org/substances/328606230,False,False,False,True
2334215,CCc1nnc2c3c4c(sc3n3c(CC)nnc3n12)COC(C)(C)C4,space_expansion,-0.6253538386628688,23.694424308932998,0.8611832459292289,0.9094766646166448,0.15714285714285714,False,0.14432989690721648,356.4550000000002,2.9628000000000014,FFAB,B,https://zinc20.docking.org/substances/2334215,False,False,False,False
104154265,CC(C)(C)OC1[C@H]2C=C[C@@H]1[C@@H]1[C@@H]2[C@]2(Cl)C(Cl)=C(Cl)[C@]1(Cl)C21OCCO1,space_expansion,-1.1366535016188515,7.300397343292296,1.1546228966089043,0.6020554192264158,0.15714285714285714,False,0.15714285714285714,426.1670000000002,4.6330000000000044,IJAB,B,https://zinc20.docking.org/substances/104154265,False,False,False,False
96023615,CC[C@H]1[C@@H]2OC(=O)[C@H](C)[C@@H]2[C@H]2C[C@@H]([C@@H]3C[C@H](C)C(=O)O3)N3[C@@H]4CCC[C@H]1[C@]23O4,space_expansion,-0.8580165696873846,13.867029208263503,1.0252309147191718,0.6003060540768359,0.15730337078651685,False,0.13978494623655913,389.4920000000002,2.6987000000000005,GFAB,B,https://zinc20.docking.org/substances/96023615,False,False,False,True
253389795,CCCCOc1ccc(C(=O)OCC[C@@H]2CCC[N@@+]3(C)CCCC[C@H]23)cc1,uncertainty_sampling,-1.8936543733887574,1.2774550474111794,1.5532144484666013,0.8517940395458496,0.3026315789473684,False,0.23863636363636365,374.54500000000013,4.821500000000005,FJBB,B,https://zinc20.docking.org/substances/253389795,False,False,False,False
215876258,Cc1sc2ncnc(SC[C@@H](O)COCc3ccc(Cl)cc3)c2c1C,uncertainty_sampling,-1.4624231624148971,3.448076062894519,1.5345960927316635,0.814418619736555,0.2702702702702703,False,0.21951219512195122,394.9490000000001,4.631340000000003,GJAB,B,https://zinc20.docking.org/substances/215876258,False,False,False,False
15841011,CCCOc1ccc(NC(=O)[C@@H](CC)Oc2ccccc2F)c2cccnc12,uncertainty_sampling,-1.6942875276055895,2.0216802683843076,1.5288435221022674,0.9555983822842413,0.35714285714285715,True,0.35714285714285715,382.43500000000006,4.9588000000000045,GJAB,B,https://zinc20.docking.org/substances/15841011,True,True,False,False
2812149,CCCOc1ccc(N2C[C@H](C(=O)Nc3ccc(CC)cc3)CC2=O)cc1,uncertainty_sampling,-1.5844146732394713,2.6036663289862294,1.5249068871870148,0.9269524302835689,0.3333333333333333,False,0.2716049382716049,366.4610000000001,4.0294000000000025,FIAA,A,https://zinc20.docking.org/substances/2812149,True,True,False,False
2181418,CCCCc1ccc(NC(=O)[C@@H]2CC(=O)N(c3ccc(CC)cc3)C2)cc1,uncertainty_sampling,-1.707160222049804,1.9626360779312009,1.5244680900780714,0.9041107516356189,0.3013698630136986,False,0.28205128205128205,364.4890000000001,4.583200000000004,FJAA,A,https://zinc20.docking.org/substances/2181418,True,True,False,False
2393590,CCCCO[P@](=O)(c1ccc(N(C)C)cc1)[C@@H](O)c1ccc(C)cc1,uncertainty_sampling,-1.5703968788776592,2.6890762754092186,1.5236383721092874,0.8145416247094012,0.30434782608695654,False,0.22666666666666666,361.4220000000001,4.4722200000000045,FIAB,B,https://zinc20.docking.org/substances/2393590,False,False,False,False
19900315,CCCn1c(=N)n(CCOc2ccc(Br)cc2)c2ccccc21,uncertainty_sampling,-1.9635667594325164,1.0875099535409543,1.5229123689209574,0.8373267893444583,0.35185185185185186,True,0.21333333333333335,374.28200000000004,4.173770000000003,FIAA,A,https://zinc20.docking.org/substances/19900315,False,False,False,False
104449842,CC[C@@H](C)C(=O)O[C@@H]1C[C@H](C)C=C2C=C[C@@H](C)[C@@H](CC[C@H]3C[C@H](O)CC(=O)O3)[C@@H]21,uncertainty_sampling,-2.092629880512545,0.8079232746920804,1.5181839321900137,0.5405052321961128,0.1702127659574468,False,0.15217391304347827,404.54700000000025,4.195500000000004,HIAB,B,https://zinc20.docking.org/substances/104449842,False,False,False,False
9463062,CCc1ccc(CN(C(=O)COc2ccc(Br)cc2)[C@@H]2CCS(=O)(=O)C2)cc1,uncertainty_sampling,-1.7450919482230167,1.7984901009974439,1.5171700527249417,0.8305677427691522,0.26582278481012656,False,0.23595505617977527,466.39700000000016,3.606200000000003,JHAB,B,https://zinc20.docking.org/substances/9463062,False,True,False,False
11508378,CCOc1ccc(Oc2ccc(NC(=O)CCc3c(C)nn(C)c3C)cc2)cc1,uncertainty_sampling,-1.3151150490224337,4.840441223902666,1.5159434238957623,0.9455109029054938,0.4057971014492754,True,0.3972602739726027,393.4870000000001,4.799240000000004,GJAB,B,https://zinc20.docking.org/substances/11508378,True,True,False,False
