ocnt_batch,CYP2J2,CYP3A4,CYP2J2_call,CYP3A4_call
OCNT-0017486-AA-002,-0.0066438285196806,0.0162326497961942,non-substrate,inconclusive
OCNT-0021863-AA-002,-0.673446170101736,-0.4618308629921639,substrate,substrate
OCNT-0022119-AA-003,-0.0394320980064104,-1.0133550182460227,non-substrate,substrate
OCNT-0022128-AA-003,0.0477138818131716,-1.1393181948621285,non-substrate,substrate
OCNT-0022129-AA-002,0.0461482371403524,-0.234539958766347,non-substrate,substrate
OCNT-0022137-AA-003,0.0346342282207248,-0.4343025921529833,non-substrate,substrate
OCNT-0022142-AA-001,-0.0198666624092369,-0.1391942383597308,non-substrate,inconclusive
OCNT-0453746-AA-001,-0.0534211482623626,-2.2849011684897422,inconclusive,substrate
OCNT-0453782-AA-001,-0.5999620282734643,-2.909310227473123,substrate,substrate
OCNT-0453991-AA-001,-0.0227286761877543,-0.2131195528999789,non-substrate,inconclusive
OCNT-0454217-AA-001,-0.2290112120864316,-0.2860776001220317,substrate,substrate
OCNT-0454221-AA-001,-0.3410689056918966,-0.4632817577974744,substrate,substrate
OCNT-0454223-AA-001,-0.0468619193451368,-3.8231870238626415,non-substrate,substrate
OCNT-0454231-AA-001,-0.8746111998971482,-3.3794135694515948,substrate,substrate
OCNT-0454249-AA-001,0.0305058116433171,0.0089233022510599,non-substrate,non-substrate
OCNT-0454251-AA-001,0.0207844324019526,-0.0717523031430236,non-substrate,inconclusive
OCNT-0454253-AA-001,-0.046396610469329,-0.2370544481770142,non-substrate,inconclusive
OCNT-0454255-AA-001,0.0010098332347336,-0.177319336834377,non-substrate,substrate
OCNT-0454257-AA-001,0.0314556437644996,-0.331029128513947,non-substrate,substrate
OCNT-0454261-AA-001,0.0506570197288781,0.0014124504166259,non-substrate,inconclusive
OCNT-0454263-AA-001,0.0678021363801487,-0.4452230404513297,non-substrate,substrate
OCNT-0454281-AA-001,-0.0046227388531539,-0.0169258822757782,inconclusive,inconclusive
OCNT-0454283-AA-001,0.0872014169740604,0.0878882621847791,non-substrate,non-substrate
OCNT-0454287-AA-001,0.0336187548289423,-0.0556544850946725,non-substrate,inconclusive
OCNT-0454289-AA-001,-0.0004623338977453,-0.1193564538681295,non-substrate,inconclusive
OCNT-0454291-AA-001,0.0755491493352926,0.1112017303222101,non-substrate,non-substrate
OCNT-0454315-AA-001,-0.1798239240851838,-2.8737324518755787,substrate,substrate
OCNT-0454320-AA-001,0.066293074949998,-0.7771024924566978,non-substrate,substrate
OCNT-0454326-AA-001,0.059152697844594,-0.2470910288446433,non-substrate,substrate
OCNT-0454333-AA-001,-0.0615514261815703,-1.1972728596034532,inconclusive,substrate
OCNT-0454371-AA-001,0.0086451286614132,0.0116483878431647,non-substrate,inconclusive
OCNT-0454376-AA-001,0.040990906685709,-0.21048916409827,non-substrate,substrate
OCNT-0454403-AA-001,0.0270342388597856,-0.2515272402792394,non-substrate,substrate
OCNT-0454415-AA-001,-1.7930996340016188,-3.601742046141416,substrate,substrate
OCNT-0454435-AA-001,0.0477370431027676,-1.8444093708949592,non-substrate,substrate
OCNT-0454445-AA-001,-0.0490151587966615,-2.777600497223811,inconclusive,substrate
OCNT-0454454-AA-001,0.0094681533944531,0.0508852677939799,non-substrate,non-substrate
OCNT-0454455-AA-001,-0.2945885131045454,-3.09682982276554,substrate,substrate
OCNT-0454474-AA-001,0.0145374999553997,0.0896549568387925,non-substrate,non-substrate
OCNT-0454477-AA-001,-0.1483843600242734,-1.6331492101619869,inconclusive,substrate
OCNT-0454506-AA-001,-0.0484066726227024,-2.6265234582553845,inconclusive,substrate
OCNT-0454509-AA-001,-0.1301304434824742,0.1298744840163426,inconclusive,non-substrate
OCNT-0454517-AA-001,0.0033375638512487,-0.4028467063962999,non-substrate,substrate
OCNT-0454518-AA-001,-1.7975778591149156,-0.8728105555639867,substrate,substrate
OCNT-0454521-AA-001,-0.1432898587849427,-0.6075502368039079,inconclusive,substrate
OCNT-0454524-AA-001,0.0696934498348344,-0.4896339735572637,non-substrate,substrate
OCNT-0454525-AA-001,-2.509546445155383,-2.6870198558272325,substrate,substrate
OCNT-0454526-AA-001,0.0953261332304677,-1.0720805617225049,non-substrate,substrate
OCNT-0454527-AA-001,-2.321676850826484,-0.0014822538561647,substrate,inconclusive
OCNT-0454529-AA-001,-2.8405648625704156,-2.862958935774184,substrate,substrate
OCNT-0454538-AA-001,-0.0652290112101124,-0.1955264310489166,inconclusive,substrate
OCNT-0454552-AA-001,-0.1078139343006847,-3.2183489155767564,inconclusive,substrate
OCNT-0454587-AA-001,0.0550065861339013,-3.5619953006179292,non-substrate,substrate
OCNT-0454594-AA-001,0.0186796296860276,0.0804047826535754,non-substrate,non-substrate
OCNT-0454595-AA-001,-0.0189913495953844,-1.0415861896880485,non-substrate,substrate
OCNT-0454602-AA-001,-0.1922753904262726,0.0233124461446783,inconclusive,non-substrate
OCNT-0454608-AA-001,-1.1748066696002522,-2.9564955990586075,substrate,substrate
OCNT-0454617-AA-001,-0.2055906069525833,-2.9936893677652816,substrate,substrate
OCNT-0454626-AA-001,0.028583605226029,-0.6072061665258213,non-substrate,substrate
OCNT-0454634-AA-001,0.0103930894968568,-0.0118360341122585,non-substrate,non-substrate
OCNT-0454638-AA-001,0.0372962582085565,-0.065581706730919,non-substrate,inconclusive
OCNT-0454674-AA-001,-0.4130982853142018,-3.0952725301457944,substrate,substrate
OCNT-0454678-AA-001,-0.200880114706493,-3.6887608709196593,substrate,substrate
OCNT-0454685-AA-001,-0.0285759603584217,-3.238628287082254,inconclusive,substrate
OCNT-0454702-AA-001,-0.1038593769392189,-1.5641233358785782,inconclusive,substrate
OCNT-0454708-AA-001,-2.652611539987513,-0.3233708349768411,substrate,substrate
OCNT-0454710-AA-001,-0.645881860422111,-1.6939683575963542,substrate,substrate
OCNT-0454717-AA-001,-0.058673395229603,-1.39844620762468,inconclusive,substrate
OCNT-0454721-AA-001,-0.0747968493348379,-3.129807220163041,inconclusive,substrate
OCNT-0454725-AA-001,-0.3332893393610662,0.1113857787544043,substrate,non-substrate
OCNT-0454734-AA-001,-1.1342403155522205,-3.687588528609022,substrate,substrate
OCNT-0454747-AA-001,-0.6469424471743724,0.1038254655550119,substrate,non-substrate
OCNT-0454750-AA-001,-0.1077784657442824,0.0732262666499687,inconclusive,non-substrate
OCNT-0454753-AA-001,0.0003970761832691,-2.416370815878466,inconclusive,substrate
OCNT-0454778-AA-001,0.0410229377093725,0.0775437891239061,non-substrate,non-substrate
OCNT-0454780-AA-001,0.0313461114581667,0.0647667409240178,non-substrate,non-substrate
OCNT-0454781-AA-001,-0.0867197551182213,-3.3617457342882044,inconclusive,substrate
OCNT-0454782-AA-001,0.0809467229474031,-0.0033899125351215,non-substrate,non-substrate
OCNT-0454784-AA-001,0.0324113979135162,-1.119459935117466,non-substrate,substrate
OCNT-0454792-AA-001,-1.0443133224865266,0.1275123176626049,substrate,non-substrate
OCNT-0454827-AA-001,0.0002095534485463,-1.710794452013822,non-substrate,substrate
OCNT-0454831-AA-001,-0.3961007399085369,-0.7963170385992475,substrate,substrate
OCNT-0454835-AA-001,-2.1550286655201756,-3.390579187669415,substrate,substrate
OCNT-0454840-AA-001,0.0045100553883749,-3.710015988205658,non-substrate,substrate
OCNT-0454842-AA-001,-0.0587256384300794,-0.1244862686499583,inconclusive,inconclusive
OCNT-0454845-AA-001,-0.1786625336656377,-0.570543649822933,inconclusive,substrate
OCNT-0454847-AA-001,0.0235685624730621,-1.9201919774406635,non-substrate,substrate
OCNT-0454848-AA-001,-2.2395676813386443,-3.53533055416164,substrate,substrate
OCNT-0454851-AA-001,-0.0276806943819486,0.0360142744930307,inconclusive,non-substrate
OCNT-0454857-AA-001,0.0069238052410913,-0.7196014642125865,non-substrate,substrate
OCNT-0454859-AA-001,-0.0551758545579835,-2.7435489544492,inconclusive,substrate
OCNT-0454860-AA-001,0.022429482663002,-2.215107546240861,non-substrate,substrate
OCNT-0454862-AA-001,-0.0452877632570838,-1.275895104537902,inconclusive,substrate
OCNT-0454864-AA-001,0.0273761472235851,0.01835389403141,non-substrate,non-substrate
OCNT-0454866-AA-001,0.0101368836787142,-0.0952764503090621,non-substrate,inconclusive
OCNT-0454868-AA-001,-0.1392355343683807,-2.7785768443467895,inconclusive,substrate
OCNT-0454869-AA-001,0.0389037978351637,-1.9899308458858591,non-substrate,substrate
OCNT-0454870-AA-001,-0.1751962342536497,-2.6367433774603786,inconclusive,substrate
OCNT-0454871-AA-001,0.0361982901704626,-0.2230427472508704,non-substrate,substrate
OCNT-0454872-AA-001,-0.0304337236562033,-2.740137988941683,non-substrate,substrate
OCNT-0454876-AA-001,-0.0700063486040565,-3.935984567842545,inconclusive,substrate
OCNT-0454879-AA-001,-0.2787925128638575,-2.6778411932225237,substrate,substrate
OCNT-0454884-AA-001,-2.82573532049974,-2.875073961377005,substrate,substrate
OCNT-0454889-AA-001,-0.0822288990342731,-1.3892615839436586,inconclusive,substrate
OCNT-0454890-AA-001,-0.2571294556605543,-2.479650254033387,substrate,substrate
OCNT-0454892-AA-001,-0.1812758711066094,-0.4795677377621237,substrate,substrate
OCNT-0454895-AA-001,0.094793412939611,-3.1426924366843636,non-substrate,substrate
OCNT-0454897-AA-001,0.04303297739284,0.128355765659478,non-substrate,non-substrate
OCNT-0454899-AA-001,0.0648347427225076,-0.3749171491514262,non-substrate,substrate
OCNT-0454901-AA-001,0.0320747775001589,-0.4200476491398675,non-substrate,substrate
OCNT-0454902-AA-001,-0.0831604275389792,-0.1413825639566157,inconclusive,inconclusive
OCNT-0454903-AA-001,0.0575586005481828,-0.7483552622542655,non-substrate,substrate
OCNT-0454906-AA-001,-2.47349692743355,-0.0334399473608932,substrate,inconclusive
OCNT-0454910-AA-001,-1.745789953225664,-1.3973606483870702,substrate,substrate
OCNT-0454912-AA-001,-2.596107669384675,-3.6035835164264487,substrate,substrate
OCNT-0454916-AA-001,-2.8913019104571367,-3.0168580008937185,substrate,substrate
OCNT-0454918-AA-001,0.0148164181484745,-0.1924344574432392,non-substrate,substrate
OCNT-0454921-AA-001,0.0217124542666401,-2.341944447196651,non-substrate,substrate
OCNT-0454922-AA-001,0.106341782545201,-3.5951640733567034,non-substrate,substrate
OCNT-0454929-AA-001,-0.1358821319909695,-1.1229839487030544,inconclusive,substrate
OCNT-0454931-AA-001,-0.2298601198253319,-0.3126855062460389,substrate,substrate
OCNT-0454932-AA-001,0.0206386042376637,-3.9248583064188063,non-substrate,substrate
OCNT-0454936-AA-001,-2.8536109678558703,-3.7116721343825807,substrate,substrate
OCNT-0454939-AA-001,0.111194393408378,0.1825309124250926,non-substrate,non-substrate
OCNT-0454970-AA-001,-0.0932038313813439,-3.1788465257456515,inconclusive,substrate
OCNT-0454980-AA-001,-0.0177143624227929,-2.2635496220946085,non-substrate,substrate
OCNT-0454987-AA-001,-0.3309736968572918,-3.260375294070621,substrate,substrate
OCNT-0454989-AA-001,-0.8438999156434999,-2.8799829684566625,substrate,substrate
OCNT-0454997-AA-001,-0.1825655550983042,-0.6708826711159981,substrate,substrate
OCNT-0455003-AA-001,-0.0037915251719862,-3.2971414369640266,non-substrate,substrate
OCNT-0455007-AA-001,-0.1756751669508776,-3.1950764148679305,substrate,substrate
OCNT-0455012-AA-001,0.0307987503873409,-3.4177472367502153,non-substrate,substrate
OCNT-0455026-AA-001,0.0020098049656493,-0.3806770688682039,non-substrate,substrate
OCNT-0455046-AA-001,0.0778767110295011,-0.6813117383885476,non-substrate,substrate
OCNT-0455058-AA-001,-0.12482195822524,-1.177789358074138,inconclusive,substrate
OCNT-0455070-AA-001,0.0295701158688627,-3.5170674676213567,non-substrate,substrate
OCNT-0455078-AA-001,0.1364670473258631,-3.3036330491318076,non-substrate,substrate
OCNT-0455082-AA-001,0.0206448981450064,-3.313950068074432,non-substrate,substrate
OCNT-0455084-AA-001,0.0355020488345447,-3.25461004914128,non-substrate,substrate
OCNT-0455086-AA-001,0.0440740615014337,-3.554393889174226,non-substrate,substrate
OCNT-0455088-AA-001,-0.3249501220252765,-3.2262184248818997,substrate,substrate
OCNT-0455090-AA-001,0.1435852236223455,-1.5316630497199308,non-substrate,substrate
OCNT-0455094-AA-001,-0.0060760166390513,-3.8150500007593946,non-substrate,substrate
OCNT-0455100-AA-001,0.0100026775048934,-3.535132833020543,non-substrate,substrate
OCNT-0455102-AA-001,0.0377133408787114,-3.062024377021187,non-substrate,substrate
OCNT-0455112-AA-001,-0.0651078131828538,-2.18149499264601,inconclusive,substrate
OCNT-0455116-AA-001,0.0734650787919958,-3.2863043229800173,non-substrate,substrate
OCNT-0455118-AA-001,0.0379997337307247,-3.7683255775271816,non-substrate,substrate
OCNT-0455120-AA-001,0.065395182177433,-2.459032666510841,non-substrate,substrate
OCNT-0455122-AA-001,0.1144031350602053,-0.7547520665196865,non-substrate,substrate
OCNT-0455126-AA-001,-0.1308808657809733,-3.0068743805330937,inconclusive,substrate
OCNT-0455834-AA-001,-0.1099372208962267,-3.5461408498350333,inconclusive,substrate
OCNT-0455853-AA-001,-0.0166511502220803,-0.9731643413730016,non-substrate,substrate
OCNT-0455855-AA-001,0.0083077348886081,-1.0341583351124513,non-substrate,substrate
OCNT-0455861-AA-001,0.0856718954393453,-3.3693351906137554,non-substrate,substrate
OCNT-0455932-AA-001,0.030294340752273,0.079769691737134,non-substrate,non-substrate
OCNT-0455940-AA-001,-0.7950738466254605,-3.5999010160729985,substrate,substrate
OCNT-0455964-AA-001,0.0457432887567669,-0.6382292408585641,non-substrate,substrate
OCNT-0455988-AA-001,0.0097467931200756,-3.2350344309983994,non-substrate,substrate
OCNT-0455990-AA-001,-2.9869866786274195,-0.1084379807764701,substrate,inconclusive
OCNT-0456008-AA-001,-2.829703138414115,-0.5371298962620292,substrate,substrate
OCNT-0456010-AA-001,-0.1668154312646795,-0.7758473368542855,substrate,substrate
OCNT-0456012-AA-001,-0.6823289404375985,-0.2600879688898745,substrate,substrate
OCNT-0456014-AA-001,-0.4252958723511468,-0.0077788111753065,substrate,non-substrate
OCNT-0456022-AA-001,0.0715831128047938,0.0078811303838479,non-substrate,inconclusive
OCNT-0456054-AA-001,0.0181747312304895,0.0056441982873067,non-substrate,non-substrate
OCNT-0456072-AA-001,-1.1393221618888432,-0.0935930189164562,substrate,inconclusive
OCNT-0456140-AA-001,-0.5125630459826916,-3.925868083339227,substrate,substrate
OCNT-0456142-AA-001,-0.0458376870690645,-4.115352293980978,inconclusive,substrate
OCNT-0456144-AA-001,-0.0254704782358268,-0.793910600050955,non-substrate,substrate
OCNT-0456158-AA-001,-0.2307700528015376,-3.8537395420864007,substrate,substrate
OCNT-0456160-AA-001,-0.2984462056231663,-3.7063684156885537,substrate,substrate
OCNT-0456162-AA-001,-0.3570190107484226,-3.4720679976922657,substrate,substrate
OCNT-0456166-AA-001,-2.547736907239104,-2.7019077572697254,substrate,substrate
OCNT-0456180-AA-001,-0.0391436467848303,-2.5936481081303877,inconclusive,substrate
OCNT-0456186-AA-001,-0.0121098342838844,-0.1382413503089665,non-substrate,inconclusive
OCNT-0456188-AA-001,-0.7486650813522153,-3.5605276970400066,substrate,substrate
OCNT-0456192-AA-001,-0.1914661081769437,-2.9128445143646884,inconclusive,substrate
OCNT-0456204-AA-001,-0.0064566241327887,-3.016586949630752,non-substrate,substrate
OCNT-0456206-AA-001,0.0021439463853109,0.0098370485483725,non-substrate,non-substrate
OCNT-0456208-AA-001,-0.0096296754188259,-0.3261103475763782,non-substrate,substrate
OCNT-0456212-AA-001,0.0557846750651409,0.0623311610539056,non-substrate,non-substrate
OCNT-0456220-AA-001,0.0725385334720719,-0.6207678101947938,non-substrate,substrate
OCNT-0456226-AA-001,-3.410661233709186,-3.430247579295091,substrate,substrate
OCNT-0456228-AA-001,-0.2750996471729887,-3.318606680372259,substrate,substrate
OCNT-0456230-AA-001,-0.2416756324394097,-3.299659568359851,substrate,substrate
OCNT-0456234-AA-001,0.0320406015311356,-2.5599032130591906,non-substrate,substrate
OCNT-0456250-AA-001,-3.0182139318551746,0.2101539612708896,substrate,non-substrate
OCNT-0456252-AA-001,-0.730927824437095,-0.0632291615645312,inconclusive,inconclusive
OCNT-0456282-AA-001,-0.0177534231969055,-1.308541632766417,non-substrate,substrate
OCNT-0456289-AA-001,-0.0097541543781525,-0.1191798700560058,non-substrate,inconclusive
OCNT-0456298-AQ-001,0.0838536367715255,-0.7662500122203619,non-substrate,substrate
OCNT-0456304-AA-001,0.0715169885276733,-0.6983385092089707,non-substrate,substrate
OCNT-0456306-AA-001,0.0627472616020575,-3.4457263896024406,non-substrate,substrate
OCNT-0456310-AA-001,-0.7438834563861432,-2.3756214550440156,substrate,substrate
OCNT-0456312-AA-001,0.0602217288375818,-0.1200171531987308,non-substrate,inconclusive
OCNT-0456315-AA-001,0.0835992529184451,-3.040023024320736,non-substrate,substrate
OCNT-0456321-AA-001,0.0988532402762431,-0.592728450092693,non-substrate,substrate
OCNT-0456328-AA-001,-0.3072723150763588,-3.3466659401790517,substrate,substrate
OCNT-0456349-AA-001,0.0017447753848688,-0.2424119630560168,non-substrate,substrate
OCNT-0456376-AA-001,-0.0162555406890508,-0.3927362652580051,non-substrate,substrate
OCNT-0456378-AA-001,0.0550425357289614,-0.6747646402320893,non-substrate,substrate
OCNT-0456380-AA-001,-0.7777183316175484,-0.9387704679754064,substrate,substrate
OCNT-0456384-AA-001,-0.1173082120836351,-1.4972930956536723,inconclusive,substrate
OCNT-0456386-AA-001,-0.0527393106170391,-0.9289366122060544,inconclusive,substrate
OCNT-0456388-AA-001,-0.2392976794964585,-1.896537389476121,substrate,substrate
OCNT-0456473-AA-001,-0.0509580789564197,-2.8081632000653816,inconclusive,substrate
OCNT-0456479-AA-001,0.0082031382558723,-3.093965471557838,non-substrate,substrate
OCNT-0456507-AA-001,-2.621069287229658,-2.8796981037289333,substrate,substrate
OCNT-0456571-AA-001,0.0305857089360558,-1.0062507970814636,non-substrate,substrate
OCNT-0456667-AA-001,-0.16510379343034,-1.1516427792098396,inconclusive,substrate
OCNT-0456671-AA-001,-0.5528046615733175,-3.8476994880715214,substrate,substrate
OCNT-0456677-AA-001,-0.1480255200801835,-3.569123289283401,inconclusive,substrate
OCNT-0456679-AA-001,-0.0416675520703059,-1.1323235221064252,inconclusive,substrate
OCNT-0456763-AA-001,-0.6448794957781013,0.0946435205464304,substrate,non-substrate
OCNT-0456785-AA-001,-0.048356150313933,-0.4909855659792876,inconclusive,inconclusive
OCNT-0456791-AA-001,0.0135277544834206,-0.5136411312273248,non-substrate,substrate
OCNT-0456809-AA-001,0.0284483447404778,-0.6918179848819124,non-substrate,substrate
OCNT-0456810-AA-001,-0.0008446058629531,0.086349684126592,non-substrate,non-substrate
OCNT-0456811-AA-001,0.0170015551299171,-0.2718364602199843,non-substrate,substrate
OCNT-0456812-AA-001,0.0464818360462028,0.110200825794327,non-substrate,non-substrate
OCNT-0456813-AA-001,0.0251694181371417,-3.1149953830413315,non-substrate,substrate
OCNT-0456815-AA-001,-0.016166515102583,-0.5593093814378003,inconclusive,substrate
OCNT-0456864-AA-001,0.0095840397515142,0.0051565031542386,non-substrate,non-substrate
OCNT-0456866-AA-001,-0.0226861095919524,-0.1153382880125475,non-substrate,inconclusive
OCNT-0456890-AA-001,-0.0861874376977495,-0.4267311974014793,inconclusive,substrate
OCNT-0456894-AA-001,-0.0577297980159323,-1.1302953771897553,inconclusive,substrate
OCNT-0456896-AA-001,-0.7736155714389343,-3.194447224476665,substrate,substrate
OCNT-0456898-AA-001,-0.0635052016761023,-0.1626722400329345,inconclusive,inconclusive
OCNT-0456952-AA-001,-0.0941057166331279,-0.5373661470118023,inconclusive,substrate
OCNT-0456954-AA-001,-0.0541269676049552,-0.2623977037882392,inconclusive,substrate
OCNT-0456958-AA-001,-0.0136164514865814,0.0086812785130483,non-substrate,inconclusive
OCNT-0456960-AA-001,0.0369269793421109,-2.121932153847116,non-substrate,substrate
OCNT-0456962-AA-001,-0.0370714391626359,-0.1787863691797584,non-substrate,substrate
OCNT-0456964-AA-001,-0.3248968647958153,-0.6727121868265034,substrate,substrate
OCNT-0456976-AA-001,-0.035516894733459,-0.9163210386227164,non-substrate,substrate
OCNT-0456978-AA-001,-0.0983262744420847,-2.2717158099309276,inconclusive,substrate
OCNT-0456984-AA-001,-0.0420688591493287,-0.270219198916493,inconclusive,substrate
OCNT-0456986-AA-001,-0.2893885877125928,-2.0341958384990457,substrate,substrate
OCNT-0456988-AA-001,-0.1469858112716104,-0.8520126853794014,inconclusive,substrate
OCNT-0456990-AA-001,-0.0485463843877498,-0.6112859783635329,inconclusive,substrate
OCNT-0457008-AA-001,0.0479869967334781,-3.036065534184818,non-substrate,substrate
OCNT-0457012-AA-001,-0.0293118018586688,-1.4491034024544338,non-substrate,substrate
OCNT-0457040-AA-001,-0.025379306601859,-1.8232075616122008,non-substrate,substrate
OCNT-0457042-AA-001,0.0016776681813998,-3.113573414140263,inconclusive,substrate
OCNT-0457077-AA-001,-0.1002669105259784,-0.915982657343311,inconclusive,substrate
OCNT-0457081-AA-001,0.1540616396155533,-2.914791184771725,non-substrate,substrate
OCNT-0457204-AA-001,0.0656558018218395,-0.0327614554825768,non-substrate,non-substrate
OCNT-0457236-AA-001,0.0526583793923553,0.0270160004978459,non-substrate,non-substrate
OCNT-0457347-AA-001,-0.0156159346228281,-2.9846315470818787,inconclusive,substrate
OCNT-0457413-AA-001,0.0613357752976499,-0.0800851149114958,non-substrate,inconclusive
OCNT-0457419-AA-001,0.0332741920367184,-0.9591291034340924,non-substrate,substrate
OCNT-0457420-AA-001,-0.14210169337,0.1338538232982751,inconclusive,non-substrate
OCNT-0457422-AA-001,-0.0178959191213628,0.129861899362325,inconclusive,non-substrate
OCNT-0457426-AA-001,-0.3912101973519168,-0.5322348457558972,substrate,substrate
OCNT-0457465-AA-001,0.0423202783447064,-3.730418733008399,non-substrate,substrate
OCNT-0457529-AA-001,-0.0328344352399093,-0.5676911517841461,non-substrate,inconclusive
OCNT-0457554-AA-001,-0.012788019302351,-3.0727411049732316,non-substrate,substrate
OCNT-0457579-AA-001,-0.5059496925706127,-2.4838685264322313,substrate,substrate
OCNT-0457613-AA-001,-0.3834836319932121,-2.35722909825464,substrate,substrate
OCNT-0457615-AA-001,0.0018994326972442,-1.2143397463681893,non-substrate,substrate
OCNT-0457633-AA-001,-0.0304235247475276,-0.3987452378959544,non-substrate,substrate
OCNT-0457635-AA-001,-0.0635150397823281,-2.2174120850770564,inconclusive,substrate
OCNT-0457647-AA-001,-0.0025914296974887,0.0099373902907036,non-substrate,non-substrate
OCNT-0457656-AA-001,-0.1764810202778199,-2.2141784831965374,substrate,substrate
OCNT-0457658-AA-001,0.0013548339803216,-3.4467771303260393,non-substrate,substrate
OCNT-0457672-AA-001,-0.0739145956220773,-3.039420695261982,inconclusive,substrate
OCNT-0457679-AA-001,-0.0305609232062518,0.0545053687136274,non-substrate,non-substrate
OCNT-0457698-AA-001,0.0370629697818618,0.0929521724341331,non-substrate,non-substrate
OCNT-0457712-AA-001,-0.0650136583414329,-3.1462216747998424,inconclusive,substrate
OCNT-0457715-AA-001,0.0712322103036095,0.0124505823775971,non-substrate,non-substrate
OCNT-0457736-CN-001,0.0344864583823795,-0.0916287268980964,non-substrate,inconclusive
OCNT-0457739-AA-001,0.0139017759883696,-3.080116619551243,non-substrate,substrate
OCNT-0457748-AA-001,-0.5525088463647184,0.1185767729925562,substrate,non-substrate
OCNT-0457772-AA-001,-0.6896524397290318,-0.2210309728781316,substrate,substrate
OCNT-0457777-AA-001,0.066705206420114,-1.1628916562123823,non-substrate,substrate
OCNT-0457791-AA-001,-0.0023355573549018,0.2743098545747608,inconclusive,non-substrate
OCNT-0457802-AA-001,-0.2574956908753803,-0.5182108881034067,substrate,substrate
OCNT-0457821-AA-001,0.0446708470864893,-0.1323179376758645,non-substrate,inconclusive
OCNT-0457829-AA-001,-1.493367619738455,-1.22654830880761,substrate,substrate
OCNT-0457842-AA-001,0.0155879513153917,-0.6570303321639122,non-substrate,substrate
OCNT-0457845-AA-001,-0.0292461952294203,-0.2145527407503591,inconclusive,substrate
OCNT-0457878-AA-001,-0.0156486984898749,-0.3008244340326795,non-substrate,substrate
OCNT-0457895-AA-001,-0.0101727412544307,0.0746423773135411,non-substrate,non-substrate
OCNT-0457908-AA-001,0.0115371197562892,-1.347906285292222,non-substrate,substrate
OCNT-0457919-AA-001,-0.0322484135339729,0.0577594775335672,inconclusive,non-substrate
OCNT-0457930-AA-001,0.1019363698773158,0.0288041921586064,non-substrate,non-substrate
OCNT-0457966-AA-001,-0.1064276812819507,-0.2625008454645341,inconclusive,substrate
OCNT-0457980-AA-001,-0.0105901673245314,-1.5824414243542506,inconclusive,substrate
OCNT-0457982-AA-001,0.0163516104610962,-0.8024368364936638,non-substrate,substrate
OCNT-0457986-AA-001,0.1261578325754754,-3.404168061238253,non-substrate,substrate
OCNT-0457992-AA-001,0.0483833960245798,-0.5093126279473976,non-substrate,substrate
OCNT-0458015-AA-001,-0.1190860448625296,-0.2141505602233371,inconclusive,substrate
OCNT-0458020-CN-001,-0.0271452498678967,-0.9405944095118944,inconclusive,substrate
OCNT-0458025-AA-001,0.0231405816751675,-0.7692114979821922,non-substrate,substrate
OCNT-0458027-AA-001,0.0154239253854039,0.0869504237620235,non-substrate,non-substrate
OCNT-0458076-AA-001,-0.1670221059297165,-3.09586575372765,inconclusive,substrate
OCNT-0458078-AA-001,-2.967834819414631,-0.7174416020536984,substrate,substrate
OCNT-0458184-AA-001,0.0243437110182411,-0.3748342623423824,non-substrate,substrate
OCNT-0458275-AA-001,-0.0306699264998498,-0.1795782770490097,non-substrate,substrate
OCNT-0458307-AA-001,-0.3073009490783783,-1.3603428913198847,substrate,substrate
OCNT-0458309-AA-001,0.0536554926099935,-0.0538527342452068,non-substrate,inconclusive
OCNT-0458336-AA-001,0.0480933029540033,-2.1431881398860955,non-substrate,substrate
OCNT-0458364-AA-001,0.0704983656464998,-0.0453659726336415,non-substrate,inconclusive
OCNT-0458388-AA-001,-0.6137962673042285,-3.160909903256223,substrate,substrate
OCNT-0458394-AA-001,0.0427709508348528,-0.1646766497010992,non-substrate,inconclusive
OCNT-0458398-AA-001,-0.1083323569173111,-0.3774725259915072,inconclusive,substrate
OCNT-0458408-AA-001,-0.0718798447212072,-2.1924381888528175,inconclusive,substrate
OCNT-0458432-AA-001,0.0039845149808844,-0.0664918402875036,non-substrate,inconclusive
OCNT-0458447-AA-001,-0.3922809053212753,-1.13063270990844,substrate,substrate
OCNT-0458448-AA-001,-0.5517837268025777,-0.2330050389898836,substrate,substrate
OCNT-0458456-AA-001,-1.5048476103248027,-2.8282693553191036,substrate,substrate
OCNT-0458458-AA-001,-0.1024150576653073,-0.2646946603180105,inconclusive,inconclusive
OCNT-0458462-AA-001,-0.2264295205907457,-0.9819686076523552,substrate,substrate
OCNT-0458485-AA-001,-0.4652390884662832,-0.8638131795730537,substrate,substrate
OCNT-0458500-AA-001,-0.8925336107140402,-0.0256930475383709,substrate,inconclusive
OCNT-0458511-AA-001,0.0188077560077203,-2.9261203717095743,non-substrate,substrate
OCNT-0458524-AA-001,-0.0767101926065262,-1.0348130554322037,inconclusive,substrate
OCNT-0458549-AA-001,-1.047903041822008,-1.2520143119406804,substrate,substrate
OCNT-0458556-AA-001,0.0050297928106817,-3.0805923852227046,non-substrate,substrate
OCNT-0458566-AA-001,0.0964963717444223,-0.0934118685357923,non-substrate,inconclusive
OCNT-0458584-AA-001,-0.0781981177825819,-1.995723740862896,inconclusive,substrate
OCNT-0458586-AA-001,0.0245868536905055,-3.3033633425433124,non-substrate,substrate
OCNT-0458590-AA-001,-0.0105655292331264,-0.0854598784382716,non-substrate,inconclusive
OCNT-0458642-AA-001,-0.0684798865351688,-0.7437123764800297,inconclusive,inconclusive
OCNT-0458648-AA-001,0.0347352573274665,-0.3627496244665895,non-substrate,substrate
OCNT-0458649-AA-001,0.0165204428735725,-0.116956623057125,non-substrate,inconclusive
OCNT-0458654-AA-001,0.1036725631705714,0.3478396899365794,non-substrate,non-substrate
OCNT-0458656-AA-001,0.3327189787627257,0.3028240438297551,non-substrate,non-substrate
OCNT-0458660-AA-001,0.1457154233407655,-0.7927757410385983,non-substrate,substrate
OCNT-0458661-AA-001,-0.0003247115510355,-0.2809666701345641,non-substrate,substrate
OCNT-0458662-AA-001,0.1180131632606697,-3.116487070014831,non-substrate,substrate
OCNT-0459973-AA-001,-0.0326777021571957,-0.2600901131729642,non-substrate,substrate
OCNT-0459975-AA-001,0.1021465583034218,-3.296851360040586,non-substrate,substrate
OCNT-0460157-AA-001,0.0784760734581948,0.0646524034563267,non-substrate,non-substrate
OCNT-0460159-AA-001,-0.0980280063925992,-1.8202230035887976,inconclusive,substrate
OCNT-0460161-AA-001,0.0112239184953435,-0.670093085590203,non-substrate,substrate
OCNT-0460163-AA-001,-0.0168545406940399,-3.957868042301058,non-substrate,substrate
OCNT-0460165-AA-001,-0.1234719186961982,-0.9226719752683916,inconclusive,substrate
OCNT-0460167-AA-001,-0.023693191735382,-0.5518721141250147,non-substrate,substrate
OCNT-0460177-AA-001,0.0361450184164119,-0.7411950170786339,non-substrate,substrate
OCNT-0460185-AA-001,-0.0751806399355421,-3.4427955176308664,inconclusive,substrate
OCNT-0460203-AA-001,0.0324217142761677,-3.1349308618921903,non-substrate,substrate
OCNT-0460205-AA-001,0.0004488280238427,-3.197472237164556,non-substrate,substrate
OCNT-0460207-AA-001,-0.0023740010079911,-3.351130611404713,non-substrate,substrate
OCNT-0460225-AA-001,0.0430550190367168,0.0030430086396764,non-substrate,inconclusive
OCNT-0460227-AA-001,0.0294903883708174,0.0915965606691502,non-substrate,non-substrate
OCNT-0460287-AA-001,-0.2372978189266806,-2.2173820477792865,substrate,substrate
OCNT-0460293-AA-001,-0.0288959714303072,-0.0725251972300249,inconclusive,inconclusive
OCNT-0460299-AA-001,-0.2675542842441467,-1.3012872187386302,substrate,substrate
OCNT-0460301-AA-001,-0.4280129886997229,-3.715548481547805,substrate,substrate
OCNT-0460303-AA-001,0.1191974791124456,-1.5372575565610331,non-substrate,substrate
OCNT-0460305-AA-001,0.1097579008609117,-0.8491966540066618,non-substrate,substrate
OCNT-0460307-AA-001,0.07217101711227,-3.38005611332754,non-substrate,substrate
OCNT-0460309-AA-001,0.1294534796262702,-3.114532919744823,non-substrate,substrate
OCNT-0460315-AA-001,-0.0684207255568032,-0.1855897679932105,inconclusive,substrate
OCNT-0460317-AA-001,0.0680760925375906,-0.3935206475753201,non-substrate,inconclusive
OCNT-0460331-AA-001,-0.0843589628702712,-3.9764395309700857,inconclusive,substrate
OCNT-0460333-AA-001,-0.025842076394787,-0.3260455567681593,non-substrate,substrate
OCNT-0460335-AA-001,-0.0485897867569682,-0.2835474668903988,inconclusive,substrate
OCNT-0460345-AA-001,0.0653033332346296,-0.3117712272032991,non-substrate,substrate
OCNT-0460349-AA-001,0.0552212576258502,-2.9850368807150316,non-substrate,substrate
OCNT-0460353-AA-001,-0.0833608607014381,-0.1810089496563591,inconclusive,substrate
OCNT-0460379-AA-001,-0.0176504396658683,-3.5664187879441145,non-substrate,substrate
OCNT-0460381-AA-001,0.0183768094054833,-3.4562346160892994,non-substrate,substrate
OCNT-0460385-AA-001,0.0091733733107573,0.0715035680754088,non-substrate,inconclusive
OCNT-0460391-AA-001,0.0122821538852753,-2.3857674688736763,non-substrate,substrate
OCNT-0460409-AA-001,0.0364287644948686,-1.320208874180627,non-substrate,substrate
OCNT-0460411-AA-001,0.0176846479227015,-0.0509767005122867,non-substrate,inconclusive
OCNT-0460413-AA-001,0.1050985013375774,-2.4472684306805794,non-substrate,substrate
OCNT-0460492-AA-001,0.0415747691704286,-0.0107840870321371,non-substrate,inconclusive
OCNT-0460612-AA-001,-0.0568785115185771,-4.07500824694961,inconclusive,substrate
OCNT-0460614-AA-001,-0.0292205989144472,-3.2188489196256587,inconclusive,substrate
OCNT-0460632-AA-001,-0.0831365302742628,-3.3927571166639527,inconclusive,substrate
OCNT-0460634-AA-001,-1.2389441331579671,-3.821919191165623,substrate,substrate
OCNT-0460635-AA-001,-0.0199358655341092,-3.091771047105964,non-substrate,substrate
OCNT-0460636-AA-001,0.0139700225752394,0.0462173196964741,non-substrate,non-substrate
OCNT-0460639-AA-001,-0.0646862784942861,-2.9926681111707154,inconclusive,substrate
OCNT-0460653-AA-001,-0.031790484162487,-1.6075208184103804,inconclusive,substrate
OCNT-0460655-AA-001,0.0096453049385554,-0.2319480382048357,non-substrate,substrate
OCNT-0460657-AA-001,-0.0226226636239373,-0.1880921671193336,non-substrate,substrate
OCNT-0460664-AA-001,0.0843929389017985,-0.6190346502360535,non-substrate,substrate
OCNT-0460665-AA-001,-0.0639099163683468,0.0462730194474616,inconclusive,non-substrate
OCNT-0460669-AA-001,-0.022440089116015,-0.3688833003893226,non-substrate,substrate
OCNT-0460673-AA-001,-0.1866821405422822,-3.007075268066151,substrate,substrate
OCNT-0460689-AA-001,0.0224557295307958,-0.4468449513550716,non-substrate,substrate
OCNT-0460691-AA-001,-0.0147274606940445,-0.0023994362928032,inconclusive,inconclusive
OCNT-0460695-AA-001,0.082041082165314,-3.132597925342037,non-substrate,substrate
OCNT-0460702-AA-001,-0.2197059016710937,-1.3444936559640244,substrate,substrate
OCNT-0460704-AA-001,-0.2004905990655575,-0.221371910967834,inconclusive,substrate
OCNT-0460706-AA-001,-0.1356078492909707,-0.4633236068950994,inconclusive,inconclusive
OCNT-0460708-AA-001,-0.6773852395505571,-2.051892043976964,substrate,substrate
OCNT-0460710-AA-001,-0.2574968259365927,-2.1307605365785665,substrate,substrate
OCNT-0460713-AA-001,0.0447621641875682,-1.1019675531319728,non-substrate,substrate
OCNT-0460745-AA-001,-0.0212769320426589,-0.9150103758741284,non-substrate,substrate
OCNT-0460757-AA-001,0.0462006661232232,-0.5524569917490307,non-substrate,substrate
OCNT-0460770-AA-001,0.0963590326418021,-0.6472211612940386,non-substrate,substrate
OCNT-0460775-AA-001,0.0569191306487497,-0.7950217162400732,non-substrate,substrate
OCNT-0460797-AA-001,0.004546270597438,-3.193999254996847,non-substrate,substrate
OCNT-0460810-AA-001,-0.1328756391182023,0.0840016810925323,inconclusive,non-substrate
OCNT-0460815-AA-001,0.0259296287050303,-1.023074586081807,non-substrate,substrate
OCNT-0460825-AA-001,0.079617236032229,0.0070012941558657,non-substrate,inconclusive
OCNT-0460829-AA-001,0.0351716598709503,-2.5832528068786886,non-substrate,substrate
OCNT-0460831-AA-001,0.097558461128328,-3.0861295546999807,non-substrate,substrate
OCNT-0460832-AA-001,-0.0033469217747438,-3.1461271200127054,non-substrate,substrate
OCNT-0460859-AA-001,-0.2673957789107223,-1.6085499778119252,substrate,substrate
OCNT-0460867-AA-001,-2.9916594506379823,-2.45904068427463,substrate,substrate
OCNT-0460891-AA-001,0.0092933297708074,-3.155308987976202,non-substrate,substrate
OCNT-0460895-AA-001,0.0227014454061723,-0.308694206397675,non-substrate,substrate
OCNT-0460901-AA-001,0.0109973406635467,0.0567316216695603,non-substrate,non-substrate
OCNT-0460907-AA-001,-0.0524504426121701,-3.019450850934339,inconclusive,substrate
OCNT-0460909-AA-001,0.0349439161701828,-3.0978405303977645,non-substrate,substrate
OCNT-0461255-AA-001,-0.0608760933531528,-2.877901380388499,inconclusive,substrate
OCNT-0461259-AA-001,0.0853317639915619,0.0126583544559375,non-substrate,inconclusive
OCNT-0461261-AA-001,-0.0038326660177992,-2.4340833523760494,non-substrate,substrate
OCNT-0461263-AA-001,0.0122823909210795,-1.7407882158114996,non-substrate,substrate
OCNT-0461265-AA-001,0.0262112932756306,-3.0953475081443047,non-substrate,substrate
OCNT-0461271-AA-001,-0.0111209848939615,-3.083062490403662,non-substrate,substrate
OCNT-0461289-AA-001,0.0472356166787476,-2.700863622612657,non-substrate,substrate
OCNT-0461290-AA-001,3.7653792628045135e-05,-0.2616457625296169,inconclusive,substrate
OCNT-0461291-AA-001,0.062216265689399,-2.981383561450184,non-substrate,substrate
OCNT-0461293-AA-001,0.0840080259924266,-3.1552621046857174,non-substrate,substrate
OCNT-0461295-AA-001,-0.0103303474757772,-1.003444624890907,non-substrate,substrate
OCNT-0461297-AA-001,0.0428447018583763,-0.6131396708385344,non-substrate,substrate
OCNT-0461299-AA-001,0.0751345317821023,-1.5594539466261392,non-substrate,substrate
OCNT-0461301-AA-001,0.0725770817766328,-2.238841429511895,non-substrate,substrate
OCNT-0461303-AA-001,0.0290831942883065,-0.3493595773767133,non-substrate,substrate
OCNT-0461319-AA-001,0.0176276305062518,-0.2196808094008702,non-substrate,substrate
OCNT-0461321-AA-001,0.0242812381648465,-2.5705321228387357,non-substrate,substrate
OCNT-0461327-AA-001,0.0116460262935093,-1.5328092575213297,non-substrate,substrate
OCNT-0461353-AA-001,-0.0265674332060929,-0.024061858869377,inconclusive,inconclusive
OCNT-0461355-AA-001,0.0098017919118566,0.0002974844481737,non-substrate,inconclusive
OCNT-0461364-AA-001,0.0376159469645894,-0.1595035461724254,non-substrate,inconclusive
OCNT-0461371-AA-001,0.0097069353586161,-1.6928965655658108,non-substrate,substrate
OCNT-0461373-AA-001,0.0630912220568768,0.1746963677993198,non-substrate,non-substrate
OCNT-0461396-AA-001,-0.0489627850411477,-2.1504309402059283,inconclusive,substrate
OCNT-0461397-AA-001,0.0763369046763113,-0.3069854414843416,non-substrate,substrate
OCNT-0461404-AA-001,0.0218100931736855,-0.3925000316164349,non-substrate,substrate
OCNT-0461411-AA-001,-1.2914816767187345,-0.9538784577926108,substrate,substrate
OCNT-0461413-AA-001,0.0084437232499133,-3.261287758402351,non-substrate,substrate
OCNT-0461426-AA-001,0.0306662815751782,-0.4469511666533012,non-substrate,substrate
OCNT-0461465-AA-001,0.1177591288901347,0.0244390446379725,non-substrate,inconclusive
OCNT-0461480-AA-001,0.0110331896720305,-0.0712890258746137,non-substrate,inconclusive
OCNT-0461485-AA-001,0.0086543375462213,-1.7077912368564712,non-substrate,substrate
OCNT-0461487-AA-001,0.0609787790337509,-0.5707550182165595,non-substrate,substrate
OCNT-0461492-AA-001,0.0895363685412064,-1.0019860009782309,non-substrate,substrate
OCNT-0461495-AA-001,-0.0059983317898534,-1.4249989125045563,non-substrate,substrate
OCNT-0461497-AA-001,-0.02069661754296,0.0545417615937235,non-substrate,non-substrate
OCNT-0461509-AA-001,-0.0806677179926474,-1.289919093503467,inconclusive,substrate
OCNT-0461511-AA-001,-3.0134594523283775,-0.964924854796246,substrate,substrate
OCNT-0461513-AA-001,0.0546612674570286,-3.0437738925899183,non-substrate,substrate
OCNT-0461519-AA-001,0.0868799761255846,-2.894252845304817,non-substrate,substrate
OCNT-0461521-AA-001,0.078497101771313,-0.2409134692745222,non-substrate,substrate
OCNT-0461538-AA-001,-0.1354619524530374,0.0697849228273437,inconclusive,non-substrate
OCNT-0461539-AA-001,0.0205982430055409,-2.6369755845325775,non-substrate,substrate
OCNT-0461556-AA-001,0.0032642188662343,-3.003014124602115,non-substrate,substrate
OCNT-0461558-AA-001,0.0060054067780094,-0.1115873914197713,non-substrate,inconclusive
OCNT-0461560-AA-001,0.0675156737675115,0.0263970262334911,non-substrate,non-substrate
OCNT-0461577-AQ-001,0.0038491136084329,-0.1466725079979616,non-substrate,substrate
OCNT-0461591-AA-001,0.0303273427322729,-1.1465753198732136,non-substrate,substrate
OCNT-0461611-AA-001,-0.0489314991756244,-0.4351003608897628,non-substrate,substrate
OCNT-0461620-AA-001,-0.1624974065749788,-4.01180295995652,inconclusive,substrate
OCNT-0461621-AA-001,-0.3365747904689658,-0.9961211892036316,substrate,substrate
OCNT-0461622-AA-001,-0.0468077419234972,-0.6535234792457691,inconclusive,substrate
OCNT-0461635-AA-001,0.0125058284215779,-0.5795447492136567,non-substrate,substrate
OCNT-0461639-AA-001,-0.2232663046467347,-1.2839505515298977,substrate,substrate
OCNT-0461640-AA-001,0.0200223465040294,-0.8491852767744228,non-substrate,substrate
OCNT-0461641-AA-001,-0.3169525638475582,-0.5690148189829474,substrate,substrate
OCNT-0461644-AA-001,0.0719494185291801,-0.9265791870467036,non-substrate,substrate
OCNT-0461646-AA-001,0.0329403291844078,-1.8031420675182943,non-substrate,substrate
OCNT-0461652-AA-001,-0.1590896038536991,-4.076618652250628,inconclusive,substrate
OCNT-0461660-AA-001,0.0173580392581416,-1.0802129060627703,non-substrate,substrate
OCNT-0461669-AA-001,-0.1942734007757974,-0.4809984501006159,substrate,substrate
OCNT-0461672-AA-001,-0.1342612683166829,-3.829268250415444,inconclusive,substrate
OCNT-0461674-AA-001,-0.0475784309342912,-4.230398528361223,inconclusive,substrate
OCNT-0461675-AA-001,-0.6890896606254295,-3.385714761845316,substrate,substrate
OCNT-0461677-AA-001,-0.3470475577973922,-3.210832712379762,substrate,substrate
OCNT-0461679-AA-001,0.0201791576038083,-0.3460194665206728,non-substrate,substrate
OCNT-0461680-AA-001,-0.0379429000175354,-1.6460461047404775,non-substrate,substrate
OCNT-0461681-AA-001,-0.0633647984186224,-3.9533743153776646,inconclusive,substrate
OCNT-0461682-AA-001,0.0632665942315882,-1.247048712351429,non-substrate,substrate
OCNT-0461684-AA-001,-0.0416105401304053,-4.167157331537839,non-substrate,substrate
OCNT-0461685-AA-001,0.0365910847236515,0.0667980952604505,non-substrate,non-substrate
OCNT-0461686-AA-001,0.0363715825717553,-1.2382542998360098,non-substrate,substrate
OCNT-0461687-AA-001,-0.0698322461080403,-3.892175547013211,inconclusive,substrate
OCNT-0461704-AA-001,-0.1965856224453695,-3.510544239127228,inconclusive,substrate
OCNT-0461705-AA-001,-0.372051307075681,-3.930989623062562,substrate,substrate
OCNT-0461710-AA-001,-0.2462416447551295,-3.9341130241676288,substrate,substrate
OCNT-0461714-AA-001,-0.0402278359820271,-2.7891006358002968,inconclusive,substrate
OCNT-0461716-AA-001,0.022570535259523,-1.8589923973050753,non-substrate,substrate
OCNT-0461718-AA-001,-0.2151467759893163,-3.29809845338877,substrate,substrate
OCNT-0461720-AA-001,-0.0868550330501116,0.0036959666130718,inconclusive,non-substrate
OCNT-0461724-AA-001,-1.466818918350863,-2.468200871453307,substrate,substrate
OCNT-0461725-AA-001,-0.032696284948037,-0.3920249204357207,non-substrate,substrate
OCNT-0461726-AA-001,-0.0240400161934251,0.1194515003535015,non-substrate,non-substrate
OCNT-0461728-AA-001,-0.4685393808182088,-1.448090051488022,substrate,substrate
OCNT-0461730-AA-001,0.0289319841622671,0.0518640021338869,non-substrate,non-substrate
OCNT-0461736-AA-001,-0.0814567360362859,-3.974106154897293,inconclusive,substrate
OCNT-0461738-AA-001,-0.0477730122265796,-0.855133266961376,inconclusive,substrate
OCNT-0461740-AA-001,-0.083505983532128,-4.233978041457657,inconclusive,substrate
OCNT-0461744-AA-001,-2.612159582814435,-2.7107018908888056,substrate,substrate
OCNT-0461748-AA-001,-0.596230162635001,-2.403283175761929,substrate,substrate
OCNT-0461751-AA-001,-0.1680671879263525,-0.4788129341376015,inconclusive,substrate
OCNT-0461753-AA-001,0.0505560534449351,-0.7625995013399511,non-substrate,substrate
OCNT-0461755-AA-001,0.0499607783188802,-0.0881367436006135,non-substrate,inconclusive
OCNT-0461758-AA-001,-0.0700817146274733,-0.2462468218206082,inconclusive,substrate
OCNT-0461760-AA-001,0.071386758930135,-0.1207010775348642,non-substrate,inconclusive
OCNT-0461763-AA-001,0.0054172700471085,-2.70992207163006,non-substrate,substrate
OCNT-0461766-AA-001,0.0636404026740635,-0.5431342669803865,non-substrate,substrate
OCNT-0461767-AA-001,0.0231568286957026,-2.620514568420933,non-substrate,substrate
OCNT-0461770-AA-001,-0.2027507830282508,-4.098486112750299,substrate,substrate
OCNT-0461774-AA-001,-0.3503578475958172,-1.8899038728571085,substrate,substrate
OCNT-0461784-AA-001,0.0722472501965579,-0.4634476468292554,non-substrate,substrate
OCNT-0461786-AA-001,-0.0870249857687965,-1.6950385879761125,inconclusive,substrate
OCNT-0461788-AA-001,0.0950596464472982,-0.6020979488466058,non-substrate,substrate
OCNT-0461790-AA-001,-0.0575238279430745,-0.7806179149252537,inconclusive,substrate
OCNT-0461792-AA-001,0.039735580619716,-0.7379337295832995,non-substrate,substrate
OCNT-0461794-AA-001,-0.0866432224288231,-0.4384107846609328,inconclusive,substrate
OCNT-0461796-AA-001,-0.120760855482319,-0.7918149016428622,inconclusive,substrate
OCNT-0461798-AA-001,0.0293782444589336,-0.6122161987966903,non-substrate,substrate
OCNT-0461808-AA-001,0.0501185601450283,-3.238229333147693,non-substrate,substrate
OCNT-0461810-AA-001,-3.050037193363117,-0.3160023887623682,substrate,substrate
OCNT-0461812-AA-001,-0.3034476701887116,-0.4468278358638953,substrate,substrate
OCNT-0461813-AA-001,-0.0491331788382634,-0.2858805436156384,inconclusive,substrate
OCNT-0461815-AA-001,-0.0430447696694987,-0.8158533051182353,non-substrate,substrate
OCNT-0461825-AA-001,-0.021713250112772,-0.6219208944716939,inconclusive,substrate
OCNT-0461832-AA-001,-2.632100991556422,-0.1814919804432051,substrate,inconclusive
OCNT-0461834-AA-001,-0.0345972366180785,-1.560111689907096,non-substrate,substrate
OCNT-0461836-AA-001,0.0321260710477127,-0.3155343919770947,non-substrate,substrate
OCNT-0461838-AA-001,0.0670921353240176,-3.10432360985466,non-substrate,substrate
OCNT-0461839-AA-001,-0.020149166794853,-1.3706090789853165,non-substrate,substrate
OCNT-0461841-AA-001,-0.0549881541751191,-2.213903783114701,inconclusive,substrate
OCNT-0461843-AA-001,0.0318049350747113,-0.862651586795014,non-substrate,substrate
OCNT-0461847-AA-001,0.0246246760205152,0.0019750889190151,non-substrate,non-substrate
OCNT-0461851-AA-001,-0.0659711065458501,-0.3215782447664619,inconclusive,substrate
OCNT-0461853-AA-001,-0.0329496070161977,-0.0536189359367602,inconclusive,inconclusive
OCNT-0461855-AA-001,-0.0032414344622556,-0.2260685986918433,non-substrate,substrate
OCNT-0461857-AA-001,-0.0039866321253101,0.106724653010974,non-substrate,non-substrate
OCNT-0461861-AA-001,0.0183078094963726,0.0958914373948491,non-substrate,non-substrate
OCNT-0461863-AA-001,0.0395842590818669,-3.242048313020832,non-substrate,substrate
OCNT-0461867-AA-001,-0.1377537653946313,-0.3414453541645645,inconclusive,substrate
OCNT-0461871-AA-001,-0.699009004725039,-2.9644144378151136,substrate,substrate
OCNT-0461875-AA-001,-0.3510409963469498,0.0915534026656565,substrate,non-substrate
OCNT-0461878-AA-001,-0.2624999879445215,-0.1046695841414226,substrate,inconclusive
OCNT-0462523-AA-001,0.0358824268678407,-2.832072502852096,non-substrate,substrate
OCNT-0462528-AA-001,-0.0491796892681183,-0.056953268068967,non-substrate,inconclusive
OCNT-0462530-AA-001,-0.522095706002919,-2.3014148048181573,substrate,substrate
OCNT-0462531-AA-001,0.0081395887765704,-1.387142848154443,non-substrate,substrate
OCNT-0462535-AA-001,0.0970955286084437,-0.6388663196461861,non-substrate,substrate
OCNT-0462537-AA-001,-0.2373838980627149,-3.1096852013463647,substrate,substrate
OCNT-0462545-AA-001,0.0171910942631747,-2.2599556770334237,non-substrate,substrate
OCNT-0462546-AA-001,-0.036597308492266,-0.0775488607607197,non-substrate,inconclusive
OCNT-0462547-AA-001,-0.5766573448333439,-3.360713649236761,substrate,substrate
OCNT-0462553-AA-001,0.0534784302785834,-2.0902435910223836,non-substrate,substrate
OCNT-0462555-AA-001,0.0359507031744431,-2.8884046512790365,non-substrate,substrate
OCNT-0462557-AA-001,-0.0059905163272087,-3.1645976464399626,non-substrate,substrate
OCNT-0462565-AA-001,-0.1591834514195438,-0.2264144079687771,inconclusive,substrate
OCNT-0462570-AA-001,-0.0820564167078622,-0.6522843125907776,inconclusive,substrate
OCNT-0462589-AA-001,-0.0451417400165092,-0.4669031223335653,inconclusive,substrate
OCNT-0462595-AA-001,0.0149885077002053,-0.1642672115142627,non-substrate,inconclusive
OCNT-0462596-AA-001,0.0399035940686734,-0.8372192570513182,non-substrate,substrate
OCNT-0462599-AA-001,0.0118129078947823,-0.1426016753219636,non-substrate,substrate
OCNT-0462601-AA-001,-0.19125624787287,-3.403688085252629,substrate,substrate
OCNT-0462603-AA-001,-0.5556577009754693,-3.4835770715913186,substrate,substrate
OCNT-0462633-AA-001,-0.105143345008723,-3.769890969259431,inconclusive,substrate
OCNT-0462641-AA-001,-0.0255003889715285,-3.108820543480551,non-substrate,substrate
OCNT-0462643-AA-001,-0.0256315065204773,-1.5759556447504592,non-substrate,substrate
OCNT-0462644-AA-001,-0.145681172587256,-0.7235319056641893,inconclusive,substrate
OCNT-0462672-AA-001,-0.2984779625785528,-0.7564974042907306,substrate,substrate
OCNT-0462676-AA-001,0.0582380001662804,-1.8158535107661051,non-substrate,substrate
OCNT-0462677-AA-001,-0.0025676026321678,0.0693681947062598,non-substrate,non-substrate
OCNT-0462696-AA-001,0.0035633307669826,-1.983514810256823,non-substrate,substrate
OCNT-0462710-AA-001,-0.1337631632863957,-0.5515253581830502,inconclusive,substrate
OCNT-0462732-AA-001,-0.3329032348157269,-1.5505912017756724,substrate,substrate
OCNT-0462736-AA-001,-0.0216644379045082,-3.1429767344858455,non-substrate,substrate
OCNT-0462760-AA-001,0.0205628787979502,-3.3590559954894523,non-substrate,substrate
OCNT-0462764-AA-001,-0.0496334960824432,-0.1166146887746677,inconclusive,inconclusive
OCNT-0462783-AA-001,-0.1031473921272849,-1.2771667125158306,inconclusive,substrate
OCNT-0462787-AQ-001,-0.018806612265915,-0.7049201168429757,non-substrate,substrate
OCNT-0462789-AQ-001,-0.0039732062958213,-0.2249450675631443,non-substrate,substrate
OCNT-0462791-AQ-001,-0.031699313332926,-0.005268047608065,non-substrate,non-substrate
OCNT-0462804-AA-001,-0.0506321427660568,-2.9766438385567735,inconclusive,substrate
OCNT-0462806-AA-001,0.0100907519548116,-1.419101613460227,non-substrate,substrate
OCNT-0462809-AQ-001,0.0032888489122291,-0.1194682750588169,non-substrate,inconclusive
OCNT-0462811-AQ-001,0.0286716753995278,-2.02892600047762,non-substrate,substrate
OCNT-0462813-AQ-001,-0.1570847545483267,-3.9134625522355506,inconclusive,substrate
OCNT-0462815-AQ-001,-0.0498733138771975,-2.716629003933023,inconclusive,substrate
OCNT-0462817-AQ-001,-0.017383780292008,-2.2398187362103945,non-substrate,substrate
OCNT-0462819-AQ-001,0.0145911473825199,-2.07402676557163,non-substrate,substrate
OCNT-0462821-AQ-001,-0.0326296310790167,-3.8621742503993826,non-substrate,substrate
OCNT-0462823-AQ-001,0.0203771676865785,-2.4311214644240136,non-substrate,substrate
OCNT-0462828-AA-001,-0.5475735739682404,-2.9453170561698263,substrate,substrate
OCNT-0462830-AA-001,0.0275017600688978,-0.3403760786873127,non-substrate,substrate
OCNT-0462877-AA-001,0.0462984500466545,0.0812197223581403,non-substrate,non-substrate
OCNT-0462881-AA-001,0.0299020134502205,-0.1392467150870384,non-substrate,inconclusive
OCNT-0462890-AA-001,0.0241820706627661,0.1224506161341016,non-substrate,non-substrate
OCNT-0462899-AA-001,0.0562801714404978,-1.336889225065523,non-substrate,substrate
OCNT-0462905-AA-001,0.0703490728145598,-0.2774791306460624,non-substrate,substrate
OCNT-0462907-AA-001,0.071540471324693,-0.2602169315573857,non-substrate,substrate
OCNT-0462914-AA-001,0.0169605625591206,0.1463797953901329,non-substrate,non-substrate
OCNT-0462915-AA-001,0.0388202479608327,-0.1601260434772609,non-substrate,substrate
OCNT-0462917-AA-001,-0.0668377861620291,-0.3378719800185994,inconclusive,substrate
OCNT-0462937-AA-001,-0.0814638414897658,-0.2343024446884793,inconclusive,substrate
OCNT-0462939-AA-001,0.0532206536103461,-0.3218712505296963,non-substrate,inconclusive
OCNT-0462941-AA-001,0.0108466473159353,0.1145946149628178,non-substrate,non-substrate
OCNT-0462943-AA-001,0.0086715880207431,0.0601466786099829,non-substrate,non-substrate
OCNT-0462954-AA-001,-0.20274939006003,-2.9699303998080175,substrate,substrate
OCNT-0462960-AA-001,-0.1144998832258923,-0.8848894237942537,inconclusive,substrate
OCNT-0462966-AA-001,0.1155647085541862,-1.1266993479222775,non-substrate,substrate
OCNT-0462984-AA-001,0.151561912636279,-2.0735920580651466,non-substrate,substrate
OCNT-0462986-AA-001,0.0060538422586147,-3.216913002382059,non-substrate,substrate
OCNT-0462988-AA-001,0.0849309099694152,-0.4119531876346087,non-substrate,substrate
OCNT-0462990-AA-001,0.1097916670496727,-0.7790395412682027,non-substrate,substrate
OCNT-0462992-AA-001,0.0415026188260919,-3.301440298548881,non-substrate,substrate
OCNT-0462994-AA-001,0.0953168371566994,-2.447772006734097,non-substrate,substrate
OCNT-0463027-AA-001,-0.8795572260343503,-1.837711384436336,substrate,substrate
OCNT-0463042-AA-001,0.0526934712582075,-0.9237727024163176,non-substrate,substrate
OCNT-0463085-AA-001,0.0837109541549587,-0.7182666061951188,non-substrate,substrate
OCNT-0463087-AA-001,0.0006394431905296,-0.1586180249912159,non-substrate,substrate
OCNT-0463091-AA-001,0.0012977613135993,-0.3753180698538374,non-substrate,substrate
OCNT-0463093-AA-001,0.0258752461585228,-0.3239569875787671,non-substrate,substrate
OCNT-0463109-AA-001,-0.0406756856058622,0.0965362036260675,inconclusive,non-substrate
OCNT-0463117-AA-001,0.0023961085120522,0.078254417330899,non-substrate,non-substrate
OCNT-0463127-AA-001,-0.1131586071247006,0.127800288714992,inconclusive,non-substrate
OCNT-0463132-AA-001,-0.4433979224931073,-1.446533451103697,substrate,substrate
OCNT-0463136-AA-001,-0.1959039888067374,-0.1337107548874261,inconclusive,inconclusive
OCNT-0463145-AA-001,-0.0162634839080371,-0.3002377235467435,non-substrate,substrate
OCNT-0463147-AA-001,-0.0016023740391376,0.0118002349471248,non-substrate,non-substrate
OCNT-0463149-AA-001,0.0679181956823978,0.0434374715673451,non-substrate,inconclusive
OCNT-0463159-AA-001,-0.0058716613982077,-0.1304279769536327,non-substrate,inconclusive
OCNT-0463200-AA-001,0.0385809103395929,-0.0746452611843944,non-substrate,inconclusive
OCNT-0463205-AA-001,-0.3441901343527284,-3.597655630328493,substrate,substrate
OCNT-0463240-AA-001,0.0440112752941467,-0.2135021627738798,non-substrate,substrate
OCNT-0463259-AA-001,-0.2268841330626571,-3.0518736585513366,substrate,substrate
OCNT-0463268-AA-001,0.0515770310252207,0.0676720913983022,non-substrate,non-substrate
OCNT-0463282-AA-001,0.0269508531058275,-0.166904673420932,non-substrate,substrate
OCNT-0463293-AA-001,-0.0033902024384146,-2.9393756649369984,non-substrate,substrate
OCNT-0463304-AA-001,-0.0151386077861886,-2.8733263346721243,non-substrate,substrate
OCNT-0463305-AA-001,0.0183150335666983,-0.0418120547288536,non-substrate,inconclusive
OCNT-0463306-AA-001,-0.0095965707930539,-0.2524978246393736,inconclusive,substrate
OCNT-0463320-AA-001,0.0217931327302063,-0.4912331778514698,non-substrate,substrate
OCNT-0463322-AA-001,0.1380582092852788,-0.2809836505511045,non-substrate,substrate
OCNT-0463381-AA-001,0.0751388845258668,-2.8374264311104795,non-substrate,substrate
OCNT-0463418-AA-001,0.090508717145953,-0.7277396871560202,non-substrate,substrate
OCNT-0463426-AA-001,0.0412018982359845,0.1247620388043522,non-substrate,non-substrate
OCNT-0463436-AA-001,0.0302702166713042,-3.2414042204651627,non-substrate,substrate
OCNT-0463446-AA-001,0.0169279823594305,-2.8794462707668833,non-substrate,substrate
OCNT-0463463-AA-001,-0.2545905872431289,-3.5625966889789664,substrate,substrate
OCNT-0463468-AA-001,0.0840485824986879,-1.5839326247357404,non-substrate,substrate
OCNT-0475000-AA-001,-0.0266776044381136,-3.4766302006270813,inconclusive,substrate
OCNT-0475002-AA-001,0.0142759372316526,0.0023122748788946,non-substrate,non-substrate
OCNT-0475003-AA-001,-0.0278876012044821,-0.0859267218486934,non-substrate,inconclusive
OCNT-0475004-AA-001,0.0655969996078007,-0.8871119353015358,non-substrate,substrate
OCNT-0475006-AA-001,0.0148761451089621,-1.250248515356415,non-substrate,substrate
OCNT-0475008-AA-001,0.0350816381548614,-0.283777086446781,non-substrate,substrate
OCNT-0475010-AA-001,0.0148579107139811,-0.7726625045165125,non-substrate,substrate
OCNT-0475034-AA-001,-0.0009849179304582,-3.1327967726971644,non-substrate,substrate
OCNT-0475039-AA-001,-0.071479490916557,-0.6112060906563626,inconclusive,substrate
OCNT-0475040-AA-001,0.0119518679091767,0.1178664692243129,non-substrate,non-substrate
OCNT-0475042-AA-001,-0.0208058889811649,-1.792187099424058,non-substrate,substrate
OCNT-0475044-AA-001,0.0591264955770817,-1.101647170288765,non-substrate,substrate
OCNT-0475045-AA-001,0.10290798191679,0.1733601796461998,non-substrate,non-substrate
OCNT-0475046-AA-001,-0.1541109644960954,-3.7384135900022386,inconclusive,substrate
OCNT-0475056-AA-001,-0.0589783708025542,-0.1050939804860151,inconclusive,inconclusive
OCNT-0475057-AA-001,-1.3940041030792665,-0.585048570448591,substrate,substrate
OCNT-0475064-AA-001,0.0143194003347807,-3.747872054677378,non-substrate,substrate
OCNT-0475065-AA-001,-0.0258027714344055,-3.769463085668848,non-substrate,substrate
OCNT-0475066-AA-001,0.0528475446878128,-1.5676485511302518,non-substrate,substrate
OCNT-0475068-AA-001,0.0633236589800376,-0.6720285167185329,non-substrate,substrate
OCNT-0475070-AA-001,0.0544252897395635,-0.1407656641961621,non-substrate,inconclusive
OCNT-0475078-AA-001,-0.0354153731581541,-0.2115233826963525,non-substrate,substrate
OCNT-0475081-AA-001,-0.0024479324014909,-0.4373902835989049,non-substrate,substrate
OCNT-0475093-AA-001,0.0108763809750042,-1.9105276402091955,non-substrate,substrate
OCNT-0475095-AA-001,0.0650587130506536,-0.0476643379931633,non-substrate,inconclusive
OCNT-0475098-AA-001,-0.0041947633219364,-0.3960074297176694,non-substrate,substrate
OCNT-0475100-AA-001,0.0232252003028883,-0.5057608798397641,non-substrate,substrate
OCNT-0475102-AA-001,0.0267197390663968,-0.676877933097094,non-substrate,substrate
OCNT-0475103-AA-001,-0.4262261768833571,0.0126753208949921,substrate,inconclusive
OCNT-0475104-AA-001,-0.0049829715330656,-1.27361503858066,non-substrate,substrate
OCNT-0475106-AA-001,0.0349089155863805,-0.2063722278353132,non-substrate,substrate
OCNT-0475108-AA-001,0.0758474848732134,-0.1688860266958007,non-substrate,substrate
OCNT-0475110-AA-001,0.0500272804618275,-3.4812487972142216,non-substrate,substrate
OCNT-0475113-AA-001,0.1333158069683915,-0.358579830968198,non-substrate,substrate
OCNT-0475115-AA-001,-0.5669705831148947,-0.4739297530209523,substrate,substrate
OCNT-0475117-AA-001,-0.0444030502477026,-2.5226906692689557,inconclusive,substrate
OCNT-0475119-AA-001,-0.11440189520375,-3.7887753389728926,inconclusive,substrate
OCNT-0475124-AA-001,0.0705075583083864,-0.0293072315179747,non-substrate,non-substrate
OCNT-0475129-AA-001,-1.448953941782796,-0.1355925718208217,substrate,inconclusive
OCNT-0475130-AA-001,0.0478573166435147,-1.9286570038262576,non-substrate,substrate
OCNT-0475132-AA-001,0.0042949829499518,-1.851167342411589,non-substrate,substrate
OCNT-0475135-AA-001,-0.1219745626373035,-1.7453769813256814,inconclusive,substrate
OCNT-0475145-AA-001,0.0417530527022489,-1.2295125233527568,non-substrate,substrate
OCNT-0475148-AA-001,-0.0996993939185837,-0.1922724330856828,inconclusive,substrate
OCNT-0475149-AA-001,0.0919842697610192,-0.2057322464202178,non-substrate,substrate
OCNT-0475155-AA-001,-0.1090127499805634,-3.3491850119394044,inconclusive,substrate
OCNT-0475157-AA-001,0.024608341426542,0.0726148311000507,non-substrate,non-substrate
OCNT-0475159-AA-001,-1.182171212988056,-1.005171279410214,substrate,substrate
OCNT-0475161-AA-001,-0.068976673202533,-0.5067910421299793,inconclusive,substrate
OCNT-0475163-AA-001,-0.0547876538696426,-1.5915203948514507,inconclusive,substrate
OCNT-0475165-AA-001,-0.0099487075936772,-0.3828992597620679,non-substrate,substrate
OCNT-0475169-AA-001,-0.0596729781933081,-0.0935803311629692,inconclusive,inconclusive
OCNT-0475172-AA-001,0.0344429288113276,0.0480333707221589,non-substrate,non-substrate
OCNT-0475174-AA-001,0.0209902437720756,-0.3472469308070183,non-substrate,substrate
OCNT-0475192-AA-001,0.0319620280554976,-0.0595136623818586,non-substrate,inconclusive
OCNT-0475194-AA-001,-0.2821375172626473,-3.224712652194617,substrate,substrate
OCNT-0475196-AA-001,0.0387660689942682,-1.3150379359163495,non-substrate,substrate
OCNT-0475198-AA-001,-0.0082573456138868,-2.5515879463243074,non-substrate,substrate
OCNT-0475200-AA-001,0.0546684408066506,-0.9153392781269902,non-substrate,substrate
OCNT-0475202-AA-001,0.020607365795802,-1.2102164992820494,non-substrate,substrate
OCNT-0475205-AA-001,0.0063977343021174,-0.353033275017089,non-substrate,substrate
OCNT-0475206-AA-001,-0.1967553043862798,-0.1615941209582656,inconclusive,inconclusive
OCNT-0475209-AA-001,0.0072699762609797,-3.732626887170417,non-substrate,substrate
OCNT-0475213-AA-001,0.0770855741268906,-0.0107259372562378,non-substrate,inconclusive
OCNT-0475217-AA-001,0.0411648315858432,-1.0426924027341258,non-substrate,substrate
OCNT-0475219-AA-001,0.028964499047959,-1.065579149626723,non-substrate,substrate
OCNT-0475224-AA-001,0.0266364176900249,-2.9459607866693167,non-substrate,substrate
OCNT-0475228-AA-001,0.0885410171980079,-0.0112956214408495,non-substrate,non-substrate
OCNT-0475233-AA-001,0.0179551326225504,-0.2457032668547798,non-substrate,substrate
OCNT-0475236-AA-001,-0.0853678628302231,-3.4217951247545626,inconclusive,substrate
OCNT-0475245-AA-001,0.0171251652609568,-0.6962666823778259,non-substrate,substrate
OCNT-0475246-AA-001,0.098221085217019,0.0674839365032591,non-substrate,non-substrate
OCNT-0475247-AA-001,-0.0042832130254436,-3.469222885609323,non-substrate,substrate
OCNT-0475251-AA-001,-2.6823447241085225,-3.4111498634072124,substrate,substrate
OCNT-0475255-AA-001,0.0380472134440842,0.0803709958085434,non-substrate,non-substrate
OCNT-0475259-AA-001,-0.0664017386156501,-0.5504126059979733,inconclusive,substrate
OCNT-0475261-AA-001,-0.071412122262176,-3.25698308277779,inconclusive,substrate
OCNT-0475263-AA-001,0.0713851211329592,-0.1538203048406616,non-substrate,inconclusive
OCNT-0475264-AA-001,-2.2499018795566936,-3.2278912060309697,substrate,substrate
OCNT-0475266-AA-001,-0.0761018432362298,-2.898685145384031,inconclusive,substrate
OCNT-0475269-AA-001,-0.140292291689957,-1.364689715690119,inconclusive,substrate
OCNT-0475270-AA-001,-0.2436315264545949,-3.470887542939902,substrate,substrate
OCNT-0475275-AA-001,-0.1452855904805152,-0.4263380307339721,inconclusive,substrate
OCNT-0475277-AA-001,-0.4275985540278504,-0.0010122267441383,substrate,inconclusive
OCNT-0475283-AA-001,-0.1289220367764421,-0.3985658357089461,inconclusive,substrate
OCNT-0475286-AA-001,0.0683969053101566,-0.3927797753928344,non-substrate,substrate
OCNT-0475288-AA-001,-2.5897728706180057,-3.221028508245249,substrate,substrate
OCNT-0475292-AA-001,-0.0083358898555668,-1.2778622415273682,non-substrate,substrate
OCNT-0475299-AA-001,-0.1173401973936148,-0.0565022693598979,inconclusive,inconclusive
OCNT-0475300-AA-001,0.0483313064281433,-0.1528222774560523,non-substrate,substrate
OCNT-0475305-AA-001,-0.0749149436083294,-0.9407047794868086,inconclusive,substrate
OCNT-0475310-AA-001,0.1045320103177108,-0.8874595689340721,non-substrate,substrate
OCNT-0475312-AA-001,-0.0422190740976418,-0.8568761577268753,inconclusive,substrate
OCNT-0475318-AA-001,-0.0379749292923202,-0.0175857419149796,non-substrate,inconclusive
OCNT-0476778-AA-002,0.0422637974662628,0.0583012354288223,non-substrate,non-substrate
OCNT-0476804-AA-002,0.0226428033656039,0.0872186545601083,non-substrate,non-substrate
OCNT-0477307-AA-002,0.3424883278936885,-0.432001363250909,non-substrate,substrate
OCNT-0478597-AA-001,0.1464259942903513,0.1930360950949108,non-substrate,non-substrate
OCNT-0479142-AA-001,0.1243509690800673,-0.1729314361470866,non-substrate,inconclusive
OCNT-0479153-AA-001,0.1565788039133287,0.2145102896249584,non-substrate,non-substrate
OCNT-0479155-AA-001,0.0472561709895916,-0.5077827159912811,non-substrate,substrate
OCNT-0479157-AA-001,0.0219222416482402,-0.6544551211990273,non-substrate,substrate
OCNT-0479161-AA-001,-0.0582836920407517,-1.832535010165548,inconclusive,substrate
OCNT-0479163-AA-001,-0.0477366038461955,-0.8148102551107783,inconclusive,substrate
OCNT-0479165-AA-001,-0.0034456368067568,0.0345201244258124,non-substrate,non-substrate
OCNT-0479172-AA-001,0.1337372616859292,-0.2970769397488642,non-substrate,substrate
OCNT-0479173-AA-001,0.1649412827940549,0.1792993522108315,non-substrate,non-substrate
OCNT-0479175-AA-001,0.1855011404508683,0.0027226393679775,non-substrate,inconclusive
OCNT-0479179-AA-001,0.1479888155890658,-0.1516911519823711,non-substrate,inconclusive
OCNT-0479187-AA-001,-0.0257816263325813,-0.4412040321413926,non-substrate,substrate
OCNT-0479188-AA-001,-0.1569154937586095,-1.1478998538518237,inconclusive,substrate
OCNT-0479190-AA-001,-0.2627341994563916,-3.809808330103804,substrate,substrate
OCNT-0479194-AA-001,0.0137850364755174,-2.2661504738368463,non-substrate,substrate
OCNT-0479195-AA-001,-0.061414264012413,-0.2875567584562084,inconclusive,substrate
OCNT-0479203-AA-001,0.2568205328972335,-0.4882798838514368,non-substrate,substrate
OCNT-0479211-AA-001,0.1284961794492415,0.1072045284294676,non-substrate,non-substrate
OCNT-0479220-AA-001,-2.9770163064069735,-2.2296889246345524,substrate,substrate
OCNT-0479222-AA-001,-0.8128286772254669,-3.45694937214667,substrate,substrate
OCNT-0479224-AA-001,-3.129658411281248,-1.0862182917263024,substrate,substrate
OCNT-0479228-AA-001,-2.251535263119222,-2.2090012733132034,substrate,substrate
OCNT-0479230-AA-001,-0.3757395967657492,-0.1308387992331079,substrate,inconclusive
OCNT-0479232-AA-001,-0.0509280344583024,-1.602442090241038,inconclusive,substrate
OCNT-0479233-AA-001,0.0467848867570554,-3.450612707110992,non-substrate,substrate
OCNT-0479239-AA-001,0.1534011865507024,-0.1737941170590407,non-substrate,inconclusive
OCNT-0479245-AA-001,-1.2200629442188355,-1.0657136173964368,substrate,substrate
OCNT-0479247-AA-001,-2.2292079414175614,-3.115277179282336,substrate,substrate
OCNT-0479249-AA-001,0.0722241876653444,0.2431849496973903,non-substrate,non-substrate
OCNT-0479251-AA-001,0.0367027880027236,-0.2755735709585662,non-substrate,substrate
OCNT-0479252-AA-001,0.0713478148914145,0.1609579896515978,non-substrate,non-substrate
OCNT-0479253-AA-001,0.0156183063921199,-3.3264833921921264,non-substrate,substrate
OCNT-0479255-AA-001,-0.0176897021272513,-4.036918167797991,non-substrate,substrate
OCNT-0479257-AA-001,-0.1131272438503134,-3.4268301417521094,inconclusive,substrate
OCNT-0479260-AA-001,-0.0565829915006898,-0.2864789116945578,inconclusive,substrate
OCNT-0479261-AA-001,-0.0183970413519785,-1.3973095000851918,non-substrate,substrate
OCNT-0479263-AA-001,-0.1390973255714278,-0.1943013544520875,inconclusive,substrate
OCNT-0479265-AA-001,-0.2263141003633328,-2.269957606731,substrate,substrate
OCNT-0479268-AA-001,-0.1506659653538791,0.0945459463252387,inconclusive,inconclusive
OCNT-0479274-AA-001,-0.013466375918847,-0.2995231461696068,non-substrate,substrate
OCNT-0479276-AA-001,0.0007271467173896,0.0286402632617015,non-substrate,non-substrate
OCNT-0479278-AA-001,-0.1426291560595743,-0.2256032150978786,inconclusive,inconclusive
OCNT-0479280-AA-001,-0.0389781776713397,-0.2311109523292156,non-substrate,substrate
OCNT-0479283-AA-001,-0.2994422253023845,-0.4284868220003561,substrate,substrate
OCNT-0479284-AA-001,-0.0927825825750401,-2.977986098728952,inconclusive,substrate
OCNT-0479285-AA-001,-0.0873455705325631,-0.4996126562307124,inconclusive,substrate
OCNT-0479287-AA-001,-0.1339957976935456,-0.1422645744680384,inconclusive,inconclusive
OCNT-0479288-AA-001,-0.2758516421343475,-3.468081573630743,substrate,substrate
OCNT-0479293-AA-001,-0.0343502177080906,0.1473433197745182,inconclusive,non-substrate
OCNT-0479298-AA-001,-0.1896019323585018,-0.0707827762837407,substrate,inconclusive
OCNT-0479300-AA-001,-0.0917823019290354,-0.0584065516481961,inconclusive,inconclusive
OCNT-0479302-AA-001,0.0896197826599333,-0.3247602996229854,non-substrate,substrate
OCNT-0479304-AA-001,-0.0375103038407004,-0.1234536875280625,inconclusive,inconclusive
OCNT-0479306-AA-001,-0.1367907819155284,-0.0817072546456927,inconclusive,inconclusive
OCNT-0479308-AA-001,-0.0465503427857322,-0.1081144195818515,inconclusive,inconclusive
OCNT-0479318-AA-001,0.0119789961779059,-0.2556993166969734,non-substrate,substrate
OCNT-0479322-AA-001,0.05834102812156,-0.5032887232149243,non-substrate,substrate
OCNT-0479328-AA-001,0.0407274910332199,-0.5686771198857716,non-substrate,substrate
OCNT-0479338-AA-001,-0.1828896156330016,-0.4823945209645428,substrate,substrate
OCNT-0479344-AA-001,-0.12615196996997,-2.627237928726411,inconclusive,substrate
OCNT-0479361-AA-001,-0.3702131407349432,-3.1783790270603927,substrate,substrate
OCNT-0479364-AA-001,-0.1359612257703933,-0.3986629942940611,inconclusive,substrate
OCNT-0479366-AA-001,-0.8292728677757532,-0.1973955083811631,substrate,inconclusive
OCNT-0479368-AA-001,-0.9293693788620518,-1.434194758511806,substrate,substrate
OCNT-0479370-AA-001,-0.12553983546472,-0.3563917964695022,inconclusive,substrate
OCNT-0479372-AA-001,-1.2037958963830564,-0.4751848051005316,substrate,substrate
OCNT-0479376-AA-001,0.0359963731067253,0.2354685489076589,non-substrate,non-substrate
OCNT-0479377-AA-001,-0.008050290192065,-0.4566273126664875,non-substrate,substrate
OCNT-0479379-AA-001,0.0759198466262153,-0.3567513891155709,non-substrate,substrate
OCNT-0479384-AA-001,0.0279775115121768,-1.2040376867015068,non-substrate,substrate
OCNT-0479385-AA-001,-0.3619837608751815,-1.79392788461166,substrate,substrate
OCNT-0479389-AA-001,-1.363261479204757,-3.2977885371019124,substrate,substrate
OCNT-0479390-AA-001,0.0453678676518152,-3.571968189448816,non-substrate,substrate
OCNT-0479391-AA-001,-1.4929583853622448,-3.043400656586112,substrate,substrate
OCNT-0479393-AA-001,-2.889458693909571,-1.1677973515766542,substrate,substrate
OCNT-0479395-AA-001,0.0413658910805579,-0.2043426858329926,non-substrate,inconclusive
OCNT-0479397-AA-001,0.0975030679344368,0.1520806334827531,non-substrate,non-substrate
OCNT-0479399-AA-001,-0.1108067919153492,-3.709749168768081,inconclusive,substrate
OCNT-0479401-AA-001,-0.0522553315178645,-0.633231320030669,inconclusive,inconclusive
OCNT-0479403-AA-001,0.0182682373924536,-0.8918906606242913,non-substrate,substrate
OCNT-0479405-AA-001,0.0578470985933905,-0.836049613291979,non-substrate,substrate
OCNT-0479407-AA-001,0.0935524599024941,-0.6170307007659108,non-substrate,substrate
OCNT-0479409-AA-001,-0.1238448415939081,-0.7179140184169572,inconclusive,substrate
OCNT-0479411-AA-001,-0.4650113746905867,-1.4152336187275396,substrate,substrate
OCNT-0479413-AA-001,-0.785017727454042,-3.2948088539444016,substrate,substrate
OCNT-0479427-AA-001,0.0360817593139411,-3.771569242695697,non-substrate,substrate
OCNT-0479429-AA-001,0.0414327515494979,-3.71652312968766,non-substrate,substrate
OCNT-0479433-AA-001,-1.05297751943356,-1.6864264837892025,substrate,substrate
OCNT-0479435-AA-001,-1.4615310946078146,-3.3856878915791935,substrate,substrate
OCNT-0479437-AA-001,-2.936357553397458,-3.22677341456039,substrate,substrate
OCNT-0479442-AA-001,0.0077340574944024,-0.1195968486153855,non-substrate,inconclusive
OCNT-0479446-AA-001,0.095787839313336,-0.191937105237673,non-substrate,inconclusive
OCNT-0479448-AA-001,-0.1147380297536378,-0.0735596197714754,inconclusive,inconclusive
OCNT-0479450-AA-001,0.1680125998374534,0.1900711563044588,non-substrate,non-substrate
OCNT-0479466-AA-001,-0.2928609620071511,-0.1032937538545386,substrate,inconclusive
OCNT-0479472-AA-001,0.2837085010819495,0.4631578345072089,non-substrate,non-substrate
OCNT-0479496-AA-001,-0.0844239610182293,-0.2850514492498046,inconclusive,substrate
OCNT-0479499-AA-001,-1.8818327344979928,-3.763915315029133,substrate,substrate
OCNT-0479500-AA-001,-0.4212223932532495,-1.4925196775521807,substrate,substrate
OCNT-0479501-AA-001,-0.1221953559008993,-2.6724838722057296,inconclusive,substrate
OCNT-0479503-AA-001,-0.1433187948657704,-0.1765575493340598,inconclusive,substrate
OCNT-0479523-AA-001,0.0771896609682711,-3.300962839230527,non-substrate,substrate
OCNT-0479525-AA-001,-0.024666478164265,-0.2826756052870305,inconclusive,substrate
OCNT-0479527-AA-001,0.0499656940401564,-0.0650039974407956,non-substrate,inconclusive
OCNT-0479564-AA-001,0.0871135540937431,0.0128861001543789,non-substrate,non-substrate
OCNT-0479585-AA-001,-1.2204019477111592,-3.300675799168789,substrate,substrate
OCNT-0479588-AA-001,-0.119990143158274,-0.398921916955623,inconclusive,substrate
OCNT-0479598-AA-001,0.0763503635524113,-3.4624271017245087,non-substrate,substrate
OCNT-0479600-AA-001,-0.1593038272475385,-3.4259161238711653,inconclusive,substrate
OCNT-0479603-AA-001,-0.3577971288976163,-0.539710577109684,substrate,substrate
OCNT-0479605-AA-001,-0.4582036189694777,-2.84205295638513,substrate,substrate
OCNT-0479613-AA-001,-3.1119520300409818,-3.1852993510895597,substrate,substrate
OCNT-0479618-AA-001,-0.8047540904258998,-3.2991504567243304,substrate,substrate
OCNT-0479622-AA-001,-0.7576308354776528,-3.5398360522667174,substrate,substrate
OCNT-0479624-AA-001,-1.5454929107634878,-1.3787639673483465,substrate,substrate
OCNT-0479685-AA-001,-0.3357592468477027,0.2796220694032447,inconclusive,non-substrate
OCNT-0479689-AA-001,-0.0016488998532296,0.1171084807540197,non-substrate,non-substrate
OCNT-0479693-AA-001,-0.0417949501993343,-0.0398923545583702,inconclusive,inconclusive
OCNT-0479717-AA-001,-0.1554791506421154,0.1827134148016203,inconclusive,non-substrate
OCNT-0479721-AA-001,-0.1488188371383311,-0.1844978178262399,inconclusive,substrate
OCNT-0479723-AA-001,0.1069249883319138,0.2309934151855959,non-substrate,non-substrate
OCNT-0479725-AA-001,-0.1298932273169991,0.1265482138581983,inconclusive,non-substrate
OCNT-0479749-AA-001,0.1305716910320618,0.1027493344697889,non-substrate,non-substrate
OCNT-0479771-AA-001,-0.0963872611438293,0.1319773739009493,inconclusive,non-substrate
OCNT-0480057-AA-002,-0.1235405374721698,-1.5703112163718052,inconclusive,substrate
OCNT-0481714-AA-001,-0.2660249682116063,-0.6671743531010792,substrate,substrate
OCNT-0481724-AA-001,-0.0054928510650703,0.0851085265459525,non-substrate,non-substrate
OCNT-0481739-AA-001,-0.1812182492575004,-0.451591863042923,substrate,substrate
OCNT-0481795-AA-001,0.0110444220235046,0.0235616086219971,non-substrate,inconclusive
OCNT-0481805-AA-001,0.0984041433108519,0.0545652724771787,non-substrate,non-substrate
OCNT-0481958-AA-001,0.260472028218725,0.4616259827584326,non-substrate,non-substrate
OCNT-0481962-AA-001,-0.2996333190882657,0.0872303420628179,inconclusive,inconclusive
OCNT-0482005-AA-001,-0.0138483593764339,-0.0483409284778444,non-substrate,inconclusive
OCNT-0482018-AA-001,-0.3173620627294847,-0.1617011312754401,substrate,inconclusive
OCNT-0482020-AA-001,-0.1008383890051179,0.0453134161250972,inconclusive,inconclusive
OCNT-0482022-AA-001,-0.010580930751806,-0.0077450539222105,non-substrate,non-substrate
OCNT-0482024-AA-001,-0.044450380132585,-0.0316101240024657,non-substrate,inconclusive
OCNT-0482026-AA-001,-0.0778858667771694,0.0487342079027213,inconclusive,non-substrate
OCNT-0482032-AA-001,0.0517757975342851,-1.2959579915398916,non-substrate,substrate
OCNT-0482050-AA-001,0.0255658524087407,0.0843567506265419,non-substrate,non-substrate
OCNT-0482052-AA-001,0.1434757254159978,0.323823159069331,non-substrate,non-substrate
OCNT-0482054-AA-001,0.015863056244671,0.0324459328442898,non-substrate,non-substrate
OCNT-0482056-AA-001,0.2281717094105952,0.3524130068003792,non-substrate,non-substrate
OCNT-0482064-AA-001,0.071292982705799,-0.8286743851956757,non-substrate,substrate
OCNT-0482072-AA-001,-0.0776922117625751,-0.7889310713571089,inconclusive,substrate
OCNT-0482076-AA-001,0.0425548725965791,-0.3495016714918657,non-substrate,substrate
OCNT-0482080-AA-001,0.0680131841133907,-1.1885122765547376,non-substrate,substrate
OCNT-0482082-AA-001,0.1216505905163306,-2.9536203476780556,non-substrate,substrate
OCNT-0482086-AA-001,-0.5534074688315973,-0.5311559268220893,substrate,substrate
OCNT-0482088-AA-001,0.1360941877808356,-0.4839137456397662,non-substrate,inconclusive
OCNT-0482092-AA-001,-0.0879334452066596,0.1516548645708901,inconclusive,non-substrate
OCNT-0482094-AA-001,0.0563869574963189,-1.2608914065875705,non-substrate,substrate
OCNT-0482096-AA-001,0.0922965974248998,-0.0134891457582115,non-substrate,inconclusive
OCNT-0482102-AA-001,-0.4116694243942392,-0.6659220269854629,substrate,substrate
OCNT-0482106-AA-001,0.0014906318261245,-0.3535936833123987,non-substrate,substrate
OCNT-0482114-AA-001,-0.234381757730224,-0.0467963739852255,substrate,inconclusive
OCNT-0482116-AA-001,0.1097933726157708,0.0430893414586179,non-substrate,inconclusive
OCNT-0482118-AA-001,0.0451932138339835,0.1460486462151076,non-substrate,non-substrate
OCNT-0482120-AA-001,0.1008739984945944,0.1721965186279295,non-substrate,non-substrate
OCNT-0482122-AA-001,0.0735194448284837,-1.271953897891005,non-substrate,substrate
OCNT-0482126-AA-001,-0.0022089616206858,-3.9057253875151936,non-substrate,substrate
OCNT-0482146-AA-001,0.017452854583324,-1.8144650046635655,non-substrate,substrate
OCNT-0482148-AA-001,0.0002839716807773,-0.4544819577448891,non-substrate,substrate
OCNT-0482156-AA-001,-0.4627470585911444,-1.6308837427744631,substrate,substrate
OCNT-0482160-AA-001,0.1193778532729289,-1.4852522233466976,non-substrate,substrate
OCNT-0482180-AA-001,-0.2930751436613909,-0.1982019905594434,substrate,substrate
OCNT-0482206-AA-001,-3.054147495980023,-0.9697685151546196,substrate,substrate
OCNT-0482212-AA-001,0.0551551704537484,-0.4288271128142824,non-substrate,substrate
OCNT-0482222-AA-001,-1.2227130416809633,-0.105496563466171,substrate,inconclusive
OCNT-0482228-AQ-001,-0.027947672334722,-0.1434024243101177,non-substrate,inconclusive
OCNT-0482272-AA-001,-0.307764678195086,-0.1812507008773813,substrate,substrate
OCNT-0482276-AA-001,0.051772905604661,0.3142573807204964,non-substrate,non-substrate
OCNT-0482286-AA-001,0.1326308060221833,0.1719127813430301,non-substrate,non-substrate
OCNT-0482292-AA-001,-0.2395772574110478,-0.3300585560075335,substrate,substrate
OCNT-0482294-AA-001,-0.2333899884609003,-0.3292334978588584,substrate,substrate
OCNT-0482298-AA-001,-0.195125740305558,-0.8492259731992622,substrate,substrate
OCNT-0482300-AA-001,-0.1877207183617512,-0.3142129610593871,substrate,substrate
OCNT-0482302-AA-001,-0.1602955848918018,-0.1281529054751393,inconclusive,inconclusive
OCNT-0482304-AA-001,-0.3225175724729767,-2.971947619325453,substrate,substrate
OCNT-0482322-AA-001,0.0526471339921829,-0.2045290802127022,non-substrate,substrate
OCNT-0482324-AA-001,0.0349983849209724,-2.2174482075455852,non-substrate,substrate
OCNT-0482326-AA-001,-0.0230453049152218,-0.7375954987067961,non-substrate,substrate
OCNT-0482328-AA-001,-0.0633827588972771,-0.1078173058039988,inconclusive,inconclusive
OCNT-0482330-AA-001,-0.0896463682675816,-0.064515171028213,inconclusive,inconclusive
OCNT-0482332-AA-001,-0.0325347724242986,-0.0583570541457119,non-substrate,inconclusive
OCNT-0482334-AA-001,-0.0653543190224975,0.0366965560758378,inconclusive,non-substrate
OCNT-0482336-AA-001,-0.1377881680108325,-0.1068255112220937,inconclusive,inconclusive
OCNT-0482364-AA-001,-0.4051036106220605,-1.4058558561886718,substrate,substrate
OCNT-0482368-AA-001,-0.2379927861794383,-0.3907027789948536,substrate,substrate
OCNT-0482383-AA-001,0.0773658064834523,0.0866061641708917,non-substrate,non-substrate
OCNT-0482388-AA-001,-2.5069592519551103,-2.156735197014765,substrate,substrate
OCNT-0482389-AQ-001,0.0344796004635396,-1.5064973257560133,non-substrate,substrate
OCNT-0482390-AA-001,-0.067693210415533,-1.039138797675403,inconclusive,substrate
OCNT-0482391-AQ-001,-1.0072693709007416,-1.204211701910357,substrate,substrate
OCNT-0482392-AA-001,-2.9887134508747453,0.0238696582599216,substrate,inconclusive
OCNT-0482400-AA-001,0.0369715891873554,-0.4876764066167052,non-substrate,inconclusive
OCNT-0482403-AA-001,-1.0887090942069089,-0.8494534871321489,substrate,substrate
OCNT-0482405-AA-001,-3.2543640025658167,-1.8055533953812493,substrate,substrate
OCNT-0482437-AA-001,-0.0793741821103972,-0.7037189602574019,inconclusive,substrate
OCNT-0482457-AA-001,-0.0152030123727645,-0.9112136725503536,non-substrate,substrate
OCNT-0482484-AA-001,-0.3624669660439875,0.0905518006285435,inconclusive,non-substrate
OCNT-0482490-AA-001,-2.727640193164016,-2.751432582414042,substrate,substrate
OCNT-0482518-AA-001,-0.2815259305634631,0.0758125693059339,inconclusive,non-substrate
OCNT-0482520-AA-001,-0.0476926231186923,0.2013280860126194,inconclusive,non-substrate
OCNT-0482548-AA-001,-0.1783322359715807,-0.5783476953804119,substrate,substrate
OCNT-0482553-AA-001,-0.5738365625395543,-1.269799479987157,substrate,substrate
OCNT-0482556-AA-001,0.0363874304460622,-0.2247330246249514,non-substrate,substrate
OCNT-0482557-AA-001,-1.020482552650726,-1.6967024483713642,substrate,substrate
OCNT-0482558-AA-001,-0.0867932374581022,-1.2909779540414186,inconclusive,substrate
OCNT-0482560-AA-001,-0.0324308992880373,-0.0501347166305947,inconclusive,inconclusive
OCNT-0482578-AA-001,-0.0392716828238065,-0.0326244306644349,non-substrate,inconclusive
OCNT-0482580-AA-001,-0.2205613055775513,-3.1091149724220735,substrate,substrate
OCNT-0482582-AA-001,-0.2067139126958337,-0.4010729117308598,substrate,substrate
OCNT-0482584-AA-001,-0.1555834413087047,-3.075539088208556,inconclusive,substrate
OCNT-0482586-AA-001,-3.1805777205413626,-0.8279645711354418,substrate,substrate
OCNT-0482588-AA-001,-0.5235812305134974,-0.8461302007458329,substrate,substrate
OCNT-0482596-AA-001,0.1229515353977028,0.4340227316216616,non-substrate,non-substrate
OCNT-0483873-AA-002,0.0007885905583562,0.1162749565051006,non-substrate,non-substrate
OCNT-0493917-AA-001,0.0564175797423677,0.0902089111389718,non-substrate,non-substrate
OCNT-0493920-AA-001,-1.034306354228591,-2.3527389850636036,substrate,substrate
OCNT-0493933-AA-001,-0.6994585831140354,-0.5875541574711729,substrate,substrate
OCNT-0493940-AA-001,-0.0033789847119837,0.0448706099499753,non-substrate,non-substrate
OCNT-0493944-AA-001,-0.1268229918422148,0.082244800035137,inconclusive,inconclusive
OCNT-0493949-AA-001,0.0523338545283613,-0.4657287152122809,non-substrate,substrate
OCNT-0493952-AA-001,0.1132834435189148,-0.670669081194915,non-substrate,substrate
OCNT-0493954-AA-001,-0.0049505795327832,0.05948199524925,non-substrate,non-substrate
OCNT-0493958-AA-001,-0.550190449723752,-0.4118523586111813,substrate,substrate
OCNT-0493961-AA-001,-0.119882179559969,-0.0585030566911806,inconclusive,inconclusive
OCNT-0493966-AA-001,-0.0098286665900132,0.0477792825381948,non-substrate,non-substrate
OCNT-0493970-AA-001,0.0375686358740424,-1.2490542999338805,non-substrate,substrate
OCNT-0493971-AA-001,0.0314702950867708,0.0421404647357963,non-substrate,non-substrate
OCNT-0493974-AA-001,0.0782323675418571,-0.3888935103313349,non-substrate,substrate
OCNT-0493978-AA-001,-0.0308840576769271,-3.669993812460621,non-substrate,substrate
OCNT-0493980-AA-001,0.0371373637198053,-0.3474479894841042,non-substrate,substrate
OCNT-0493982-AA-001,-0.0210916422632931,-1.0376629186080626,non-substrate,substrate
OCNT-0493988-AA-001,0.078085506025759,-0.0332190367646703,non-substrate,inconclusive
OCNT-0493990-AA-001,0.0704633433892108,-0.027568624579767,non-substrate,inconclusive
OCNT-0493997-AA-001,-0.212970951852476,0.0826175585771116,substrate,non-substrate
OCNT-0494001-AA-001,-0.011588835999541,-0.5373914161799176,non-substrate,substrate
OCNT-0494005-AA-001,-0.1114373390253013,-1.7450980494153092,inconclusive,substrate
OCNT-0494021-AA-001,-0.0684767649494211,-0.6850878917408272,inconclusive,substrate
OCNT-0494023-AA-001,-0.0292706726078982,-0.6138682275300438,non-substrate,substrate
OCNT-0494025-AA-001,-0.0019397538375576,-0.2444525585857588,non-substrate,substrate
OCNT-0494038-AA-001,0.2061725509007924,-0.9109279072310956,non-substrate,substrate
OCNT-0494040-AA-001,-0.1287952036521328,-2.205073373186683,inconclusive,substrate
OCNT-0494041-AA-001,-0.0158051399149479,0.1820882739283984,non-substrate,non-substrate
OCNT-0494048-AA-001,0.0003337892912663,-0.0119717404105399,non-substrate,non-substrate
OCNT-0494056-AA-001,-0.0179273156872176,-0.471159400058875,non-substrate,substrate
OCNT-0494076-AA-001,0.0126836238924243,-1.0410641458704122,non-substrate,substrate
OCNT-0494077-AA-001,0.072358220560152,-0.5870743133899756,non-substrate,substrate
OCNT-0494078-AA-001,0.0302987353440763,0.1382212536581102,non-substrate,non-substrate
OCNT-0494083-AA-001,-0.1403656549145223,0.1986556683110603,inconclusive,non-substrate
OCNT-0494103-AA-001,0.0495369421273815,0.0981976858222699,non-substrate,non-substrate
OCNT-0494106-AA-001,0.0809109923796861,0.0794180296908093,non-substrate,non-substrate
OCNT-0494109-AA-001,-0.0206552468069537,0.0085500905070672,non-substrate,non-substrate
OCNT-0494125-AA-001,0.0737629836098732,0.0515158320550588,non-substrate,non-substrate
OCNT-0494126-AA-001,0.1817547490691725,-0.4467090748740547,non-substrate,substrate
OCNT-0494130-AA-001,-1.1138046780720932,-0.6865756674240586,substrate,substrate
OCNT-0494134-AA-001,-0.2614646106492351,-0.3714766036877899,substrate,substrate
OCNT-0494135-AA-001,-0.0472514560500998,-0.8850139773267038,non-substrate,substrate
OCNT-0494136-AA-001,-0.0395032302863949,-1.312988208483437,inconclusive,substrate
OCNT-0494138-AA-001,0.0477726446401248,0.1191378873521715,non-substrate,non-substrate
OCNT-0494141-AA-001,-0.035707107411318,-0.0047863854749472,non-substrate,non-substrate
OCNT-0494142-AA-001,-0.2111103407359486,-0.0995726386749034,substrate,inconclusive
OCNT-0494150-AA-001,-0.0165369326180285,-0.1966702617582818,non-substrate,substrate
OCNT-0494151-AA-001,0.03663273572552,-0.1835147742833012,non-substrate,substrate
OCNT-0494154-AA-001,-0.0681244160029128,-0.0218278664477376,inconclusive,inconclusive
OCNT-0494156-AA-001,0.0202957512923778,-0.713065652286585,non-substrate,substrate
OCNT-0494158-AA-001,-0.0146372476956551,-0.7922659677647648,non-substrate,substrate
OCNT-0494161-AA-001,0.0031261560044678,-0.3943644126443555,non-substrate,substrate
OCNT-0494165-AA-001,0.1530589283354489,-0.0050125214251481,non-substrate,inconclusive
OCNT-0494173-AA-001,0.010361625268038,-3.478305985119446,non-substrate,substrate
OCNT-0494176-AA-001,0.0597983447891636,0.2587582394184302,non-substrate,non-substrate
OCNT-0494192-AA-001,-0.4775349760762385,-1.01514663137392,substrate,substrate
OCNT-0494193-AA-001,0.0126013927929389,-0.2239180120140629,non-substrate,substrate
OCNT-0494197-AA-001,-0.0131173683914098,-0.384376749189629,non-substrate,substrate
OCNT-0494198-AA-001,0.0156300213983871,-0.7775847598373713,non-substrate,substrate
OCNT-0494209-AA-001,-0.8385365037585217,-0.1730890542784751,substrate,substrate
OCNT-0494212-AA-001,-0.2983724542692104,-0.8416272216427165,substrate,substrate
OCNT-0494220-AA-001,0.1308836498696436,-0.4123630023752715,non-substrate,substrate
OCNT-0494222-AA-001,-0.0135121560891092,-0.1060056794120614,non-substrate,inconclusive
OCNT-0495765-AA-001,-0.0974192734973465,-0.1762997007871112,inconclusive,inconclusive
OCNT-0495768-AA-001,-0.8412063585778312,0.0089527122233334,inconclusive,inconclusive
OCNT-0495774-AA-001,0.0464600985185248,-1.903245970795246,non-substrate,substrate
OCNT-0495778-AA-001,-0.0002234210434251,0.0392923235786275,non-substrate,non-substrate
OCNT-0495787-AA-001,0.0107635454591016,0.1118028947325449,non-substrate,non-substrate
OCNT-0495788-AA-001,0.080552916466463,-0.035505380794512,non-substrate,inconclusive
OCNT-0495792-AA-001,0.0667666885959245,-0.3171787826173933,non-substrate,substrate
OCNT-0495794-AA-001,0.0371851665504421,-0.7647780415655103,non-substrate,substrate
OCNT-0495796-AA-001,0.1061841386818662,-3.238385253020801,non-substrate,substrate
OCNT-0495800-AA-001,-0.0346106548094585,-0.3310782367139255,inconclusive,substrate
OCNT-0495801-AA-001,-0.0591115869188951,-1.045137312416399,inconclusive,substrate
OCNT-0495807-AA-001,-0.11604363441481,-0.9732623541124612,inconclusive,substrate
OCNT-0495815-AA-001,-0.3651072646086362,0.0057052668625985,inconclusive,inconclusive
OCNT-0495819-AA-001,0.054648725795785,-0.6406351030647732,non-substrate,substrate
OCNT-0495821-AA-001,-0.0134982413719755,0.2083903036764569,inconclusive,non-substrate
OCNT-0495824-AA-001,-0.734133501039661,-0.6134167550721772,substrate,substrate
OCNT-0495825-AA-001,0.0913667700469473,-0.7870991613436678,non-substrate,substrate
OCNT-0495826-AA-001,-0.1406565825819875,-0.4892195671220953,inconclusive,substrate
OCNT-0495828-AA-001,0.0363765051535333,-2.1335944985659703,non-substrate,substrate
OCNT-0495830-AA-001,-0.2092355703850202,-0.1372399541183586,substrate,inconclusive
OCNT-0495833-AA-001,-0.0360733862339451,-4.071508534156284,non-substrate,substrate
OCNT-0495835-AA-001,-0.0521743943101117,-0.5839656932593815,inconclusive,substrate
OCNT-0495846-AA-001,-0.7710817916582984,-1.1063992560848472,substrate,substrate
OCNT-0495848-AA-001,0.0205191538865835,-0.0142311011589351,non-substrate,inconclusive
OCNT-0495855-AA-001,-0.1225847244712204,-0.7900167185195199,inconclusive,substrate
OCNT-0495857-AA-001,-0.5133231447731379,-3.080627962579878,substrate,substrate
OCNT-0495858-AA-001,0.17060371997557,-0.1872582098970197,non-substrate,inconclusive
OCNT-0495871-AA-001,-0.0731843792502774,0.0195024277472271,inconclusive,non-substrate
OCNT-0495873-AA-001,0.0969641420380366,0.0104556500713881,non-substrate,non-substrate
OCNT-0495877-AA-001,0.0020227545181111,-0.1902975505469264,non-substrate,inconclusive
OCNT-0495880-AA-001,-0.2116986275283993,-1.8636160468555485,substrate,substrate
OCNT-0495889-AA-001,0.0143937460087956,0.0860947330655079,non-substrate,non-substrate
OCNT-0495892-AA-001,-0.1520748969139631,-0.5333209532642273,inconclusive,substrate
OCNT-0495907-AA-001,0.0710374421280353,-0.3958752936077028,non-substrate,substrate
OCNT-0495942-AA-001,-0.0611561005825432,0.0033197098646873,inconclusive,non-substrate
OCNT-0495943-AA-001,0.0392570560726451,-0.0440726227131138,non-substrate,inconclusive
OCNT-0495950-AA-001,0.0158145054910522,-0.0267482798939555,non-substrate,non-substrate
OCNT-0495951-AA-001,-0.212246466956482,-2.9292741113936582,substrate,substrate
OCNT-0495955-AA-001,0.0808737662307098,-1.004578778053148,non-substrate,substrate
OCNT-0495960-AA-001,-0.0420167531254335,-0.7399204757239417,inconclusive,substrate
OCNT-0495982-AA-001,-3.0964620233407065,-0.5549288911026355,substrate,substrate
OCNT-0495989-AA-001,-0.0677029626489059,-0.5099732991901806,inconclusive,substrate
OCNT-0495995-AA-001,-0.0852185935677508,-0.157316642797646,inconclusive,substrate
OCNT-0495999-AA-001,-0.056215288173253,-0.2996541029298969,inconclusive,substrate
OCNT-0496002-AA-001,-0.0291483612687391,0.0017926066634164,inconclusive,inconclusive
OCNT-0496004-AA-001,-0.3078310738099573,-0.3361007271408613,substrate,substrate
OCNT-0496015-AA-001,0.1150064328889206,0.1455184776975233,non-substrate,non-substrate
OCNT-0496019-AA-001,0.0696365343287272,0.0669221233515511,non-substrate,non-substrate
OCNT-0496032-AA-001,0.0260904995083787,0.0673993485604151,non-substrate,non-substrate
OCNT-0496035-AA-001,-0.6988727055360735,-0.668806884926707,substrate,substrate
OCNT-0496041-AA-001,0.1703684429685365,0.1767250033222165,non-substrate,non-substrate
OCNT-0496043-AA-001,-0.061276770179517,0.037333664138246,inconclusive,non-substrate
OCNT-0496045-AA-001,0.0920557837735328,-0.2716021333750165,non-substrate,substrate
OCNT-0497308-AA-001,0.1692235914013528,0.0862806183105231,non-substrate,non-substrate
OCNT-0497311-AA-001,-0.0500625602520067,-0.2491195274286903,inconclusive,substrate
OCNT-0497323-AA-001,-0.8251019168307525,-2.9306452749851597,substrate,substrate
OCNT-0497327-AA-001,-0.064886424170229,-1.3268489637217398,inconclusive,substrate
OCNT-0497333-AA-001,-0.0167191470717173,-2.977614773465639,inconclusive,substrate
OCNT-0497334-AA-001,-0.8755158283374491,-0.3667489923698239,substrate,substrate
OCNT-0497336-AA-001,0.075220699817785,-3.3323423618412793,non-substrate,substrate
OCNT-0497339-AA-001,0.0332955408756528,-0.8407079242565043,non-substrate,substrate
OCNT-0497342-AA-001,-0.0071055496437027,0.0757285116999595,non-substrate,non-substrate
OCNT-0497343-AA-001,-0.1350569611844961,0.0877770881064234,inconclusive,non-substrate
OCNT-0497344-AA-001,-0.1662364167869011,-2.763173752647778,inconclusive,substrate
OCNT-0497352-AA-001,-1.3782840548386133,-3.352249848589154,substrate,substrate
OCNT-0497354-AA-001,0.0278786158089182,0.1206319001565345,non-substrate,non-substrate
OCNT-0497356-AA-001,0.0341655691047916,0.0397413351057851,non-substrate,inconclusive
OCNT-0497363-AA-001,-0.4845321874988824,-0.274180955723998,substrate,substrate
OCNT-0497366-AA-001,-1.136188455435192,0.0949204059616644,substrate,non-substrate
OCNT-0497367-AA-001,0.0845641863759829,-0.2188985464397177,non-substrate,substrate
OCNT-0497368-AA-001,-0.2175340378889753,-1.5581836866249903,substrate,substrate
OCNT-0497370-AA-001,0.0800481554154867,0.1358600230408519,non-substrate,non-substrate
OCNT-0497383-AA-001,-0.305005851981052,-3.9826066087506553,substrate,substrate
OCNT-0497387-AA-001,-0.017862642104746,-0.0060746596416612,non-substrate,non-substrate
OCNT-0497389-AA-001,0.01054848803006,-2.57332966921738,non-substrate,substrate
OCNT-0497393-AA-001,0.0802644466789204,-3.6261756965500886,non-substrate,substrate
OCNT-0497397-AA-001,-0.210210220871654,-0.97280647810829,substrate,substrate
OCNT-0497409-AA-001,0.0562974602812797,0.130395732759359,non-substrate,non-substrate
OCNT-0497415-AA-001,0.153694765517886,-1.2534979441187084,non-substrate,substrate
OCNT-0497418-AA-001,-0.1548019533780872,-0.2492983717877948,inconclusive,substrate
OCNT-0497422-AA-001,0.1287322260837983,0.0421912839248763,non-substrate,inconclusive
OCNT-0497430-AA-001,-1.4192126642422902,0.0617682938752519,substrate,non-substrate
OCNT-0497436-AA-001,-0.0967443198573468,0.0272780391074691,inconclusive,non-substrate
OCNT-0497440-AA-001,-0.0919164765687418,-0.3162204559327737,inconclusive,substrate
OCNT-0497443-AA-001,-0.5284984820222858,-1.018967695486277,substrate,substrate
OCNT-0497446-AA-001,0.0597549587328622,-0.1965872509051855,non-substrate,substrate
OCNT-0497451-AA-001,-0.2534004445890058,-0.4149771810992062,substrate,substrate
OCNT-0497452-AA-001,-2.026679038265357,-1.1230308849704858,substrate,substrate
OCNT-0497455-AA-001,0.0260292772263647,-3.003341347967898,non-substrate,substrate
OCNT-0497460-AA-001,-0.125245287418014,-3.4186002809136085,inconclusive,substrate
OCNT-0497464-AA-001,-0.3662489857176017,-3.1406618620153797,substrate,substrate
OCNT-0497465-AA-001,0.0333904044342638,0.1090540600933298,non-substrate,non-substrate
OCNT-0497469-AA-001,0.0799614993554777,0.1323772570188905,non-substrate,non-substrate
OCNT-0497470-AA-001,-0.0650129221734284,0.0152659513222479,inconclusive,non-substrate
OCNT-0497471-AA-001,-0.4381497753286619,-0.0690702827343576,inconclusive,inconclusive
OCNT-0497478-AA-001,0.031349839297864,-0.8124236389069859,non-substrate,substrate
OCNT-0497485-AA-001,-0.0223979337171449,-0.5487045447941554,non-substrate,substrate
OCNT-0497487-AA-001,-0.0736441153926905,-3.844456494179105,inconclusive,substrate
OCNT-0497490-AA-001,0.0944372254369673,0.0780439118673586,non-substrate,non-substrate
OCNT-0497497-AA-001,0.0001349735836417,-0.0322841385484,non-substrate,inconclusive
OCNT-0497498-AA-001,0.0387018517541867,-1.1494838139167802,non-substrate,substrate
OCNT-0497501-AA-001,-0.7190497399453771,-1.539645594485802,substrate,substrate
OCNT-0497504-AA-001,-0.1016512287243063,-2.911678727515357,inconclusive,substrate
OCNT-0497508-AA-001,-0.0645938780885478,0.0497492904785445,inconclusive,non-substrate
OCNT-0497510-AA-001,0.0030153201290278,-3.2690650661034315,non-substrate,substrate
OCNT-0497512-AA-001,-0.0641701731675155,-0.9552144588786352,inconclusive,substrate
OCNT-0497513-AA-001,-0.2023913306711174,-0.1417318911548859,substrate,inconclusive
OCNT-0497514-AA-001,-0.3337926530544554,0.0572312636171439,substrate,non-substrate
OCNT-0497518-AA-001,-0.3626651204156329,0.1189520240857069,substrate,non-substrate
OCNT-0497528-AA-001,0.0156902475173989,0.1160557323828168,non-substrate,non-substrate
OCNT-0497533-AA-001,-0.0563102964853407,-3.753236847289372,inconclusive,substrate
OCNT-0497545-AA-001,0.0168089036293265,0.0559315009973984,non-substrate,non-substrate
OCNT-0497549-AA-001,-0.0537434560647874,-2.542941835561495,inconclusive,substrate
OCNT-0497551-AA-001,0.0689012721172312,0.0184995798220359,non-substrate,non-substrate
OCNT-0497557-AA-001,-0.206159361103377,0.0047613774649253,substrate,inconclusive
OCNT-0497562-AA-001,-0.0519354522165574,-0.4982695945342392,non-substrate,substrate
OCNT-0497566-AA-001,-0.2005313387249631,-0.5630162940866947,substrate,substrate
OCNT-0497577-AA-001,-1.74288923383484,0.0378002533483838,substrate,non-substrate
OCNT-0497581-AA-001,-0.3276814282384325,-1.5221526698418049,substrate,substrate
OCNT-0497584-AA-001,-0.0255026184717995,-0.0500469030513821,non-substrate,inconclusive
OCNT-0497588-AA-001,-0.0670811462672495,0.0263530059354755,inconclusive,non-substrate
OCNT-0497590-AA-001,0.0731275483320609,0.1048848972906428,non-substrate,non-substrate
OCNT-0497603-AA-001,-1.062037343075016,-0.2357985201119525,substrate,substrate
OCNT-0497605-AA-001,-0.1798170924858594,-0.3748532182866428,substrate,substrate
OCNT-0497608-AA-001,0.004196815587729,-2.7591785401519147,non-substrate,substrate
OCNT-0497930-AA-001,0.0305224826917266,0.0158788541391867,non-substrate,non-substrate
OCNT-0497933-AA-001,0.102705710998783,0.133912916262024,non-substrate,non-substrate
OCNT-0497938-AA-001,-0.0180899875633818,-0.532051483181986,non-substrate,substrate
OCNT-0497939-AA-001,-0.0012414537274968,0.0504845467827408,non-substrate,non-substrate
OCNT-0497941-AA-001,0.0115253759164931,0.053232818262983,non-substrate,non-substrate
OCNT-0497944-AA-001,-0.2808635602067671,-2.1003129376194063,substrate,substrate
OCNT-0497951-AA-001,-0.4436698623927727,-0.9210573473966512,substrate,substrate
OCNT-0497961-AA-001,0.0601891273569989,0.116761504410757,non-substrate,non-substrate
OCNT-0497964-AA-001,0.0356620222725626,-1.6807191619327426,non-substrate,substrate
OCNT-0497967-AA-001,-0.9337558467102458,-0.6875029381621731,substrate,substrate
OCNT-0497975-AA-001,0.0218049358706814,0.1274942799469434,non-substrate,non-substrate
OCNT-0497977-AA-001,-0.0311590442405257,0.0407432797597637,non-substrate,non-substrate
OCNT-0497979-AA-001,-0.5075437636587306,-0.1412806963788764,substrate,inconclusive
OCNT-0497991-AA-001,0.0059940929886173,0.0730318114198507,non-substrate,non-substrate
OCNT-0497995-AA-001,-0.4108461780375078,-0.1161499491013158,substrate,inconclusive
OCNT-0497997-AA-001,-0.0877238553505202,0.0160034873568877,inconclusive,non-substrate
OCNT-0497998-AA-001,0.1560321700966759,0.1250380730750517,non-substrate,non-substrate
OCNT-0498000-AA-001,0.0273120750832671,0.0992073193478493,non-substrate,non-substrate
OCNT-0498002-AA-001,-1.5983617628377074,-0.2453122019555005,substrate,substrate
OCNT-0498003-AA-001,-0.0485725230272531,-0.079178258804025,inconclusive,inconclusive
OCNT-0498011-AA-001,-0.009263975495396,0.0719493501425976,non-substrate,non-substrate
OCNT-0498016-AA-001,-0.0134463510834055,-0.6093918061593353,non-substrate,substrate
OCNT-0498018-AA-001,0.0284160202582833,-0.1111771955351503,non-substrate,inconclusive
OCNT-0498019-AA-001,0.0273052016955834,0.0836131626203364,non-substrate,non-substrate
OCNT-0498020-AA-001,-0.0777464093724887,-0.01863513035922,inconclusive,inconclusive
OCNT-0498026-AA-001,-0.0293050412960675,0.0652733549726019,non-substrate,non-substrate
OCNT-0498028-AA-001,0.0874609271090526,0.1421356180747164,non-substrate,non-substrate
OCNT-0498030-AA-001,-0.0464929074771821,-0.5221655182453686,inconclusive,substrate
OCNT-0498041-AA-001,0.0304106738977669,0.0713706030552101,non-substrate,non-substrate
OCNT-0498044-AA-001,-0.0051476391734455,0.0943508228333982,non-substrate,non-substrate
OCNT-0498047-AA-001,-0.909327338883548,-0.9188758513606184,substrate,substrate
OCNT-0498050-AA-001,0.0503616952164807,0.137845854096664,non-substrate,non-substrate
OCNT-0498051-AA-001,0.0693043865215969,0.1585747994205792,non-substrate,non-substrate
OCNT-0498056-AA-001,0.0404155438752543,-0.8275839939424534,non-substrate,substrate
OCNT-0498060-AA-001,-0.3682937697962926,-0.2032071047979871,substrate,substrate
OCNT-0498061-AA-001,-0.0283483315821976,0.0693933494704204,inconclusive,non-substrate
OCNT-0498064-AA-001,0.0154350097114853,-0.3020972030488158,non-substrate,substrate
OCNT-0498074-AA-001,0.0498502316480292,0.0560926514115625,non-substrate,non-substrate
OCNT-0498084-AA-001,0.055683168598366,0.123020593288234,non-substrate,non-substrate
OCNT-0498098-AA-001,-2.847638654617737,-2.2024614374436924,substrate,substrate
OCNT-0498099-AA-001,0.0180767490791008,-0.0620235173820331,non-substrate,inconclusive
OCNT-0498102-AA-001,-0.1760753949458023,0.1963073171237095,inconclusive,non-substrate
OCNT-0498107-AA-001,-0.0314095004677115,-2.292816524151223,non-substrate,substrate
OCNT-0498109-AA-001,0.0550700877083615,-3.0094112670030073,non-substrate,substrate
OCNT-0498111-AA-001,0.0531449941713266,0.0191077721379775,non-substrate,non-substrate
OCNT-0498112-AA-001,0.0154681768057367,-0.1070183348537252,inconclusive,inconclusive
OCNT-0498123-AA-001,-0.0342774298197106,0.014232281992661,non-substrate,non-substrate
OCNT-0498133-AA-001,-0.2764692640572949,0.0718521836924033,substrate,non-substrate
OCNT-0498134-AA-001,-0.0915368948060494,-0.1034469725306239,inconclusive,inconclusive
OCNT-0498137-AA-001,-0.3753002869836599,0.0118775453664392,substrate,non-substrate
OCNT-0498138-AA-001,-0.4036166592399373,-0.1853741248715881,substrate,substrate
OCNT-0498139-AA-001,-0.0336336468943717,-2.3612679826205305,non-substrate,substrate
OCNT-0498143-AA-001,-0.4093954921275685,-0.5244325671026169,substrate,substrate
OCNT-0498144-AA-001,0.0386097275133414,-0.8806963612677725,non-substrate,substrate
OCNT-0498147-AA-001,-0.2921610510241295,-0.1098757705347166,substrate,inconclusive
OCNT-0498150-AA-001,0.0715513390428118,0.1089060133884372,non-substrate,non-substrate
OCNT-0498154-AA-001,0.0561011253358307,-0.0275542257132377,non-substrate,inconclusive
OCNT-0498161-AA-001,-0.9091193160254514,-0.2241638745683927,substrate,substrate
OCNT-0498162-AA-001,0.0594563467108683,-1.1445346101398428,non-substrate,substrate
OCNT-0498165-AA-001,-0.6110077030910392,-2.8765034030692354,substrate,substrate
OCNT-0498171-AA-001,-0.0059415812252159,-0.0074780825896541,non-substrate,non-substrate
OCNT-0498173-AA-001,0.0301027182085872,-0.1723221081397037,non-substrate,inconclusive
OCNT-0498176-AA-001,0.0343077753026162,0.0775380405722963,non-substrate,non-substrate
OCNT-0498178-AA-001,-0.204756522632479,-1.3907527808920443,substrate,substrate
OCNT-0498182-AA-001,-0.1020387833788093,-1.5072658116228954,inconclusive,substrate
OCNT-0498184-AA-001,0.0311480197042803,0.2168037374386449,non-substrate,non-substrate
OCNT-0498185-AA-001,-0.0914951581979559,0.021458733882433,inconclusive,non-substrate
OCNT-0498194-AA-001,0.0786669742572002,0.1076518882256225,non-substrate,non-substrate
OCNT-0498195-AA-001,0.0686848556474385,0.1256655111129845,non-substrate,non-substrate
OCNT-0498203-AA-001,-0.0635440565677503,-2.076458918462793,inconclusive,substrate
