core,id_i,id_j,sub_i,sub_j,activity_i,se_i,activity_j,se_j,delta_activity,abs_delta,se_diff,p_value,q_value,significant
Cc1nc(-c2ccc(F)cc2)sc1CCNC(=O)[*:1],OCNT-0482126-AA-001,OCNT-0482092-AA-001,CCOc1ccc(C[*:1])cc1,CCOc1ccc([*:1])cc1OCC,-3.9457021709393705,0.5928530412365562,0.1116780811467134,0.024505643971033,-4.057380252086084,4.057380252086084,0.5933592967923136,8.031642789911326e-12,1.5900833258020236e-11,True
O=C(Cn1cnc2ccccc2c1=O)NCC(=O)N[*:1],OCNT-0461685-AA-001,OCNT-0461681-AA-001,CCCCN(CC)CC[*:1],CCN(CCC[*:1])c1cccc(C)c1,0.0268213118362738,0.0353060662111731,-4.021768330392521,0.0265888607303974,4.048589642228795,4.048589642228795,0.044198255918624293,0.0,0.0,True
O=C(CNC(=O)Cn1cnc2ccccc2c1=O)NC[*:1],OCNT-0461685-AA-001,OCNT-0461681-AA-001,CCCCN(CC)C[*:1],CCN(CC[*:1])c1cccc(C)c1,0.0268213118362738,0.0353060662111731,-4.021768330392521,0.0265888607303974,4.048589642228795,4.048589642228795,0.044198255918624293,0.0,0.0,True
O=C(CNC(=O)Cn1cnc2ccccc2c1=O)NCC[*:1],OCNT-0461685-AA-001,OCNT-0461681-AA-001,CCCCN(CC)[*:1],CCN(C[*:1])c1cccc(C)c1,0.0268213118362738,0.0353060662111731,-4.021768330392521,0.0265888607303974,4.048589642228795,4.048589642228795,0.044198255918624293,0.0,0.0,True
Cc1nc(-c2ccc(F)cc2)sc1CCNC(=O)[*:1],OCNT-0482126-AA-001,OCNT-0482096-AA-001,CCOc1ccc(C[*:1])cc1,COc1ccc([*:1])cc1,-3.9457021709393705,0.5928530412365562,-0.0534659291823882,0.0520672660222867,-3.8922362417569825,3.8922362417569825,0.5951350508031513,6.148220504520557e-11,1.1698830151292226e-10,True
Cc1nc(-c2ccc(F)cc2)sc1CC[*:1],OCNT-0482126-AA-001,OCNT-0482096-AA-001,CCOc1ccc(CC(=O)N[*:1])cc1,COc1ccc(C(=O)N[*:1])cc1,-3.9457021709393705,0.5928530412365562,-0.0534659291823882,0.0520672660222867,-3.8922362417569825,3.8922362417569825,0.5951350508031513,6.148220504520557e-11,1.1698830151292226e-10,True
Cc1nc2c3cccnc3nn2c(C)c1[*:1],OCNT-0479397-AA-001,OCNT-0479399-AA-001,O=C(CC[*:1])Nc1ccc(F)c(F)c1,CSc1cccc(NC(=O)CC[*:1])c1,0.0754986025858363,0.0259927505554285,-3.778143183782938,0.0370471673641053,3.853641786368774,3.853641786368774,0.04525611219648411,0.0,0.0,True
Cc1nc2c3cccnc3nn2c(C)c1C[*:1],OCNT-0479397-AA-001,OCNT-0479399-AA-001,O=C(C[*:1])Nc1ccc(F)c(F)c1,CSc1cccc(NC(=O)C[*:1])c1,0.0754986025858363,0.0259927505554285,-3.778143183782938,0.0370471673641053,3.853641786368774,3.853641786368774,0.04525611219648411,0.0,0.0,True
Cc1nc2c3cccnc3nn2c(C)c1CCC(=O)N[*:1],OCNT-0479397-AA-001,OCNT-0479399-AA-001,Fc1ccc([*:1])cc1F,CSc1cccc([*:1])c1,0.0754986025858363,0.0259927505554285,-3.778143183782938,0.0370471673641053,3.853641786368774,3.853641786368774,0.04525611219648411,0.0,0.0,True
Cc1nc2c3cccnc3nn2c(C)c1CC[*:1],OCNT-0479397-AA-001,OCNT-0479399-AA-001,O=C(Nc1ccc(F)c(F)c1)[*:1],CSc1cccc(NC(=O)[*:1])c1,0.0754986025858363,0.0259927505554285,-3.778143183782938,0.0370471673641053,3.853641786368774,3.853641786368774,0.04525611219648411,0.0,0.0,True
Cc1nc(-c2ccc(F)cc2)sc1CCNC(=O)[*:1],OCNT-0482126-AA-001,OCNT-0482114-AA-001,CCOc1ccc(C[*:1])cc1,Cc1ccc([*:1])cc1,-3.9457021709393705,0.5928530412365562,-0.115190389000082,0.0274200662084502,-3.8305117819392884,3.8305117819392884,0.5934868056952148,1.0875667384994449e-10,2.048711169444297e-10,True
Cc1nc(-c2ccc(F)cc2)sc1CC[*:1],OCNT-0482126-AA-001,OCNT-0482114-AA-001,CCOc1ccc(CC(=O)N[*:1])cc1,Cc1ccc(C(=O)N[*:1])cc1,-3.9457021709393705,0.5928530412365562,-0.115190389000082,0.0274200662084502,-3.8305117819392884,3.8305117819392884,0.5934868056952148,1.0875667384994449e-10,2.048711169444297e-10,True
CC(=O)Nc1ccc(S(=O)(=O)N2CCC(CC(=O)NCC[*:1])CC2)cc1,OCNT-0457679-AA-001,OCNT-0457465-AA-001,CCN(CC)[*:1],CN(Cc1ccccc1)[*:1],-0.0220766621832894,0.0187888867725224,-3.770395516432576,0.0258160360748386,3.7483188542492867,3.7483188542492867,0.03192945324881144,0.0,0.0,True
CC(=O)Nc1ccc(S(=O)(=O)N2CCC(CC(=O)N[*:1])CC2)cc1,OCNT-0457679-AA-001,OCNT-0457465-AA-001,CCN(CC)CC[*:1],CN(CC[*:1])Cc1ccccc1,-0.0220766621832894,0.0187888867725224,-3.770395516432576,0.0258160360748386,3.7483188542492867,3.7483188542492867,0.03192945324881144,0.0,0.0,True
CC(=O)Nc1ccc(S(=O)(=O)N2CCC(CC(=O)NC[*:1])CC2)cc1,OCNT-0457679-AA-001,OCNT-0457465-AA-001,CCN(CC)C[*:1],CN(Cc1ccccc1)C[*:1],-0.0220766621832894,0.0187888867725224,-3.770395516432576,0.0258160360748386,3.7483188542492867,3.7483188542492867,0.03192945324881144,0.0,0.0,True
CC(=O)Nc1ccc(S(=O)(=O)N2CCC(CC(=O)NCC[*:1])CC2)cc1,OCNT-0457465-AA-001,OCNT-0457715-AA-001,CN(Cc1ccccc1)[*:1],CO[*:1],-3.770395516432576,0.0258160360748386,-0.0612415605609455,0.0292489113688624,-3.7091539558716304,3.7091539558716304,0.03901238950488596,0.0,0.0,True
CC(=O)Nc1ccc(S(=O)(=O)N2CCC(CC(=O)NC[*:1])CC2)cc1,OCNT-0457465-AA-001,OCNT-0457715-AA-001,CN(Cc1ccccc1)C[*:1],COC[*:1],-3.770395516432576,0.0258160360748386,-0.0612415605609455,0.0292489113688624,-3.7091539558716304,3.7091539558716304,0.03901238950488596,0.0,0.0,True
CC(=O)Nc1ccc(S(=O)(=O)N2CCC(CC(=O)N[*:1])CC2)cc1,OCNT-0457465-AA-001,OCNT-0457715-AA-001,CN(CC[*:1])Cc1ccccc1,COCC[*:1],-3.770395516432576,0.0258160360748386,-0.0612415605609455,0.0292489113688624,-3.7091539558716304,3.7091539558716304,0.03901238950488596,0.0,0.0,True
O=C(N[*:1])c1ccc(CN2CC(=O)N3CCCC3C2=O)cc1,OCNT-0455932-AA-001,OCNT-0455940-AA-001,CCN(CC)CC[*:1],CCN(CCC[*:1])c1cccc(C)c1,0.0397929083129572,0.0205672632827314,-3.668295031087855,0.1616626144436259,3.708087939400812,3.708087939400812,0.16296568113467827,1.3160412700734286e-114,9.334356486578782e-114,True
O=C(NCC[*:1])c1ccc(CN2CC(=O)N3CCCC3C2=O)cc1,OCNT-0455932-AA-001,OCNT-0455940-AA-001,CCN(CC)[*:1],CCN(C[*:1])c1cccc(C)c1,0.0397929083129572,0.0205672632827314,-3.668295031087855,0.1616626144436259,3.708087939400812,3.708087939400812,0.16296568113467827,1.3160412700734286e-114,9.334356486578782e-114,True
O=C(NC[*:1])c1ccc(CN2CC(=O)N3CCCC3C2=O)cc1,OCNT-0455932-AA-001,OCNT-0455940-AA-001,CCN(CC)C[*:1],CCN(CC[*:1])c1cccc(C)c1,0.0397929083129572,0.0205672632827314,-3.668295031087855,0.1616626144436259,3.708087939400812,3.708087939400812,0.16296568113467827,1.3160412700734286e-114,9.334356486578782e-114,True
CC(=O)Nc1ccc(S(=O)(=O)N2CCC(CC(=O)NC[*:1])CC2)cc1,OCNT-0457465-AA-001,OCNT-0457647-AA-001,CN(Cc1ccccc1)C[*:1],CCN(CC)CC[*:1],-3.770395516432576,0.0258160360748386,-0.0637547526478389,0.0251026923809225,-3.706640763784737,3.706640763784737,0.03600851126315267,0.0,0.0,True
CC(=O)Nc1ccc(S(=O)(=O)N2CCC(CC(=O)NCC[*:1])CC2)cc1,OCNT-0457465-AA-001,OCNT-0457647-AA-001,CN(Cc1ccccc1)[*:1],CCN(CC)C[*:1],-3.770395516432576,0.0258160360748386,-0.0637547526478389,0.0251026923809225,-3.706640763784737,3.706640763784737,0.03600851126315267,0.0,0.0,True
CC(=O)Nc1ccc(S(=O)(=O)N2CCC(CC(=O)N[*:1])CC2)cc1,OCNT-0457465-AA-001,OCNT-0457647-AA-001,CN(CC[*:1])Cc1ccccc1,CCN(CC)CCC[*:1],-3.770395516432576,0.0258160360748386,-0.0637547526478389,0.0251026923809225,-3.706640763784737,3.706640763784737,0.03600851126315267,0.0,0.0,True
Cc1ccc(S(=O)(=O)c2cnc3ccccc3c2[*:1])cc1C,OCNT-0479499-AA-001,OCNT-0479527-AA-001,C1CCN([*:1])C1,Fc1ccc(N2CCN([*:1])CC2)cc1,-3.840497345926049,0.0490692136463822,-0.1386961403793382,0.035345755672708,-3.701801205546711,3.701801205546711,0.060474045440577814,0.0,0.0,True
O=C(NCC[*:1])C1CCCN1c1nnc(N2CCCC2=O)s1,OCNT-0460335-AA-001,OCNT-0460331-AA-001,CC(C)N(Cc1ccccc1)C[*:1],CCN(C[*:1])c1cccc(C)c1,-0.3601294977873156,0.0239569586466088,-4.050131673908628,0.1855389586403633,3.6900021761213124,3.6900021761213124,0.18707923733259596,1.3345924296537904e-86,7.70223508340289e-86,True
O=C(NC[*:1])C1CCCN1c1nnc(N2CCCC2=O)s1,OCNT-0460335-AA-001,OCNT-0460331-AA-001,CC(C)N(CC[*:1])Cc1ccccc1,CCN(CC[*:1])c1cccc(C)c1,-0.3601294977873156,0.0239569586466088,-4.050131673908628,0.1855389586403633,3.6900021761213124,3.6900021761213124,0.18707923733259596,1.3345924296537904e-86,7.70223508340289e-86,True
O=C(NCCC[*:1])C1CCCN1c1nnc(N2CCCC2=O)s1,OCNT-0460335-AA-001,OCNT-0460331-AA-001,CC(C)N(Cc1ccccc1)[*:1],CCN(c1cccc(C)c1)[*:1],-0.3601294977873156,0.0239569586466088,-4.050131673908628,0.1855389586403633,3.6900021761213124,3.6900021761213124,0.18707923733259596,1.3345924296537904e-86,7.70223508340289e-86,True
COc1ccc(S(=O)(=O)NCCCn2ccnc2)cc1[*:1],OCNT-0493978-AA-001,OCNT-0495943-AA-001,CC(C)(C)[*:1],C[*:1],-3.746575843357537,0.0246535393731988,-0.0840494061372905,0.0264028067115405,-3.6625264372202464,3.6625264372202464,0.03612347167525336,0.0,0.0,True
O=C(NC[*:1])C1CCCN1c1nnc(N2CCCC2=O)s1,OCNT-0460331-AA-001,OCNT-0460333-AA-001,CCN(CC[*:1])c1cccc(C)c1,CCN(CC[*:1])Cc1ccccc1,-4.050131673908628,0.1855389586403633,-0.3944395717830158,0.038404022726469,-3.655692102125612,3.655692102125612,0.18947182939668258,6.01815386943275e-83,3.339324834127424e-82,True
CCN(CCCNC(=O)C1CCCN1c1nnc(N2CCCC2=O)s1)[*:1],OCNT-0460331-AA-001,OCNT-0460333-AA-001,Cc1cccc([*:1])c1,c1ccc(C[*:1])cc1,-4.050131673908628,0.1855389586403633,-0.3944395717830158,0.038404022726469,-3.655692102125612,3.655692102125612,0.18947182939668258,6.01815386943275e-83,3.339324834127424e-82,True
O=C(NCCC[*:1])C1CCCN1c1nnc(N2CCCC2=O)s1,OCNT-0460331-AA-001,OCNT-0460333-AA-001,CCN(c1cccc(C)c1)[*:1],CCN(Cc1ccccc1)[*:1],-4.050131673908628,0.1855389586403633,-0.3944395717830158,0.038404022726469,-3.655692102125612,3.655692102125612,0.18947182939668258,6.01815386943275e-83,3.339324834127424e-82,True
O=C(N[*:1])C1CCCN1c1nnc(N2CCCC2=O)s1,OCNT-0460331-AA-001,OCNT-0460333-AA-001,CCN(CCC[*:1])c1cccc(C)c1,CCN(CCC[*:1])Cc1ccccc1,-4.050131673908628,0.1855389586403633,-0.3944395717830158,0.038404022726469,-3.655692102125612,3.655692102125612,0.18947182939668258,6.01815386943275e-83,3.339324834127424e-82,True
O=C(NCC[*:1])C1CCCN1c1nnc(N2CCCC2=O)s1,OCNT-0460331-AA-001,OCNT-0460333-AA-001,CCN(C[*:1])c1cccc(C)c1,CCN(Cc1ccccc1)C[*:1],-4.050131673908628,0.1855389586403633,-0.3944395717830158,0.038404022726469,-3.655692102125612,3.655692102125612,0.18947182939668258,6.01815386943275e-83,3.339324834127424e-82,True
Cc1ccc(S(=O)(=O)c2cnc3ccccc3c2[*:1])cc1C,OCNT-0479499-AA-001,OCNT-0479503-AA-001,C1CCN([*:1])C1,C1CCCN([*:1])CC1,-3.840497345926049,0.0490692136463822,-0.2165343327582365,0.0260713964218856,-3.623963013167813,3.623963013167813,0.05556532587199872,0.0,0.0,True
CC(=O)Nc1ccc(S(=O)(=O)N2CCC(CC(=O)N[*:1])CC2)cc1,OCNT-0457465-AA-001,OCNT-0457413-AA-001,CN(CC[*:1])Cc1ccccc1,COCCC[*:1],-3.770395516432576,0.0258160360748386,-0.1537772578500384,0.0224530137478095,-3.6166182585825375,3.6166182585825375,0.0342141132425888,0.0,0.0,True
CC(=O)Nc1ccc(S(=O)(=O)N2CCC(CC(=O)NCC[*:1])CC2)cc1,OCNT-0457465-AA-001,OCNT-0457413-AA-001,CN(Cc1ccccc1)[*:1],COC[*:1],-3.770395516432576,0.0258160360748386,-0.1537772578500384,0.0224530137478095,-3.6166182585825375,3.6166182585825375,0.0342141132425888,0.0,0.0,True
CC(=O)Nc1ccc(S(=O)(=O)N2CCC(CC(=O)NC[*:1])CC2)cc1,OCNT-0457465-AA-001,OCNT-0457413-AA-001,CN(Cc1ccccc1)C[*:1],COCC[*:1],-3.770395516432576,0.0258160360748386,-0.1537772578500384,0.0224530137478095,-3.6166182585825375,3.6166182585825375,0.0342141132425888,0.0,0.0,True
CCN(CCCNC(=O)CNC(=O)Cn1cnc2ccccc2c1=O)[*:1],OCNT-0461679-AA-001,OCNT-0461681-AA-001,c1ccc(C[*:1])cc1,Cc1cccc([*:1])c1,-0.4226014974175897,0.0231079206260626,-4.021768330392521,0.0265888607303974,3.5991668329749316,3.5991668329749316,0.035227028126154476,0.0,0.0,True
O=C(Cn1cnc2ccccc2c1=O)NCC(=O)N[*:1],OCNT-0461679-AA-001,OCNT-0461681-AA-001,CCN(CCC[*:1])Cc1ccccc1,CCN(CCC[*:1])c1cccc(C)c1,-0.4226014974175897,0.0231079206260626,-4.021768330392521,0.0265888607303974,3.5991668329749316,3.5991668329749316,0.035227028126154476,0.0,0.0,True
O=C(CNC(=O)Cn1cnc2ccccc2c1=O)NCCC[*:1],OCNT-0461679-AA-001,OCNT-0461681-AA-001,CCN(Cc1ccccc1)[*:1],CCN(c1cccc(C)c1)[*:1],-0.4226014974175897,0.0231079206260626,-4.021768330392521,0.0265888607303974,3.5991668329749316,3.5991668329749316,0.035227028126154476,0.0,0.0,True
O=C(CNC(=O)Cn1cnc2ccccc2c1=O)NCC[*:1],OCNT-0461679-AA-001,OCNT-0461681-AA-001,CCN(Cc1ccccc1)C[*:1],CCN(C[*:1])c1cccc(C)c1,-0.4226014974175897,0.0231079206260626,-4.021768330392521,0.0265888607303974,3.5991668329749316,3.5991668329749316,0.035227028126154476,0.0,0.0,True
O=C(CNC(=O)Cn1cnc2ccccc2c1=O)NC[*:1],OCNT-0461679-AA-001,OCNT-0461681-AA-001,CCN(CC[*:1])Cc1ccccc1,CCN(CC[*:1])c1cccc(C)c1,-0.4226014974175897,0.0231079206260626,-4.021768330392521,0.0265888607303974,3.5991668329749316,3.5991668329749316,0.035227028126154476,0.0,0.0,True
c1cncc(-c2nc([*:1])c3ccccc3n2)c1,OCNT-0497451-AA-001,OCNT-0497383-AA-001,C1COC(CN[*:1])C1,CN(CC1COc2ccccc2O1)[*:1],-0.4549539645233829,0.0186539379969738,-4.051000623765512,0.3531449996960162,3.5960466592421296,3.5960466592421296,0.3536373286477182,2.7341777946100974e-24,7.225197692668368e-24,True
CCOCCNC(=O)CSc1nc2cc(C(=O)OCC)ccc2n1[*:1],OCNT-0475251-AA-001,OCNT-0475045-AA-001,Fc1cccc(C[*:1])c1,FC(F)(F)c1ccc(C[*:1])cc1,-3.487731894304129,0.0245787947998202,0.1049661646313433,0.0339643284404426,-3.5926980589354724,3.5926980589354724,0.04192484657362418,0.0,0.0,True
CCOCCNC(=O)CSc1nc2cc(C(=O)OCC)ccc2n1C[*:1],OCNT-0475251-AA-001,OCNT-0475045-AA-001,Fc1cccc([*:1])c1,FC(F)(F)c1ccc([*:1])cc1,-3.487731894304129,0.0245787947998202,0.1049661646313433,0.0339643284404426,-3.5926980589354724,3.5926980589354724,0.04192484657362418,0.0,0.0,True
C=CCn1cc(C(=O)NCC[*:1])c(=O)c2cc(S(=O)(=O)N3CCCCCC3)ccc21,OCNT-0454906-AA-001,OCNT-0454912-AA-001,CCCCN(Cc1ccccc1)C[*:1],CN(CCc1ccccc1)[*:1],-0.1100219782578101,0.0436672334973979,-3.6435602998506256,0.0287168254358014,3.5335383215928156,3.5335383215928156,0.05226359482877694,0.0,0.0,True
Cc1nc2c3cccnc3nn2c(C)c1C[*:1],OCNT-0479395-AA-001,OCNT-0479399-AA-001,CC(=O)c1cccc(NC(=O)C[*:1])c1,CSc1cccc(NC(=O)C[*:1])c1,-0.2727367008478492,0.0678812211081742,-3.778143183782938,0.0370471673641053,3.5054064829350886,3.5054064829350886,0.07733274073017755,0.0,0.0,True
Cc1nc2c3cccnc3nn2c(C)c1CC[*:1],OCNT-0479395-AA-001,OCNT-0479399-AA-001,CC(=O)c1cccc(NC(=O)[*:1])c1,CSc1cccc(NC(=O)[*:1])c1,-0.2727367008478492,0.0678812211081742,-3.778143183782938,0.0370471673641053,3.5054064829350886,3.5054064829350886,0.07733274073017755,0.0,0.0,True
Cc1nc2c3cccnc3nn2c(C)c1CCC(=O)N[*:1],OCNT-0479395-AA-001,OCNT-0479399-AA-001,CC(=O)c1cccc([*:1])c1,CSc1cccc([*:1])c1,-0.2727367008478492,0.0678812211081742,-3.778143183782938,0.0370471673641053,3.5054064829350886,3.5054064829350886,0.07733274073017755,0.0,0.0,True
Cc1nc2c3cccnc3nn2c(C)c1CCC(=O)Nc1cccc([*:1])c1,OCNT-0479395-AA-001,OCNT-0479399-AA-001,CC(=O)[*:1],CS[*:1],-0.2727367008478492,0.0678812211081742,-3.778143183782938,0.0370471673641053,3.5054064829350886,3.5054064829350886,0.07733274073017755,0.0,0.0,True
CN(CCCNC(=O)c1cc([*:1])nc2ccccc12)C1CCCCC1,OCNT-0479222-AA-001,OCNT-0454527-AA-001,Cc1ccc(C)c(N[*:1])c1,CCOc1ccc(N[*:1])cc1,-3.533531403043587,0.3367726525686464,-0.0414590372803414,0.0418819919181507,-3.4920723657632453,3.4920723657632453,0.3393669411789461,7.8208578870730025e-25,2.093833615937378e-24,True
CN(CCCNC(=O)c1cc(N[*:1])nc2ccccc12)C1CCCCC1,OCNT-0479222-AA-001,OCNT-0454527-AA-001,Cc1ccc(C)c([*:1])c1,CCOc1ccc([*:1])cc1,-3.533531403043587,0.3367726525686464,-0.0414590372803414,0.0418819919181507,-3.4920723657632453,3.4920723657632453,0.3393669411789461,7.8208578870730025e-25,2.093833615937378e-24,True
Cc1ccc(S(=O)(=O)c2cnc3ccccc3c2[*:1])cc1C,OCNT-0479499-AA-001,OCNT-0479525-AA-001,C1CCN([*:1])C1,c1ccc(N2CCN([*:1])CC2)cc1,-3.840497345926049,0.0490692136463822,-0.351069620301887,0.0536929816803171,-3.489427725624162,3.489427725624162,0.07273736322961652,0.0,0.0,True
c1cncc(-c2nc([*:1])c3ccccc3n2)c1,OCNT-0497562-AA-001,OCNT-0497383-AA-001,c1cncc(CN[*:1])c1,CN(CC1COc2ccccc2O1)[*:1],-0.5748516254311561,0.0432233106617075,-4.051000623765512,0.3531449996960162,3.4761489983343563,3.4761489983343563,0.35578033306361634,1.5071793627611833e-22,3.857811611586418e-22,True
O=C(CSc1cn(CC(=O)N2CCCCC2)c2ccccc12)N[*:1],OCNT-0456186-AA-001,OCNT-0456188-AA-001,c1cc2c(cc1[*:1])OCO2,c1cc2c(cc1[*:1])OCCO2,-0.1782181337331432,0.0356655404647568,-3.634219839978549,0.0337029252802603,3.456001706245406,3.456001706245406,0.04907054054206061,0.0,0.0,True
O=C(Cn1cc(SC[*:1])c2ccccc21)N1CCCCC1,OCNT-0456186-AA-001,OCNT-0456188-AA-001,O=C(Nc1ccc2c(c1)OCO2)[*:1],O=C(Nc1ccc2c(c1)OCCO2)[*:1],-0.1782181337331432,0.0356655404647568,-3.634219839978549,0.0337029252802603,3.456001706245406,3.456001706245406,0.04907054054206061,0.0,0.0,True
O=C(NCCC[*:1])C1Cc2ccccc2N1C(=O)c1ccccc1,OCNT-0460167-AA-001,OCNT-0460163-AA-001,CCCN1CCN([*:1])CC1,c1ccc(CN2CCN([*:1])CC2)cc1,-0.5918488975491913,0.0364046926060617,-4.0315601852396,0.326923225300354,3.4397112876904092,3.4397112876904092,0.32894391145684376,1.3633779333751452e-25,3.6945579213388486e-25,True
O=C(NCCCN1CCN(C[*:1])CC1)C1Cc2ccccc2N1C(=O)c1ccccc1,OCNT-0460167-AA-001,OCNT-0460163-AA-001,CC[*:1],c1ccc([*:1])cc1,-0.5918488975491913,0.0364046926060617,-4.0315601852396,0.326923225300354,3.4397112876904092,3.4397112876904092,0.32894391145684376,1.3633779333751452e-25,3.6945579213388486e-25,True
O=C(NCCCN1CCN([*:1])CC1)C1Cc2ccccc2N1C(=O)c1ccccc1,OCNT-0460167-AA-001,OCNT-0460163-AA-001,CCC[*:1],c1ccc(C[*:1])cc1,-0.5918488975491913,0.0364046926060617,-4.0315601852396,0.326923225300354,3.4397112876904092,3.4397112876904092,0.32894391145684376,1.3633779333751452e-25,3.6945579213388486e-25,True
CCCOc1ccc2oc(=O)c3c(c2c1)CCCN3C(=O)C[*:1],OCNT-0454734-AA-001,OCNT-0454708-AA-001,CCCCN(CC)[*:1],c1ccc(CC2CCN([*:1])CC2)cc1,-3.7641705595059394,0.2612859232720635,-0.3633476184010178,0.0543285485332925,-3.400822941104922,3.400822941104922,0.26687436161210576,3.4032162170208355e-37,1.1518215882503436e-36,True
O=C(CNC(=O)Cn1ccc2ccccc2c1=O)NCC[*:1],OCNT-0454249-AA-001,OCNT-0454231-AA-001,CCCCN(CC)[*:1],CCN(C[*:1])c1cccc(C)c1,-0.0676587286458568,0.0209279289614092,-3.4531057123901374,0.2206802406876158,3.3854469837442807,3.3854469837442807,0.22167035625125392,1.167244180716634e-52,4.776331956878935e-52,True
O=C(Cn1ccc2ccccc2c1=O)NCC(=O)N[*:1],OCNT-0454249-AA-001,OCNT-0454231-AA-001,CCCCN(CC)CC[*:1],CCN(CCC[*:1])c1cccc(C)c1,-0.0676587286458568,0.0209279289614092,-3.4531057123901374,0.2206802406876158,3.3854469837442807,3.3854469837442807,0.22167035625125392,1.167244180716634e-52,4.776331956878935e-52,True
O=C(CNC(=O)Cn1ccc2ccccc2c1=O)NC[*:1],OCNT-0454249-AA-001,OCNT-0454231-AA-001,CCCCN(CC)C[*:1],CCN(CC[*:1])c1cccc(C)c1,-0.0676587286458568,0.0209279289614092,-3.4531057123901374,0.2206802406876158,3.3854469837442807,3.3854469837442807,0.22167035625125392,1.167244180716634e-52,4.776331956878935e-52,True
Cc1nc(-c2ccc(F)cc2)sc1CC[*:1],OCNT-0482088-AA-001,OCNT-0482126-AA-001,O=C(N[*:1])c1ccc(Cl)cc1,CCOc1ccc(CC(=O)N[*:1])cc1,-0.560495776536683,0.221418705590268,-3.9457021709393705,0.5928530412365562,3.3852063944026876,3.3852063944026876,0.6328514609991065,8.837676422875824e-08,1.5513482214330806e-07,True
Cc1nc(-c2ccc(F)cc2)sc1CCNC(=O)[*:1],OCNT-0482088-AA-001,OCNT-0482126-AA-001,Clc1ccc([*:1])cc1,CCOc1ccc(C[*:1])cc1,-0.560495776536683,0.221418705590268,-3.9457021709393705,0.5928530412365562,3.3852063944026876,3.3852063944026876,0.6328514609991065,8.837676422875824e-08,1.5513482214330806e-07,True
CCCOc1ccc2oc(=O)c3c(c2c1)CCCN3C(=O)C[*:1],OCNT-0454708-AA-001,OCNT-0454678-AA-001,c1ccc(CC2CCN([*:1])CC2)cc1,CCOC(=O)C1CCN([*:1])CC1,-0.3633476184010178,0.0543285485332925,-3.728737654343836,0.0214414117109201,3.365390035942818,3.365390035942818,0.0584065520459092,0.0,0.0,True
CCCOc1ccc2oc(=O)c3c(c2c1)CCCN3C(=O)CN1CCC([*:1])CC1,OCNT-0454708-AA-001,OCNT-0454678-AA-001,c1ccc(C[*:1])cc1,CCOC(=O)[*:1],-0.3633476184010178,0.0543285485332925,-3.728737654343836,0.0214414117109201,3.365390035942818,3.365390035942818,0.0584065520459092,0.0,0.0,True
COc1ccc(-c2cc(CCCC(=O)N[*:1])no2)cc1,OCNT-0479249-AA-001,OCNT-0479247-AA-001,Clc1ccc(CC[*:1])cc1,COc1ccc(OC)c(CC[*:1])c1,0.1666029188004735,0.048314901886265,-3.1836711942971925,0.0702268523150765,3.350274113097666,3.350274113097666,0.08524165959413847,0.0,0.0,True
COc1ccc(-c2cc(CCCC(=O)NCC[*:1])no2)cc1,OCNT-0479249-AA-001,OCNT-0479247-AA-001,Clc1ccc([*:1])cc1,COc1ccc(OC)c([*:1])c1,0.1666029188004735,0.048314901886265,-3.1836711942971925,0.0702268523150765,3.350274113097666,3.350274113097666,0.08524165959413847,0.0,0.0,True
COc1ccc(-c2cc(CCCC(=O)NC[*:1])no2)cc1,OCNT-0479249-AA-001,OCNT-0479247-AA-001,Clc1ccc(C[*:1])cc1,COc1ccc(OC)c(C[*:1])c1,0.1666029188004735,0.048314901886265,-3.1836711942971925,0.0702268523150765,3.350274113097666,3.350274113097666,0.08524165959413847,0.0,0.0,True
Cc1nc(-c2ccc(F)cc2)sc1CCNC(=O)[*:1],OCNT-0482126-AA-001,OCNT-0482086-AA-001,CCOc1ccc(C[*:1])cc1,CC(C)(C)c1ccc([*:1])cc1,-3.9457021709393705,0.5928530412365562,-0.604848069760632,0.0684095330513385,-3.3408541011787385,3.3408541011787385,0.5967868905360908,2.167526775476519e-08,3.863028419221444e-08,True
Cc1nc(-c2ccc(F)cc2)sc1CC[*:1],OCNT-0482126-AA-001,OCNT-0482086-AA-001,CCOc1ccc(CC(=O)N[*:1])cc1,CC(C)(C)c1ccc(C(=O)N[*:1])cc1,-3.9457021709393705,0.5928530412365562,-0.604848069760632,0.0684095330513385,-3.3408541011787385,3.3408541011787385,0.5967868905360908,2.167526775476519e-08,3.863028419221444e-08,True
Cc1cc2c(C)c(C(=O)N3CCCC3)oc2c(S(=O)(=O)N[*:1])c1C,OCNT-0461857-AA-001,OCNT-0461863-AA-001,CCOc1ccc([*:1])cc1,COc1ccccc1C[*:1],0.0301426221140571,0.0382816725496159,-3.3104423280356885,0.0272612159063084,3.3405849501497458,3.3405849501497458,0.046996386519458894,0.0,0.0,True
Cc1cc2c(C)c(C(=O)N3CCCC3)oc2c([*:1])c1C,OCNT-0461857-AA-001,OCNT-0461863-AA-001,CCOc1ccc(NS(=O)(=O)[*:1])cc1,COc1ccccc1CNS(=O)(=O)[*:1],0.0301426221140571,0.0382816725496159,-3.3104423280356885,0.0272612159063084,3.3405849501497458,3.3405849501497458,0.046996386519458894,0.0,0.0,True
Clc1ccc2c([*:1])c3c(nc2c1)CCCC3,OCNT-0479283-AA-001,OCNT-0479427-AA-001,CCc1ccc(N[*:1])cc1,O=C(CS[*:1])N1CCCC1,-0.5021789649388988,0.0546523483883267,-3.839963257710554,0.0255381859865355,3.337784292771655,3.337784292771655,0.0603247720910897,0.0,0.0,True
Cc1cc2c(C)c(C(=O)N3CCCC3)oc2c(S(=O)(=O)N[*:1])c1C,OCNT-0461861-AA-001,OCNT-0461863-AA-001,CCc1cccc(C)c1[*:1],COc1ccccc1C[*:1],0.0193094064979323,0.026635363911144,-3.3104423280356885,0.0272612159063084,3.329751734533621,3.329751734533621,0.03811320641679777,0.0,0.0,True
Cc1cc2c(C)c(C(=O)N3CCCC3)oc2c([*:1])c1C,OCNT-0461861-AA-001,OCNT-0461863-AA-001,CCc1cccc(C)c1NS(=O)(=O)[*:1],COc1ccccc1CNS(=O)(=O)[*:1],0.0193094064979323,0.026635363911144,-3.3104423280356885,0.0272612159063084,3.329751734533621,3.329751734533621,0.03811320641679777,0.0,0.0,True
CC(C)N1C(=O)C2(CCCCC2)C1C(=O)NCC[*:1],OCNT-0475110-AA-001,OCNT-0475108-AA-001,COc1ccccc1O[*:1],O=C1CCCN1C[*:1],-3.5578308281111384,0.0321263758709987,-0.2372800417106573,0.0213594288831673,-3.320550786400481,3.320550786400481,0.03857887023773207,0.0,0.0,True
CC(C)N1C(=O)C2(CCCCC2)C1C(=O)NC[*:1],OCNT-0475110-AA-001,OCNT-0475108-AA-001,COc1ccccc1OC[*:1],O=C1CCCN1CC[*:1],-3.5578308281111384,0.0321263758709987,-0.2372800417106573,0.0213594288831673,-3.320550786400481,3.320550786400481,0.03857887023773207,0.0,0.0,True
CC(C)N1C(=O)C2(CCCCC2)C1C(=O)N[*:1],OCNT-0475110-AA-001,OCNT-0475108-AA-001,COc1ccccc1OCC[*:1],O=C1CCCN1CCC[*:1],-3.5578308281111384,0.0321263758709987,-0.2372800417106573,0.0213594288831673,-3.320550786400481,3.320550786400481,0.03857887023773207,0.0,0.0,True
O=C(CNC(=O)Cn1ccc2ccccc2c1=O)NCC[*:1],OCNT-0454231-AA-001,OCNT-0454251-AA-001,CCN(C[*:1])c1cccc(C)c1,CCCN(CCC)[*:1],-3.4531057123901374,0.2206802406876158,-0.1401463181578801,0.0273529913752239,-3.3129593942322573,3.3129593942322573,0.2223689608895925,3.3716545909373123e-50,1.3547518528774389e-49,True
O=C(CNC(=O)Cn1ccc2ccccc2c1=O)NC[*:1],OCNT-0454231-AA-001,OCNT-0454251-AA-001,CCN(CC[*:1])c1cccc(C)c1,CCCN(CCC)C[*:1],-3.4531057123901374,0.2206802406876158,-0.1401463181578801,0.0273529913752239,-3.3129593942322573,3.3129593942322573,0.2223689608895925,3.3716545909373123e-50,1.3547518528774389e-49,True
O=C(Cn1ccc2ccccc2c1=O)NCC(=O)N[*:1],OCNT-0454231-AA-001,OCNT-0454251-AA-001,CCN(CCC[*:1])c1cccc(C)c1,CCCN(CCC)CC[*:1],-3.4531057123901374,0.2206802406876158,-0.1401463181578801,0.0273529913752239,-3.3129593942322573,3.3129593942322573,0.2223689608895925,3.3716545909373123e-50,1.3547518528774389e-49,True
O=C1C2CCCN2C(=O)c2ccccc2N1Cc1ccc([*:1])cc1,OCNT-0462546-AA-001,OCNT-0462547-AA-001,COc1ccc(CNC(=O)[*:1])cc1,CCc1ccc(CNC(=O)[*:1])cc1,-0.1175256441848964,0.0329425594658971,-3.4291076642516174,0.0261585450106912,3.311582020066721,3.311582020066721,0.04206520772848417,0.0,0.0,True
O=C(N[*:1])c1ccc(CN2C(=O)C3CCCN3C(=O)c3ccccc32)cc1,OCNT-0462546-AA-001,OCNT-0462547-AA-001,COc1ccc(C[*:1])cc1,CCc1ccc(C[*:1])cc1,-0.1175256441848964,0.0329425594658971,-3.4291076642516174,0.0261585450106912,3.311582020066721,3.311582020066721,0.04206520772848417,0.0,0.0,True
O=C(NCc1ccc([*:1])cc1)c1ccc(CN2C(=O)C3CCCN3C(=O)c3ccccc32)cc1,OCNT-0462546-AA-001,OCNT-0462547-AA-001,CO[*:1],CC[*:1],-0.1175256441848964,0.0329425594658971,-3.4291076642516174,0.0261585450106912,3.311582020066721,3.311582020066721,0.04206520772848417,0.0,0.0,True
O=C(NC[*:1])c1ccc(CN2C(=O)C3CCCN3C(=O)c3ccccc32)cc1,OCNT-0462546-AA-001,OCNT-0462547-AA-001,COc1ccc([*:1])cc1,CCc1ccc([*:1])cc1,-0.1175256441848964,0.0329425594658971,-3.4291076642516174,0.0261585450106912,3.311582020066721,3.311582020066721,0.04206520772848417,0.0,0.0,True
O=C(NCCCN1CCN([*:1])CC1)C1Cc2ccccc2N1C(=O)c1ccccc1,OCNT-0460161-AA-001,OCNT-0460163-AA-001,Fc1ccc([*:1])cc1,c1ccc(C[*:1])cc1,-0.7466751164871198,0.2122638570843159,-4.0315601852396,0.326923225300354,3.2848850687524807,3.2848850687524807,0.3897880709630515,3.535456808050558e-17,7.836288776539596e-17,True
O=C(NCCC[*:1])C1Cc2ccccc2N1C(=O)c1ccccc1,OCNT-0460161-AA-001,OCNT-0460163-AA-001,Fc1ccc(N2CCN([*:1])CC2)cc1,c1ccc(CN2CCN([*:1])CC2)cc1,-0.7466751164871198,0.2122638570843159,-4.0315601852396,0.326923225300354,3.2848850687524807,3.2848850687524807,0.3897880709630515,3.535456808050558e-17,7.836288776539596e-17,True
CCOc1ccccc1NC(=O)C(CC)n1c([*:1])nc2cccnc21,OCNT-0456144-AA-001,OCNT-0456142-AA-001,Fc1ccccc1CS[*:1],Fc1cccc(CS[*:1])c1,-0.8704926309478719,0.1890013408653077,-4.155329077405154,0.0297671364723492,3.2848364464572826,3.2848364464572826,0.19133109852464575,4.583788189925201e-66,2.190728457177142e-65,True
CCOc1ccccc1NC(=O)C(CC)n1c(SC[*:1])nc2cccnc21,OCNT-0456144-AA-001,OCNT-0456142-AA-001,Fc1ccccc1[*:1],Fc1cccc([*:1])c1,-0.8704926309478719,0.1890013408653077,-4.155329077405154,0.0297671364723492,3.2848364464572826,3.2848364464572826,0.19133109852464575,4.583788189925201e-66,2.190728457177142e-65,True
CCOc1ccccc1NC(=O)C(CC)n1c(S[*:1])nc2cccnc21,OCNT-0456144-AA-001,OCNT-0456142-AA-001,Fc1ccccc1C[*:1],Fc1cccc(C[*:1])c1,-0.8704926309478719,0.1890013408653077,-4.155329077405154,0.0297671364723492,3.2848364464572826,3.2848364464572826,0.19133109852464575,4.583788189925201e-66,2.190728457177142e-65,True
Clc1ccc2c([*:1])c3c(nc2c1)CCCC3,OCNT-0479283-AA-001,OCNT-0479429-AA-001,CCc1ccc(N[*:1])cc1,O=C(CS[*:1])N1CCCCCC1,-0.5021789649388988,0.0546523483883267,-3.7849171447025167,0.0218599141348387,3.282738179763618,3.282738179763618,0.05886199988397911,0.0,0.0,True
Cc1nc2c3cccnc3nn2c(C)c1CC[*:1],OCNT-0479377-AA-001,OCNT-0479399-AA-001,COc1cc(NC(=O)[*:1])cc(OC)c1,CSc1cccc(NC(=O)[*:1])c1,-0.4966040960906642,0.0343030534152719,-3.778143183782938,0.0370471673641053,3.2815390876922734,3.2815390876922734,0.05048952449087856,0.0,0.0,True
Cc1nc2c3cccnc3nn2c(C)c1CCC(=O)N[*:1],OCNT-0479377-AA-001,OCNT-0479399-AA-001,COc1cc(OC)cc([*:1])c1,CSc1cccc([*:1])c1,-0.4966040960906642,0.0343030534152719,-3.778143183782938,0.0370471673641053,3.2815390876922734,3.2815390876922734,0.05048952449087856,0.0,0.0,True
Cc1ccc(-n2nc(C(=O)NCC[*:1])c3c4ccccc4n(C)c3c2=O)cc1,OCNT-0454725-AA-001,OCNT-0454721-AA-001,CCN(C[*:1])c1cccc(C)c1,CCN(Cc1ccccc1)C[*:1],0.0714089953302276,0.0454670251418398,-3.203499363101584,0.0233488890504979,3.2749083584318113,3.2749083584318113,0.05111184789401722,0.0,0.0,True
Cc1ccc(-n2nc(C(=O)NC[*:1])c3c4ccccc4n(C)c3c2=O)cc1,OCNT-0454725-AA-001,OCNT-0454721-AA-001,CCN(CC[*:1])c1cccc(C)c1,CCN(CC[*:1])Cc1ccccc1,0.0714089953302276,0.0454670251418398,-3.203499363101584,0.0233488890504979,3.2749083584318113,3.2749083584318113,0.05111184789401722,0.0,0.0,True
Cc1ccc(-n2nc(C(=O)N[*:1])c3c4ccccc4n(C)c3c2=O)cc1,OCNT-0454725-AA-001,OCNT-0454721-AA-001,CCN(CCC[*:1])c1cccc(C)c1,CCN(CCC[*:1])Cc1ccccc1,0.0714089953302276,0.0454670251418398,-3.203499363101584,0.0233488890504979,3.2749083584318113,3.2749083584318113,0.05111184789401722,0.0,0.0,True
Cc1ccc(-n2nc(C(=O)NCCC[*:1])c3c4ccccc4n(C)c3c2=O)cc1,OCNT-0454725-AA-001,OCNT-0454721-AA-001,CCN(c1cccc(C)c1)[*:1],CCN(Cc1ccccc1)[*:1],0.0714089953302276,0.0454670251418398,-3.203499363101584,0.0233488890504979,3.2749083584318113,3.2749083584318113,0.05111184789401722,0.0,0.0,True
CCN(CCCNC(=O)c1nn(-c2ccc(C)cc2)c(=O)c2c1c1ccccc1n2C)[*:1],OCNT-0454725-AA-001,OCNT-0454721-AA-001,Cc1cccc([*:1])c1,c1ccc(C[*:1])cc1,0.0714089953302276,0.0454670251418398,-3.203499363101584,0.0233488890504979,3.2749083584318113,3.2749083584318113,0.05111184789401722,0.0,0.0,True
Cc1ccc(-n2nc(C(=O)NC[*:1])c3c4ccccc4n(C)c3c2=O)cc1,OCNT-0454747-AA-001,OCNT-0454721-AA-001,CCN(CC[*:1])c1ccccc1,CCN(CC[*:1])Cc1ccccc1,0.0638486821308352,0.0362627028443829,-3.203499363101584,0.0233488890504979,3.267348045232419,3.267348045232419,0.04312950541650665,0.0,0.0,True
Cc1ccc(-n2nc(C(=O)N[*:1])c3c4ccccc4n(C)c3c2=O)cc1,OCNT-0454747-AA-001,OCNT-0454721-AA-001,CCN(CCC[*:1])c1ccccc1,CCN(CCC[*:1])Cc1ccccc1,0.0638486821308352,0.0362627028443829,-3.203499363101584,0.0233488890504979,3.267348045232419,3.267348045232419,0.04312950541650665,0.0,0.0,True
Cc1ccc(-n2nc(C(=O)NCC[*:1])c3c4ccccc4n(C)c3c2=O)cc1,OCNT-0454747-AA-001,OCNT-0454721-AA-001,CCN(C[*:1])c1ccccc1,CCN(Cc1ccccc1)C[*:1],0.0638486821308352,0.0362627028443829,-3.203499363101584,0.0233488890504979,3.267348045232419,3.267348045232419,0.04312950541650665,0.0,0.0,True
Cc1ccc(-n2nc(C(=O)NCCC[*:1])c3c4ccccc4n(C)c3c2=O)cc1,OCNT-0454747-AA-001,OCNT-0454721-AA-001,CCN(c1ccccc1)[*:1],CCN(Cc1ccccc1)[*:1],0.0638486821308352,0.0362627028443829,-3.203499363101584,0.0233488890504979,3.267348045232419,3.267348045232419,0.04312950541650665,0.0,0.0,True
CCN(CCCNC(=O)c1nn(-c2ccc(C)cc2)c(=O)c2c1c1ccccc1n2C)[*:1],OCNT-0454747-AA-001,OCNT-0454721-AA-001,c1ccc([*:1])cc1,c1ccc(C[*:1])cc1,0.0638486821308352,0.0362627028443829,-3.203499363101584,0.0233488890504979,3.267348045232419,3.267348045232419,0.04312950541650665,0.0,0.0,True
CCOc1ccc(C(=O)N/C(=N/c2ccccc2[*:1])NCCc2c[nH]c3ccccc23)cc1OCC,OCNT-0456896-AA-001,OCNT-0456958-AA-001,C[*:1],F[*:1],-3.271029255373582,0.0476317766990177,-0.0312955049111283,0.0527406734235897,-3.2397337504624537,3.2397337504624537,0.07106591858745531,0.0,0.0,True
CCOc1ccc(C(=O)N/C(=N/[*:1])NCCc2c[nH]c3ccccc23)cc1OCC,OCNT-0456896-AA-001,OCNT-0456958-AA-001,Cc1ccccc1[*:1],Fc1ccccc1[*:1],-3.271029255373582,0.0476317766990177,-0.0312955049111283,0.0527406734235897,-3.2397337504624537,3.2397337504624537,0.07106591858745531,0.0,0.0,True
Cc1ccc(S(=O)(=O)c2cnc3ccccc3c2[*:1])cc1C,OCNT-0479523-AA-001,OCNT-0479527-AA-001,CN1CCN([*:1])CC1,Fc1ccc(N2CCN([*:1])CC2)cc1,-3.3746549821690697,0.2718692885548833,-0.1386961403793382,0.035345755672708,-3.2359588417897314,3.2359588417897314,0.2741573134231753,3.753347065831052e-32,1.177492342319049e-31,True
Cc1ccc(S(=O)(=O)c2cnc3ccccc3c2N2CCN([*:1])CC2)cc1C,OCNT-0479523-AA-001,OCNT-0479527-AA-001,C[*:1],Fc1ccc([*:1])cc1,-3.3746549821690697,0.2718692885548833,-0.1386961403793382,0.035345755672708,-3.2359588417897314,3.2359588417897314,0.2741573134231753,3.753347065831052e-32,1.177492342319049e-31,True
O=C1C2CCCN2C(=O)c2ccccc2N1Cc1ccccc1[*:1],OCNT-0462764-AA-001,OCNT-0462760-AA-001,COc1ccc(CNC(=O)[*:1])cc1,CC(CCc1ccccc1)NC(=O)[*:1],-0.1931967196715845,0.0297843245923952,-3.427450010504309,0.161174979722322,3.2342532908327244,3.2342532908327244,0.16390387451160532,1.1314557323321798e-86,6.576418472724095e-86,True
O=C(N[*:1])c1ccccc1CN1C(=O)C2CCCN2C(=O)c2ccccc21,OCNT-0462764-AA-001,OCNT-0462760-AA-001,COc1ccc(C[*:1])cc1,CC(CCc1ccccc1)[*:1],-0.1931967196715845,0.0297843245923952,-3.427450010504309,0.161174979722322,3.2342532908327244,3.2342532908327244,0.16390387451160532,1.1314557323321798e-86,6.576418472724095e-86,True
Cc1cc2c(C)c(C(=O)N3CCCC3)oc2c(S(=O)(=O)N[*:1])c1C,OCNT-0461853-AA-001,OCNT-0461863-AA-001,CCc1ccc([*:1])cc1,COc1ccccc1C[*:1],-0.0935957193609369,0.133312258545629,-3.3104423280356885,0.0272612159063084,3.216846608674752,3.216846608674752,0.13607105559679838,1.4631255700864748e-123,1.0982418006139889e-122,True
Cc1cc2c(C)c(C(=O)N3CCCC3)oc2c([*:1])c1C,OCNT-0461853-AA-001,OCNT-0461863-AA-001,CCc1ccc(NS(=O)(=O)[*:1])cc1,COc1ccccc1CNS(=O)(=O)[*:1],-0.0935957193609369,0.133312258545629,-3.3104423280356885,0.0272612159063084,3.216846608674752,3.216846608674752,0.13607105559679838,1.4631255700864748e-123,1.0982418006139889e-122,True
O=C(N[*:1])c1cccc(CN2C(=O)C3CCCN3C(=O)c3ccccc32)c1,OCNT-0462633-AA-001,OCNT-0462710-AA-001,CCOc1cccc(C[*:1])c1,CCC(c1ccc(OC)cc1)[*:1],-3.809867752683608,0.026236984595034,-0.6199193731979067,0.0579526105466695,-3.1899483794857013,3.1899483794857013,0.06361512736616977,0.0,0.0,True
O=C(CSc1c2c(nc3ccc(Cl)cc13)CCCC2)N1CCC([*:1])CC1,OCNT-0479233-AA-001,OCNT-0479251-AA-001,C[*:1],c1ccc(C[*:1])cc1,-3.5271947380079087,0.0835734927170171,-0.3492657138971088,0.0384282128370852,-3.1779290241108,3.1779290241108,0.09198508698030149,1.511292340016188e-261,1.803967002936396e-260,True
COc1ccc(C(=O)N[C@@H]2CCC[C@@H]2C(=O)NC[*:1])cc1,OCNT-0475192-AA-001,OCNT-0475194-AA-001,CCN1CCN(C[*:1])CC1,c1ccc2c(c1)CCCN2CC[*:1],-0.1332058053204012,0.02212078034005,-3.298404795133159,0.0609797780260943,3.1651989898127577,3.1651989898127577,0.0648680372060422,0.0,0.0,True
COc1ccc(C(=O)N[C@@H]2CCC[C@@H]2C(=O)N[*:1])cc1,OCNT-0475192-AA-001,OCNT-0475194-AA-001,CCN1CCN(CC[*:1])CC1,c1ccc2c(c1)CCCN2CCC[*:1],-0.1332058053204012,0.02212078034005,-3.298404795133159,0.0609797780260943,3.1651989898127577,3.1651989898127577,0.0648680372060422,0.0,0.0,True
COc1ccc(C(=O)N[C@@H]2CCC[C@@H]2C(=O)NCC[*:1])cc1,OCNT-0475192-AA-001,OCNT-0475194-AA-001,CCN1CCN([*:1])CC1,c1ccc2c(c1)CCCN2C[*:1],-0.1332058053204012,0.02212078034005,-3.298404795133159,0.0609797780260943,3.1651989898127577,3.1651989898127577,0.0648680372060422,0.0,0.0,True
CC(=O)Nc1ccc(S(=O)(=O)N2CCC(CC(=O)NC[*:1])CC2)cc1,OCNT-0457465-AA-001,OCNT-0457529-AA-001,CN(Cc1ccccc1)C[*:1],CCc1ccc([*:1])cc1,-3.770395516432576,0.0258160360748386,-0.6076679352083227,0.3255594170930711,-3.162727581224253,3.162727581224253,0.32658138614531845,3.5144597052929644e-22,8.948889592978027e-22,True
CC(=O)Nc1ccc(S(=O)(=O)N2CCC(CC(=O)N[*:1])CC2)cc1,OCNT-0457465-AA-001,OCNT-0457529-AA-001,CN(CC[*:1])Cc1ccccc1,CCc1ccc(C[*:1])cc1,-3.770395516432576,0.0258160360748386,-0.6076679352083227,0.3255594170930711,-3.162727581224253,3.162727581224253,0.32658138614531845,3.5144597052929644e-22,8.948889592978027e-22,True
Cc1ccc(S(=O)(=O)c2cnc3ccccc3c2[*:1])cc1C,OCNT-0479503-AA-001,OCNT-0479523-AA-001,C1CCCN([*:1])CC1,CN1CCN([*:1])CC1,-0.2165343327582365,0.0260713964218856,-3.3746549821690697,0.2718692885548833,3.1581206494108334,3.1581206494108334,0.273116509516956,6.32513952098195e-31,1.9493219657232785e-30,True
COCCN1C(=O)c2ccccc2C([*:1])C12CCCCC2,OCNT-0461293-AA-001,OCNT-0461259-AA-001,O=C(Nc1nc2c(s1)CCC2)[*:1],Cc1nc(NC(=O)[*:1])sc1C,-3.1952388881098943,0.0503948543939408,-0.055735660558919,0.0373933826519664,-3.1395032275509753,3.1395032275509753,0.06275274030305669,0.0,0.0,True
COCCN1C(=O)c2ccccc2C(C(=O)N[*:1])C12CCCCC2,OCNT-0461293-AA-001,OCNT-0461259-AA-001,C1Cc2nc([*:1])sc2C1,Cc1nc([*:1])sc1C,-3.1952388881098943,0.0503948543939408,-0.055735660558919,0.0373933826519664,-3.1395032275509753,3.1395032275509753,0.06275274030305669,0.0,0.0,True
COCCN1C(=O)c2ccccc2C(C(=O)N[*:1])C12CCCCC2,OCNT-0461265-AA-001,OCNT-0461259-AA-001,CCCc1nnc([*:1])s1,Cc1nc([*:1])sc1C,-3.1690396510828474,0.2591895364292012,-0.055735660558919,0.0373933826519664,-3.1133039905239284,3.1133039905239284,0.2618730243086152,1.3565928551071516e-32,4.2888665587173124e-32,True
COCCN1C(=O)c2ccccc2C([*:1])C12CCCCC2,OCNT-0461265-AA-001,OCNT-0461259-AA-001,CCCc1nnc(NC(=O)[*:1])s1,Cc1nc(NC(=O)[*:1])sc1C,-3.1690396510828474,0.2591895364292012,-0.055735660558919,0.0373933826519664,-3.1133039905239284,3.1133039905239284,0.2618730243086152,1.3565928551071516e-32,4.2888665587173124e-32,True
O=C(c1ccc2c(c1)N(C[*:1])C(=O)CS2)N1CCCC1,OCNT-0457739-AA-001,OCNT-0457930-AA-001,CCOc1ccccc1CNC(=O)[*:1],O=C(NCc1ccc2c(c1)OCO2)[*:1],-3.15669865044816,0.2291634722571728,-0.0448879507799361,0.033181543757535,-3.1118106996682235,3.1118106996682235,0.23155325923661108,3.5793158722554265e-41,1.2994934628203306e-40,True
O=C(CN1C(=O)CSc2ccc(C(=O)N3CCCC3)cc21)NC[*:1],OCNT-0457739-AA-001,OCNT-0457930-AA-001,CCOc1ccccc1[*:1],c1cc2c(cc1[*:1])OCO2,-3.15669865044816,0.2291634722571728,-0.0448879507799361,0.033181543757535,-3.1118106996682235,3.1118106996682235,0.23155325923661108,3.5793158722554265e-41,1.2994934628203306e-40,True
O=C(CN1C(=O)CSc2ccc(C(=O)N3CCCC3)cc21)N[*:1],OCNT-0457739-AA-001,OCNT-0457930-AA-001,CCOc1ccccc1C[*:1],c1cc2c(cc1C[*:1])OCO2,-3.15669865044816,0.2291634722571728,-0.0448879507799361,0.033181543757535,-3.1118106996682235,3.1118106996682235,0.23155325923661108,3.5793158722554265e-41,1.2994934628203306e-40,True
Cc1nc(-c2ccc(F)cc2)sc1CCNC(=O)[*:1],OCNT-0482082-AA-001,OCNT-0482092-AA-001,Brc1ccc([*:1])cc1,CCOc1ccc([*:1])cc1OCC,-2.9935971311022325,0.1766014870340068,0.1116780811467134,0.024505643971033,-3.1052752122489458,3.1052752122489458,0.17829361124016052,6.169801102598713e-68,3.087423987333139e-67,True
Cc1nc2c3cccnc3nn2c(C)c1CC[*:1],OCNT-0479401-AA-001,OCNT-0479399-AA-001,Cc1cc(C)cc(NC(=O)[*:1])c1,CSc1cccc(NC(=O)[*:1])c1,-0.6732081034548456,0.2604500490322248,-3.778143183782938,0.0370471673641053,3.104935080328092,3.104935080328092,0.26307170248924977,3.7834946450849356e-32,1.180894310780974e-31,True
Cc1nc2c3cccnc3nn2c(C)c1CCC(=O)N[*:1],OCNT-0479401-AA-001,OCNT-0479399-AA-001,Cc1cc(C)cc([*:1])c1,CSc1cccc([*:1])c1,-0.6732081034548456,0.2604500490322248,-3.778143183782938,0.0370471673641053,3.104935080328092,3.104935080328092,0.26307170248924977,3.7834946450849356e-32,1.180894310780974e-31,True
Cc1nc2c3cccnc3nn2c(C)c1C[*:1],OCNT-0479401-AA-001,OCNT-0479399-AA-001,Cc1cc(C)cc(NC(=O)C[*:1])c1,CSc1cccc(NC(=O)C[*:1])c1,-0.6732081034548456,0.2604500490322248,-3.778143183782938,0.0370471673641053,3.104935080328092,3.104935080328092,0.26307170248924977,3.7834946450849356e-32,1.180894310780974e-31,True
Cc1nc2c3cccnc3nn2c(C)c1[*:1],OCNT-0479401-AA-001,OCNT-0479399-AA-001,Cc1cc(C)cc(NC(=O)CC[*:1])c1,CSc1cccc(NC(=O)CC[*:1])c1,-0.6732081034548456,0.2604500490322248,-3.778143183782938,0.0370471673641053,3.104935080328092,3.104935080328092,0.26307170248924977,3.7834946450849356e-32,1.180894310780974e-31,True
CCOc1ccccc1NC(=O)C(CC)n1c(S[*:1])nc2cccnc21,OCNT-0456144-AA-001,OCNT-0456140-AA-001,Fc1ccccc1C[*:1],Cc1ccc(C[*:1])cc1,-0.8704926309478719,0.1890013408653077,-3.965844866763404,0.4898716465354578,3.095352235815532,3.095352235815532,0.5250673641812493,3.743352803480099e-09,6.730333806110068e-09,True
CCOc1ccccc1NC(=O)C(CC)n1c(SC[*:1])nc2cccnc21,OCNT-0456144-AA-001,OCNT-0456140-AA-001,Fc1ccccc1[*:1],Cc1ccc([*:1])cc1,-0.8704926309478719,0.1890013408653077,-3.965844866763404,0.4898716465354578,3.095352235815532,3.095352235815532,0.5250673641812493,3.743352803480099e-09,6.730333806110068e-09,True
CCOc1ccccc1NC(=O)C(CC)n1c([*:1])nc2cccnc21,OCNT-0456144-AA-001,OCNT-0456140-AA-001,Fc1ccccc1CS[*:1],Cc1ccc(CS[*:1])cc1,-0.8704926309478719,0.1890013408653077,-3.965844866763404,0.4898716465354578,3.095352235815532,3.095352235815532,0.5250673641812493,3.743352803480099e-09,6.730333806110068e-09,True
Cc1nc2c3cccnc3nn2c(C)c1C[*:1],OCNT-0479407-AA-001,OCNT-0479399-AA-001,O=C(C[*:1])Nc1cccc(Br)c1,CSc1cccc(NC(=O)C[*:1])c1,-0.6936127316628277,0.1415553546274855,-3.778143183782938,0.0370471673641053,3.0845304521201102,3.0845304521201102,0.14632296823608115,1.2064475924817033e-98,7.511901421889892e-98,True
Cc1nc2c3cccnc3nn2c(C)c1[*:1],OCNT-0479407-AA-001,OCNT-0479399-AA-001,O=C(CC[*:1])Nc1cccc(Br)c1,CSc1cccc(NC(=O)CC[*:1])c1,-0.6936127316628277,0.1415553546274855,-3.778143183782938,0.0370471673641053,3.0845304521201102,3.0845304521201102,0.14632296823608115,1.2064475924817033e-98,7.511901421889892e-98,True
Cc1nc2c3cccnc3nn2c(C)c1CC[*:1],OCNT-0479407-AA-001,OCNT-0479399-AA-001,O=C(Nc1cccc(Br)c1)[*:1],CSc1cccc(NC(=O)[*:1])c1,-0.6936127316628277,0.1415553546274855,-3.778143183782938,0.0370471673641053,3.0845304521201102,3.0845304521201102,0.14632296823608115,1.2064475924817033e-98,7.511901421889892e-98,True
Cc1nc2c3cccnc3nn2c(C)c1CCC(=O)N[*:1],OCNT-0479407-AA-001,OCNT-0479399-AA-001,Brc1cccc([*:1])c1,CSc1cccc([*:1])c1,-0.6936127316628277,0.1415553546274855,-3.778143183782938,0.0370471673641053,3.0845304521201102,3.0845304521201102,0.14632296823608115,1.2064475924817033e-98,7.511901421889892e-98,True
Cc1nc2c3cccnc3nn2c(C)c1CCC(=O)Nc1cccc([*:1])c1,OCNT-0479407-AA-001,OCNT-0479399-AA-001,Br[*:1],CS[*:1],-0.6936127316628277,0.1415553546274855,-3.778143183782938,0.0370471673641053,3.0845304521201102,3.0845304521201102,0.14632296823608115,1.2064475924817033e-98,7.511901421889892e-98,True
CC1CCn2c(nc3cc(C(=O)N[*:1])ccc32)C1,OCNT-0482580-AA-001,OCNT-0482578-AA-001,Cc1ccccc1CC[*:1],COc1ccc(C[*:1])cc1OC,-3.18569700331899,0.3524155391254872,-0.1063165736029776,0.0422678420801153,-3.0793804297160126,3.0793804297160126,0.35494123836378516,4.108441694046994e-18,9.602060005093595e-18,True
CC1CCn2c(nc3cc(C(=O)NC[*:1])ccc32)C1,OCNT-0482580-AA-001,OCNT-0482578-AA-001,Cc1ccccc1C[*:1],COc1ccc([*:1])cc1OC,-3.18569700331899,0.3524155391254872,-0.1063165736029776,0.0422678420801153,-3.0793804297160126,3.0793804297160126,0.35494123836378516,4.108441694046994e-18,9.602060005093595e-18,True
Cc1nc(-c2ccc(F)cc2)sc1CCNC(=O)[*:1],OCNT-0482064-AA-001,OCNT-0482126-AA-001,c1ccc([*:1])cc1,CCOc1ccc(C[*:1])cc1,-0.8686511686198524,0.0258349240564996,-3.9457021709393705,0.5928530412365562,3.077051002319518,3.077051002319518,0.5934156821355827,2.1564271967467787e-07,3.7397429840108914e-07,True
Cc1nc(-c2ccc(F)cc2)sc1CC[*:1],OCNT-0482064-AA-001,OCNT-0482126-AA-001,O=C(N[*:1])c1ccccc1,CCOc1ccc(CC(=O)N[*:1])cc1,-0.8686511686198524,0.0258349240564996,-3.9457021709393705,0.5928530412365562,3.077051002319518,3.077051002319518,0.5934156821355827,2.1564271967467787e-07,3.7397429840108914e-07,True
CC(=O)Nc1ccc(-c2noc(C3CCCN(C(=O)[*:1])C3)n2)cc1,OCNT-0463436-AA-001,OCNT-0463282-AA-001,CCOc1ccc(C[*:1])cc1OCC,COc1cccc([*:1])c1OC,-3.3179862513620795,0.037503354897556,-0.2434867043178489,0.0230904724009231,-3.0744995470442307,3.0744995470442307,0.04404170233165186,0.0,0.0,True
CC(=O)Nc1ccc(-c2noc(C3CCCN(C(=O)[*:1])C3)n2)cc1,OCNT-0463436-AA-001,OCNT-0463240-AA-001,CCOc1ccc(C[*:1])cc1OCC,COc1ccc([*:1])c(OC)c1,-3.3179862513620795,0.037503354897556,-0.2534789461980565,0.0440260583679924,-3.064507305164023,3.064507305164023,0.05783420652169364,0.0,0.0,True
CC1CCn2c(nc3cc(C(=O)N[*:1])ccc32)C1,OCNT-0482580-AA-001,OCNT-0482560-AA-001,Cc1ccccc1CC[*:1],CCOc1cc(C[*:1])ccc1OC,-3.18569700331899,0.3524155391254872,-0.1238268595691373,0.0346232774046693,-3.061870143749853,3.061870143749853,0.3541122471129013,5.305236200482917e-18,1.2258652485912841e-17,True
CC1CCn2c(nc3cc(C(=O)NC[*:1])ccc32)C1,OCNT-0482580-AA-001,OCNT-0482560-AA-001,Cc1ccccc1C[*:1],CCOc1cc([*:1])ccc1OC,-3.18569700331899,0.3524155391254872,-0.1238268595691373,0.0346232774046693,-3.061870143749853,3.061870143749853,0.3541122471129013,5.305236200482917e-18,1.2258652485912841e-17,True
O=C(N[*:1])c1ccc(CN2C(=O)C3CCCN3C(=O)c3ccccc32)cc1,OCNT-0462546-AA-001,OCNT-0462537-AA-001,COc1ccc(C[*:1])cc1,CCOc1ccc(C[*:1])cc1,-0.1175256441848964,0.0329425594658971,-3.1780792163612213,0.2539804988551076,3.060553572176325,3.060553572176325,0.25610799679598734,6.473331617560532e-33,2.089741750418288e-32,True
O=C(NC[*:1])c1ccc(CN2C(=O)C3CCCN3C(=O)c3ccccc32)cc1,OCNT-0462546-AA-001,OCNT-0462537-AA-001,COc1ccc([*:1])cc1,CCOc1ccc([*:1])cc1,-0.1175256441848964,0.0329425594658971,-3.1780792163612213,0.2539804988551076,3.060553572176325,3.060553572176325,0.25610799679598734,6.473331617560532e-33,2.089741750418288e-32,True
O=C(NCc1ccc(O[*:1])cc1)c1ccc(CN2C(=O)C3CCCN3C(=O)c3ccccc32)cc1,OCNT-0462546-AA-001,OCNT-0462537-AA-001,C[*:1],CC[*:1],-0.1175256441848964,0.0329425594658971,-3.1780792163612213,0.2539804988551076,3.060553572176325,3.060553572176325,0.25610799679598734,6.473331617560532e-33,2.089741750418288e-32,True
O=C1C2CCCN2C(=O)c2ccccc2N1Cc1ccc([*:1])cc1,OCNT-0462546-AA-001,OCNT-0462537-AA-001,COc1ccc(CNC(=O)[*:1])cc1,CCOc1ccc(CNC(=O)[*:1])cc1,-0.1175256441848964,0.0329425594658971,-3.1780792163612213,0.2539804988551076,3.060553572176325,3.060553572176325,0.25610799679598734,6.473331617560532e-33,2.089741750418288e-32,True
O=C(NCc1ccc([*:1])cc1)c1ccc(CN2C(=O)C3CCCN3C(=O)c3ccccc32)cc1,OCNT-0462546-AA-001,OCNT-0462537-AA-001,CO[*:1],CCO[*:1],-0.1175256441848964,0.0329425594658971,-3.1780792163612213,0.2539804988551076,3.060553572176325,3.060553572176325,0.25610799679598734,6.473331617560532e-33,2.089741750418288e-32,True
COc1ccc(C(=O)N[C@@H]2CCC[C@@H]2C(=O)N[*:1])cc1,OCNT-0475206-AA-001,OCNT-0475194-AA-001,CCCOc1ccc(C[*:1])cc1,c1ccc2c(c1)CCCN2CCC[*:1],-0.2381761518551824,0.0688971322842177,-3.298404795133159,0.0609797780260943,3.0602286432779766,3.0602286432779766,0.09200732669250164,1.4293797776554426e-242,1.66556776948708e-241,True
COc1ccc(C(=O)N[C@@H]2CCC[C@@H]2C(=O)NC[*:1])cc1,OCNT-0475206-AA-001,OCNT-0475194-AA-001,CCCOc1ccc([*:1])cc1,c1ccc2c(c1)CCCN2CC[*:1],-0.2381761518551824,0.0688971322842177,-3.298404795133159,0.0609797780260943,3.0602286432779766,3.0602286432779766,0.09200732669250164,1.4293797776554426e-242,1.66556776948708e-241,True
CC1CCn2c(nc3cc(C(=O)N[*:1])ccc32)C1,OCNT-0482584-AA-001,OCNT-0482578-AA-001,Clc1ccccc1CC[*:1],COc1ccc(C[*:1])cc1OC,-3.1521211191054728,0.3922938914413725,-0.1063165736029776,0.0422678420801153,-3.045804545502495,3.045804545502495,0.39456440252045666,1.1686905584286058e-14,2.4526464806816452e-14,True
CC1CCn2c(nc3cc(C(=O)NC[*:1])ccc32)C1,OCNT-0482584-AA-001,OCNT-0482578-AA-001,Clc1ccccc1C[*:1],COc1ccc([*:1])cc1OC,-3.1521211191054728,0.3922938914413725,-0.1063165736029776,0.0422678420801153,-3.045804545502495,3.045804545502495,0.39456440252045666,1.1686905584286058e-14,2.4526464806816452e-14,True
Cc1cc2c(C)c(C(=O)N3CCCC3)oc2c(S(=O)(=O)NC[*:1])c1C,OCNT-0461855-AA-001,OCNT-0461863-AA-001,COc1ccc([*:1])cc1,COc1ccccc1[*:1],-0.2660453821160201,0.0349107309862518,-3.3104423280356885,0.0272612159063084,3.0443969459196683,3.0443969459196683,0.0442937132185235,0.0,0.0,True
Cc1cc2c(C)c(C(=O)N3CCCC3)oc2c(S(=O)(=O)N[*:1])c1C,OCNT-0461855-AA-001,OCNT-0461863-AA-001,COc1ccc(C[*:1])cc1,COc1ccccc1C[*:1],-0.2660453821160201,0.0349107309862518,-3.3104423280356885,0.0272612159063084,3.0443969459196683,3.0443969459196683,0.0442937132185235,0.0,0.0,True
Cc1cc2c(C)c(C(=O)N3CCCC3)oc2c([*:1])c1C,OCNT-0461855-AA-001,OCNT-0461863-AA-001,COc1ccc(CNS(=O)(=O)[*:1])cc1,COc1ccccc1CNS(=O)(=O)[*:1],-0.2660453821160201,0.0349107309862518,-3.3104423280356885,0.0272612159063084,3.0443969459196683,3.0443969459196683,0.0442937132185235,0.0,0.0,True
O=C(NCCC[*:1])C1Cc2ccccc2N1C(=O)c1ccccc1,OCNT-0460163-AA-001,OCNT-0460165-AA-001,c1ccc(CN2CCN([*:1])CC2)cc1,c1ccc(N2CCN([*:1])CC2)cc1,-4.0315601852396,0.326923225300354,-0.9910659902832482,0.049138595855508,-3.040494194956352,3.040494194956352,0.3305955184866198,3.680077734149866e-20,8.987175863737247e-20,True
O=C(NCCCN1CCN([*:1])CC1)C1Cc2ccccc2N1C(=O)c1ccccc1,OCNT-0460163-AA-001,OCNT-0460165-AA-001,c1ccc(C[*:1])cc1,c1ccc([*:1])cc1,-4.0315601852396,0.326923225300354,-0.9910659902832482,0.049138595855508,-3.040494194956352,3.040494194956352,0.3305955184866198,3.680077734149866e-20,8.987175863737247e-20,True
CCOc1ccc(C(=O)N/C(=N/[*:1])NCCc2c[nH]c3ccccc23)cc1OCC,OCNT-0456896-AA-001,OCNT-0456898-AA-001,Cc1ccccc1[*:1],Cc1cccc([*:1])c1,-3.271029255373582,0.0476317766990177,-0.2310662550477911,0.0405105131126085,-3.0399630003257907,3.0399630003257907,0.06252909582068103,0.0,0.0,True
CC(C)C(=O)N1CCCC(c2nc(C[*:1])no2)C1,OCNT-0475068-AA-001,OCNT-0475064-AA-001,C1CC1COC[*:1],c1ccc(COC[*:1])cc1,-0.7486105476154498,0.0338722577121293,-3.7878488381015543,0.0922397232013981,3.0392382904861046,3.0392382904861046,0.09826238537094162,4.7460217056468596e-210,4.963040646887977e-209,True
CC(C)C(=O)N1CCCC(c2nc([*:1])no2)C1,OCNT-0475068-AA-001,OCNT-0475064-AA-001,C(C[*:1])OCC1CC1,c1ccc(COCC[*:1])cc1,-0.7486105476154498,0.0338722577121293,-3.7878488381015543,0.0922397232013981,3.0392382904861046,3.0392382904861046,0.09826238537094162,4.7460217056468596e-210,4.963040646887977e-209,True
CC(C)C(=O)N1CCCC(c2nc(CCOC[*:1])no2)C1,OCNT-0475068-AA-001,OCNT-0475064-AA-001,C1CC1[*:1],c1ccc([*:1])cc1,-0.7486105476154498,0.0338722577121293,-3.7878488381015543,0.0922397232013981,3.0392382904861046,3.0392382904861046,0.09826238537094162,4.7460217056468596e-210,4.963040646887977e-209,True
CC(C)C(=O)N1CCCC(c2nc(CCO[*:1])no2)C1,OCNT-0475068-AA-001,OCNT-0475064-AA-001,C1CC1C[*:1],c1ccc(C[*:1])cc1,-0.7486105476154498,0.0338722577121293,-3.7878488381015543,0.0922397232013981,3.0392382904861046,3.0392382904861046,0.09826238537094162,4.7460217056468596e-210,4.963040646887977e-209,True
CC(C)C(=O)N1CCCC(c2nc(CC[*:1])no2)C1,OCNT-0475068-AA-001,OCNT-0475064-AA-001,C1CC1CO[*:1],c1ccc(CO[*:1])cc1,-0.7486105476154498,0.0338722577121293,-3.7878488381015543,0.0922397232013981,3.0392382904861046,3.0392382904861046,0.09826238537094162,4.7460217056468596e-210,4.963040646887977e-209,True
CC1CCn2c(nc3cc(C(=O)N[*:1])ccc32)C1,OCNT-0482584-AA-001,OCNT-0482560-AA-001,Clc1ccccc1CC[*:1],CCOc1cc(C[*:1])ccc1OC,-3.1521211191054728,0.3922938914413725,-0.1238268595691373,0.0346232774046693,-3.0282942595363354,3.0282942595363354,0.3938188271279778,1.47639660947645e-14,3.085177201869234e-14,True
CC1CCn2c(nc3cc(C(=O)NC[*:1])ccc32)C1,OCNT-0482584-AA-001,OCNT-0482560-AA-001,Clc1ccccc1C[*:1],CCOc1cc([*:1])ccc1OC,-3.1521211191054728,0.3922938914413725,-0.1238268595691373,0.0346232774046693,-3.0282942595363354,3.0282942595363354,0.3938188271279778,1.47639660947645e-14,3.085177201869234e-14,True
CC(=O)Nc1ccc(-c2noc(C3CCCN(C(=O)[*:1])C3)n2)cc1,OCNT-0463436-AA-001,OCNT-0463306-AA-001,CCOc1ccc(C[*:1])cc1OCC,COc1ccc(/C=C/[*:1])cc1,-3.3179862513620795,0.037503354897556,-0.2924746080635503,0.0287251464407804,-3.025511643298529,3.025511643298529,0.0472401912212082,0.0,0.0,True
Cc1ccc(S(=O)(=O)c2cnc3ccccc3c2[*:1])cc1C,OCNT-0479523-AA-001,OCNT-0479525-AA-001,CN1CCN([*:1])CC1,c1ccc(N2CCN([*:1])CC2)cc1,-3.3746549821690697,0.2718692885548833,-0.351069620301887,0.0536929816803171,-3.0235853618671826,3.0235853618671826,0.277120634996857,1.0244293956710017e-27,2.9182523064108748e-27,True
Cc1ccc(S(=O)(=O)c2cnc3ccccc3c2N2CCN([*:1])CC2)cc1C,OCNT-0479523-AA-001,OCNT-0479525-AA-001,C[*:1],c1ccc([*:1])cc1,-3.3746549821690697,0.2718692885548833,-0.351069620301887,0.0536929816803171,-3.0235853618671826,3.0235853618671826,0.277120634996857,1.0244293956710017e-27,2.9182523064108748e-27,True
CC1c2nc3ccccc3n2C(C[*:1])C(=O)N1Cc1ccccc1,OCNT-0455118-AA-001,OCNT-0455122-AA-001,O=C(NCCCSC1CCCCC1)[*:1],CCOC(=O)N1CCN(C(=O)[*:1])CC1,-3.8449076084240983,0.0930887411279444,-0.823146081534543,0.0321286696110602,-3.0217615268895552,3.0217615268895552,0.09847723156020437,9.058660141781513e-207,9.352971040902685e-206,True
COCCN1C(=O)c2ccccc2C([*:1])C12CCCCC2,OCNT-0461556-AA-001,OCNT-0461259-AA-001,O=C(NC1CCCCCC1)[*:1],Cc1nc(NC(=O)[*:1])sc1C,-3.076706267540658,0.1433755038228438,-0.055735660558919,0.0373933826519664,-3.020970606981739,3.020970606981739,0.14817152277887502,2.122481576044624e-92,1.2984281041452987e-91,True
COCCN1C(=O)c2ccccc2C(C(=O)N[*:1])C12CCCCC2,OCNT-0461556-AA-001,OCNT-0461259-AA-001,C1CCCC([*:1])CC1,Cc1nc([*:1])sc1C,-3.076706267540658,0.1433755038228438,-0.055735660558919,0.0373933826519664,-3.020970606981739,3.020970606981739,0.14817152277887502,2.122481576044624e-92,1.2984281041452987e-91,True
O=C(NC[*:1])c1ccc(CN2C(=O)C3CCCN3C(=O)c3ccccc32)cc1,OCNT-0462547-AA-001,OCNT-0462830-AA-001,CCc1ccc([*:1])cc1,COc1cc(OC)cc([*:1])c1,-3.4291076642516174,0.0261585450106912,-0.4087700937021692,0.0471887768171994,-3.020337570549448,3.020337570549448,0.053954148446433786,0.0,0.0,True
O=C(N[*:1])c1ccc(CN2C(=O)C3CCCN3C(=O)c3ccccc32)cc1,OCNT-0462547-AA-001,OCNT-0462830-AA-001,CCc1ccc(C[*:1])cc1,COc1cc(C[*:1])cc(OC)c1,-3.4291076642516174,0.0261585450106912,-0.4087700937021692,0.0471887768171994,-3.020337570549448,3.020337570549448,0.053954148446433786,0.0,0.0,True
O=C(N[*:1])c1ccccc1CN1C(=O)C2CCCN2C(=O)c2ccccc21,OCNT-0462764-AA-001,OCNT-0462736-AA-001,COc1ccc(C[*:1])cc1,COc1cccc(C[*:1])c1,-0.1931967196715845,0.0297843245923952,-3.211370749500702,0.0761398852870449,3.0181740298291175,3.0181740298291175,0.08175810738360761,2.568685403351686e-298,3.2567736694308684e-297,True
O=C(NC[*:1])c1ccccc1CN1C(=O)C2CCCN2C(=O)c2ccccc21,OCNT-0462764-AA-001,OCNT-0462736-AA-001,COc1ccc([*:1])cc1,COc1cccc([*:1])c1,-0.1931967196715845,0.0297843245923952,-3.211370749500702,0.0761398852870449,3.0181740298291175,3.0181740298291175,0.08175810738360761,2.568685403351686e-298,3.2567736694308684e-297,True
O=C1C2CCCN2C(=O)c2ccccc2N1Cc1ccccc1[*:1],OCNT-0462764-AA-001,OCNT-0462736-AA-001,COc1ccc(CNC(=O)[*:1])cc1,COc1cccc(CNC(=O)[*:1])c1,-0.1931967196715845,0.0297843245923952,-3.211370749500702,0.0761398852870449,3.0181740298291175,3.0181740298291175,0.08175810738360761,2.568685403351686e-298,3.2567736694308684e-297,True
O=C(NC[*:1])c1cccc(CN2C(=O)C3CCCN3C(=O)c3ccccc32)c1,OCNT-0462633-AA-001,OCNT-0462644-AA-001,CCOc1cccc([*:1])c1,COc1ccc([*:1])c(OC)c1,-3.809867752683608,0.026236984595034,-0.797224048602732,0.0502045357646995,-3.012643704080876,3.012643704080876,0.0566469308258536,0.0,0.0,True
O=C(N[*:1])c1cccc(CN2C(=O)C3CCCN3C(=O)c3ccccc32)c1,OCNT-0462633-AA-001,OCNT-0462644-AA-001,CCOc1cccc(C[*:1])c1,COc1ccc(C[*:1])c(OC)c1,-3.809867752683608,0.026236984595034,-0.797224048602732,0.0502045357646995,-3.012643704080876,3.012643704080876,0.0566469308258536,0.0,0.0,True
COC(=O)CCNC(=O)C1c2ccccc2C(=O)N([*:1])C12CCCCC2,OCNT-0461271-AA-001,OCNT-0461558-AA-001,C1CCC([*:1])C1,c1ccc([*:1])cc1,-3.159644521300579,0.1915115362433011,-0.151564174843948,0.0232335795795323,-3.008080346456631,3.008080346456631,0.192915701108924,8.158562249647156e-55,3.4780490984122975e-54,True
O=C(NCc1ccc([*:1])cc1)c1ccccc1CN1C(=O)C2CCCN2C(=O)c2ccccc21,OCNT-0462764-AA-001,OCNT-0462641-AA-001,CO[*:1],CCO[*:1],-0.1931967196715845,0.0297843245923952,-3.1772145584954075,0.0793394494640262,2.984017838823823,2.984017838823823,0.08474582132872349,1.338751352282814e-271,1.605845372076493e-270,True
O=C(NCc1ccc(O[*:1])cc1)c1ccccc1CN1C(=O)C2CCCN2C(=O)c2ccccc21,OCNT-0462764-AA-001,OCNT-0462641-AA-001,C[*:1],CC[*:1],-0.1931967196715845,0.0297843245923952,-3.1772145584954075,0.0793394494640262,2.984017838823823,2.984017838823823,0.08474582132872349,1.338751352282814e-271,1.605845372076493e-270,True
O=C(NC[*:1])c1ccccc1CN1C(=O)C2CCCN2C(=O)c2ccccc21,OCNT-0462764-AA-001,OCNT-0462641-AA-001,COc1ccc([*:1])cc1,CCOc1ccc([*:1])cc1,-0.1931967196715845,0.0297843245923952,-3.1772145584954075,0.0793394494640262,2.984017838823823,2.984017838823823,0.08474582132872349,1.338751352282814e-271,1.605845372076493e-270,True
O=C(N[*:1])c1ccccc1CN1C(=O)C2CCCN2C(=O)c2ccccc21,OCNT-0462764-AA-001,OCNT-0462641-AA-001,COc1ccc(C[*:1])cc1,CCOc1ccc(C[*:1])cc1,-0.1931967196715845,0.0297843245923952,-3.1772145584954075,0.0793394494640262,2.984017838823823,2.984017838823823,0.08474582132872349,1.338751352282814e-271,1.605845372076493e-270,True
O=C1C2CCCN2C(=O)c2ccccc2N1Cc1ccccc1[*:1],OCNT-0462764-AA-001,OCNT-0462641-AA-001,COc1ccc(CNC(=O)[*:1])cc1,CCOc1ccc(CNC(=O)[*:1])cc1,-0.1931967196715845,0.0297843245923952,-3.1772145584954075,0.0793394494640262,2.984017838823823,2.984017838823823,0.08474582132872349,1.338751352282814e-271,1.605845372076493e-270,True
O=C(NC[*:1])c1cccc(CN2C(=O)C3CCCN3C(=O)c3ccccc32)c1,OCNT-0462633-AA-001,OCNT-0462672-AA-001,CCOc1cccc([*:1])c1,COc1ccc([*:1])cc1,-3.809867752683608,0.026236984595034,-0.8301895472292733,0.0414970094290246,-2.9796782054543347,2.9796782054543347,0.049095632720157587,0.0,0.0,True
O=C(N[*:1])c1cccc(CN2C(=O)C3CCCN3C(=O)c3ccccc32)c1,OCNT-0462633-AA-001,OCNT-0462672-AA-001,CCOc1cccc(C[*:1])c1,COc1ccc(C[*:1])cc1,-3.809867752683608,0.026236984595034,-0.8301895472292733,0.0414970094290246,-2.9796782054543347,2.9796782054543347,0.049095632720157587,0.0,0.0,True
O=C1C2CCCN2C(=O)c2ccccc2N1Cc1cccc([*:1])c1,OCNT-0462633-AA-001,OCNT-0462672-AA-001,CCOc1cccc(CNC(=O)[*:1])c1,COc1ccc(CNC(=O)[*:1])cc1,-3.809867752683608,0.026236984595034,-0.8301895472292733,0.0414970094290246,-2.9796782054543347,2.9796782054543347,0.049095632720157587,0.0,0.0,True
O=C(N[*:1])c1cccc(CN2C(=O)C3CCCN3C(=O)c3ccccc32)c1,OCNT-0462603-AA-001,OCNT-0462710-AA-001,Cc1ccc(C(C)[*:1])cc1C,CCC(c1ccc(OC)cc1)[*:1],-3.5601591024882353,0.3736645490016198,-0.6199193731979067,0.0579526105466695,-2.9402397292903286,2.9402397292903286,0.3781318556400107,7.503155249709402e-15,1.5868816677648148e-14,True
Cc1nc(-c2ccc(F)cc2)sc1C[*:1],OCNT-0482082-AA-001,OCNT-0482096-AA-001,O=C(NC[*:1])c1ccc(Br)cc1,COc1ccc(C(=O)NC[*:1])cc1,-2.9935971311022325,0.1766014870340068,-0.0534659291823882,0.0520672660222867,-2.9401312019198445,2.9401312019198445,0.1841170427028906,2.1074801066127453e-57,9.225409339680478e-57,True
Cc1nc(-c2ccc(F)cc2)sc1CCNC(=O)c1ccc([*:1])cc1,OCNT-0482082-AA-001,OCNT-0482096-AA-001,Br[*:1],CO[*:1],-2.9935971311022325,0.1766014870340068,-0.0534659291823882,0.0520672660222867,-2.9401312019198445,2.9401312019198445,0.1841170427028906,2.1074801066127453e-57,9.225409339680478e-57,True
Cc1nc(-c2ccc(F)cc2)sc1CC[*:1],OCNT-0482082-AA-001,OCNT-0482096-AA-001,O=C(N[*:1])c1ccc(Br)cc1,COc1ccc(C(=O)N[*:1])cc1,-2.9935971311022325,0.1766014870340068,-0.0534659291823882,0.0520672660222867,-2.9401312019198445,2.9401312019198445,0.1841170427028906,2.1074801066127453e-57,9.225409339680478e-57,True
Cc1nc(-c2ccc(F)cc2)sc1CCNC(=O)[*:1],OCNT-0482082-AA-001,OCNT-0482096-AA-001,Brc1ccc([*:1])cc1,COc1ccc([*:1])cc1,-2.9935971311022325,0.1766014870340068,-0.0534659291823882,0.0520672660222867,-2.9401312019198445,2.9401312019198445,0.1841170427028906,2.1074801066127453e-57,9.225409339680478e-57,True
O=C1C2CCCN2C(=O)c2ccccc2N1Cc1ccc([*:1])cc1,OCNT-0462546-AA-001,OCNT-0462804-AA-001,COc1ccc(CNC(=O)[*:1])cc1,Cc1ccc(C(C)NC(=O)[*:1])c(C)c1,-0.1175256441848964,0.0329425594658971,-3.050335981495316,0.0441556475659202,2.93281033731042,2.93281033731042,0.055090229951688545,0.0,0.0,True
O=C(N[*:1])c1ccc(CN2C(=O)C3CCCN3C(=O)c3ccccc32)cc1,OCNT-0462546-AA-001,OCNT-0462804-AA-001,COc1ccc(C[*:1])cc1,Cc1ccc(C(C)[*:1])c(C)c1,-0.1175256441848964,0.0329425594658971,-3.050335981495316,0.0441556475659202,2.93281033731042,2.93281033731042,0.055090229951688545,0.0,0.0,True
O=C(NCC[*:1])C1Cc2ccccc2N1C(=O)c1ccccc1,OCNT-0460167-AA-001,OCNT-0460185-AA-001,CCCN1CCN(C[*:1])CC1,Clc1cccc(N2CCN([*:1])CC2)c1,-0.5918488975491913,0.0364046926060617,-3.516487660569409,0.1678232827498794,2.9246387630202175,2.9246387630202175,0.1717263983104747,4.853217820348321e-65,2.2882127179946707e-64,True
CCOc1ccc(C(C[*:1])N2Cc3ccccc3C2=O)cc1OC,OCNT-0456289-AA-001,OCNT-0456315-AA-001,COc1ccc(CNC(=O)[*:1])cc1,COc1ccccc1CNC(=O)[*:1],-0.1957619009529226,0.0222610471654342,-3.1084170393355928,0.035347209189653,2.91265513838267,2.91265513838267,0.04177295079831895,0.0,0.0,True
CCOc1ccc(C(CC(=O)NC[*:1])N2Cc3ccccc3C2=O)cc1OC,OCNT-0456289-AA-001,OCNT-0456315-AA-001,COc1ccc([*:1])cc1,COc1ccccc1[*:1],-0.1957619009529226,0.0222610471654342,-3.1084170393355928,0.035347209189653,2.91265513838267,2.91265513838267,0.04177295079831895,0.0,0.0,True
CCOc1ccc(C(N2Cc3ccccc3C2=O)[*:1])cc1OC,OCNT-0456289-AA-001,OCNT-0456315-AA-001,COc1ccc(CNC(=O)C[*:1])cc1,COc1ccccc1CNC(=O)C[*:1],-0.1957619009529226,0.0222610471654342,-3.1084170393355928,0.035347209189653,2.91265513838267,2.91265513838267,0.04177295079831895,0.0,0.0,True
CCOc1ccc(C(CC(=O)N[*:1])N2Cc3ccccc3C2=O)cc1OC,OCNT-0456289-AA-001,OCNT-0456315-AA-001,COc1ccc(C[*:1])cc1,COc1ccccc1C[*:1],-0.1957619009529226,0.0222610471654342,-3.1084170393355928,0.035347209189653,2.91265513838267,2.91265513838267,0.04177295079831895,0.0,0.0,True
Cc1cc2c(C)c(C(=O)N3CCCC3)oc2c([*:1])c1C,OCNT-0461851-AA-001,OCNT-0461863-AA-001,CCc1ccccc1NS(=O)(=O)[*:1],COc1ccccc1CNS(=O)(=O)[*:1],-0.3981602756633787,0.043474736231189,-3.3104423280356885,0.0272612159063084,2.91228205237231,2.91228205237231,0.051314974257635745,0.0,0.0,True
Cc1cc2c(C)c(C(=O)N3CCCC3)oc2c(S(=O)(=O)N[*:1])c1C,OCNT-0461851-AA-001,OCNT-0461863-AA-001,CCc1ccccc1[*:1],COc1ccccc1C[*:1],-0.3981602756633787,0.043474736231189,-3.3104423280356885,0.0272612159063084,2.91228205237231,2.91228205237231,0.051314974257635745,0.0,0.0,True
O=C(N[*:1])c1ccc(CN2C(=O)C3CCCN3C(=O)c3ccccc32)cc1,OCNT-0462828-AA-001,OCNT-0462546-AA-001,CN(CC[*:1])Cc1ccccc1,COc1ccc(C[*:1])cc1,-3.021899087066743,0.0286305297620653,-0.1175256441848964,0.0329425594658971,-2.904373442881847,2.904373442881847,0.043645383016084,0.0,0.0,True
O=C(NC[*:1])c1ccc(CN2C(=O)C3CCCN3C(=O)c3ccccc32)cc1,OCNT-0462828-AA-001,OCNT-0462546-AA-001,CN(Cc1ccccc1)C[*:1],COc1ccc([*:1])cc1,-3.021899087066743,0.0286305297620653,-0.1175256441848964,0.0329425594658971,-2.904373442881847,2.904373442881847,0.043645383016084,0.0,0.0,True
COC(=O)CCNC(=O)C1c2ccccc2C(=O)N([*:1])C12CCCCC2,OCNT-0461558-AA-001,OCNT-0461291-AA-001,c1ccc([*:1])cc1,CCCC[*:1],-0.151564174843948,0.0232335795795323,-3.0497775764650408,0.3538151135179319,2.898213401621093,2.898213401621093,0.3545771196422373,2.990281828640855e-16,6.539070272282549e-16,True
COc1ccc(C(=O)N[C@@H]2CCC[C@@H]2C(=O)N[*:1])cc1,OCNT-0475192-AA-001,OCNT-0475224-AA-001,CCN1CCN(CC[*:1])CC1,CCOc1cccc(C[*:1])c1,-0.1332058053204012,0.02212078034005,-3.0143548016841732,0.1293100958408555,2.881148996363772,2.881148996363772,0.13118852773479844,6.665676940017939e-107,4.456533189132212e-106,True
COc1ccc(C(=O)N[C@@H]2CCC[C@@H]2C(=O)NC[*:1])cc1,OCNT-0475192-AA-001,OCNT-0475224-AA-001,CCN1CCN(C[*:1])CC1,CCOc1cccc([*:1])c1,-0.1332058053204012,0.02212078034005,-3.0143548016841732,0.1293100958408555,2.881148996363772,2.881148996363772,0.13118852773479844,6.665676940017939e-107,4.456533189132212e-106,True
COc1ccc(C(=O)N[C@@H]2CCC[C@@H]2[*:1])cc1,OCNT-0475192-AA-001,OCNT-0475224-AA-001,CCN1CCN(CCNC(=O)[*:1])CC1,CCOc1cccc(CNC(=O)[*:1])c1,-0.1332058053204012,0.02212078034005,-3.0143548016841732,0.1293100958408555,2.881148996363772,2.881148996363772,0.13118852773479844,6.665676940017939e-107,4.456533189132212e-106,True
O=C(NCCC[*:1])c1ccc2nc(CCc3ccccc3)oc2c1,OCNT-0482490-AA-001,OCNT-0482484-AA-001,c1ccc(N2CCN([*:1])CC2)cc1,Fc1ccc(N2CCN([*:1])CC2)cc1,-2.8280146133109594,0.2134334553298996,0.0505750172043668,0.0268211845112138,-2.878589630515326,2.878589630515326,0.21511210052585333,7.724135986199267e-41,2.775471476979384e-40,True
O=C(NCCCN1CCN([*:1])CC1)c1ccc2nc(CCc3ccccc3)oc2c1,OCNT-0482490-AA-001,OCNT-0482484-AA-001,c1ccc([*:1])cc1,Fc1ccc([*:1])cc1,-2.8280146133109594,0.2134334553298996,0.0505750172043668,0.0268211845112138,-2.878589630515326,2.878589630515326,0.21511210052585333,7.724135986199267e-41,2.775471476979384e-40,True
Cc1nc(-c2ccc(F)cc2)sc1C[*:1],OCNT-0482082-AA-001,OCNT-0482114-AA-001,O=C(NC[*:1])c1ccc(Br)cc1,Cc1ccc(C(=O)NC[*:1])cc1,-2.9935971311022325,0.1766014870340068,-0.115190389000082,0.0274200662084502,-2.8784067421021504,2.8784067421021504,0.1787175012512716,2.3188784786598365e-58,1.027952108203011e-57,True
Cc1nc(-c2ccc(F)cc2)sc1CC[*:1],OCNT-0482082-AA-001,OCNT-0482114-AA-001,O=C(N[*:1])c1ccc(Br)cc1,Cc1ccc(C(=O)N[*:1])cc1,-2.9935971311022325,0.1766014870340068,-0.115190389000082,0.0274200662084502,-2.8784067421021504,2.8784067421021504,0.1787175012512716,2.3188784786598365e-58,1.027952108203011e-57,True
Cc1nc(-c2ccc(F)cc2)sc1CCNC(=O)[*:1],OCNT-0482082-AA-001,OCNT-0482114-AA-001,Brc1ccc([*:1])cc1,Cc1ccc([*:1])cc1,-2.9935971311022325,0.1766014870340068,-0.115190389000082,0.0274200662084502,-2.8784067421021504,2.8784067421021504,0.1787175012512716,2.3188784786598365e-58,1.027952108203011e-57,True
Cc1nc(-c2ccc(F)cc2)sc1CCNC(=O)c1ccc([*:1])cc1,OCNT-0482082-AA-001,OCNT-0482114-AA-001,Br[*:1],C[*:1],-2.9935971311022325,0.1766014870340068,-0.115190389000082,0.0274200662084502,-2.8784067421021504,2.8784067421021504,0.1787175012512716,2.3188784786598365e-58,1.027952108203011e-57,True
Cc1nc(-c2ccc(F)cc2)sc1[*:1],OCNT-0482082-AA-001,OCNT-0482114-AA-001,O=C(NCC[*:1])c1ccc(Br)cc1,Cc1ccc(C(=O)NCC[*:1])cc1,-2.9935971311022325,0.1766014870340068,-0.115190389000082,0.0274200662084502,-2.8784067421021504,2.8784067421021504,0.1787175012512716,2.3188784786598365e-58,1.027952108203011e-57,True
Cc1nc2c3cccnc3nn2c(C)c1CCC(=O)N[*:1],OCNT-0479405-AA-001,OCNT-0479399-AA-001,COc1ccc(OC)c([*:1])c1,CSc1cccc([*:1])c1,-0.912631644188896,0.0353219536512953,-3.778143183782938,0.0370471673641053,2.865511539594042,2.865511539594042,0.05118723492676941,0.0,0.0,True
Cc1nc2c3cccnc3nn2c(C)c1CC[*:1],OCNT-0479405-AA-001,OCNT-0479399-AA-001,COc1ccc(OC)c(NC(=O)[*:1])c1,CSc1cccc(NC(=O)[*:1])c1,-0.912631644188896,0.0353219536512953,-3.778143183782938,0.0370471673641053,2.865511539594042,2.865511539594042,0.05118723492676941,0.0,0.0,True
O=C(NCCCN1CCN([*:1])CC1)c1ccc2nc(CCc3ccccc3)oc2c1,OCNT-0482490-AA-001,OCNT-0482518-AA-001,c1ccc([*:1])cc1,Cc1ccc(C)c([*:1])c1,-2.8280146133109594,0.2134334553298996,0.0358357858817572,0.0434797771965481,-2.8638503991927164,2.8638503991927164,0.21781719601335822,1.7484244489714438e-39,6.155963491558451e-39,True
O=C(N[*:1])c1cccc(CN2C(=O)C3CCCN3C(=O)c3ccccc32)c1,OCNT-0462601-AA-001,OCNT-0462710-AA-001,Cc1ccc(C(C)[*:1])c(C)c1,CCC(c1ccc(OC)cc1)[*:1],-3.4436648686768057,0.0344948645116666,-0.6199193731979067,0.0579526105466695,-2.823745495478899,2.823745495478899,0.06744183232128399,0.0,0.0,True
O=C(CSC1=NS(=O)(=O)c2ccccc2N1[*:1])N1CCCC1,OCNT-0454403-AA-001,OCNT-0461513-AA-001,CC[*:1],CCCC[*:1],-0.2915040237034161,0.0321903621035408,-3.112167907604775,0.0297781640959045,2.820663883901359,2.820663883901359,0.0438515503634671,0.0,0.0,True
O=C(CSC1=NS(=O)(=O)c2ccccc2N1C[*:1])N1CCCC1,OCNT-0454403-AA-001,OCNT-0461513-AA-001,C[*:1],CCC[*:1],-0.2915040237034161,0.0321903621035408,-3.112167907604775,0.0297781640959045,2.820663883901359,2.820663883901359,0.0438515503634671,0.0,0.0,True
O=C(c1ccc2c(c1)N(C[*:1])C(=O)CS2)N1CCCC1,OCNT-0457739-AA-001,OCNT-0457966-AA-001,CCOc1ccccc1CNC(=O)[*:1],Cc1cccc(CNC(=O)[*:1])c1,-3.15669865044816,0.2291634722571728,-0.3361929884030767,0.0463436843091245,-2.820505662045083,2.820505662045083,0.23380255364796124,1.6439066624772296e-33,5.363519470775708e-33,True
O=C(CN1C(=O)CSc2ccc(C(=O)N3CCCC3)cc21)NC[*:1],OCNT-0457739-AA-001,OCNT-0457966-AA-001,CCOc1ccccc1[*:1],Cc1cccc([*:1])c1,-3.15669865044816,0.2291634722571728,-0.3361929884030767,0.0463436843091245,-2.820505662045083,2.820505662045083,0.23380255364796124,1.6439066624772296e-33,5.363519470775708e-33,True
O=C(CN1C(=O)CSc2ccc(C(=O)N3CCCC3)cc21)N[*:1],OCNT-0457739-AA-001,OCNT-0457966-AA-001,CCOc1ccccc1C[*:1],Cc1cccc(C[*:1])c1,-3.15669865044816,0.2291634722571728,-0.3361929884030767,0.0463436843091245,-2.820505662045083,2.820505662045083,0.23380255364796124,1.6439066624772296e-33,5.363519470775708e-33,True
Cc1nc2c3cccnc3nn2c(C)c1CCC(=O)N[*:1],OCNT-0479403-AA-001,OCNT-0479399-AA-001,Cc1cccc([*:1])c1,CSc1cccc([*:1])c1,-0.9684726915212082,0.0400645596496861,-3.778143183782938,0.0370471673641053,2.8096704922617297,2.8096704922617297,0.05456795350411526,0.0,0.0,True
Cc1nc2c3cccnc3nn2c(C)c1CCC(=O)Nc1cccc([*:1])c1,OCNT-0479403-AA-001,OCNT-0479399-AA-001,C[*:1],CS[*:1],-0.9684726915212082,0.0400645596496861,-3.778143183782938,0.0370471673641053,2.8096704922617297,2.8096704922617297,0.05456795350411526,0.0,0.0,True
Cc1nc2c3cccnc3nn2c(C)c1CC[*:1],OCNT-0479403-AA-001,OCNT-0479399-AA-001,Cc1cccc(NC(=O)[*:1])c1,CSc1cccc(NC(=O)[*:1])c1,-0.9684726915212082,0.0400645596496861,-3.778143183782938,0.0370471673641053,2.8096704922617297,2.8096704922617297,0.05456795350411526,0.0,0.0,True
Cc1nc2c3cccnc3nn2c(C)c1C[*:1],OCNT-0479403-AA-001,OCNT-0479399-AA-001,Cc1cccc(NC(=O)C[*:1])c1,CSc1cccc(NC(=O)C[*:1])c1,-0.9684726915212082,0.0400645596496861,-3.778143183782938,0.0370471673641053,2.8096704922617297,2.8096704922617297,0.05456795350411526,0.0,0.0,True
Cc1nc2c3cccnc3nn2c(C)c1[*:1],OCNT-0479403-AA-001,OCNT-0479399-AA-001,Cc1cccc(NC(=O)CC[*:1])c1,CSc1cccc(NC(=O)CC[*:1])c1,-0.9684726915212082,0.0400645596496861,-3.778143183782938,0.0370471673641053,2.8096704922617297,2.8096704922617297,0.05456795350411526,0.0,0.0,True
CCCOc1ccc2oc(=O)c3c(c2c1)CCCN3C(=O)C[*:1],OCNT-0454674-AA-001,OCNT-0454708-AA-001,CCOC(=O)C1CCCN([*:1])C1,c1ccc(CC2CCN([*:1])CC2)cc1,-3.171854561042711,0.2479991266017764,-0.3633476184010178,0.0543285485332925,-2.808506942641693,2.808506942641693,0.25388020399585753,1.9106564896194457e-28,5.52644968096783e-28,True
O=C(Cn1cc(SC[*:1])c2ccccc21)N1CCCCC1,OCNT-0456186-AA-001,OCNT-0456192-AA-001,O=C(Nc1ccc2c(c1)OCO2)[*:1],O=C(NCc1ccc2c(c1)OCO2)[*:1],-0.1782181337331432,0.0356655404647568,-2.981238529379545,0.0449795854511935,2.803020395646402,2.803020395646402,0.057403779352969635,0.0,0.0,True
O=C(CSc1cn(CC(=O)N2CCCCC2)c2ccccc12)N[*:1],OCNT-0456186-AA-001,OCNT-0456192-AA-001,c1cc2c(cc1[*:1])OCO2,c1cc2c(cc1C[*:1])OCO2,-0.1782181337331432,0.0356655404647568,-2.981238529379545,0.0449795854511935,2.803020395646402,2.803020395646402,0.057403779352969635,0.0,0.0,True
Cc1c(N2CCC(C(=O)N[*:1])CC2)c(=O)n(C)c(=O)n1-c1ccccc1,OCNT-0458500-AA-001,OCNT-0458456-AA-001,Cc1cc(C)cc([*:1])c1,CCc1ccc(C[*:1])cc1,-0.0993851904769135,0.0273564930606155,-2.89666337033396,0.2730132371361805,2.7972781798570465,2.7972781798570465,0.274380402660525,2.0897974471331506e-24,5.552371718930314e-24,True
Cc1c(N2CCC([*:1])CC2)c(=O)n(C)c(=O)n1-c1ccccc1,OCNT-0458500-AA-001,OCNT-0458456-AA-001,Cc1cc(C)cc(NC(=O)[*:1])c1,CCc1ccc(CNC(=O)[*:1])cc1,-0.0993851904769135,0.0273564930606155,-2.89666337033396,0.2730132371361805,2.7972781798570465,2.7972781798570465,0.274380402660525,2.0897974471331506e-24,5.552371718930314e-24,True
CCN1CCN(C(c2cccs2)C(C)NC(=O)C(=O)NCC[*:1])CC1,OCNT-0454864-AA-001,OCNT-0454868-AA-001,CCN(CC)[*:1],c1ccc2c([*:1])c[nH]c2c1,-0.0582281368655067,0.0295271063514867,-2.852268987285332,0.176916353525195,2.7940408504198255,2.7940408504198255,0.17936344709595592,1.034641165414458e-54,4.3576022922016847e-54,True
CCN1CCN(C(c2cccs2)C(C)NC(=O)C(=O)NC[*:1])CC1,OCNT-0454864-AA-001,OCNT-0454868-AA-001,CCN(CC)C[*:1],c1ccc2c(C[*:1])c[nH]c2c1,-0.0582281368655067,0.0295271063514867,-2.852268987285332,0.176916353525195,2.7940408504198255,2.7940408504198255,0.17936344709595592,1.034641165414458e-54,4.3576022922016847e-54,True
CCN1CCN(C(c2cccs2)C(C)NC(=O)C(=O)N[*:1])CC1,OCNT-0454864-AA-001,OCNT-0454868-AA-001,CCN(CC)CC[*:1],c1ccc2c(CC[*:1])c[nH]c2c1,-0.0582281368655067,0.0295271063514867,-2.852268987285332,0.176916353525195,2.7940408504198255,2.7940408504198255,0.17936344709595592,1.034641165414458e-54,4.3576022922016847e-54,True
Cc1c(N2CCC([*:1])CC2)c(=O)n(C)c(=O)n1-c1ccccc1,OCNT-0458432-AA-001,OCNT-0458456-AA-001,COc1ccc(CNC(=O)[*:1])cc1,CCc1ccc(CNC(=O)[*:1])cc1,-0.1064686237116803,0.0272328653572601,-2.89666337033396,0.2730132371361805,2.79019474662228,2.79019474662228,0.27436810420882196,2.712133560713657e-24,7.174692781693317e-24,True
Cc1c(N2CCC(C(=O)NC[*:1])CC2)c(=O)n(C)c(=O)n1-c1ccccc1,OCNT-0458432-AA-001,OCNT-0458456-AA-001,COc1ccc([*:1])cc1,CCc1ccc([*:1])cc1,-0.1064686237116803,0.0272328653572601,-2.89666337033396,0.2730132371361805,2.79019474662228,2.79019474662228,0.27436810420882196,2.712133560713657e-24,7.174692781693317e-24,True
Cc1c(N2CCC(C(=O)NCc3ccc([*:1])cc3)CC2)c(=O)n(C)c(=O)n1-c1ccccc1,OCNT-0458432-AA-001,OCNT-0458456-AA-001,CO[*:1],CC[*:1],-0.1064686237116803,0.0272328653572601,-2.89666337033396,0.2730132371361805,2.79019474662228,2.79019474662228,0.27436810420882196,2.712133560713657e-24,7.174692781693317e-24,True
Cc1c(N2CCC(C(=O)N[*:1])CC2)c(=O)n(C)c(=O)n1-c1ccccc1,OCNT-0458432-AA-001,OCNT-0458456-AA-001,COc1ccc(C[*:1])cc1,CCc1ccc(C[*:1])cc1,-0.1064686237116803,0.0272328653572601,-2.89666337033396,0.2730132371361805,2.79019474662228,2.79019474662228,0.27436810420882196,2.712133560713657e-24,7.174692781693317e-24,True
O=C(CN1C(=O)CSc2ccc(C(=O)N3CCCC3)cc21)N[*:1],OCNT-0457739-AA-001,OCNT-0457878-AA-001,CCOc1ccccc1C[*:1],COc1cc(OC)cc([*:1])c1,-3.15669865044816,0.2291634722571728,-0.3774064649295964,0.040294140229602,-2.7792921855185635,2.7792921855185635,0.23267899508508894,6.915885210170565e-33,2.2179778649131548e-32,True
O=C(c1ccc2c(c1)N(C[*:1])C(=O)CS2)N1CCCC1,OCNT-0457739-AA-001,OCNT-0457878-AA-001,CCOc1ccccc1CNC(=O)[*:1],COc1cc(NC(=O)[*:1])cc(OC)c1,-3.15669865044816,0.2291634722571728,-0.3774064649295964,0.040294140229602,-2.7792921855185635,2.7792921855185635,0.23267899508508894,6.915885210170565e-33,2.2179778649131548e-32,True
COc1ccc(C(=O)N[C@@H]2CCC[C@@H]2C(=O)NC[*:1])cc1,OCNT-0475206-AA-001,OCNT-0475224-AA-001,CCCOc1ccc([*:1])cc1,CCOc1cccc([*:1])c1,-0.2381761518551824,0.0688971322842177,-3.0143548016841732,0.1293100958408555,2.776178649828991,2.776178649828991,0.14651933566379638,4.628537477390117e-80,2.545175552173846e-79,True
COc1ccc(C(=O)N[C@@H]2CCC[C@@H]2C(=O)N[*:1])cc1,OCNT-0475206-AA-001,OCNT-0475224-AA-001,CCCOc1ccc(C[*:1])cc1,CCOc1cccc(C[*:1])c1,-0.2381761518551824,0.0688971322842177,-3.0143548016841732,0.1293100958408555,2.776178649828991,2.776178649828991,0.14651933566379638,4.628537477390117e-80,2.545175552173846e-79,True
Cc1c(N2CCC([*:1])CC2)c(=O)n(C)c(=O)n1-c1ccccc1,OCNT-0458364-AA-001,OCNT-0458456-AA-001,O=C(NCc1ccc(F)cc1)[*:1],CCc1ccc(CNC(=O)[*:1])cc1,-0.1219480035305583,0.0231128783170832,-2.89666337033396,0.2730132371361805,2.774715366803402,2.774715366803402,0.27398984067968035,4.1900046771281495e-24,1.1012826471463567e-23,True
Cc1c(N2CCC(C(=O)NC[*:1])CC2)c(=O)n(C)c(=O)n1-c1ccccc1,OCNT-0458364-AA-001,OCNT-0458456-AA-001,Fc1ccc([*:1])cc1,CCc1ccc([*:1])cc1,-0.1219480035305583,0.0231128783170832,-2.89666337033396,0.2730132371361805,2.774715366803402,2.774715366803402,0.27398984067968035,4.1900046771281495e-24,1.1012826471463567e-23,True
Cc1c(N2CCC(C(=O)N[*:1])CC2)c(=O)n(C)c(=O)n1-c1ccccc1,OCNT-0458364-AA-001,OCNT-0458456-AA-001,Fc1ccc(C[*:1])cc1,CCc1ccc(C[*:1])cc1,-0.1219480035305583,0.0231128783170832,-2.89666337033396,0.2730132371361805,2.774715366803402,2.774715366803402,0.27398984067968035,4.1900046771281495e-24,1.1012826471463567e-23,True
Cc1c(N2CCC(C(=O)NCc3ccc([*:1])cc3)CC2)c(=O)n(C)c(=O)n1-c1ccccc1,OCNT-0458364-AA-001,OCNT-0458456-AA-001,F[*:1],CC[*:1],-0.1219480035305583,0.0231128783170832,-2.89666337033396,0.2730132371361805,2.774715366803402,2.774715366803402,0.27398984067968035,4.1900046771281495e-24,1.1012826471463567e-23,True
O=C(NC[*:1])c1ccc(CN2C(=O)C3CCCN3C(=O)c3ccccc32)cc1,OCNT-0462830-AA-001,OCNT-0462537-AA-001,COc1cc(OC)cc([*:1])c1,CCOc1ccc([*:1])cc1,-0.4087700937021692,0.0471887768171994,-3.1780792163612213,0.2539804988551076,2.769309122659052,2.769309122659052,0.25832706876398526,8.185607395852787e-27,2.2970391396389645e-26,True
O=C(N[*:1])c1ccc(CN2C(=O)C3CCCN3C(=O)c3ccccc32)cc1,OCNT-0462830-AA-001,OCNT-0462537-AA-001,COc1cc(C[*:1])cc(OC)c1,CCOc1ccc(C[*:1])cc1,-0.4087700937021692,0.0471887768171994,-3.1780792163612213,0.2539804988551076,2.769309122659052,2.769309122659052,0.25832706876398526,8.185607395852787e-27,2.2970391396389645e-26,True
O=C(N[*:1])c1cccc(CN2C(=O)C3CCCN3C(=O)c3ccccc32)c1,OCNT-0462603-AA-001,OCNT-0462644-AA-001,Cc1ccc(C(C)[*:1])cc1C,COc1ccc(C[*:1])c(OC)c1,-3.5601591024882353,0.3736645490016198,-0.797224048602732,0.0502045357646995,-2.7629350538855033,2.7629350538855033,0.37702213541373525,2.3307323957443664e-13,4.733030848453497e-13,True
Clc1ccc(-c2nc([*:1])c3n2CCCCC3)cc1,OCNT-0456304-AA-001,OCNT-0456306-AA-001,CCOC(=O)C1CCN(C(=O)[*:1])CC1,CCOC(=O)C1CCCN(C(=O)[*:1])C1,-0.7749205401058875,0.0799034316660161,-3.514120404617297,0.0360071696880615,2.7391998645114097,2.7391998645114097,0.08764174040347761,1.938588597582733e-214,2.0714962001244316e-213,True
O=C(N[*:1])c1cccc(CN2C(=O)C3CCCN3C(=O)c3ccccc32)c1,OCNT-0462603-AA-001,OCNT-0462672-AA-001,Cc1ccc(C(C)[*:1])cc1C,COc1ccc(C[*:1])cc1,-3.5601591024882353,0.3736645490016198,-0.8301895472292733,0.0414970094290246,-2.729969555258962,2.729969555258962,0.37596169615020153,3.8339592594076606e-13,7.747067141016141e-13,True
O=C1C2CCCN2C(=O)c2ccccc2N1Cc1cccc([*:1])c1,OCNT-0462603-AA-001,OCNT-0462672-AA-001,Cc1ccc(C(C)NC(=O)[*:1])cc1C,COc1ccc(CNC(=O)[*:1])cc1,-3.5601591024882353,0.3736645490016198,-0.8301895472292733,0.0414970094290246,-2.729969555258962,2.729969555258962,0.37596169615020153,3.8339592594076606e-13,7.747067141016141e-13,True
O=C(NC[*:1])c1ccc2c(c1)N(Cc1ccccc1)CCS2,OCNT-0479603-AA-001,OCNT-0479585-AA-001,C1CCN(CC[*:1])C1,c1ccc([*:1])nc1,-0.6162926080066008,0.0242187644926187,-3.340652582592966,0.0466440569074429,2.724359974586365,2.724359974586365,0.05255679402640252,0.0,0.0,True
O=C(N[*:1])c1ccc2c(c1)N(Cc1ccccc1)CCS2,OCNT-0479603-AA-001,OCNT-0479585-AA-001,C1CCN(CCC[*:1])C1,c1ccc(C[*:1])nc1,-0.6162926080066008,0.0242187644926187,-3.340652582592966,0.0466440569074429,2.724359974586365,2.724359974586365,0.05255679402640252,0.0,0.0,True
c1ccc(CN2CCSc3ccc([*:1])cc32)cc1,OCNT-0479603-AA-001,OCNT-0479585-AA-001,O=C(NCCCN1CCCC1)[*:1],O=C(NCc1ccccn1)[*:1],-0.6162926080066008,0.0242187644926187,-3.340652582592966,0.0466440569074429,2.724359974586365,2.724359974586365,0.05255679402640252,0.0,0.0,True
Cc1ccc2[nH]c(S[*:1])nc2c1,OCNT-0498016-AA-001,OCNT-0497336-AA-001,c1ccc(C[*:1])nc1,O=[N+]([O-])c1ccc(C[*:1])cc1,-0.6859738370562521,0.0360867083761894,-3.406034504779822,0.1837475519728447,2.72006066772357,2.72006066772357,0.18725761233509683,8.320428339137324e-48,3.262834638761063e-47,True
Cc1ccc2[nH]c(SC[*:1])nc2c1,OCNT-0498016-AA-001,OCNT-0497336-AA-001,c1ccc([*:1])nc1,O=[N+]([O-])c1ccc([*:1])cc1,-0.6859738370562521,0.0360867083761894,-3.406034504779822,0.1837475519728447,2.72006066772357,2.72006066772357,0.18725761233509683,8.320428339137324e-48,3.262834638761063e-47,True
CCOc1ccc(Nc2cc(C(=O)NCC[*:1])c3ccccc3n2)cc1,OCNT-0454527-AA-001,OCNT-0454525-AA-001,CN(C[*:1])C1CCCCC1,CC(C)OC[*:1],-0.0414590372803414,0.0418819919181507,-2.760711998765775,0.0328726942089548,2.7192529614854335,2.7192529614854335,0.053242044209322874,0.0,0.0,True
CCOc1ccc(Nc2cc(C(=O)N[*:1])c3ccccc3n2)cc1,OCNT-0454527-AA-001,OCNT-0454525-AA-001,CN(CCC[*:1])C1CCCCC1,CC(C)OCCC[*:1],-0.0414590372803414,0.0418819919181507,-2.760711998765775,0.0328726942089548,2.7192529614854335,2.7192529614854335,0.053242044209322874,0.0,0.0,True
CCOc1ccc(Nc2cc(C(=O)NC[*:1])c3ccccc3n2)cc1,OCNT-0454527-AA-001,OCNT-0454525-AA-001,CN(CC[*:1])C1CCCCC1,CC(C)OCC[*:1],-0.0414590372803414,0.0418819919181507,-2.760711998765775,0.0328726942089548,2.7192529614854335,2.7192529614854335,0.053242044209322874,0.0,0.0,True
CCOc1ccc(Nc2cc(C(=O)NCCC[*:1])c3ccccc3n2)cc1,OCNT-0454527-AA-001,OCNT-0454525-AA-001,CN(C1CCCCC1)[*:1],CC(C)O[*:1],-0.0414590372803414,0.0418819919181507,-2.760711998765775,0.0328726942089548,2.7192529614854335,2.7192529614854335,0.053242044209322874,0.0,0.0,True
CC(=O)Nc1ccc(-c2noc(C3CCCN(C(=O)[*:1])C3)n2)cc1,OCNT-0463446-AA-001,OCNT-0463282-AA-001,Cc1ccc(C[*:1])cc1,COc1cccc([*:1])c1OC,-2.9560283016638,0.1048029496928386,-0.2434867043178489,0.0230904724009231,-2.7125415973459512,2.7125415973459512,0.10731648605884117,5.852229640163369e-141,4.741856268039657e-140,True
O=C(NC[*:1])c1ccc(CN2C(=O)C3CCCN3C(=O)c3ccccc32)cc1,OCNT-0462547-AA-001,OCNT-0462570-AA-001,CCc1ccc([*:1])cc1,Cc1ccc([*:1])cc1,-3.4291076642516174,0.0261585450106912,-0.7206783276056341,0.0551913546321531,-2.7084293366459833,2.7084293366459833,0.06107663303759012,0.0,0.0,True
O=C(N[*:1])c1ccc(CN2C(=O)C3CCCN3C(=O)c3ccccc32)cc1,OCNT-0462547-AA-001,OCNT-0462570-AA-001,CCc1ccc(C[*:1])cc1,Cc1ccc(C[*:1])cc1,-3.4291076642516174,0.0261585450106912,-0.7206783276056341,0.0551913546321531,-2.7084293366459833,2.7084293366459833,0.06107663303759012,0.0,0.0,True
O=C(NCc1ccc([*:1])cc1)c1ccc(CN2C(=O)C3CCCN3C(=O)c3ccccc32)cc1,OCNT-0462547-AA-001,OCNT-0462570-AA-001,CC[*:1],C[*:1],-3.4291076642516174,0.0261585450106912,-0.7206783276056341,0.0551913546321531,-2.7084293366459833,2.7084293366459833,0.06107663303759012,0.0,0.0,True
O=C1C2CCCN2C(=O)c2ccccc2N1Cc1ccc([*:1])cc1,OCNT-0462547-AA-001,OCNT-0462570-AA-001,CCc1ccc(CNC(=O)[*:1])cc1,Cc1ccc(CNC(=O)[*:1])cc1,-3.4291076642516174,0.0261585450106912,-0.7206783276056341,0.0551913546321531,-2.7084293366459833,2.7084293366459833,0.06107663303759012,0.0,0.0,True
CC1CCn2c(nc3cc([*:1])ccc32)C1,OCNT-0482582-AA-001,OCNT-0482580-AA-001,Cc1ccccc1CNC(=O)[*:1],Cc1ccccc1CCNC(=O)[*:1],-0.4776549426277766,0.0292578986426453,-3.18569700331899,0.3524155391254872,2.7080420606912137,2.7080420606912137,0.3536279638972165,1.890209373614959e-14,3.926436619045675e-14,True
CC1CCn2c(nc3cc(C(=O)N[*:1])ccc32)C1,OCNT-0482582-AA-001,OCNT-0482580-AA-001,Cc1ccccc1C[*:1],Cc1ccccc1CC[*:1],-0.4776549426277766,0.0292578986426453,-3.18569700331899,0.3524155391254872,2.7080420606912137,2.7080420606912137,0.3536279638972165,1.890209373614959e-14,3.926436619045675e-14,True
CC1CCn2c(nc3cc(C(=O)NC[*:1])ccc32)C1,OCNT-0482582-AA-001,OCNT-0482580-AA-001,Cc1ccccc1[*:1],Cc1ccccc1C[*:1],-0.4776549426277766,0.0292578986426453,-3.18569700331899,0.3524155391254872,2.7080420606912137,2.7080420606912137,0.3536279638972165,1.890209373614959e-14,3.926436619045675e-14,True
CC(C)Cn1cc(NC(=O)NC[*:1])c2ccccc2c1=O,OCNT-0456671-AA-001,OCNT-0456667-AA-001,CC(C)N(Cc1ccccc1)C[*:1],CCOCC[*:1],-3.924281518968438,0.0254492477499711,-1.220036794224696,0.0359618208337396,-2.7042447247437424,2.7042447247437424,0.04405583694265036,0.0,0.0,True
CC(C)Cn1cc(NC(=O)NCC[*:1])c2ccccc2c1=O,OCNT-0456671-AA-001,OCNT-0456667-AA-001,CC(C)N(Cc1ccccc1)[*:1],CCOC[*:1],-3.924281518968438,0.0254492477499711,-1.220036794224696,0.0359618208337396,-2.7042447247437424,2.7042447247437424,0.04405583694265036,0.0,0.0,True
CC(C)Cn1cc(NC(=O)N[*:1])c2ccccc2c1=O,OCNT-0456671-AA-001,OCNT-0456667-AA-001,CC(C)N(CC[*:1])Cc1ccccc1,CCOCCC[*:1],-3.924281518968438,0.0254492477499711,-1.220036794224696,0.0359618208337396,-2.7042447247437424,2.7042447247437424,0.04405583694265036,0.0,0.0,True
CCOc1ccc(CC(=O)N2CCC([*:1])C2)cc1,OCNT-0475010-AA-001,OCNT-0475000-AA-001,CC(C)n1c([*:1])nc2ccncc21,CC(C)n1c(C[*:1])nc2cccnc21,-0.8492445354134294,0.0519512003219355,-3.553212231523998,0.0302797982000309,2.7039676961105688,2.7039676961105688,0.06013146758498803,0.0,0.0,True
CC(=O)Nc1ccc(-c2noc(C3CCCN(C(=O)[*:1])C3)n2)cc1,OCNT-0463282-AA-001,OCNT-0463304-AA-001,COc1cccc([*:1])c1OC,Fc1ccc(C[*:1])cc1,-0.2434867043178489,0.0230904724009231,-2.947018477610667,0.0459010610898781,2.703531773292818,2.703531773292818,0.05138168277581528,0.0,0.0,True
CC(=O)Nc1ccc(-c2noc(C3CCCN(C(=O)[*:1])C3)n2)cc1,OCNT-0463446-AA-001,OCNT-0463240-AA-001,Cc1ccc(C[*:1])cc1,COc1ccc([*:1])c(OC)c1,-2.9560283016638,0.1048029496928386,-0.2534789461980565,0.0440260583679924,-2.7025493554657434,2.7025493554657434,0.11367476448069523,6.146725320061901e-125,4.7003240181848355e-124,True
COc1ccc(-n2nc([*:1])c3c4ccccc4n(C)c3c2=O)cc1,OCNT-0479284-AA-001,OCNT-0479260-AA-001,CCCCN(CC)CCCNC(=O)[*:1],CCN(CC)C(=O)[*:1],-3.051678241667495,0.062726582703676,-0.3548729267094144,0.0339307900203361,-2.6968053149580804,2.6968053149580804,0.07131565528749802,0.0,0.0,True
CC(=O)Nc1ccc(-c2noc(C3CCCN(C(=O)[*:1])C3)n2)cc1,OCNT-0463240-AA-001,OCNT-0463304-AA-001,COc1ccc([*:1])c(OC)c1,Fc1ccc(C[*:1])cc1,-0.2534789461980565,0.0440260583679924,-2.947018477610667,0.0459010610898781,2.6935395314126103,2.6935395314126103,0.06360189639152747,0.0,0.0,True
CCOC(=O)c1[nH]c(C)c(C(=O)C(C)N(CCc2ccccn2)C(=O)[*:1])c1C,OCNT-0475209-AA-001,OCNT-0475217-AA-001,C1CC1[*:1],Fc1ccc([*:1])cc1,-3.80631903010896,0.0272964227119505,-1.1163845456726684,0.2456664753400778,-2.6899344844362916,2.6899344844362916,0.2471782996116094,1.395755351139198e-27,3.971410865392578e-27,True
O=C(CSC1=NS(=O)(=O)c2ccccc2N1[*:1])N1CCCC1,OCNT-0454403-AA-001,OCNT-0461519-AA-001,CC[*:1],c1ccc(C[*:1])cc1,-0.2915040237034161,0.0321903621035408,-2.9679449882433597,0.0425091197619459,2.6764409645399434,2.6764409645399434,0.05332208431121701,0.0,0.0,True
O=C(CSC1=NS(=O)(=O)c2ccccc2N1C[*:1])N1CCCC1,OCNT-0454403-AA-001,OCNT-0461519-AA-001,C[*:1],c1ccc([*:1])cc1,-0.2915040237034161,0.0321903621035408,-2.9679449882433597,0.0425091197619459,2.6764409645399434,2.6764409645399434,0.05332208431121701,0.0,0.0,True
CC1CCn2c(nc3cc(C(=O)NC[*:1])ccc32)C1,OCNT-0482582-AA-001,OCNT-0482584-AA-001,Cc1ccccc1[*:1],Clc1ccccc1C[*:1],-0.4776549426277766,0.0292578986426453,-3.1521211191054728,0.3922938914413725,2.6744661764776962,2.6744661764776962,0.3933834285975944,1.0562278694410715e-11,2.074309467513886e-11,True
CC1CCn2c(nc3cc(C(=O)N[*:1])ccc32)C1,OCNT-0482582-AA-001,OCNT-0482584-AA-001,Cc1ccccc1C[*:1],Clc1ccccc1CC[*:1],-0.4776549426277766,0.0292578986426453,-3.1521211191054728,0.3922938914413725,2.6744661764776962,2.6744661764776962,0.3933834285975944,1.0562278694410715e-11,2.074309467513886e-11,True
CC1CCn2c(nc3cc([*:1])ccc32)C1,OCNT-0482582-AA-001,OCNT-0482584-AA-001,Cc1ccccc1CNC(=O)[*:1],O=C(NCCc1ccccc1Cl)[*:1],-0.4776549426277766,0.0292578986426453,-3.1521211191054728,0.3922938914413725,2.6744661764776962,2.6744661764776962,0.3933834285975944,1.0562278694410715e-11,2.074309467513886e-11,True
O=C(N1CCC2(CC1)OCCN2S(=O)(=O)c1ccc(Cl)cc1)[*:1],OCNT-0460345-AA-001,OCNT-0460349-AA-001,CCC[*:1],CC(C)C[*:1],-0.3801652422181556,0.0342188994132084,-3.053430895729888,0.0265185263649695,2.6732656535117325,2.6732656535117325,0.04329163103442577,0.0,0.0,True
O=C(C[*:1])N1CCC2(CC1)OCCN2S(=O)(=O)c1ccc(Cl)cc1,OCNT-0460345-AA-001,OCNT-0460349-AA-001,CC[*:1],CC(C)[*:1],-0.3801652422181556,0.0342188994132084,-3.053430895729888,0.0265185263649695,2.6732656535117325,2.6732656535117325,0.04329163103442577,0.0,0.0,True
CCOC(=O)c1[nH]c(C)c(C(=O)C(C)N(CCc2ccccn2)C(=O)[*:1])c1C,OCNT-0475209-AA-001,OCNT-0475219-AA-001,C1CC1[*:1],C1CCC([*:1])C1,-3.80631903010896,0.0272964227119505,-1.1339731646415796,0.0751295076949011,-2.6723458654673804,2.6723458654673804,0.07993458337508047,4.754984707974777e-245,5.59396518289148e-244,True
Cc1c(N2CCC(C(=O)N[*:1])CC2)c(=O)n(C)c(=O)n1-c1ccccc1,OCNT-0458394-AA-001,OCNT-0458456-AA-001,c1cncc(C[*:1])c1,CCc1ccc(C[*:1])cc1,-0.2330706647159557,0.036532460752341,-2.89666337033396,0.2730132371361805,2.6635927056180044,2.6635927056180044,0.2754466342872928,4.0403749673397776e-22,1.0245386057078172e-21,True
Cc1c(N2CCC(C(=O)NC[*:1])CC2)c(=O)n(C)c(=O)n1-c1ccccc1,OCNT-0458394-AA-001,OCNT-0458456-AA-001,c1cncc([*:1])c1,CCc1ccc([*:1])cc1,-0.2330706647159557,0.036532460752341,-2.89666337033396,0.2730132371361805,2.6635927056180044,2.6635927056180044,0.2754466342872928,4.0403749673397776e-22,1.0245386057078172e-21,True
Cc1c(N2CCC([*:1])CC2)c(=O)n(C)c(=O)n1-c1ccccc1,OCNT-0458394-AA-001,OCNT-0458456-AA-001,O=C(NCc1cccnc1)[*:1],CCc1ccc(CNC(=O)[*:1])cc1,-0.2330706647159557,0.036532460752341,-2.89666337033396,0.2730132371361805,2.6635927056180044,2.6635927056180044,0.2754466342872928,4.0403749673397776e-22,1.0245386057078172e-21,True
CC(=O)Nc1ccc(-c2noc(C3CCCN(C(=O)[*:1])C3)n2)cc1,OCNT-0463446-AA-001,OCNT-0463306-AA-001,Cc1ccc(C[*:1])cc1,COc1ccc(/C=C/[*:1])cc1,-2.9560283016638,0.1048029496928386,-0.2924746080635503,0.0287251464407804,-2.6635536936002495,2.6635536936002495,0.10866826722812846,1.1312351040172634e-132,8.8157079602874e-132,True
O=S1(=O)N=C(S[*:1])N(Cc2ccccc2)c2ccccc21,OCNT-0461519-AA-001,OCNT-0461521-AA-001,O=C(C[*:1])N1CCCC1,Cc1cccc(C)c1NC(=O)C[*:1],-2.9679449882433597,0.0425091197619459,-0.3093074842893788,0.0664676961880987,-2.658637503953981,2.658637503953981,0.07889854180838103,6.414438115230113e-249,7.582671530419366e-248,True
O=S1(=O)N=C(SC[*:1])N(Cc2ccccc2)c2ccccc21,OCNT-0461519-AA-001,OCNT-0461521-AA-001,O=C(N1CCCC1)[*:1],Cc1cccc(C)c1NC(=O)[*:1],-2.9679449882433597,0.0425091197619459,-0.3093074842893788,0.0664676961880987,-2.658637503953981,2.658637503953981,0.07889854180838103,6.414438115230113e-249,7.582671530419366e-248,True
CC(=O)Nc1ccc(-c2noc(C3CCCN(C(=O)[*:1])C3)n2)cc1,OCNT-0463306-AA-001,OCNT-0463304-AA-001,COc1ccc(/C=C/[*:1])cc1,Fc1ccc(C[*:1])cc1,-0.2924746080635503,0.0287251464407804,-2.947018477610667,0.0459010610898781,2.6545438695471164,2.6545438695471164,0.054148328203380384,0.0,0.0,True
CCN(CC)CCNC(=O)C(=O)NC(C)C(c1cccs1)[*:1],OCNT-0454864-AA-001,OCNT-0454870-AA-001,CCN1CCN([*:1])CC1,c1ccc(N2CCN([*:1])CC2)cc1,-0.0582281368655067,0.0295271063514867,-2.710435520398921,0.0809739152063552,2.6522073835334146,2.6522073835334146,0.08618947124410271,6.244041839837561e-208,6.474224738170555e-207,True
CCN(CC)CCNC(=O)C(=O)NC(C)C(c1cccs1)N1CCN([*:1])CC1,OCNT-0454864-AA-001,OCNT-0454870-AA-001,CC[*:1],c1ccc([*:1])cc1,-0.0582281368655067,0.0295271063514867,-2.710435520398921,0.0809739152063552,2.6522073835334146,2.6522073835334146,0.08618947124410271,6.244041839837561e-208,6.474224738170555e-207,True
O=C(N[*:1])c1cccc(CN2C(=O)C3CCCN3C(=O)c3ccccc32)c1,OCNT-0462601-AA-001,OCNT-0462644-AA-001,Cc1ccc(C(C)[*:1])c(C)c1,COc1ccc(C[*:1])c(OC)c1,-3.4436648686768057,0.0344948645116666,-0.797224048602732,0.0502045357646995,-2.6464408200740737,2.6464408200740737,0.06091297964331762,0.0,0.0,True
O=C(N[*:1])c1ccc(CN2C(=O)C3CCCN3C(=O)c3ccccc32)cc1,OCNT-0462804-AA-001,OCNT-0462830-AA-001,Cc1ccc(C(C)[*:1])c(C)c1,COc1cc(C[*:1])cc(OC)c1,-3.050335981495316,0.0441556475659202,-0.4087700937021692,0.0471887768171994,-2.641565887793147,2.641565887793147,0.06462586068648687,0.0,0.0,True
c1ccc(COCCc2noc([*:1])n2)cc1,OCNT-0475046-AA-001,OCNT-0475044-AA-001,O=C(C1CCCC1)N1CCCC([*:1])C1,CCOCC(=O)N1CCCC([*:1])C1,-3.8121057329407817,0.13447610105604,-1.1753393132273071,0.043618050899963,-2.6367664197134744,2.6367664197134744,0.1413731096055613,1.2366625042152835e-77,6.6507981270654915e-77,True
O=C(N1CCCC(c2nc(CCOCc3ccccc3)no2)C1)[*:1],OCNT-0475046-AA-001,OCNT-0475044-AA-001,C1CCC([*:1])C1,CCOC[*:1],-3.8121057329407817,0.13447610105604,-1.1753393132273071,0.043618050899963,-2.6367664197134744,2.6367664197134744,0.1413731096055613,1.2366625042152835e-77,6.6507981270654915e-77,True
CC(NC(=O)C(=O)NCCc1c[nH]c2ccccc12)C(c1cccs1)N1CCN([*:1])CC1,OCNT-0454902-AA-001,OCNT-0454868-AA-001,COc1ccccc1[*:1],CC[*:1],-0.2179645948535326,0.0578812653829903,-2.852268987285332,0.176916353525195,2.6343043924317997,2.6343043924317997,0.1861441297140147,1.8162207250911125e-45,6.933373033226135e-45,True
O=C(CN1C(=O)CN(C(=O)NCc2ccccc2)c2ccccc21)NCCC[*:1],OCNT-0460669-AA-001,OCNT-0460673-AA-001,CCN(CC)[*:1],CC(C)O[*:1],-0.4454653312862394,0.03407696582041,-3.0754692830810075,0.03749561891225,2.630003951794768,2.630003951794768,0.05066715935532671,0.0,0.0,True
O=C(NCc1ccccc1)N1CC(=O)N([*:1])c2ccccc21,OCNT-0460669-AA-001,OCNT-0460673-AA-001,CCN(CC)CCCNC(=O)C[*:1],CC(C)OCCCNC(=O)C[*:1],-0.4454653312862394,0.03407696582041,-3.0754692830810075,0.03749561891225,2.630003951794768,2.630003951794768,0.05066715935532671,0.0,0.0,True
O=C1CN(C(=O)NCc2ccccc2)c2ccccc2N1C[*:1],OCNT-0460669-AA-001,OCNT-0460673-AA-001,CCN(CC)CCCNC(=O)[*:1],CC(C)OCCCNC(=O)[*:1],-0.4454653312862394,0.03407696582041,-3.0754692830810075,0.03749561891225,2.630003951794768,2.630003951794768,0.05066715935532671,0.0,0.0,True
O=C(CN1C(=O)CN(C(=O)NCc2ccccc2)c2ccccc21)N[*:1],OCNT-0460669-AA-001,OCNT-0460673-AA-001,CCN(CC)CCC[*:1],CC(C)OCCC[*:1],-0.4454653312862394,0.03407696582041,-3.0754692830810075,0.03749561891225,2.630003951794768,2.630003951794768,0.05066715935532671,0.0,0.0,True
O=C(CN1C(=O)CN(C(=O)NCc2ccccc2)c2ccccc21)NC[*:1],OCNT-0460669-AA-001,OCNT-0460673-AA-001,CCN(CC)CC[*:1],CC(C)OCC[*:1],-0.4454653312862394,0.03407696582041,-3.0754692830810075,0.03749561891225,2.630003951794768,2.630003951794768,0.05066715935532671,0.0,0.0,True
O=C(CN1C(=O)CN(C(=O)NCc2ccccc2)c2ccccc21)NCC[*:1],OCNT-0460669-AA-001,OCNT-0460673-AA-001,CCN(CC)C[*:1],CC(C)OC[*:1],-0.4454653312862394,0.03407696582041,-3.0754692830810075,0.03749561891225,2.630003951794768,2.630003951794768,0.05066715935532671,0.0,0.0,True
O=C(N[*:1])c1cccc(CN2C(=O)C3CCCN3C(=O)c3ccccc32)c1,OCNT-0462601-AA-001,OCNT-0462672-AA-001,Cc1ccc(C(C)[*:1])c(C)c1,COc1ccc(C[*:1])cc1,-3.4436648686768057,0.0344948645116666,-0.8301895472292733,0.0414970094290246,-2.6134753214475324,2.6134753214475324,0.05396200023378296,0.0,0.0,True
O=C1C2CCCN2C(=O)c2ccccc2N1Cc1cccc([*:1])c1,OCNT-0462601-AA-001,OCNT-0462672-AA-001,Cc1ccc(C(C)NC(=O)[*:1])c(C)c1,COc1ccc(CNC(=O)[*:1])cc1,-3.4436648686768057,0.0344948645116666,-0.8301895472292733,0.0414970094290246,-2.6134753214475324,2.6134753214475324,0.05396200023378296,0.0,0.0,True
O=C(NC[*:1])c1ccc(CN2C(=O)C3CCCN3C(=O)c3ccccc32)cc1,OCNT-0462828-AA-001,OCNT-0462830-AA-001,CN(Cc1ccccc1)C[*:1],COc1cc(OC)cc([*:1])c1,-3.021899087066743,0.0286305297620653,-0.4087700937021692,0.0471887768171994,-2.613128993364574,2.613128993364574,0.05519499879481802,0.0,0.0,True
O=C(N[*:1])c1ccc(CN2C(=O)C3CCCN3C(=O)c3ccccc32)cc1,OCNT-0462828-AA-001,OCNT-0462830-AA-001,CN(CC[*:1])Cc1ccccc1,COc1cc(C[*:1])cc(OC)c1,-3.021899087066743,0.0286305297620653,-0.4087700937021692,0.0471887768171994,-2.613128993364574,2.613128993364574,0.05519499879481802,0.0,0.0,True
c1ccc(COCCc2noc([*:1])n2)cc1,OCNT-0475064-AA-001,OCNT-0475044-AA-001,CC(C)C(=O)N1CCCC([*:1])C1,CCOCC(=O)N1CCCC([*:1])C1,-3.7878488381015543,0.0922397232013981,-1.1753393132273071,0.043618050899963,-2.6125095248742474,2.6125095248742474,0.10203284226454883,1.356011542273836e-144,1.1097525899478518e-143,True
O=C(N1CCCC(c2nc(CCOCc3ccccc3)no2)C1)[*:1],OCNT-0475064-AA-001,OCNT-0475044-AA-001,CC(C)[*:1],CCOC[*:1],-3.7878488381015543,0.0922397232013981,-1.1753393132273071,0.043618050899963,-2.6125095248742474,2.6125095248742474,0.10203284226454883,1.356011542273836e-144,1.1097525899478518e-143,True
Cc1nc(-c2ccc(F)cc2)sc1CC[*:1],OCNT-0482094-AA-001,OCNT-0482126-AA-001,O=C(N[*:1])c1cccs1,CCOc1ccc(CC(=O)N[*:1])cc1,-1.337473437484487,0.0360349541281914,-3.9457021709393705,0.5928530412365562,2.6082287334548835,2.6082287334548835,0.5939471747743689,1.1265007780969889e-05,1.8291621791661126e-05,True
Cc1nc(-c2ccc(F)cc2)sc1CCNC(=O)[*:1],OCNT-0482094-AA-001,OCNT-0482126-AA-001,c1csc([*:1])c1,CCOc1ccc(C[*:1])cc1,-1.337473437484487,0.0360349541281914,-3.9457021709393705,0.5928530412365562,2.6082287334548835,2.6082287334548835,0.5939471747743689,1.1265007780969889e-05,1.8291621791661126e-05,True
Cc1ccc(S(=O)(=O)c2cnc3ccccc3c2[*:1])cc1C,OCNT-0479501-AA-001,OCNT-0479527-AA-001,C1CCN([*:1])CC1,Fc1ccc(N2CCN([*:1])CC2)cc1,-2.746176015144272,0.0924479353671833,-0.1386961403793382,0.035345755672708,-2.6074798747649335,2.6074798747649335,0.09897445729949557,5.859641391687085e-153,5.048782565302217e-152,True
CCCCN(CCCNC(=O)C[*:1])Cc1ccccc1,OCNT-0461834-AA-001,OCNT-0461684-AA-001,O=C1Nc2ccccc2NC1[*:1],CCC1Oc2ccccc2N([*:1])C1=O,-1.6338038328456386,0.1647867463900904,-4.235551346552696,0.260571073268064,2.6017475137070574,2.6017475137070574,0.30830497240541344,3.204030537125571e-17,7.121037896772272e-17,True
O=C(CSc1cn(CC(=O)N2CCCCC2)c2ccccc12)N[*:1],OCNT-0456186-AA-001,OCNT-0456166-AA-001,c1cc2c(cc1[*:1])OCO2,CCOc1ccccc1[*:1],-0.1782181337331432,0.0356655404647568,-2.775599900208268,0.0330588853481182,2.5973817664751246,2.5973817664751246,0.048630450101795564,0.0,0.0,True
O=C(Cn1cc(S[*:1])c2ccccc21)N1CCCCC1,OCNT-0456186-AA-001,OCNT-0456166-AA-001,O=C(C[*:1])Nc1ccc2c(c1)OCO2,CCOc1ccccc1NC(=O)C[*:1],-0.1782181337331432,0.0356655404647568,-2.775599900208268,0.0330588853481182,2.5973817664751246,2.5973817664751246,0.048630450101795564,0.0,0.0,True
O=C(Cn1cc(SC[*:1])c2ccccc21)N1CCCCC1,OCNT-0456186-AA-001,OCNT-0456166-AA-001,O=C(Nc1ccc2c(c1)OCO2)[*:1],CCOc1ccccc1NC(=O)[*:1],-0.1782181337331432,0.0356655404647568,-2.775599900208268,0.0330588853481182,2.5973817664751246,2.5973817664751246,0.048630450101795564,0.0,0.0,True
COC(=O)CCNC(=O)C1c2ccccc2C(=O)N([*:1])C12CCCCC2,OCNT-0461558-AA-001,OCNT-0461289-AA-001,c1ccc([*:1])cc1,C1CCC([*:1])CC1,-0.151564174843948,0.0232335795795323,-2.740840406036834,0.1112262189450318,2.589276231192886,2.589276231192886,0.11362689382750289,6.095840817855786e-115,4.374346768707656e-114,True
c1nc([*:1])c2c3c(sc2n1)CCC3,OCNT-0495873-AA-001,OCNT-0497389-AA-001,N[*:1],Cc1cc2ncn([*:1])c2cc1C,-0.0661263808255286,0.0329439738154097,-2.6470218121559226,0.1679408903905754,2.580895431330394,2.580895431330394,0.17114160241136478,2.177207385731966e-51,8.83520144757234e-51,True
O=C(c1ccc2c(c1)N([*:1])C(=O)C1CCCCN21)N1CCCC1,OCNT-0460695-AA-001,OCNT-0460757-AA-001,CCN(Cc1ccccc1)C(=O)C[*:1],COc1ccc(CNC(=O)C[*:1])cc1,-3.2062900682805795,0.2354907305228085,-0.6261491346875734,0.0495815169225266,-2.580140933593006,2.580140933593006,0.2406537159125219,8.078521745344969e-27,2.2722003115930044e-26,True
O=C(c1ccc2c(c1)N(C[*:1])C(=O)C1CCCCN21)N1CCCC1,OCNT-0460695-AA-001,OCNT-0460757-AA-001,CCN(Cc1ccccc1)C(=O)[*:1],COc1ccc(CNC(=O)[*:1])cc1,-3.2062900682805795,0.2354907305228085,-0.6261491346875734,0.0495815169225266,-2.580140933593006,2.580140933593006,0.2406537159125219,8.078521745344969e-27,2.2722003115930044e-26,True
O=C(c1ccc2c(c1)N(C[*:1])C(=O)CS2)N1CCCC1,OCNT-0457739-AA-001,OCNT-0457992-AA-001,CCOc1ccccc1CNC(=O)[*:1],COc1cccc(CNC(=O)[*:1])c1,-3.15669865044816,0.2291634722571728,-0.5830047708859403,0.0426096643478921,-2.5736938795622195,2.5736938795622195,0.23309114207280385,2.407688962651457e-28,6.90693422228384e-28,True
O=C(CN1C(=O)CSc2ccc(C(=O)N3CCCC3)cc21)NC[*:1],OCNT-0457739-AA-001,OCNT-0457992-AA-001,CCOc1ccccc1[*:1],COc1cccc([*:1])c1,-3.15669865044816,0.2291634722571728,-0.5830047708859403,0.0426096643478921,-2.5736938795622195,2.5736938795622195,0.23309114207280385,2.407688962651457e-28,6.90693422228384e-28,True
O=C(CN1C(=O)CSc2ccc(C(=O)N3CCCC3)cc21)N[*:1],OCNT-0457739-AA-001,OCNT-0457992-AA-001,CCOc1ccccc1C[*:1],COc1cccc(C[*:1])c1,-3.15669865044816,0.2291634722571728,-0.5830047708859403,0.0426096643478921,-2.5736938795622195,2.5736938795622195,0.23309114207280385,2.407688962651457e-28,6.90693422228384e-28,True
Cc1ccc(-n2nc(C(=O)NCCC[*:1])c3c4ccccc4n(C)c3c2=O)cc1,OCNT-0454725-AA-001,OCNT-0454753-AA-001,CCN(c1cccc(C)c1)[*:1],Fc1ccc(N2CCN([*:1])CC2)cc1,0.0714089953302276,0.0454670251418398,-2.4900629588170085,0.3790916613654321,2.561471954147236,2.561471954147236,0.3818085097166538,1.962489222030068e-11,3.8203748021539983e-11,True
O=C(CN1C(=O)COc2ccc(C(=O)N3CCCC3)cc21)N[*:1],OCNT-0456813-AA-001,OCNT-0456815-AA-001,C1CCCC([*:1])CCC1,Cc1ccc(C[*:1])cc1,-3.1549721664655084,0.0404516646580785,-0.5992861648619769,0.0409540707579942,-2.555686001603531,2.555686001603531,0.057563643780257974,0.0,0.0,True
O=C(c1ccc2c(c1)N(C[*:1])C(=O)CO2)N1CCCC1,OCNT-0456813-AA-001,OCNT-0456815-AA-001,O=C(NC1CCCCCCC1)[*:1],Cc1ccc(CNC(=O)[*:1])cc1,-3.1549721664655084,0.0404516646580785,-0.5992861648619769,0.0409540707579942,-2.555686001603531,2.555686001603531,0.057563643780257974,0.0,0.0,True
O=C(c1ccc2c(c1)N([*:1])C(=O)CO2)N1CCCC1,OCNT-0456813-AA-001,OCNT-0456815-AA-001,O=C(C[*:1])NC1CCCCCCC1,Cc1ccc(CNC(=O)C[*:1])cc1,-3.1549721664655084,0.0404516646580785,-0.5992861648619769,0.0409540707579942,-2.555686001603531,2.555686001603531,0.057563643780257974,0.0,0.0,True
Cc1c(N2CCC(C(=O)NC[*:1])CC2)c(=O)n(C)c(=O)n1-c1ccccc1,OCNT-0458458-AA-001,OCNT-0458456-AA-001,Cc1ccc([*:1])cc1,CCc1ccc([*:1])cc1,-0.3412766912149273,0.1121926408164803,-2.89666337033396,0.2730132371361805,2.555386679119033,2.555386679119033,0.2951667601627122,4.825036899713167e-18,1.1170165840679393e-17,True
Cc1c(N2CCC([*:1])CC2)c(=O)n(C)c(=O)n1-c1ccccc1,OCNT-0458458-AA-001,OCNT-0458456-AA-001,Cc1ccc(CNC(=O)[*:1])cc1,CCc1ccc(CNC(=O)[*:1])cc1,-0.3412766912149273,0.1121926408164803,-2.89666337033396,0.2730132371361805,2.555386679119033,2.555386679119033,0.2951667601627122,4.825036899713167e-18,1.1170165840679393e-17,True
Cc1c(N2CCC(C(=O)N[*:1])CC2)c(=O)n(C)c(=O)n1-c1ccccc1,OCNT-0458458-AA-001,OCNT-0458456-AA-001,Cc1ccc(C[*:1])cc1,CCc1ccc(C[*:1])cc1,-0.3412766912149273,0.1121926408164803,-2.89666337033396,0.2730132371361805,2.555386679119033,2.555386679119033,0.2951667601627122,4.825036899713167e-18,1.1170165840679393e-17,True
Cc1c(N2CCC(C(=O)NCc3ccc([*:1])cc3)CC2)c(=O)n(C)c(=O)n1-c1ccccc1,OCNT-0458458-AA-001,OCNT-0458456-AA-001,C[*:1],CC[*:1],-0.3412766912149273,0.1121926408164803,-2.89666337033396,0.2730132371361805,2.555386679119033,2.555386679119033,0.2951667601627122,4.825036899713167e-18,1.1170165840679393e-17,True
Cc1ccc(-n2nc(C(=O)NCCC[*:1])c3c4ccccc4n(C)c3c2=O)cc1,OCNT-0454747-AA-001,OCNT-0454753-AA-001,CCN(c1ccccc1)[*:1],Fc1ccc(N2CCN([*:1])CC2)cc1,0.0638486821308352,0.0362627028443829,-2.4900629588170085,0.3790916613654321,2.5539116409478435,2.5539116409478435,0.38082209932510935,1.9960533854567188e-11,3.8826253054154143e-11,True
O=C(Cn1ncc2c(=O)oc3ccccc3c21)NC[*:1],OCNT-0454595-AA-001,OCNT-0454587-AA-001,CCOc1ccc(C[*:1])cc1OCC,CCN(CC[*:1])Cc1ccccc1,-1.0815629731122252,0.2792875714331265,-3.6303893156327858,0.0963357105937865,2.5488263425205604,2.5488263425205604,0.29543546959128575,6.27876787722509e-18,1.4372446207268286e-17,True
O=C(Cn1ncc2c(=O)oc3ccccc3c21)NCC[*:1],OCNT-0454595-AA-001,OCNT-0454587-AA-001,CCOc1ccc([*:1])cc1OCC,CCN(Cc1ccccc1)C[*:1],-1.0815629731122252,0.2792875714331265,-3.6303893156327858,0.0963357105937865,2.5488263425205604,2.5488263425205604,0.29543546959128575,6.27876787722509e-18,1.4372446207268286e-17,True
CCOc1ccc(NC(=O)CSc2nc([*:1])c3ccccc3n2)cc1,OCNT-0461730-AA-001,OCNT-0461724-AA-001,c1cc2c(cc1CN[*:1])OCO2,c1ccc(CCN[*:1])cc1,0.0118872187097102,0.0413722908304073,-2.5365948864681633,0.0777096110710494,2.5484821051778734,2.5484821051778734,0.08803664067517325,2.9762633688111057e-184,2.844889243547178e-183,True
CCOc1ccc(NC(=O)CSc2nc(N[*:1])c3ccccc3n2)cc1,OCNT-0461730-AA-001,OCNT-0461724-AA-001,c1cc2c(cc1C[*:1])OCO2,c1ccc(CC[*:1])cc1,0.0118872187097102,0.0413722908304073,-2.5365948864681633,0.0777096110710494,2.5484821051778734,2.5484821051778734,0.08803664067517325,2.9762633688111057e-184,2.844889243547178e-183,True
CCOc1ccc(NC(=O)CSc2nc(NC[*:1])c3ccccc3n2)cc1,OCNT-0461730-AA-001,OCNT-0461724-AA-001,c1cc2c(cc1[*:1])OCO2,c1ccc(C[*:1])cc1,0.0118872187097102,0.0413722908304073,-2.5365948864681633,0.0777096110710494,2.5484821051778734,2.5484821051778734,0.08803664067517325,2.9762633688111057e-184,2.844889243547178e-183,True
COc1ccc(C(=O)N[C@@H]2CCC[C@@H]2[*:1])cn1,OCNT-0475198-AA-001,OCNT-0475228-AA-001,CCOc1cccc(CNC(=O)[*:1])c1,O=C(N1CCC2(CC1)OCCO2)[*:1],-2.628169977221224,0.1976383244034274,-0.079689636455706,0.0249452123002324,-2.548480340765518,2.548480340765518,0.19920635253349245,1.790244626380843e-37,6.092807511479726e-37,True
c1cncc(-c2nc([*:1])c3ccccc3n2)c1,OCNT-0497451-AA-001,OCNT-0497323-AA-001,C1COC(CN[*:1])C1,CN(Cc1cccs1)[*:1],-0.4549539645233829,0.0186539379969738,-2.999039290000016,0.1210282124091859,2.544085325476633,2.544085325476633,0.12245732971838788,7.244035656201263e-96,4.465026511517504e-95,True
O=C(c1ccc2c(c1)N(C[*:1])C(=O)C1CCCCN21)N1CCCC1,OCNT-0460757-AA-001,OCNT-0460909-AA-001,COc1ccc(CNC(=O)[*:1])cc1,CCOc1ccc(CNC(=O)[*:1])cc1,-0.6261491346875734,0.0495815169225266,-3.166234545412621,0.0250104715745113,2.5400854107250477,2.5400854107250477,0.055532427542096786,0.0,0.0,True
O=C(CN1C(=O)C2CCCCN2c2ccc(C(=O)N3CCCC3)cc21)NC[*:1],OCNT-0460757-AA-001,OCNT-0460909-AA-001,COc1ccc([*:1])cc1,CCOc1ccc([*:1])cc1,-0.6261491346875734,0.0495815169225266,-3.166234545412621,0.0250104715745113,2.5400854107250477,2.5400854107250477,0.055532427542096786,0.0,0.0,True
O=C(CN1C(=O)C2CCCCN2c2ccc(C(=O)N3CCCC3)cc21)N[*:1],OCNT-0460757-AA-001,OCNT-0460909-AA-001,COc1ccc(C[*:1])cc1,CCOc1ccc(C[*:1])cc1,-0.6261491346875734,0.0495815169225266,-3.166234545412621,0.0250104715745113,2.5400854107250477,2.5400854107250477,0.055532427542096786,0.0,0.0,True
O=C(CN1C(=O)C2CCCCN2c2ccc(C(=O)N3CCCC3)cc21)NCc1ccc([*:1])cc1,OCNT-0460757-AA-001,OCNT-0460909-AA-001,CO[*:1],CCO[*:1],-0.6261491346875734,0.0495815169225266,-3.166234545412621,0.0250104715745113,2.5400854107250477,2.5400854107250477,0.055532427542096786,0.0,0.0,True
O=C(CN1C(=O)C2CCCCN2c2ccc(C(=O)N3CCCC3)cc21)NCc1ccc(O[*:1])cc1,OCNT-0460757-AA-001,OCNT-0460909-AA-001,C[*:1],CC[*:1],-0.6261491346875734,0.0495815169225266,-3.166234545412621,0.0250104715745113,2.5400854107250477,2.5400854107250477,0.055532427542096786,0.0,0.0,True
Cc1ccc(S(=O)(=O)c2cnc3ccccc3c2[*:1])cc1C,OCNT-0479503-AA-001,OCNT-0479501-AA-001,C1CCCN([*:1])CC1,C1CCN([*:1])CC1,-0.2165343327582365,0.0260713964218856,-2.746176015144272,0.0924479353671833,2.5296416823860355,2.5296416823860355,0.096053831079463,7.490954904083536e-153,6.43170759659383e-152,True
CC(C1CCN(S(=O)(=O)c2ccc(Br)s2)CC1)[*:1],OCNT-0462557-AA-001,OCNT-0462535-AA-001,CCCN1CCN(C(=O)[*:1])CC1,O=C(NCc1ccncc1)[*:1],-3.2411796773368793,0.024019313710781,-0.7125584625847288,0.0373407745979751,-2.5286212147521505,2.5286212147521505,0.04439888375526681,0.0,0.0,True
O=S(=O)(c1ccc(Br)s1)N1CCC([*:1])CC1,OCNT-0462557-AA-001,OCNT-0462535-AA-001,CCCN1CCN(C(=O)C(C)[*:1])CC1,CC(C(=O)NCc1ccncc1)[*:1],-3.2411796773368793,0.024019313710781,-0.7125584625847288,0.0373407745979751,-2.5286212147521505,2.5286212147521505,0.04439888375526681,0.0,0.0,True
O=C(NCC[*:1])C1Cc2ccccc2N1C(=O)c1ccccc1,OCNT-0460185-AA-001,OCNT-0460165-AA-001,Clc1cccc(N2CCN([*:1])CC2)c1,c1ccc(N2CCN(C[*:1])CC2)cc1,-3.516487660569409,0.1678232827498794,-0.9910659902832482,0.049138595855508,-2.525421670286161,2.525421670286161,0.1748692535456045,2.8249017997455085e-47,1.1024776242387973e-46,True
Fc1ccc(CNc2ccc3nnc(CC[*:1])n3n2)cc1,OCNT-0460305-AA-001,OCNT-0460307-AA-001,O=C(N1CCCC1)[*:1],CCOC(=O)C1CCN(C(=O)[*:1])CC1,-0.9257786849035786,0.0427550540932121,-3.4484501283423965,0.1007537084585661,2.522671443438818,2.522671443438818,0.10945000876503952,1.5186001681570612e-117,1.10267495889624e-116,True
COC(=O)CCNC(=O)C1c2ccccc2C(=O)N([*:1])C12CCCCC2,OCNT-0461271-AA-001,OCNT-0461297-AA-001,C1CCC([*:1])C1,CC(C)C[*:1],-3.159644521300579,0.1915115362433011,-0.653116454262711,0.0378227345756047,-2.506528067037868,2.506528067037868,0.19521072656246602,9.77299117783003e-38,3.3307116172910983e-37,True
CCN(CC)CCNC(=O)C(=O)NC(C)C(c1cccs1)N1CCN(C[*:1])CC1,OCNT-0454864-AA-001,OCNT-0454890-AA-001,C[*:1],c1ccc([*:1])cc1,-0.0582281368655067,0.0295271063514867,-2.5480442690482437,0.1705969914935838,2.489816132182737,2.489816132182737,0.17313342691737463,6.81925437484353e-47,2.631974046568157e-46,True
CCN(CC)CCNC(=O)C(=O)NC(C)C(c1cccs1)[*:1],OCNT-0454864-AA-001,OCNT-0454890-AA-001,CCN1CCN([*:1])CC1,c1ccc(CN2CCN([*:1])CC2)cc1,-0.0582281368655067,0.0295271063514867,-2.5480442690482437,0.1705969914935838,2.489816132182737,2.489816132182737,0.17313342691737463,6.81925437484353e-47,2.631974046568157e-46,True
CCN(CC)CCNC(=O)C(=O)NC(C)C(c1cccs1)N1CCN([*:1])CC1,OCNT-0454864-AA-001,OCNT-0454890-AA-001,CC[*:1],c1ccc(C[*:1])cc1,-0.0582281368655067,0.0295271063514867,-2.5480442690482437,0.1705969914935838,2.489816132182737,2.489816132182737,0.17313342691737463,6.81925437484353e-47,2.631974046568157e-46,True
O=S(=O)(NCc1ccncc1)[*:1],OCNT-0495796-AA-001,OCNT-0495794-AA-001,CCOc1cc([*:1])ccc1Cl,CCOc1ccc([*:1])cc1,-3.3149672839177176,0.0371705849246667,-0.8331720565803669,0.0497287994604765,-2.4817952273373507,2.4817952273373507,0.06208547237012977,0.0,0.0,True
O=C(c1ccc2c(c1)N(C[*:1])C(=O)C1CCCCN21)N1CCCC1,OCNT-0460907-AA-001,OCNT-0460757-AA-001,CSc1ccc(CNC(=O)[*:1])cc1,COc1ccc(CNC(=O)[*:1])cc1,-3.0931429938728816,0.0389630921965902,-0.6261491346875734,0.0495815169225266,-2.4669938591853082,2.4669938591853082,0.0630590942993854,0.0,0.0,True
O=C(CN1C(=O)C2CCCCN2c2ccc(C(=O)N3CCCC3)cc21)NCc1ccc([*:1])cc1,OCNT-0460907-AA-001,OCNT-0460757-AA-001,CS[*:1],CO[*:1],-3.0931429938728816,0.0389630921965902,-0.6261491346875734,0.0495815169225266,-2.4669938591853082,2.4669938591853082,0.0630590942993854,0.0,0.0,True
O=C(CN1C(=O)C2CCCCN2c2ccc(C(=O)N3CCCC3)cc21)NC[*:1],OCNT-0460907-AA-001,OCNT-0460757-AA-001,CSc1ccc([*:1])cc1,COc1ccc([*:1])cc1,-3.0931429938728816,0.0389630921965902,-0.6261491346875734,0.0495815169225266,-2.4669938591853082,2.4669938591853082,0.0630590942993854,0.0,0.0,True
O=C(c1ccc2c(c1)N([*:1])C(=O)C1CCCCN21)N1CCCC1,OCNT-0460907-AA-001,OCNT-0460757-AA-001,CSc1ccc(CNC(=O)C[*:1])cc1,COc1ccc(CNC(=O)C[*:1])cc1,-3.0931429938728816,0.0389630921965902,-0.6261491346875734,0.0495815169225266,-2.4669938591853082,2.4669938591853082,0.0630590942993854,0.0,0.0,True
O=C(CN1C(=O)C2CCCCN2c2ccc(C(=O)N3CCCC3)cc21)N[*:1],OCNT-0460907-AA-001,OCNT-0460757-AA-001,CSc1ccc(C[*:1])cc1,COc1ccc(C[*:1])cc1,-3.0931429938728816,0.0389630921965902,-0.6261491346875734,0.0495815169225266,-2.4669938591853082,2.4669938591853082,0.0630590942993854,0.0,0.0,True
O=C(c1ccc2c(c1)N(C[*:1])C(=O)CS2)N1CCCC1,OCNT-0457739-AA-001,OCNT-0457842-AA-001,CCOc1ccccc1CNC(=O)[*:1],COc1ccc(NC(=O)[*:1])cc1,-3.15669865044816,0.2291634722571728,-0.6970071155880888,0.0610641591507044,-2.459691534860071,2.459691534860071,0.2371597110593335,3.3439001601905995e-25,8.972065451739471e-25,True
O=C(CN1C(=O)CSc2ccc(C(=O)N3CCCC3)cc21)N[*:1],OCNT-0457739-AA-001,OCNT-0457842-AA-001,CCOc1ccccc1C[*:1],COc1ccc([*:1])cc1,-3.15669865044816,0.2291634722571728,-0.6970071155880888,0.0610641591507044,-2.459691534860071,2.459691534860071,0.2371597110593335,3.3439001601905995e-25,8.972065451739471e-25,True
O=C(N[*:1])c1ccc(CN2C(=O)C3CCCN3C(=O)c3ccccc32)cc1,OCNT-0462570-AA-001,OCNT-0462537-AA-001,Cc1ccc(C[*:1])cc1,CCOc1ccc(C[*:1])cc1,-0.7206783276056341,0.0551913546321531,-3.1780792163612213,0.2539804988551076,2.457400888755587,2.457400888755587,0.259908021085963,3.2337202038915293e-21,8.099194819777454e-21,True
O=C(NC[*:1])c1ccc(CN2C(=O)C3CCCN3C(=O)c3ccccc32)cc1,OCNT-0462570-AA-001,OCNT-0462537-AA-001,Cc1ccc([*:1])cc1,CCOc1ccc([*:1])cc1,-0.7206783276056341,0.0551913546321531,-3.1780792163612213,0.2539804988551076,2.457400888755587,2.457400888755587,0.259908021085963,3.2337202038915293e-21,8.099194819777454e-21,True
O=C(NCc1ccc([*:1])cc1)c1ccc(CN2C(=O)C3CCCN3C(=O)c3ccccc32)cc1,OCNT-0462570-AA-001,OCNT-0462537-AA-001,C[*:1],CCO[*:1],-0.7206783276056341,0.0551913546321531,-3.1780792163612213,0.2539804988551076,2.457400888755587,2.457400888755587,0.259908021085963,3.2337202038915293e-21,8.099194819777454e-21,True
O=C1C2CCCN2C(=O)c2ccccc2N1Cc1ccc([*:1])cc1,OCNT-0462570-AA-001,OCNT-0462537-AA-001,Cc1ccc(CNC(=O)[*:1])cc1,CCOc1ccc(CNC(=O)[*:1])cc1,-0.7206783276056341,0.0551913546321531,-3.1780792163612213,0.2539804988551076,2.457400888755587,2.457400888755587,0.259908021085963,3.2337202038915293e-21,8.099194819777454e-21,True
CC(C)C(NS(=O)(=O)c1cccs1)C(=O)N[*:1],OCNT-0460385-AA-001,OCNT-0460391-AA-001,CCN(CC)CCC[*:1],CN(CC[*:1])Cc1ccccc1,0.0031095530605522,0.0551206832922314,-2.454161483888533,0.0884854313150567,2.457271036949085,2.457271036949085,0.10424951453898525,7.637327643994509e-123,5.663194165107443e-122,True
CC(C)C(NS(=O)(=O)c1cccs1)C(=O)NCC[*:1],OCNT-0460385-AA-001,OCNT-0460391-AA-001,CCN(CC)C[*:1],CN(Cc1ccccc1)[*:1],0.0031095530605522,0.0551206832922314,-2.454161483888533,0.0884854313150567,2.457271036949085,2.457271036949085,0.10424951453898525,7.637327643994509e-123,5.663194165107443e-122,True
CC(C)C(NS(=O)(=O)c1cccs1)C(=O)NC[*:1],OCNT-0460385-AA-001,OCNT-0460391-AA-001,CCN(CC)CC[*:1],CN(Cc1ccccc1)C[*:1],0.0031095530605522,0.0551206832922314,-2.454161483888533,0.0884854313150567,2.457271036949085,2.457271036949085,0.10424951453898525,7.637327643994509e-123,5.663194165107443e-122,True
c1cncc(-c2nc([*:1])c3ccccc3n2)c1,OCNT-0497368-AA-001,OCNT-0497383-AA-001,c1ccc(CN[*:1])cc1,CN(CC1COc2ccccc2O1)[*:1],-1.598160470049167,0.0682284185436443,-4.051000623765512,0.3531449996960162,2.4528401537163456,2.4528401537163456,0.3596755592297953,9.130015941384188e-12,1.7973571205605076e-11,True
Cc1nc(-c2ccc(F)cc2)sc1CCNC(=O)[*:1],OCNT-0482088-AA-001,OCNT-0482082-AA-001,Clc1ccc([*:1])cc1,Brc1ccc([*:1])cc1,-0.560495776536683,0.221418705590268,-2.9935971311022325,0.1766014870340068,2.4331013545655495,2.4331013545655495,0.2832213417239108,8.635669219554182e-18,1.9620689489553467e-17,True
Cc1nc(-c2ccc(F)cc2)sc1CCNC(=O)c1ccc([*:1])cc1,OCNT-0482088-AA-001,OCNT-0482082-AA-001,Cl[*:1],Br[*:1],-0.560495776536683,0.221418705590268,-2.9935971311022325,0.1766014870340068,2.4331013545655495,2.4331013545655495,0.2832213417239108,8.635669219554182e-18,1.9620689489553467e-17,True
Cc1nc(-c2ccc(F)cc2)sc1C[*:1],OCNT-0482088-AA-001,OCNT-0482082-AA-001,O=C(NC[*:1])c1ccc(Cl)cc1,O=C(NC[*:1])c1ccc(Br)cc1,-0.560495776536683,0.221418705590268,-2.9935971311022325,0.1766014870340068,2.4331013545655495,2.4331013545655495,0.2832213417239108,8.635669219554182e-18,1.9620689489553467e-17,True
Cc1nc(-c2ccc(F)cc2)sc1[*:1],OCNT-0482088-AA-001,OCNT-0482082-AA-001,O=C(NCC[*:1])c1ccc(Cl)cc1,O=C(NCC[*:1])c1ccc(Br)cc1,-0.560495776536683,0.221418705590268,-2.9935971311022325,0.1766014870340068,2.4331013545655495,2.4331013545655495,0.2832213417239108,8.635669219554182e-18,1.9620689489553467e-17,True
Cc1nc(-c2ccc(F)cc2)sc1CC[*:1],OCNT-0482088-AA-001,OCNT-0482082-AA-001,O=C(N[*:1])c1ccc(Cl)cc1,O=C(N[*:1])c1ccc(Br)cc1,-0.560495776536683,0.221418705590268,-2.9935971311022325,0.1766014870340068,2.4331013545655495,2.4331013545655495,0.2832213417239108,8.635669219554182e-18,1.9620689489553467e-17,True
c1cncc(-c2nc([*:1])c3ccccc3n2)c1,OCNT-0497562-AA-001,OCNT-0497323-AA-001,c1cncc(CN[*:1])c1,CN(Cc1cccs1)[*:1],-0.5748516254311561,0.0432233106617075,-2.999039290000016,0.1210282124091859,2.42418766456886,2.42418766456886,0.12851491268923423,2.294359596322e-79,1.2559950631319763e-78,True
COCCN1C(=O)c2ccccc2C(C(=O)N[*:1])C12CCCCC2,OCNT-0461261-AA-001,OCNT-0461259-AA-001,CC(C)c1nnc([*:1])s1,Cc1nc([*:1])sc1C,-2.4740601358002263,0.1576139702598104,-0.055735660558919,0.0373933826519664,-2.4183244752413073,2.4183244752413073,0.16198897705466497,2.1362016538288582e-50,8.625883575774284e-50,True
COCCN1C(=O)c2ccccc2C([*:1])C12CCCCC2,OCNT-0461261-AA-001,OCNT-0461259-AA-001,CC(C)c1nnc(NC(=O)[*:1])s1,Cc1nc(NC(=O)[*:1])sc1C,-2.4740601358002263,0.1576139702598104,-0.055735660558919,0.0373933826519664,-2.4183244752413073,2.4183244752413073,0.16198897705466497,2.1362016538288582e-50,8.625883575774284e-50,True
CN(CCCNC(=O)c1cc(N[*:1])nc2ccccc12)C1CCCCC1,OCNT-0479222-AA-001,OCNT-0479224-AA-001,Cc1ccc(C)c([*:1])c1,Cc1cc(C)cc([*:1])c1,-3.533531403043587,0.3367726525686464,-1.126195075150479,0.0220473841760099,-2.407336327893108,2.407336327893108,0.33749356537144054,9.821571132299807e-13,1.9667254141356485e-12,True
CN(CCCNC(=O)c1cc([*:1])nc2ccccc12)C1CCCCC1,OCNT-0479222-AA-001,OCNT-0479224-AA-001,Cc1ccc(C)c(N[*:1])c1,Cc1cc(C)cc(N[*:1])c1,-3.533531403043587,0.3367726525686464,-1.126195075150479,0.0220473841760099,-2.407336327893108,2.407336327893108,0.33749356537144054,9.821571132299807e-13,1.9667254141356485e-12,True
COC(=O)CCNC(=O)C1c2ccccc2C(=O)N([*:1])C12CCCCC2,OCNT-0461297-AA-001,OCNT-0461291-AA-001,CC(C)C[*:1],CCCC[*:1],-0.653116454262711,0.0378227345756047,-3.0497775764650408,0.3538151135179319,2.39666112220233,2.39666112220233,0.3558309905060037,1.6348882973074788e-11,3.190248535495535e-11,True
COC(=O)CCNC(=O)C1c2ccccc2C(=O)N(C[*:1])C12CCCCC2,OCNT-0461297-AA-001,OCNT-0461291-AA-001,CC(C)[*:1],CCC[*:1],-0.653116454262711,0.0378227345756047,-3.0497775764650408,0.3538151135179319,2.39666112220233,2.39666112220233,0.3558309905060037,1.6348882973074788e-11,3.190248535495535e-11,True
Cc1ccc(S(=O)(=O)c2cnc3ccccc3c2[*:1])cc1C,OCNT-0479501-AA-001,OCNT-0479525-AA-001,C1CCN([*:1])CC1,c1ccc(N2CCN([*:1])CC2)cc1,-2.746176015144272,0.0924479353671833,-0.351069620301887,0.0536929816803171,-2.3951063948423847,2.3951063948423847,0.10690910641932132,3.6627677039361964e-111,2.531862308342337e-110,True
CCC1Oc2ccc(C)cc2N(CC(=O)NCCC[*:1])C1=O,OCNT-0461680-AA-001,OCNT-0461620-AA-001,CCCCN(Cc1ccccc1)[*:1],CCN(c1cccc(C)c1)[*:1],-1.6860228881646544,0.1548042500767174,-4.0801969749713765,0.0298481030575622,2.3941740868067223,2.3941740868067223,0.15765552669649646,4.371043533655863e-52,1.7767348051255642e-51,True
CCC1Oc2ccc(C)cc2N(CC(=O)NCC[*:1])C1=O,OCNT-0461680-AA-001,OCNT-0461620-AA-001,CCCCN(Cc1ccccc1)C[*:1],CCN(C[*:1])c1cccc(C)c1,-1.6860228881646544,0.1548042500767174,-4.0801969749713765,0.0298481030575622,2.3941740868067223,2.3941740868067223,0.15765552669649646,4.371043533655863e-52,1.7767348051255642e-51,True
Cc1nc(-c2ccc(F)cc2)sc1CCNC(=O)[*:1],OCNT-0482082-AA-001,OCNT-0482086-AA-001,Brc1ccc([*:1])cc1,CC(C)(C)c1ccc([*:1])cc1,-2.9935971311022325,0.1766014870340068,-0.604848069760632,0.0684095330513385,-2.3887490613416005,2.3887490613416005,0.18938835612287425,1.7912074365112157e-36,6.0042254755382805e-36,True
Cc1nc(-c2ccc(F)cc2)sc1CC[*:1],OCNT-0482082-AA-001,OCNT-0482086-AA-001,O=C(N[*:1])c1ccc(Br)cc1,CC(C)(C)c1ccc(C(=O)N[*:1])cc1,-2.9935971311022325,0.1766014870340068,-0.604848069760632,0.0684095330513385,-2.3887490613416005,2.3887490613416005,0.18938835612287425,1.7912074365112157e-36,6.0042254755382805e-36,True
Cc1nc(-c2ccc(F)cc2)sc1CCNC(=O)c1ccc([*:1])cc1,OCNT-0482082-AA-001,OCNT-0482086-AA-001,Br[*:1],CC(C)(C)[*:1],-2.9935971311022325,0.1766014870340068,-0.604848069760632,0.0684095330513385,-2.3887490613416005,2.3887490613416005,0.18938835612287425,1.7912074365112157e-36,6.0042254755382805e-36,True
Cc1c(C(=O)NCC[*:1])sc2ncnc(N3CCN(C)CC3)c12,OCNT-0460301-AA-001,OCNT-0460299-AA-001,CC(C)CN(CC(C)C)[*:1],CCCN(CCC)[*:1],-3.755525264971981,0.2308862933037327,-1.3696812337534867,0.0356665606206549,-2.385844031218494,2.385844031218494,0.23362487877373878,1.7469997514663928e-24,4.661841212473569e-24,True
Cc1c(C(=O)N[*:1])sc2ncnc(N3CCN(C)CC3)c12,OCNT-0460301-AA-001,OCNT-0460299-AA-001,CC(C)CN(CC[*:1])CC(C)C,CCCN(CCC)CC[*:1],-3.755525264971981,0.2308862933037327,-1.3696812337534867,0.0356665606206549,-2.385844031218494,2.385844031218494,0.23362487877373878,1.7469997514663928e-24,4.661841212473569e-24,True
Cc1c(C(=O)NC[*:1])sc2ncnc(N3CCN(C)CC3)c12,OCNT-0460301-AA-001,OCNT-0460299-AA-001,CC(C)CN(CC(C)C)C[*:1],CCCN(CCC)C[*:1],-3.755525264971981,0.2308862933037327,-1.3696812337534867,0.0356665606206549,-2.385844031218494,2.385844031218494,0.23362487877373878,1.7469997514663928e-24,4.661841212473569e-24,True
c1cncc(-c2nc([*:1])c3ccccc3n2)c1,OCNT-0497344-AA-001,OCNT-0497451-AA-001,CN(Cc1ccccc1F)[*:1],C1COC(CN[*:1])C1,-2.8397557835446947,0.0857329871065121,-0.4549539645233829,0.0186539379969738,-2.3848018190213116,2.3848018190213116,0.08773889947452221,1.0994461252691257e-162,1.011407770125395e-161,True
CCN(CCNC(=O)[*:1])c1ccccc1,OCNT-0461736-AA-001,OCNT-0479232-AA-001,O=C1COc2ccccc2N1C[*:1],O=C1CCCN1c1cccc([*:1])c1,-4.05068818579421,0.182017002574915,-1.6708361052558949,0.055567480294998,-2.379852080538315,2.379852080538315,0.1903100998178804,6.998735973296413e-36,2.333229826519935e-35,True
CCOCCCNC(=O)c1cc(-c2cnn(-c3ccc([*:1])cc3)c2C)nc2ccccc12,OCNT-0458078-AA-001,OCNT-0458076-AA-001,CC(C)[*:1],F[*:1],-0.7940236329506153,0.2363512695388892,-3.1642597687425065,0.0217446841157919,2.3702361357918913,2.3702361357918913,0.23734943416814844,1.7504047599647812e-23,4.571227798968858e-23,True
CCOCCCNC(=O)c1cc(-c2cnn([*:1])c2C)nc2ccccc12,OCNT-0458078-AA-001,OCNT-0458076-AA-001,CC(C)c1ccc([*:1])cc1,Fc1ccc([*:1])cc1,-0.7940236329506153,0.2363512695388892,-3.1642597687425065,0.0217446841157919,2.3702361357918913,2.3702361357918913,0.23734943416814844,1.7504047599647812e-23,4.571227798968858e-23,True
O=C(CN1C(=O)COc2ccccc21)N[*:1],OCNT-0461716-AA-001,OCNT-0461740-AA-001,CCCCN(CCCC)CC[*:1],CCN(CCC[*:1])c1cccc(C)c1,-1.932684540243618,0.0889691051865036,-4.302372056472514,0.0237488714606736,2.369687516228896,2.369687516228896,0.09208425801049135,4.8812140784019055e-146,4.021660218804533e-145,True
O=C(CN1C(=O)COc2ccccc21)NC[*:1],OCNT-0461716-AA-001,OCNT-0461740-AA-001,CCCCN(CCCC)C[*:1],CCN(CC[*:1])c1cccc(C)c1,-1.932684540243618,0.0889691051865036,-4.302372056472514,0.0237488714606736,2.369687516228896,2.369687516228896,0.09208425801049135,4.8812140784019055e-146,4.021660218804533e-145,True
O=C(CN1C(=O)COc2ccccc21)NCC[*:1],OCNT-0461716-AA-001,OCNT-0461740-AA-001,CCCCN(CCCC)[*:1],CCN(C[*:1])c1cccc(C)c1,-1.932684540243618,0.0889691051865036,-4.302372056472514,0.0237488714606736,2.369687516228896,2.369687516228896,0.09208425801049135,4.8812140784019055e-146,4.021660218804533e-145,True
Cn1c(=O)c2c(nc(C[*:1])n2CCCc2ccccc2)n(C)c1=O,OCNT-0479390-AA-001,OCNT-0479384-AA-001,c1ccc(CN2CCN([*:1])CC2)cc1,C1CCN([*:1])CC1,-3.6403622044636728,0.1226506628504751,-1.272431701716363,0.0244869254579957,-2.36793050274731,2.36793050274731,0.12507115821022188,6.1375764554944e-80,3.3674102212095956e-79,True
O=C(Cn1c(=O)c(=O)n(Cc2ccccc2)c2ccccc21)N[*:1],OCNT-0460775-AA-001,OCNT-0460797-AA-001,CN(CCC[*:1])C1CCCCC1,CCC(CN(C)Cc1ccccc1)[*:1],-0.8716037471369901,0.0335307350121629,-3.2339760384210243,0.0413227613583985,2.3623722912840344,2.3623722912840344,0.05321541878759425,0.0,0.0,True
Cn1ccc2cc(S(=O)(=O)N3CCCC(C(=O)NC[*:1])C3)ccc21,OCNT-0460770-AA-001,OCNT-0455126-AA-001,Clc1ccc([*:1])cc1,COc1cccc(C[*:1])c1,-0.7238031921909555,0.1736380108692633,-3.0805665234716364,0.2562849251495155,2.356763331280681,2.356763331280681,0.3095676366765867,2.6763902078930433e-14,5.540716445612755e-14,True
Cn1ccc2cc(S(=O)(=O)N3CCCC([*:1])C3)ccc21,OCNT-0460770-AA-001,OCNT-0455126-AA-001,O=C(NCc1ccc(Cl)cc1)[*:1],COc1cccc(CCNC(=O)[*:1])c1,-0.7238031921909555,0.1736380108692633,-3.0805665234716364,0.2562849251495155,2.356763331280681,2.356763331280681,0.3095676366765867,2.6763902078930433e-14,5.540716445612755e-14,True
Cn1ccc2cc(S(=O)(=O)N3CCCC(C(=O)N[*:1])C3)ccc21,OCNT-0460770-AA-001,OCNT-0455126-AA-001,Clc1ccc(C[*:1])cc1,COc1cccc(CC[*:1])c1,-0.7238031921909555,0.1736380108692633,-3.0805665234716364,0.2562849251495155,2.356763331280681,2.356763331280681,0.3095676366765867,2.6763902078930433e-14,5.540716445612755e-14,True
CC(C)C(NS(=O)(=O)c1cccs1)C(=O)NC[*:1],OCNT-0460411-AA-001,OCNT-0460391-AA-001,CC(C)N(CC[*:1])C1CCCCC1,CN(Cc1ccccc1)C[*:1],-0.1193707155271433,0.0272448601367279,-2.454161483888533,0.0884854313150567,2.3347907683613895,2.3347907683613895,0.0925848473503169,2.5523910617278055e-140,2.0344302697224562e-139,True
CC(C)C(NS(=O)(=O)c1cccs1)C(=O)N[*:1],OCNT-0460411-AA-001,OCNT-0460391-AA-001,CC(C)N(CCC[*:1])C1CCCCC1,CN(CC[*:1])Cc1ccccc1,-0.1193707155271433,0.0272448601367279,-2.454161483888533,0.0884854313150567,2.3347907683613895,2.3347907683613895,0.0925848473503169,2.5523910617278055e-140,2.0344302697224562e-139,True
CC(C)C(NS(=O)(=O)c1cccs1)C(=O)NCC[*:1],OCNT-0460411-AA-001,OCNT-0460391-AA-001,CC(C)N(C[*:1])C1CCCCC1,CN(Cc1ccccc1)[*:1],-0.1193707155271433,0.0272448601367279,-2.454161483888533,0.0884854313150567,2.3347907683613895,2.3347907683613895,0.0925848473503169,2.5523910617278055e-140,2.0344302697224562e-139,True
CC(NC(=O)C(=O)NCCc1c[nH]c2ccccc12)C(c1cccs1)[*:1],OCNT-0454892-AA-001,OCNT-0454868-AA-001,c1ccc(CN2CCN([*:1])CC2)cc1,CCN1CCN([*:1])CC1,-0.5195445211863003,0.0890118515751888,-2.852268987285332,0.176916353525195,2.332724466099032,2.332724466099032,0.19804672647003085,5.028789952854416e-32,1.5635894554809095e-31,True
CC(NC(=O)C(=O)NCCc1c[nH]c2ccccc12)C(c1cccs1)N1CCN([*:1])CC1,OCNT-0454892-AA-001,OCNT-0454868-AA-001,c1ccc(C[*:1])cc1,CC[*:1],-0.5195445211863003,0.0890118515751888,-2.852268987285332,0.176916353525195,2.332724466099032,2.332724466099032,0.19804672647003085,5.028789952854416e-32,1.5635894554809095e-31,True
CC(NC(=O)C(=O)NCCc1c[nH]c2ccccc12)C(c1cccs1)N1CCN(C[*:1])CC1,OCNT-0454892-AA-001,OCNT-0454868-AA-001,c1ccc([*:1])cc1,C[*:1],-0.5195445211863003,0.0890118515751888,-2.852268987285332,0.176916353525195,2.332724466099032,2.332724466099032,0.19804672647003085,5.028789952854416e-32,1.5635894554809095e-31,True
O=C(N[*:1])c1ccc(CN2C(=O)C3CCCN3C(=O)c3ccccc32)cc1,OCNT-0462804-AA-001,OCNT-0462570-AA-001,Cc1ccc(C(C)[*:1])c(C)c1,Cc1ccc(C[*:1])cc1,-3.050335981495316,0.0441556475659202,-0.7206783276056341,0.0551913546321531,-2.329657653889682,2.329657653889682,0.07068102176750023,3.0259681213114655e-238,3.476311733731998e-237,True
O=C1C2CCCN2C(=O)c2ccccc2N1Cc1ccc([*:1])cc1,OCNT-0462804-AA-001,OCNT-0462570-AA-001,Cc1ccc(C(C)NC(=O)[*:1])c(C)c1,Cc1ccc(CNC(=O)[*:1])cc1,-3.050335981495316,0.0441556475659202,-0.7206783276056341,0.0551913546321531,-2.329657653889682,2.329657653889682,0.07068102176750023,3.0259681213114655e-238,3.476311733731998e-237,True
CCn1c(=O)c(N2CCCC(C(=O)NC[*:1])C2)nc2ccccc21,OCNT-0458660-AA-001,OCNT-0458662-AA-001,COc1ccc2[nH]cc(C[*:1])c2c1,Clc1ccc2[nH]cc(C[*:1])c2c1,-0.8693577719355151,0.0511762230704979,-3.193069100911748,0.1958394911916967,2.323711328976233,2.323711328976233,0.20241569138281745,1.664783378273551e-30,4.9861994206063395e-30,True
CCn1c(=O)c(N2CCCC(C(=O)NCC[*:1])C2)nc2ccccc21,OCNT-0458660-AA-001,OCNT-0458662-AA-001,COc1ccc2[nH]cc([*:1])c2c1,Clc1ccc2[nH]cc([*:1])c2c1,-0.8693577719355151,0.0511762230704979,-3.193069100911748,0.1958394911916967,2.323711328976233,2.323711328976233,0.20241569138281745,1.664783378273551e-30,4.9861994206063395e-30,True
CCn1c(=O)c(N2CCCC(C(=O)NCCc3c[nH]c4ccc([*:1])cc34)C2)nc2ccccc21,OCNT-0458660-AA-001,OCNT-0458662-AA-001,CO[*:1],Cl[*:1],-0.8693577719355151,0.0511762230704979,-3.193069100911748,0.1958394911916967,2.323711328976233,2.323711328976233,0.20241569138281745,1.664783378273551e-30,4.9861994206063395e-30,True
CCn1c(=O)c(N2CCCC(C(=O)N[*:1])C2)nc2ccccc21,OCNT-0458660-AA-001,OCNT-0458662-AA-001,COc1ccc2[nH]cc(CC[*:1])c2c1,Clc1ccc2[nH]cc(CC[*:1])c2c1,-0.8693577719355151,0.0511762230704979,-3.193069100911748,0.1958394911916967,2.323711328976233,2.323711328976233,0.20241569138281745,1.664783378273551e-30,4.9861994206063395e-30,True
O=C(N[*:1])c1ccc(CN2C(=O)C3CCCN3C(=O)c3ccccc32)cc1,OCNT-0462828-AA-001,OCNT-0462570-AA-001,CN(CC[*:1])Cc1ccccc1,Cc1ccc(C[*:1])cc1,-3.021899087066743,0.0286305297620653,-0.7206783276056341,0.0551913546321531,-2.301220759461109,2.301220759461109,0.062175500485228054,7.425585606006056e-300,9.563372619945692e-299,True
O=C(NC[*:1])c1ccc(CN2C(=O)C3CCCN3C(=O)c3ccccc32)cc1,OCNT-0462828-AA-001,OCNT-0462570-AA-001,CN(Cc1ccccc1)C[*:1],Cc1ccc([*:1])cc1,-3.021899087066743,0.0286305297620653,-0.7206783276056341,0.0551913546321531,-2.301220759461109,2.301220759461109,0.062175500485228054,7.425585606006056e-300,9.563372619945692e-299,True
O=C(CSc1cn(C[*:1])c2ccccc12)NCc1ccc2c(c1)OCO2,OCNT-0456192-AA-001,OCNT-0456220-AA-001,O=C(N1CCCCC1)[*:1],O=C(N1CCOCC1)[*:1],-2.981238529379545,0.0449795854511935,-0.6891618252096503,0.0458786188298498,-2.2920767041698946,2.2920767041698946,0.06424959745473793,9.803965971192067e-279,1.2116315520963126e-277,True
O=C(CSc1cn([*:1])c2ccccc12)NCc1ccc2c(c1)OCO2,OCNT-0456192-AA-001,OCNT-0456220-AA-001,O=C(C[*:1])N1CCCCC1,O=C(C[*:1])N1CCOCC1,-2.981238529379545,0.0449795854511935,-0.6891618252096503,0.0458786188298498,-2.2920767041698946,2.2920767041698946,0.06424959745473793,9.803965971192067e-279,1.2116315520963126e-277,True
c1cncc(-c2nc([*:1])c3ccccc3n2)c1,OCNT-0497344-AA-001,OCNT-0497562-AA-001,CN(Cc1ccccc1F)[*:1],c1cncc(CN[*:1])c1,-2.8397557835446947,0.0857329871065121,-0.5748516254311561,0.0432233106617075,-2.2649041581135387,2.2649041581135387,0.09601249743009421,4.918771499610487e-123,3.680805461635126e-122,True
Fc1ccc(CNc2ccc3nnc(C[*:1])n3n2)cc1,OCNT-0460305-AA-001,OCNT-0460309-AA-001,O=C(C[*:1])N1CCCC1,O=C(C[*:1])N1CCc2ccccc2C1,-0.9257786849035786,0.0427550540932121,-3.1882250626833657,0.0334322318617816,2.262446377779787,2.262446377779787,0.05427438417682339,0.0,0.0,True
Fc1ccc(CNc2ccc3nnc(CC[*:1])n3n2)cc1,OCNT-0460305-AA-001,OCNT-0460309-AA-001,O=C(N1CCCC1)[*:1],O=C(N1CCc2ccccc2C1)[*:1],-0.9257786849035786,0.0427550540932121,-3.1882250626833657,0.0334322318617816,2.262446377779787,2.262446377779787,0.05427438417682339,0.0,0.0,True
CN(CCCNC(=O)c1cc(N[*:1])nc2ccccc12)C1CCCCC1,OCNT-0454527-AA-001,OCNT-0479220-AA-001,CCOc1ccc([*:1])cc1,CCc1ccccc1[*:1],-0.0414590372803414,0.0418819919181507,-2.303381067573095,0.1232124479152185,2.2619220302927534,2.2619220302927534,0.13013611554173757,1.1452888668696793e-67,5.7077838232792366e-67,True
CN(CCCNC(=O)c1cc([*:1])nc2ccccc12)C1CCCCC1,OCNT-0454527-AA-001,OCNT-0479220-AA-001,CCOc1ccc(N[*:1])cc1,CCc1ccccc1N[*:1],-0.0414590372803414,0.0418819919181507,-2.303381067573095,0.1232124479152185,2.2619220302927534,2.2619220302927534,0.13013611554173757,1.1452888668696793e-67,5.7077838232792366e-67,True
Cc1c(C)n(-c2ccccc2)c2nc([*:1])nc(N3CCCCC3)c12,OCNT-0462530-AA-001,OCNT-0462528-AA-001,CCOCCCNC(=O)[*:1],O=C(NCc1ccc(Cl)cc1)[*:1],-2.377996835715074,0.2589366771363772,-0.1253472830838236,0.0392533482651601,-2.2526495526312504,2.2526495526312504,0.2618950708135882,7.878805511945506e-18,1.7984549522136807e-17,True
Cc1c(C)n(-c2ccccc2)c2nc(C(=O)NC[*:1])nc(N3CCCCC3)c12,OCNT-0462530-AA-001,OCNT-0462528-AA-001,CCOCC[*:1],Clc1ccc([*:1])cc1,-2.377996835715074,0.2589366771363772,-0.1253472830838236,0.0392533482651601,-2.2526495526312504,2.2526495526312504,0.2618950708135882,7.878805511945506e-18,1.7984549522136807e-17,True
Cc1c(C)n(-c2ccccc2)c2nc(C(=O)N[*:1])nc(N3CCCCC3)c12,OCNT-0462530-AA-001,OCNT-0462528-AA-001,CCOCCC[*:1],Clc1ccc(C[*:1])cc1,-2.377996835715074,0.2589366771363772,-0.1253472830838236,0.0392533482651601,-2.2526495526312504,2.2526495526312504,0.2618950708135882,7.878805511945506e-18,1.7984549522136807e-17,True
CC(C(=O)N[*:1])C1CCN(S(=O)(=O)c2ccc(Br)s2)CC1,OCNT-0462535-AA-001,OCNT-0462555-AA-001,c1cc(C[*:1])ccn1,c1cncc(C[*:1])c1,-0.7125584625847288,0.0373407745979751,-2.956798666293893,0.0329328574914646,2.244240203709164,2.244240203709164,0.0497886186806774,0.0,0.0,True
CC(C1CCN(S(=O)(=O)c2ccc(Br)s2)CC1)[*:1],OCNT-0462535-AA-001,OCNT-0462555-AA-001,O=C(NCc1ccncc1)[*:1],O=C(NCc1cccnc1)[*:1],-0.7125584625847288,0.0373407745979751,-2.956798666293893,0.0329328574914646,2.244240203709164,2.244240203709164,0.0497886186806774,0.0,0.0,True
O=S(=O)(c1ccc(Br)s1)N1CCC([*:1])CC1,OCNT-0462535-AA-001,OCNT-0462555-AA-001,CC(C(=O)NCc1ccncc1)[*:1],CC(C(=O)NCc1cccnc1)[*:1],-0.7125584625847288,0.0373407745979751,-2.956798666293893,0.0329328574914646,2.244240203709164,2.244240203709164,0.0497886186806774,0.0,0.0,True
CC(C(=O)NC[*:1])C1CCN(S(=O)(=O)c2ccc(Br)s2)CC1,OCNT-0462535-AA-001,OCNT-0462555-AA-001,c1cc([*:1])ccn1,c1cncc([*:1])c1,-0.7125584625847288,0.0373407745979751,-2.956798666293893,0.0329328574914646,2.244240203709164,2.244240203709164,0.0497886186806774,0.0,0.0,True
CC1c2nc3ccccc3n2C(CC(=O)N[*:1])C(=O)N1Cc1ccccc1,OCNT-0455118-AA-001,OCNT-0455090-AA-001,C1CCC(SCCC[*:1])CC1,CCOC(=O)N1CCC([*:1])CC1,-3.8449076084240983,0.0930887411279444,-1.6053551926584737,0.0407421666109937,-2.2395524157656244,2.2395524157656244,0.10161416173419636,1.1975279855912229e-107,8.07259223344827e-107,True
O=C(NC[*:1])c1cccc(CN2C(=O)C3CCCN3C(=O)c3ccccc32)c1,OCNT-0462732-AA-001,OCNT-0462633-AA-001,COc1ccc(OC)c([*:1])c1,CCOc1cccc([*:1])c1,-1.590567985199849,0.0862476576434575,-3.809867752683608,0.026236984595034,2.2192997674837587,2.2192997674837587,0.0901500849119018,8.138753921152538e-134,6.362789407367496e-133,True
O=C(N[*:1])c1cccc(CN2C(=O)C3CCCN3C(=O)c3ccccc32)c1,OCNT-0462732-AA-001,OCNT-0462633-AA-001,COc1ccc(OC)c(C[*:1])c1,CCOc1cccc(C[*:1])c1,-1.590567985199849,0.0862476576434575,-3.809867752683608,0.026236984595034,2.2192997674837587,2.2192997674837587,0.0901500849119018,8.138753921152538e-134,6.362789407367496e-133,True
CCC1Oc2ccc(C)cc2N(CC(=O)NCC[*:1])C1=O,OCNT-0461680-AA-001,OCNT-0461672-AA-001,CCCCN(Cc1ccccc1)C[*:1],CCN(c1ccccc1)[*:1],-1.6860228881646544,0.1548042500767174,-3.9029603933539865,0.1547083342961152,2.216937505189332,2.216937505189332,0.21885845778149263,4.08528701138997e-24,1.0783923750670181e-23,True
O=C1C2CCCN2C(=O)c2ccccc2N1Cc1ccc([*:1])cc1,OCNT-0462546-AA-001,OCNT-0462545-AA-001,COc1ccc(CNC(=O)[*:1])cc1,CCOc1cccc(CNC(=O)[*:1])c1,-0.1175256441848964,0.0329425594658971,-2.3336478199719664,0.0988007014677595,2.21612217578707,2.21612217578707,0.10414792765430093,1.7921100080725648e-100,1.1302302035447335e-99,True
O=C(N[*:1])c1ccc(CN2C(=O)C3CCCN3C(=O)c3ccccc32)cc1,OCNT-0462546-AA-001,OCNT-0462545-AA-001,COc1ccc(C[*:1])cc1,CCOc1cccc(C[*:1])c1,-0.1175256441848964,0.0329425594658971,-2.3336478199719664,0.0988007014677595,2.21612217578707,2.21612217578707,0.10414792765430093,1.7921100080725648e-100,1.1302302035447335e-99,True
O=C(NC[*:1])c1ccc(CN2C(=O)C3CCCN3C(=O)c3ccccc32)cc1,OCNT-0462546-AA-001,OCNT-0462545-AA-001,COc1ccc([*:1])cc1,CCOc1cccc([*:1])c1,-0.1175256441848964,0.0329425594658971,-2.3336478199719664,0.0988007014677595,2.21612217578707,2.21612217578707,0.10414792765430093,1.7921100080725648e-100,1.1302302035447335e-99,True
O=C(c1ccc2c(c1)N([*:1])C(=O)C1CCCCN21)N1CCCC1,OCNT-0460745-AA-001,OCNT-0460695-AA-001,O=C(C[*:1])NCc1ccc(Cl)cc1,CCN(Cc1ccccc1)C(=O)C[*:1],-0.9915924067710452,0.0248304287620565,-3.2062900682805795,0.2354907305228085,2.2146976615095344,2.2146976615095344,0.23679618737360106,8.539068409170452e-21,2.1084864174813417e-20,True
O=C(c1ccc2c(c1)N(C[*:1])C(=O)C1CCCCN21)N1CCCC1,OCNT-0460745-AA-001,OCNT-0460695-AA-001,O=C(NCc1ccc(Cl)cc1)[*:1],CCN(Cc1ccccc1)C(=O)[*:1],-0.9915924067710452,0.0248304287620565,-3.2062900682805795,0.2354907305228085,2.2146976615095344,2.2146976615095344,0.23679618737360106,8.539068409170452e-21,2.1084864174813417e-20,True
Cc1nc2ccccc2n1CCc1nc2c3ccccc3nc([*:1])n2n1,OCNT-0454415-AA-001,OCNT-0454889-AA-001,CCCCN[*:1],C1CCCN(CCCN[*:1])CC1,-3.670136061156272,0.0233007926971079,-1.4576555989585152,0.065202747091965,-2.2124804621977567,2.2124804621977567,0.06924106562331596,4.861579988543332e-224,5.2872383253180145e-223,True
Cc1nc2ccccc2n1CCc1nc2c3ccccc3nc(NCC[*:1])n2n1,OCNT-0454415-AA-001,OCNT-0454889-AA-001,CC[*:1],C1CCCN(C[*:1])CC1,-3.670136061156272,0.0233007926971079,-1.4576555989585152,0.065202747091965,-2.2124804621977567,2.2124804621977567,0.06924106562331596,4.861579988543332e-224,5.2872383253180145e-223,True
Cc1nc2ccccc2n1CCc1nc2c3ccccc3nc(NCCC[*:1])n2n1,OCNT-0454415-AA-001,OCNT-0454889-AA-001,C[*:1],C1CCCN([*:1])CC1,-3.670136061156272,0.0233007926971079,-1.4576555989585152,0.065202747091965,-2.2124804621977567,2.2124804621977567,0.06924106562331596,4.861579988543332e-224,5.2872383253180145e-223,True
Cc1nc2ccccc2n1CCc1nc2c3ccccc3nc(N[*:1])n2n1,OCNT-0454415-AA-001,OCNT-0454889-AA-001,CCCC[*:1],C1CCCN(CCC[*:1])CC1,-3.670136061156272,0.0233007926971079,-1.4576555989585152,0.065202747091965,-2.2124804621977567,2.2124804621977567,0.06924106562331596,4.861579988543332e-224,5.2872383253180145e-223,True
Cc1nc2ccccc2n1CCc1nc2c3ccccc3nc(NC[*:1])n2n1,OCNT-0454415-AA-001,OCNT-0454889-AA-001,CCC[*:1],C1CCCN(CC[*:1])CC1,-3.670136061156272,0.0233007926971079,-1.4576555989585152,0.065202747091965,-2.2124804621977567,2.2124804621977567,0.06924106562331596,4.861579988543332e-224,5.2872383253180145e-223,True
C=CCn1cc(C(=O)N[*:1])c(=O)c2cc(S(=O)(=O)N3CCCCCC3)ccc21,OCNT-0454912-AA-001,OCNT-0454910-AA-001,CN(CCc1ccccc1)CC[*:1],CC(C)N(CC[*:1])Cc1ccccc1,-3.6435602998506256,0.0287168254358014,-1.4373374318112468,0.3043780524611744,-2.2062228680393785,2.2062228680393785,0.3057297088658015,5.343967130407015e-13,1.075385490798188e-12,True
C=CCn1cc(C(=O)NC[*:1])c(=O)c2cc(S(=O)(=O)N3CCCCCC3)ccc21,OCNT-0454912-AA-001,OCNT-0454910-AA-001,CN(CCc1ccccc1)C[*:1],CC(C)N(Cc1ccccc1)C[*:1],-3.6435602998506256,0.0287168254358014,-1.4373374318112468,0.3043780524611744,-2.2062228680393785,2.2062228680393785,0.3057297088658015,5.343967130407015e-13,1.075385490798188e-12,True
C=CCn1cc(C(=O)NCC[*:1])c(=O)c2cc(S(=O)(=O)N3CCCCCC3)ccc21,OCNT-0454912-AA-001,OCNT-0454910-AA-001,CN(CCc1ccccc1)[*:1],CC(C)N(Cc1ccccc1)[*:1],-3.6435602998506256,0.0287168254358014,-1.4373374318112468,0.3043780524611744,-2.2062228680393785,2.2062228680393785,0.3057297088658015,5.343967130407015e-13,1.075385490798188e-12,True
O=C(N1CCCC(c2nc(CCOCc3ccccc3)no2)C1)[*:1],OCNT-0475066-AA-001,OCNT-0475046-AA-001,CC[*:1],C1CCC([*:1])C1,-1.6076253345544285,0.036983183920407,-3.8121057329407817,0.13447610105604,2.2044803983863535,2.2044803983863535,0.13946891283768198,2.81749315908429e-56,1.207426577982357e-55,True
c1ccc(COCCc2noc([*:1])n2)cc1,OCNT-0475066-AA-001,OCNT-0475046-AA-001,CCC(=O)N1CCCC([*:1])C1,O=C(C1CCCC1)N1CCCC([*:1])C1,-1.6076253345544285,0.036983183920407,-3.8121057329407817,0.13447610105604,2.2044803983863535,2.2044803983863535,0.13946891283768198,2.81749315908429e-56,1.207426577982357e-55,True
COc1ccc(C2=NN(CC(=O)NC[*:1])C(=O)CC2)cc1,OCNT-0461774-AA-001,OCNT-0461770-AA-001,CC(C)N(CC[*:1])Cc1ccccc1,CC(C)N(Cc1ccccc1)C[*:1],-1.963596015795651,0.039499679452355,-4.166880127765156,0.0221380592159644,2.203284111969505,2.203284111969505,0.04528044106110653,0.0,0.0,True
COc1ccc(C2=NN(CC(=O)NCC[*:1])C(=O)CC2)cc1,OCNT-0461774-AA-001,OCNT-0461770-AA-001,CC(C)N(Cc1ccccc1)C[*:1],CC(C)N(Cc1ccccc1)[*:1],-1.963596015795651,0.039499679452355,-4.166880127765156,0.0221380592159644,2.203284111969505,2.203284111969505,0.04528044106110653,0.0,0.0,True
O=C(N1CCCC(c2nc(CCOCc3ccccc3)no2)C1)[*:1],OCNT-0475066-AA-001,OCNT-0475064-AA-001,CC[*:1],CC(C)[*:1],-1.6076253345544285,0.036983183920407,-3.7878488381015543,0.0922397232013981,2.1802235035471256,2.1802235035471256,0.09937767570818504,1.1087074449601063e-106,7.332451669776703e-106,True
c1ccc(COCCc2noc([*:1])n2)cc1,OCNT-0475066-AA-001,OCNT-0475064-AA-001,CCC(=O)N1CCCC([*:1])C1,CC(C)C(=O)N1CCCC([*:1])C1,-1.6076253345544285,0.036983183920407,-3.7878488381015543,0.0922397232013981,2.1802235035471256,2.1802235035471256,0.09937767570818504,1.1087074449601063e-106,7.332451669776703e-106,True
O=C(CN1C(=O)C2CCCCN2c2ccc(C(=O)N3CCCC3)cc21)NCc1ccc([*:1])cc1,OCNT-0460745-AA-001,OCNT-0460909-AA-001,Cl[*:1],CCO[*:1],-0.9915924067710452,0.0248304287620565,-3.166234545412621,0.0250104715745113,2.174642138641576,2.174642138641576,0.03524306855095056,0.0,0.0,True
O=C(c1ccc2c(c1)N(C[*:1])C(=O)C1CCCCN21)N1CCCC1,OCNT-0460745-AA-001,OCNT-0460909-AA-001,O=C(NCc1ccc(Cl)cc1)[*:1],CCOc1ccc(CNC(=O)[*:1])cc1,-0.9915924067710452,0.0248304287620565,-3.166234545412621,0.0250104715745113,2.174642138641576,2.174642138641576,0.03524306855095056,0.0,0.0,True
O=C(CN1C(=O)C2CCCCN2c2ccc(C(=O)N3CCCC3)cc21)NC[*:1],OCNT-0460745-AA-001,OCNT-0460909-AA-001,Clc1ccc([*:1])cc1,CCOc1ccc([*:1])cc1,-0.9915924067710452,0.0248304287620565,-3.166234545412621,0.0250104715745113,2.174642138641576,2.174642138641576,0.03524306855095056,0.0,0.0,True
O=C(CN1C(=O)C2CCCCN2c2ccc(C(=O)N3CCCC3)cc21)N[*:1],OCNT-0460745-AA-001,OCNT-0460909-AA-001,Clc1ccc(C[*:1])cc1,CCOc1ccc(C[*:1])cc1,-0.9915924067710452,0.0248304287620565,-3.166234545412621,0.0250104715745113,2.174642138641576,2.174642138641576,0.03524306855095056,0.0,0.0,True
CCOc1ccc(C(=O)N/C(=N/[*:1])NCCc2c[nH]c3ccccc23)cc1OCC,OCNT-0456958-AA-001,OCNT-0456960-AA-001,Fc1ccccc1[*:1],Fc1cccc([*:1])c1,-0.0312955049111283,0.0527406734235897,-2.1956242967856587,0.1319052614911764,2.1643287918745306,2.1643287918745306,0.1420583564674369,2.055773700203949e-52,8.398127286142008e-52,True
O=C(NCCCN1CCN([*:1])CC1)C1Cc2ccccc2N1C(=O)c1ccccc1,OCNT-0460163-AA-001,OCNT-0460159-AA-001,c1ccc(C[*:1])cc1,Fc1ccccc1[*:1],-4.0315601852396,0.326923225300354,-1.8886170186036544,0.1057680751499828,-2.1429431666359458,2.1429431666359458,0.3436068697824862,4.471455544698116e-10,8.270333875945798e-10,True
O=C(NCCC[*:1])C1Cc2ccccc2N1C(=O)c1ccccc1,OCNT-0460163-AA-001,OCNT-0460159-AA-001,c1ccc(CN2CCN([*:1])CC2)cc1,Fc1ccccc1N1CCN([*:1])CC1,-4.0315601852396,0.326923225300354,-1.8886170186036544,0.1057680751499828,-2.1429431666359458,2.1429431666359458,0.3436068697824862,4.471455544698116e-10,8.270333875945798e-10,True
CC1(C)C(=O)N(CC(=O)NCc2cccnc2)c2ccc([*:1])cc21,OCNT-0457419-AA-001,OCNT-0457554-AA-001,O=S(=O)(N1CCOCC1)[*:1],O=S(=O)(N1CCCCC1)[*:1],-0.999105886858269,0.0484633326530103,-3.141135119988088,0.0310657753065866,2.1420292331298194,2.1420292331298194,0.057565415027042585,4.641861697346713e-303,6.041827432663515e-302,True
CCCCN(CCCC)CCNC(=O)CN1C(=O)COc2ccc([*:1])cc21,OCNT-0455082-AA-001,OCNT-0455058-AA-001,O=S(=O)(N1CCOCC1)[*:1],CC1CCN(S(=O)(=O)[*:1])CC1,-3.3876422110129747,0.2581587852239303,-1.2461833730889946,0.173862137334269,-2.14145883792398,2.14145883792398,0.31124588541334264,5.973503499346676e-12,1.186458040819912e-11,True
COc1ccc(-c2cc3nc(C)c(CCC(=O)NC(C)[*:1])c(C)n3n2)c(OC)c1,OCNT-0479393-AA-001,OCNT-0479413-AA-001,CC[*:1],c1ccc(CC[*:1])cc1,-1.2414894945151969,0.024132783187415,-3.368500996882944,0.0741847952921142,2.127011502367747,2.127011502367747,0.07801137786825503,1.0915219116741875e-163,1.0079072142893347e-162,True
COc1ccc(-c2cc3nc(C)c(CCC(=O)NC(C)C[*:1])c(C)n3n2)c(OC)c1,OCNT-0479393-AA-001,OCNT-0479413-AA-001,C[*:1],c1ccc(C[*:1])cc1,-1.2414894945151969,0.024132783187415,-3.368500996882944,0.0741847952921142,2.127011502367747,2.127011502367747,0.07801137786825503,1.0915219116741875e-163,1.0079072142893347e-162,True
COc1ccc(-c2cc3nc(C)c(CC[*:1])c(C)n3n2)c(OC)c1,OCNT-0479393-AA-001,OCNT-0479413-AA-001,CCC(C)NC(=O)[*:1],CC(CCc1ccccc1)NC(=O)[*:1],-1.2414894945151969,0.024132783187415,-3.368500996882944,0.0741847952921142,2.127011502367747,2.127011502367747,0.07801137786825503,1.0915219116741875e-163,1.0079072142893347e-162,True
COc1ccc(-c2cc3nc(C)c(CCC(=O)N[*:1])c(C)n3n2)c(OC)c1,OCNT-0479393-AA-001,OCNT-0479413-AA-001,CCC(C)[*:1],CC(CCc1ccccc1)[*:1],-1.2414894945151969,0.024132783187415,-3.368500996882944,0.0741847952921142,2.127011502367747,2.127011502367747,0.07801137786825503,1.0915219116741875e-163,1.0079072142893347e-162,True
Cc1nc(-c2ccc(F)cc2)sc1[*:1],OCNT-0482064-AA-001,OCNT-0482082-AA-001,O=C(NCC[*:1])c1ccccc1,O=C(NCC[*:1])c1ccc(Br)cc1,-0.8686511686198524,0.0258349240564996,-2.9935971311022325,0.1766014870340068,2.1249459624823803,2.1249459624823803,0.1784811713420426,1.105119468103504e-32,3.516550505135597e-32,True
Cc1nc(-c2ccc(F)cc2)sc1CCNC(=O)[*:1],OCNT-0482064-AA-001,OCNT-0482082-AA-001,c1ccc([*:1])cc1,Brc1ccc([*:1])cc1,-0.8686511686198524,0.0258349240564996,-2.9935971311022325,0.1766014870340068,2.1249459624823803,2.1249459624823803,0.1784811713420426,1.105119468103504e-32,3.516550505135597e-32,True
Cc1nc(-c2ccc(F)cc2)sc1CC[*:1],OCNT-0482064-AA-001,OCNT-0482082-AA-001,O=C(N[*:1])c1ccccc1,O=C(N[*:1])c1ccc(Br)cc1,-0.8686511686198524,0.0258349240564996,-2.9935971311022325,0.1766014870340068,2.1249459624823803,2.1249459624823803,0.1784811713420426,1.105119468103504e-32,3.516550505135597e-32,True
Cc1nc(-c2ccc(F)cc2)sc1C[*:1],OCNT-0482064-AA-001,OCNT-0482082-AA-001,O=C(NC[*:1])c1ccccc1,O=C(NC[*:1])c1ccc(Br)cc1,-0.8686511686198524,0.0258349240564996,-2.9935971311022325,0.1766014870340068,2.1249459624823803,2.1249459624823803,0.1784811713420426,1.105119468103504e-32,3.516550505135597e-32,True
COc1ccc(-c2cc3nc(C)c(CC[*:1])c(C)n3n2)c(OC)c1,OCNT-0479393-AA-001,OCNT-0479389-AA-001,CCC(C)NC(=O)[*:1],CC(NC(=O)[*:1])c1ccccc1,-1.2414894945151969,0.024132783187415,-3.366182552116769,0.1510809866722298,2.124693057601572,2.124693057601572,0.15299626060209856,7.571525153135646e-44,2.81146009859225e-43,True
COc1ccc(-c2cc3nc(C)c([*:1])c(C)n3n2)c(OC)c1,OCNT-0479393-AA-001,OCNT-0479389-AA-001,CCC(C)NC(=O)CC[*:1],CC(NC(=O)CC[*:1])c1ccccc1,-1.2414894945151969,0.024132783187415,-3.366182552116769,0.1510809866722298,2.124693057601572,2.124693057601572,0.15299626060209856,7.571525153135646e-44,2.81146009859225e-43,True
COc1ccc(-c2cc3nc(C)c(CCC(=O)NC(C)[*:1])c(C)n3n2)c(OC)c1,OCNT-0479393-AA-001,OCNT-0479389-AA-001,CC[*:1],c1ccc([*:1])cc1,-1.2414894945151969,0.024132783187415,-3.366182552116769,0.1510809866722298,2.124693057601572,2.124693057601572,0.15299626060209856,7.571525153135646e-44,2.81146009859225e-43,True
COc1ccc(-c2cc3nc(C)c(C[*:1])c(C)n3n2)c(OC)c1,OCNT-0479393-AA-001,OCNT-0479389-AA-001,CCC(C)NC(=O)C[*:1],CC(NC(=O)C[*:1])c1ccccc1,-1.2414894945151969,0.024132783187415,-3.366182552116769,0.1510809866722298,2.124693057601572,2.124693057601572,0.15299626060209856,7.571525153135646e-44,2.81146009859225e-43,True
COc1ccc(-c2cc3nc(C)c(CCC(=O)N[*:1])c(C)n3n2)c(OC)c1,OCNT-0479393-AA-001,OCNT-0479389-AA-001,CCC(C)[*:1],CC(c1ccccc1)[*:1],-1.2414894945151969,0.024132783187415,-3.366182552116769,0.1510809866722298,2.124693057601572,2.124693057601572,0.15299626060209856,7.571525153135646e-44,2.81146009859225e-43,True
CCCOc1ccc2oc(=O)c3c(c2c1)CCCN3C(=O)C[*:1],OCNT-0454734-AA-001,OCNT-0454702-AA-001,CCCCN(CC)[*:1],CCN(c1cccc(C)c1)[*:1],-3.7641705595059394,0.2612859232720635,-1.640705366775495,0.2655316133545163,-2.1234651927304444,2.1234651927304444,0.3725283497813113,1.1970635266030896e-08,2.1381127369326716e-08,True
CCCOc1ccc2oc(=O)c3c(c2c1)CCCN3C(=O)[*:1],OCNT-0454734-AA-001,OCNT-0454702-AA-001,CCCCN(CC)C[*:1],CCN(C[*:1])c1cccc(C)c1,-3.7641705595059394,0.2612859232720635,-1.640705366775495,0.2655316133545163,-2.1234651927304444,2.1234651927304444,0.3725283497813113,1.1970635266030896e-08,2.1381127369326716e-08,True
CCCOc1ccc2oc(=O)c3c(c2c1)CCCN3C(=O)CN(CC)[*:1],OCNT-0454734-AA-001,OCNT-0454702-AA-001,CCCC[*:1],Cc1cccc([*:1])c1,-3.7641705595059394,0.2612859232720635,-1.640705366775495,0.2655316133545163,-2.1234651927304444,2.1234651927304444,0.3725283497813113,1.1970635266030896e-08,2.1381127369326716e-08,True
O=C(CN1C(=O)COc2ccccc21)NCC[*:1],OCNT-0461736-AA-001,OCNT-0461716-AA-001,CCN(c1ccccc1)[*:1],CCCCN(CCCC)[*:1],-4.05068818579421,0.182017002574915,-1.932684540243618,0.0889691051865036,-2.1180036455505924,2.1180036455505924,0.20259736154265126,1.4010151949609102e-25,3.7798061544314743e-25,True
O=C(CN1C(=O)COc2ccccc21)NC[*:1],OCNT-0461736-AA-001,OCNT-0461716-AA-001,CCN(C[*:1])c1ccccc1,CCCCN(CCCC)C[*:1],-4.05068818579421,0.182017002574915,-1.932684540243618,0.0889691051865036,-2.1180036455505924,2.1180036455505924,0.20259736154265126,1.4010151949609102e-25,3.7798061544314743e-25,True
O=C(CN1C(=O)COc2ccccc21)N[*:1],OCNT-0461736-AA-001,OCNT-0461716-AA-001,CCN(CC[*:1])c1ccccc1,CCCCN(CCCC)CC[*:1],-4.05068818579421,0.182017002574915,-1.932684540243618,0.0889691051865036,-2.1180036455505924,2.1180036455505924,0.20259736154265126,1.4010151949609102e-25,3.7798061544314743e-25,True
CSc1cccc(Nc2cc(C(=O)NCCC[*:1])c3ccccc3n2)c1,OCNT-0479230-AA-001,OCNT-0479228-AA-001,CCCCN(Cc1ccccc1)[*:1],CCCCN(C)[*:1],-0.1708155826572846,0.0729632320672147,-2.282693416251746,0.0994487158604588,2.1118778335944612,2.1118778335944612,0.12334374860522318,1.01915857535251e-65,4.842487444441926e-65,True
CSc1cccc(Nc2cc(C(=O)NCC[*:1])c3ccccc3n2)c1,OCNT-0479230-AA-001,OCNT-0479228-AA-001,CCCCN(Cc1ccccc1)C[*:1],CCCCN(C)C[*:1],-0.1708155826572846,0.0729632320672147,-2.282693416251746,0.0994487158604588,2.1118778335944612,2.1118778335944612,0.12334374860522318,1.01915857535251e-65,4.842487444441926e-65,True
CCCCN(CCCNC(=O)c1cc(Nc2cccc(SC)c2)nc2ccccc12)[*:1],OCNT-0479230-AA-001,OCNT-0479228-AA-001,c1ccc(C[*:1])cc1,C[*:1],-0.1708155826572846,0.0729632320672147,-2.282693416251746,0.0994487158604588,2.1118778335944612,2.1118778335944612,0.12334374860522318,1.01915857535251e-65,4.842487444441926e-65,True
O=C(c1ccc2c(c1)N(C[*:1])C(=O)C1CCCCN21)N1CCCC1,OCNT-0460815-AA-001,OCNT-0460695-AA-001,Cc1cc(C)cc(NC(=O)[*:1])c1,CCN(Cc1ccccc1)C(=O)[*:1],-1.0996566169787236,0.3324528816858893,-3.2062900682805795,0.2354907305228085,2.106633451301856,2.106633451301856,0.4074074161124438,2.3305969308775586e-07,4.0360726750583054e-07,True
O=C(c1ccc2c(c1)N([*:1])C(=O)C1CCCCN21)N1CCCC1,OCNT-0460815-AA-001,OCNT-0460695-AA-001,Cc1cc(C)cc(NC(=O)C[*:1])c1,CCN(Cc1ccccc1)C(=O)C[*:1],-1.0996566169787236,0.3324528816858893,-3.2062900682805795,0.2354907305228085,2.106633451301856,2.106633451301856,0.4074074161124438,2.3305969308775586e-07,4.0360726750583054e-07,True
O=C(CN1C(=O)C2CCCCN2c2ccc(C(=O)N3CCCC3)cc21)N[*:1],OCNT-0460745-AA-001,OCNT-0460907-AA-001,Clc1ccc(C[*:1])cc1,CSc1ccc(C[*:1])cc1,-0.9915924067710452,0.0248304287620565,-3.0931429938728816,0.0389630921965902,2.1015505871018365,2.1015505871018365,0.046202518827738716,0.0,0.0,True
O=C(CN1C(=O)C2CCCCN2c2ccc(C(=O)N3CCCC3)cc21)NCc1ccc([*:1])cc1,OCNT-0460745-AA-001,OCNT-0460907-AA-001,Cl[*:1],CS[*:1],-0.9915924067710452,0.0248304287620565,-3.0931429938728816,0.0389630921965902,2.1015505871018365,2.1015505871018365,0.046202518827738716,0.0,0.0,True
O=C(CN1C(=O)C2CCCCN2c2ccc(C(=O)N3CCCC3)cc21)NC[*:1],OCNT-0460745-AA-001,OCNT-0460907-AA-001,Clc1ccc([*:1])cc1,CSc1ccc([*:1])cc1,-0.9915924067710452,0.0248304287620565,-3.0931429938728816,0.0389630921965902,2.1015505871018365,2.1015505871018365,0.046202518827738716,0.0,0.0,True
O=C(c1ccc2c(c1)N([*:1])C(=O)C1CCCCN21)N1CCCC1,OCNT-0460745-AA-001,OCNT-0460907-AA-001,O=C(C[*:1])NCc1ccc(Cl)cc1,CSc1ccc(CNC(=O)C[*:1])cc1,-0.9915924067710452,0.0248304287620565,-3.0931429938728816,0.0389630921965902,2.1015505871018365,2.1015505871018365,0.046202518827738716,0.0,0.0,True
O=C(c1ccc2c(c1)N(C[*:1])C(=O)C1CCCCN21)N1CCCC1,OCNT-0460745-AA-001,OCNT-0460907-AA-001,O=C(NCc1ccc(Cl)cc1)[*:1],CSc1ccc(CNC(=O)[*:1])cc1,-0.9915924067710452,0.0248304287620565,-3.0931429938728816,0.0389630921965902,2.1015505871018365,2.1015505871018365,0.046202518827738716,0.0,0.0,True
O=C(NCCc1csc(-c2ccccc2)n1)C1CCCN1C(=O)[*:1],OCNT-0462986-AA-001,OCNT-0462966-AA-001,Cc1cccc(OC[*:1])c1,COc1ccc([*:1])cc1,-3.285307017396915,0.1305985854705627,-1.195093362937134,0.0608199665594904,-2.090213654459781,2.090213654459781,0.14406616139541373,1.0671391018419849e-47,4.1780630115317395e-47,True
CCCOc1ccc2oc(=O)c3c(c2c1)CCCN3C(=O)C[*:1],OCNT-0454702-AA-001,OCNT-0454678-AA-001,CCN(c1cccc(C)c1)[*:1],CCOC(=O)C1CCN([*:1])CC1,-1.640705366775495,0.2655316133545163,-3.728737654343836,0.0214414117109201,2.0880322875683412,2.0880322875683412,0.26639589303667865,4.574879921779706e-15,9.709220441105758e-15,True
CCCOc1ccc2oc(=O)c3c(c2c1)CCCN3C(=O)[*:1],OCNT-0454702-AA-001,OCNT-0454678-AA-001,CCN(C[*:1])c1cccc(C)c1,CCOC(=O)C1CCN(C[*:1])CC1,-1.640705366775495,0.2655316133545163,-3.728737654343836,0.0214414117109201,2.0880322875683412,2.0880322875683412,0.26639589303667865,4.574879921779706e-15,9.709220441105758e-15,True
COC(=O)CCNC(=O)C1c2ccccc2C(=O)N([*:1])C12CCCCC2,OCNT-0461289-AA-001,OCNT-0461297-AA-001,C1CCC([*:1])CC1,CC(C)C[*:1],-2.740840406036834,0.1112262189450318,-0.653116454262711,0.0378227345756047,-2.087723951774123,2.087723951774123,0.11748119437418397,1.191779768185949e-70,6.101014838391249e-70,True
Cc1ccc(CNC(=O)CN2C(=O)CCCc3cc([*:1])ccc32)cc1,OCNT-0462960-AA-001,OCNT-0462954-AA-001,O=S(=O)(N1CCCCC1)[*:1],O=S(=O)(N1CCCC1)[*:1],-0.9614714546911706,0.0669765689719672,-3.038324414822874,0.0252815475434453,2.0768529601317036,2.0768529601317036,0.07158922710469896,4.8235012475315245e-185,4.665259902256775e-184,True
Clc1ccc2c(N[*:1])c3c(nc2c1)CCCC3,OCNT-0479265-AA-001,OCNT-0479263-AA-001,Fc1ccc([*:1])c(F)c1,c1ccc(Oc2ccc([*:1])cc2)cc1,-2.3383516217458564,0.2614935849250752,-0.262695369466944,0.0343501369848384,-2.0756562522789124,2.0756562522789124,0.2637400744442237,3.544063032668047e-15,7.55428766632292e-15,True
CCOc1ccc(C(=O)N/C(=N/[*:1])NCCc2c[nH]c3ccccc23)cc1OCC,OCNT-0456896-AA-001,OCNT-0456894-AA-001,Cc1ccccc1[*:1],c1ccc([*:1])cc1,-3.271029255373582,0.0476317766990177,-1.1986893922046118,0.0440845191038479,-2.07233986316897,2.07233986316897,0.06490170241313101,1.0097192273467617e-223,1.0932667917334185e-222,True
O=C(CN1C(=O)C2CCCCN2c2ccc(C(=O)N3CCCC3)cc21)N[*:1],OCNT-0460815-AA-001,OCNT-0460909-AA-001,Cc1cc(C)cc([*:1])c1,CCOc1ccc(C[*:1])cc1,-1.0996566169787236,0.3324528816858893,-3.166234545412621,0.0250104715745113,2.0665779284338974,2.0665779284338974,0.33339232479112557,5.695429565227395e-10,1.0486618620098899e-09,True
O=C(c1ccc2c(c1)N(C[*:1])C(=O)C1CCCCN21)N1CCCC1,OCNT-0460815-AA-001,OCNT-0460909-AA-001,Cc1cc(C)cc(NC(=O)[*:1])c1,CCOc1ccc(CNC(=O)[*:1])cc1,-1.0996566169787236,0.3324528816858893,-3.166234545412621,0.0250104715745113,2.0665779284338974,2.0665779284338974,0.33339232479112557,5.695429565227395e-10,1.0486618620098899e-09,True
O=C(CSc1c2c(nc3ccc(Cl)cc13)CCCC2)N1CCC([*:1])CC1,OCNT-0479233-AA-001,OCNT-0479261-AA-001,C[*:1],C1CCN([*:1])CC1,-3.5271947380079087,0.0835734927170171,-1.4738915309821086,0.0433906626898705,-2.0533032070258,2.0533032070258,0.09416622692657613,2.0759046571012362e-105,1.350994334023065e-104,True
O=S(=O)(c1ccc(F)cc1)N1CCCc2ccc([*:1])cc21,OCNT-0482322-AA-001,OCNT-0482324-AA-001,O=C(N[*:1])c1ccccc1Cl,O=C(N[*:1])c1c(F)cccc1F,-0.2445058636368789,0.0496972007114234,-2.291140350484128,0.1982316077019417,2.046634486847249,2.046634486847249,0.20436629382226418,1.3157213651234226e-23,3.443390567333706e-23,True
O=C(Nc1ccc2c(c1)N(S(=O)(=O)c1ccc(F)cc1)CCC2)[*:1],OCNT-0482322-AA-001,OCNT-0482324-AA-001,Clc1ccccc1[*:1],Fc1cccc(F)c1[*:1],-0.2445058636368789,0.0496972007114234,-2.291140350484128,0.1982316077019417,2.046634486847249,2.046634486847249,0.20436629382226418,1.3157213651234226e-23,3.443390567333706e-23,True
COc1ccc(-c2cc(CCCC(=O)NCC[*:1])no2)cc1,OCNT-0479245-AA-001,OCNT-0479247-AA-001,COc1ccc([*:1])c(OC)c1,COc1ccc(OC)c([*:1])c1,-1.1422956482933535,0.2389389230417199,-3.1836711942971925,0.0702268523150765,2.041375546003839,2.041375546003839,0.24904541700344643,2.46870082927069e-16,5.417857335628143e-16,True
COc1ccc(-c2cc(CCCC(=O)N[*:1])no2)cc1,OCNT-0479245-AA-001,OCNT-0479247-AA-001,COc1ccc(CC[*:1])c(OC)c1,COc1ccc(OC)c(CC[*:1])c1,-1.1422956482933535,0.2389389230417199,-3.1836711942971925,0.0702268523150765,2.041375546003839,2.041375546003839,0.24904541700344643,2.46870082927069e-16,5.417857335628143e-16,True
COc1ccc(-c2cc(CCCC(=O)NC[*:1])no2)cc1,OCNT-0479245-AA-001,OCNT-0479247-AA-001,COc1ccc(C[*:1])c(OC)c1,COc1ccc(OC)c(C[*:1])c1,-1.1422956482933535,0.2389389230417199,-3.1836711942971925,0.0702268523150765,2.041375546003839,2.041375546003839,0.24904541700344643,2.46870082927069e-16,5.417857335628143e-16,True
O=C(c1ccc2c(c1)N([*:1])C(=O)C1CCCCN21)N1CCCC1,OCNT-0460695-AA-001,OCNT-0460713-AA-001,CCN(Cc1ccccc1)C(=O)C[*:1],O=C(C[*:1])NCc1cccc(Cl)c1,-3.2062900682805795,0.2354907305228085,-1.1703615681468291,0.0498441774390733,-2.0359285001337506,2.0359285001337506,0.24070796868143737,2.7180358152257568e-17,6.068461350234879e-17,True
O=C(c1ccc2c(c1)N(C[*:1])C(=O)C1CCCCN21)N1CCCC1,OCNT-0460695-AA-001,OCNT-0460713-AA-001,CCN(Cc1ccccc1)C(=O)[*:1],O=C(NCc1cccc(Cl)c1)[*:1],-3.2062900682805795,0.2354907305228085,-1.1703615681468291,0.0498441774390733,-2.0359285001337506,2.0359285001337506,0.24070796868143737,2.7180358152257568e-17,6.068461350234879e-17,True
CC(NC(=O)C(=O)N[*:1])C(c1cccs1)N1CCN(Cc2ccccc2)CC1,OCNT-0454892-AA-001,OCNT-0454890-AA-001,c1ccc2c(CC[*:1])c[nH]c2c1,CCN(CC)CC[*:1],-0.5195445211863003,0.0890118515751888,-2.5480442690482437,0.1705969914935838,2.028499747861943,2.028499747861943,0.19242256423690374,5.536782375360452e-26,1.520595563693269e-25,True
CC(NC(=O)C(=O)NC[*:1])C(c1cccs1)N1CCN(Cc2ccccc2)CC1,OCNT-0454892-AA-001,OCNT-0454890-AA-001,c1ccc2c(C[*:1])c[nH]c2c1,CCN(CC)C[*:1],-0.5195445211863003,0.0890118515751888,-2.5480442690482437,0.1705969914935838,2.028499747861943,2.028499747861943,0.19242256423690374,5.536782375360452e-26,1.520595563693269e-25,True
CC(NC(=O)C(=O)NCC[*:1])C(c1cccs1)N1CCN(Cc2ccccc2)CC1,OCNT-0454892-AA-001,OCNT-0454890-AA-001,c1ccc2c([*:1])c[nH]c2c1,CCN(CC)[*:1],-0.5195445211863003,0.0890118515751888,-2.5480442690482437,0.1705969914935838,2.028499747861943,2.028499747861943,0.19242256423690374,5.536782375360452e-26,1.520595563693269e-25,True
CCOC(=O)c1c(C)c(-c2ccccc2)n(CC(=O)NCC[*:1])c1C,OCNT-0454857-AA-001,OCNT-0454859-AA-001,CCN(CC)C[*:1],CCCN(CCC)[*:1],-0.7932936071511292,0.024816148679595,-2.817241097387743,0.1548988993667429,2.0239474902366137,2.0239474902366137,0.1568741860865455,4.4013749019878315e-38,1.502114977010352e-37,True
CCOC(=O)c1c(C)c(-c2ccccc2)n(CC(=O)N[*:1])c1C,OCNT-0454857-AA-001,OCNT-0454859-AA-001,CCN(CC)CCC[*:1],CCCN(CCC)CC[*:1],-0.7932936071511292,0.024816148679595,-2.817241097387743,0.1548988993667429,2.0239474902366137,2.0239474902366137,0.1568741860865455,4.4013749019878315e-38,1.502114977010352e-37,True
CCOC(=O)c1c(C)c(-c2ccccc2)n(C[*:1])c1C,OCNT-0454857-AA-001,OCNT-0454859-AA-001,CCN(CC)CCCNC(=O)[*:1],CCCN(CCC)CCNC(=O)[*:1],-0.7932936071511292,0.024816148679595,-2.817241097387743,0.1548988993667429,2.0239474902366137,2.0239474902366137,0.1568741860865455,4.4013749019878315e-38,1.502114977010352e-37,True
CCOC(=O)c1c(C)c(-c2ccccc2)n([*:1])c1C,OCNT-0454857-AA-001,OCNT-0454859-AA-001,CCN(CC)CCCNC(=O)C[*:1],CCCN(CCC)CCNC(=O)C[*:1],-0.7932936071511292,0.024816148679595,-2.817241097387743,0.1548988993667429,2.0239474902366137,2.0239474902366137,0.1568741860865455,4.4013749019878315e-38,1.502114977010352e-37,True
CCOC(=O)c1c(C)c(-c2ccccc2)n(CC(=O)NC[*:1])c1C,OCNT-0454857-AA-001,OCNT-0454859-AA-001,CCN(CC)CC[*:1],CCCN(CCC)C[*:1],-0.7932936071511292,0.024816148679595,-2.817241097387743,0.1548988993667429,2.0239474902366137,2.0239474902366137,0.1568741860865455,4.4013749019878315e-38,1.502114977010352e-37,True
O=S(=O)(N1CCC2(CC1)NCCN=C2NCc1ccc(F)cc1)[*:1],OCNT-0462817-AQ-001,OCNT-0462789-AQ-001,c1cc2c(cc1[*:1])CCCC2,CCCc1ccc([*:1])cc1,-2.3164007671073112,0.0633014723721093,-0.2986372105016869,0.0309653305372467,-2.0177635566056242,2.0177635566056242,0.07046934155899189,2.5943694879191484e-180,2.470203166123796e-179,True
CCCCN(CCCNC(=O)C[*:1])Cc1ccccc1,OCNT-0455112-AA-001,OCNT-0461684-AA-001,O=c1c2sccc2cnn1[*:1],CCC1Oc2ccccc2N([*:1])C1=O,-2.221471776070187,0.0237467002622772,-4.235551346552696,0.260571073268064,2.014079570482509,2.014079570482509,0.2616508933625437,1.386635981664397e-14,2.907539200627917e-14,True
COc1ccc(C(=O)N[C@@H]2CCC[C@@H]2C(=O)N[*:1])cc1,OCNT-0475202-AA-001,OCNT-0475194-AA-001,CC(C)OCCC[*:1],c1ccc2c(c1)CCCN2CCC[*:1],-1.2867985301789662,0.0646481324332473,-3.298404795133159,0.0609797780260943,2.011606264954193,2.011606264954193,0.08887021073013394,1.946163022430098e-113,1.360645975967557e-112,True
COc1ccc(C(=O)N[C@@H]2CCC[C@@H]2C(=O)NCC[*:1])cc1,OCNT-0475202-AA-001,OCNT-0475194-AA-001,CC(C)OC[*:1],c1ccc2c(c1)CCCN2C[*:1],-1.2867985301789662,0.0646481324332473,-3.298404795133159,0.0609797780260943,2.011606264954193,2.011606264954193,0.08887021073013394,1.946163022430098e-113,1.360645975967557e-112,True
COc1ccc(C(=O)N[C@@H]2CCC[C@@H]2C(=O)NC[*:1])cc1,OCNT-0475202-AA-001,OCNT-0475194-AA-001,CC(C)OCC[*:1],c1ccc2c(c1)CCCN2CC[*:1],-1.2867985301789662,0.0646481324332473,-3.298404795133159,0.0609797780260943,2.011606264954193,2.011606264954193,0.08887021073013394,1.946163022430098e-113,1.360645975967557e-112,True
COc1ccc(C(=O)N[C@@H]2CCC[C@@H]2C(=O)NCCC[*:1])cc1,OCNT-0475202-AA-001,OCNT-0475194-AA-001,CC(C)O[*:1],c1ccc2c(c1)CCCN2[*:1],-1.2867985301789662,0.0646481324332473,-3.298404795133159,0.0609797780260943,2.011606264954193,2.011606264954193,0.08887021073013394,1.946163022430098e-113,1.360645975967557e-112,True
O=C(c1ccc2c(c1)N(C[*:1])C(=O)C1CCCCN21)N1CCCC1,OCNT-0460909-AA-001,OCNT-0460713-AA-001,CCOc1ccc(CNC(=O)[*:1])cc1,O=C(NCc1cccc(Cl)c1)[*:1],-3.166234545412621,0.0250104715745113,-1.1703615681468291,0.0498441774390733,-1.995872977265792,1.995872977265792,0.0557670665622396,1.6112661709591962e-280,2.0116164899679354e-279,True
O=C(CN1C(=O)C2CCCCN2c2ccc(C(=O)N3CCCC3)cc21)NC[*:1],OCNT-0460909-AA-001,OCNT-0460713-AA-001,CCOc1ccc([*:1])cc1,Clc1cccc([*:1])c1,-3.166234545412621,0.0250104715745113,-1.1703615681468291,0.0498441774390733,-1.995872977265792,1.995872977265792,0.0557670665622396,1.6112661709591962e-280,2.0116164899679354e-279,True
O=C(CN1C(=O)C2CCCCN2c2ccc(C(=O)N3CCCC3)cc21)N[*:1],OCNT-0460909-AA-001,OCNT-0460713-AA-001,CCOc1ccc(C[*:1])cc1,Clc1cccc(C[*:1])c1,-3.166234545412621,0.0250104715745113,-1.1703615681468291,0.0498441774390733,-1.995872977265792,1.995872977265792,0.0557670665622396,1.6112661709591962e-280,2.0116164899679354e-279,True
O=C(c1ccc2c(c1)N(C[*:1])C(=O)C1CCCCN21)N1CCCC1,OCNT-0460815-AA-001,OCNT-0460907-AA-001,Cc1cc(C)cc(NC(=O)[*:1])c1,CSc1ccc(CNC(=O)[*:1])cc1,-1.0996566169787236,0.3324528816858893,-3.0931429938728816,0.0389630921965902,1.993486376894158,1.993486376894158,0.3347283093716035,2.5922139499132657e-09,4.6916771711817765e-09,True
O=C(c1ccc2c(c1)N([*:1])C(=O)C1CCCCN21)N1CCCC1,OCNT-0460815-AA-001,OCNT-0460907-AA-001,Cc1cc(C)cc(NC(=O)C[*:1])c1,CSc1ccc(CNC(=O)C[*:1])cc1,-1.0996566169787236,0.3324528816858893,-3.0931429938728816,0.0389630921965902,1.993486376894158,1.993486376894158,0.3347283093716035,2.5922139499132657e-09,4.6916771711817765e-09,True
O=C(CN1C(=O)C2CCCCN2c2ccc(C(=O)N3CCCC3)cc21)N[*:1],OCNT-0460815-AA-001,OCNT-0460907-AA-001,Cc1cc(C)cc([*:1])c1,CSc1ccc(C[*:1])cc1,-1.0996566169787236,0.3324528816858893,-3.0931429938728816,0.0389630921965902,1.993486376894158,1.993486376894158,0.3347283093716035,2.5922139499132657e-09,4.6916771711817765e-09,True
O=C(N[*:1])c1cccc(CN2C(=O)C3CCCN3C(=O)c3ccccc32)c1,OCNT-0462603-AA-001,OCNT-0462732-AA-001,Cc1ccc(C(C)[*:1])cc1C,COc1ccc(OC)c(C[*:1])c1,-3.5601591024882353,0.3736645490016198,-1.590567985199849,0.0862476576434575,-1.9695911172883862,1.9695911172883862,0.3834890528158098,2.8068135566289665e-07,4.840220417950022e-07,True
CCOc1ccc(C(=O)N/C(=N/c2cccc([*:1])c2)NCCc2c[nH]c3ccccc23)cc1OCC,OCNT-0456960-AA-001,OCNT-0456898-AA-001,F[*:1],C[*:1],-2.1956242967856587,0.1319052614911764,-0.2310662550477911,0.0405105131126085,-1.9645580417378676,1.9645580417378676,0.13798586768833412,5.369848076363336e-46,2.0531278504470443e-45,True
CCOc1ccc(C(=O)N/C(=N/[*:1])NCCc2c[nH]c3ccccc23)cc1OCC,OCNT-0456960-AA-001,OCNT-0456898-AA-001,Fc1cccc([*:1])c1,Cc1cccc([*:1])c1,-2.1956242967856587,0.1319052614911764,-0.2310662550477911,0.0405105131126085,-1.9645580417378676,1.9645580417378676,0.13798586768833412,5.369848076363336e-46,2.0531278504470443e-45,True
O=C(NC[*:1])c1cccc(CN2C(=O)C3CCCN3C(=O)c3ccccc32)c1,OCNT-0462676-AA-001,OCNT-0462633-AA-001,Fc1ccc([*:1])c(Cl)c1,CCOc1cccc([*:1])c1,-1.8558302941902816,0.1111706837826298,-3.809867752683608,0.026236984595034,1.9540374584933264,1.9540374584933264,0.1142247796817202,1.317212603571663e-65,6.222430967065365e-65,True
O=C1C2CCCN2C(=O)c2ccccc2N1Cc1cccc([*:1])c1,OCNT-0462676-AA-001,OCNT-0462633-AA-001,O=C(NCc1ccc(F)cc1Cl)[*:1],CCOc1cccc(CNC(=O)[*:1])c1,-1.8558302941902816,0.1111706837826298,-3.809867752683608,0.026236984595034,1.9540374584933264,1.9540374584933264,0.1142247796817202,1.317212603571663e-65,6.222430967065365e-65,True
O=C(N[*:1])c1cccc(CN2C(=O)C3CCCN3C(=O)c3ccccc32)c1,OCNT-0462676-AA-001,OCNT-0462633-AA-001,Fc1ccc(C[*:1])c(Cl)c1,CCOc1cccc(C[*:1])c1,-1.8558302941902816,0.1111706837826298,-3.809867752683608,0.026236984595034,1.9540374584933264,1.9540374584933264,0.1142247796817202,1.317212603571663e-65,6.222430967065365e-65,True
CCOc1ccc(-c2cc(CCC[*:1])no2)cc1,OCNT-0479472-AA-001,OCNT-0479500-AA-001,CCc1ccc(NC(=O)[*:1])cc1,COc1cccc(CNC(=O)[*:1])c1,0.3865758036102921,0.0440010569004856,-1.5662118204907234,0.0474318646202159,1.9527876241010156,1.9527876241010156,0.06469833683882655,3.963678469431408e-200,3.8796484858794625e-199,True
CCOc1ccc(-c2cc(CC[*:1])no2)cc1,OCNT-0479472-AA-001,OCNT-0479500-AA-001,CCc1ccc(NC(=O)C[*:1])cc1,COc1cccc(CNC(=O)C[*:1])c1,0.3865758036102921,0.0440010569004856,-1.5662118204907234,0.0474318646202159,1.9527876241010156,1.9527876241010156,0.06469833683882655,3.963678469431408e-200,3.8796484858794625e-199,True
CCOc1ccc(-c2cc(CCCC(=O)N[*:1])no2)cc1,OCNT-0479472-AA-001,OCNT-0479500-AA-001,CCc1ccc([*:1])cc1,COc1cccc(C[*:1])c1,0.3865758036102921,0.0440010569004856,-1.5662118204907234,0.0474318646202159,1.9527876241010156,1.9527876241010156,0.06469833683882655,3.963678469431408e-200,3.8796484858794625e-199,True
CCCn1c(=O)c2c(C(=O)NC[*:1])cc(=O)n(CCC)c2n(C)c1=O,OCNT-0458584-AA-001,OCNT-0458590-AA-001,c1cncc([*:1])c1,C1CCN(CC[*:1])CC1,-2.072305771759813,0.3072614560354632,-0.1254366618624483,0.0260451000274589,-1.9468691098973647,1.9468691098973647,0.3083633402343301,2.7269619571503457e-10,5.082159869875778e-10,True
CCCn1c(=O)c2c([*:1])cc(=O)n(CCC)c2n(C)c1=O,OCNT-0458584-AA-001,OCNT-0458590-AA-001,O=C(NCc1cccnc1)[*:1],O=C(NCCCN1CCCCC1)[*:1],-2.072305771759813,0.3072614560354632,-0.1254366618624483,0.0260451000274589,-1.9468691098973647,1.9468691098973647,0.3083633402343301,2.7269619571503457e-10,5.082159869875778e-10,True
CCCn1c(=O)c2c(C(=O)N[*:1])cc(=O)n(CCC)c2n(C)c1=O,OCNT-0458584-AA-001,OCNT-0458590-AA-001,c1cncc(C[*:1])c1,C1CCN(CCC[*:1])CC1,-2.072305771759813,0.3072614560354632,-0.1254366618624483,0.0260451000274589,-1.9468691098973647,1.9468691098973647,0.3083633402343301,2.7269619571503457e-10,5.082159869875778e-10,True
c1ccc(COCCc2noc([*:1])n2)cc1,OCNT-0475042-AA-001,OCNT-0475046-AA-001,O=C(C1CCC1)N1CCCC([*:1])C1,O=C(C1CCCC1)N1CCCC([*:1])C1,-1.8687691303209748,0.0675086418839691,-3.8121057329407817,0.13447610105604,1.943336602619807,1.943336602619807,0.1504700584310788,3.699391191352458e-38,1.2731941273191935e-37,True
O=C(N1CCCC(c2nc(CCOCc3ccccc3)no2)C1)[*:1],OCNT-0475042-AA-001,OCNT-0475046-AA-001,C1CC([*:1])C1,C1CCC([*:1])C1,-1.8687691303209748,0.0675086418839691,-3.8121057329407817,0.13447610105604,1.943336602619807,1.943336602619807,0.1504700584310788,3.699391191352458e-38,1.2731941273191935e-37,True
O=C1C2CCCN2C(=O)c2ccccc2N1Cc1ccc([*:1])cc1,OCNT-0462806-AA-001,OCNT-0462547-AA-001,Cc1noc(C)c1CNC(=O)[*:1],CCc1ccc(CNC(=O)[*:1])cc1,-1.4956836443571435,0.0389488465984688,-3.4291076642516174,0.0261585450106912,1.9334240198944739,1.9334240198944739,0.04691782314246273,0.0,0.0,True
O=C(NC[*:1])c1ccc(CN2C(=O)C3CCCN3C(=O)c3ccccc32)cc1,OCNT-0462806-AA-001,OCNT-0462547-AA-001,Cc1noc(C)c1[*:1],CCc1ccc([*:1])cc1,-1.4956836443571435,0.0389488465984688,-3.4291076642516174,0.0261585450106912,1.9334240198944739,1.9334240198944739,0.04691782314246273,0.0,0.0,True
O=C(N[*:1])c1ccc(CN2C(=O)C3CCCN3C(=O)c3ccccc32)cc1,OCNT-0462806-AA-001,OCNT-0462547-AA-001,Cc1noc(C)c1C[*:1],CCc1ccc(C[*:1])cc1,-1.4956836443571435,0.0389488465984688,-3.4291076642516174,0.0261585450106912,1.9334240198944739,1.9334240198944739,0.04691782314246273,0.0,0.0,True
O=C(c1cc2ccccc2[nH]1)N1CCC([*:1])CC1,OCNT-0461841-AA-001,OCNT-0461813-AA-001,CC(C)OCCCNC(=O)C(C)[*:1],CCOCCCNC(=O)C[*:1],-2.2904858140116175,0.0847573861848719,-0.359572686554181,0.0195392934557144,-1.9309131274574365,1.9309131274574365,0.08698044896205145,3.481230814280237e-109,2.386154566538863e-108,True
O=C(N[*:1])c1ccc(CN2C(=O)C3CCCN3C(=O)c3ccccc32)cc1,OCNT-0462545-AA-001,OCNT-0462830-AA-001,CCOc1cccc(C[*:1])c1,COc1cc(C[*:1])cc(OC)c1,-2.3336478199719664,0.0988007014677595,-0.4087700937021692,0.0471887768171994,-1.9248777262697971,1.9248777262697971,0.10949136618028286,3.4947639955484247e-69,1.7596064808862131e-68,True
O=C(NC[*:1])c1ccc(CN2C(=O)C3CCCN3C(=O)c3ccccc32)cc1,OCNT-0462545-AA-001,OCNT-0462830-AA-001,CCOc1cccc([*:1])c1,COc1cc(OC)cc([*:1])c1,-2.3336478199719664,0.0988007014677595,-0.4087700937021692,0.0471887768171994,-1.9248777262697971,1.9248777262697971,0.10949136618028286,3.4947639955484247e-69,1.7596064808862131e-68,True
O=C(c1ccc2c(c1)N(C[*:1])C(=O)C1CCCCN21)N1CCCC1,OCNT-0460907-AA-001,OCNT-0460713-AA-001,CSc1ccc(CNC(=O)[*:1])cc1,O=C(NCc1cccc(Cl)c1)[*:1],-3.0931429938728816,0.0389630921965902,-1.1703615681468291,0.0498441774390733,-1.9227814257260525,1.9227814257260525,0.06326582472471066,6.985068432482011e-203,7.092308072316797e-202,True
O=C(CN1C(=O)C2CCCCN2c2ccc(C(=O)N3CCCC3)cc21)N[*:1],OCNT-0460907-AA-001,OCNT-0460713-AA-001,CSc1ccc(C[*:1])cc1,Clc1cccc(C[*:1])c1,-3.0931429938728816,0.0389630921965902,-1.1703615681468291,0.0498441774390733,-1.9227814257260525,1.9227814257260525,0.06326582472471066,6.985068432482011e-203,7.092308072316797e-202,True
O=C(c1ccc2c(c1)N([*:1])C(=O)C1CCCCN21)N1CCCC1,OCNT-0460907-AA-001,OCNT-0460713-AA-001,CSc1ccc(CNC(=O)C[*:1])cc1,O=C(C[*:1])NCc1cccc(Cl)c1,-3.0931429938728816,0.0389630921965902,-1.1703615681468291,0.0498441774390733,-1.9227814257260525,1.9227814257260525,0.06326582472471066,6.985068432482011e-203,7.092308072316797e-202,True
O=C(CN1C(=O)C2CCCCN2c2ccc(C(=O)N3CCCC3)cc21)NC[*:1],OCNT-0460907-AA-001,OCNT-0460713-AA-001,CSc1ccc([*:1])cc1,Clc1cccc([*:1])c1,-3.0931429938728816,0.0389630921965902,-1.1703615681468291,0.0498441774390733,-1.9227814257260525,1.9227814257260525,0.06326582472471066,6.985068432482011e-203,7.092308072316797e-202,True
O=C(N1CCCC(c2nc(CCOCc3ccccc3)no2)C1)[*:1],OCNT-0475042-AA-001,OCNT-0475064-AA-001,C1CC([*:1])C1,CC(C)[*:1],-1.8687691303209748,0.0675086418839691,-3.7878488381015543,0.0922397232013981,1.9190797077805795,1.9190797077805795,0.11430478233778553,2.930298335324617e-63,1.3503653533972386e-62,True
c1ccc(COCCc2noc([*:1])n2)cc1,OCNT-0475042-AA-001,OCNT-0475064-AA-001,O=C(C1CCC1)N1CCCC([*:1])C1,CC(C)C(=O)N1CCCC([*:1])C1,-1.8687691303209748,0.0675086418839691,-3.7878488381015543,0.0922397232013981,1.9190797077805795,1.9190797077805795,0.11430478233778553,2.930298335324617e-63,1.3503653533972386e-62,True
CCN(CCNC(=O)[*:1])c1ccccc1,OCNT-0461704-AA-001,OCNT-0479232-AA-001,O=C1COc2ccccc2N1CC[*:1],O=C1CCCN1c1cccc([*:1])c1,-3.5842363820657708,0.0993792173194143,-1.6708361052558949,0.055567480294998,-1.913400276809876,1.913400276809876,0.11385944713265723,2.2456962978510172e-63,1.0387937317280602e-62,True
COc1ccc(-c2cc3nc(C)c(CCC(=O)N[*:1])c(C)n3n2)c(OC)c1,OCNT-0479411-AA-001,OCNT-0479413-AA-001,COC(=O)C(C(C)C)[*:1],CC(CCc1ccccc1)[*:1],-1.4552104021517165,0.0696612379302622,-3.368500996882944,0.0741847952921142,1.9132905947312273,1.9132905947312273,0.10176478724249116,7.395744023305083e-79,4.0305981347500087e-78,True
COc1ccc(-c2cc3nc(C)c(CC[*:1])c(C)n3n2)c(OC)c1,OCNT-0479411-AA-001,OCNT-0479413-AA-001,COC(=O)C(NC(=O)[*:1])C(C)C,CC(CCc1ccccc1)NC(=O)[*:1],-1.4552104021517165,0.0696612379302622,-3.368500996882944,0.0741847952921142,1.9132905947312273,1.9132905947312273,0.10176478724249116,7.395744023305083e-79,4.0305981347500087e-78,True
COc1ccc(-c2cc3nc(C)c([*:1])c(C)n3n2)c(OC)c1,OCNT-0479411-AA-001,OCNT-0479389-AA-001,COC(=O)C(NC(=O)CC[*:1])C(C)C,CC(NC(=O)CC[*:1])c1ccccc1,-1.4552104021517165,0.0696612379302622,-3.366182552116769,0.1510809866722298,1.9109721499650525,1.9109721499650525,0.1663675226834585,1.5432512886251534e-30,4.6449396104129766e-30,True
COc1ccc(-c2cc3nc(C)c(CC[*:1])c(C)n3n2)c(OC)c1,OCNT-0479411-AA-001,OCNT-0479389-AA-001,COC(=O)C(NC(=O)[*:1])C(C)C,CC(NC(=O)[*:1])c1ccccc1,-1.4552104021517165,0.0696612379302622,-3.366182552116769,0.1510809866722298,1.9109721499650525,1.9109721499650525,0.1663675226834585,1.5432512886251534e-30,4.6449396104129766e-30,True
COc1ccc(-c2cc3nc(C)c(CCC(=O)N[*:1])c(C)n3n2)c(OC)c1,OCNT-0479411-AA-001,OCNT-0479389-AA-001,COC(=O)C(C(C)C)[*:1],CC(c1ccccc1)[*:1],-1.4552104021517165,0.0696612379302622,-3.366182552116769,0.1510809866722298,1.9109721499650525,1.9109721499650525,0.1663675226834585,1.5432512886251534e-30,4.6449396104129766e-30,True
COc1ccc(-c2cc3nc(C)c(C[*:1])c(C)n3n2)c(OC)c1,OCNT-0479411-AA-001,OCNT-0479389-AA-001,COC(=O)C(NC(=O)C[*:1])C(C)C,CC(NC(=O)C[*:1])c1ccccc1,-1.4552104021517165,0.0696612379302622,-3.366182552116769,0.1510809866722298,1.9109721499650525,1.9109721499650525,0.1663675226834585,1.5432512886251534e-30,4.6449396104129766e-30,True
CCCn1c(=O)c2c([*:1])cc(=O)n(CCC)c2n(C)c1=O,OCNT-0458584-AA-001,OCNT-0458566-AA-001,O=C(NCc1cccnc1)[*:1],O=C(NCc1ccccn1)[*:1],-2.072305771759813,0.3072614560354632,-0.1618058835506488,0.0336417155216268,-1.9104998882091642,1.9104998882091642,0.3090976664232051,6.3739636210796e-10,1.1700741921066602e-09,True
CCCn1c(=O)c2c(C(=O)N[*:1])cc(=O)n(CCC)c2n(C)c1=O,OCNT-0458584-AA-001,OCNT-0458566-AA-001,c1cncc(C[*:1])c1,c1ccc(C[*:1])nc1,-2.072305771759813,0.3072614560354632,-0.1618058835506488,0.0336417155216268,-1.9104998882091642,1.9104998882091642,0.3090976664232051,6.3739636210796e-10,1.1700741921066602e-09,True
CCCn1c(=O)c2c(C(=O)NC[*:1])cc(=O)n(CCC)c2n(C)c1=O,OCNT-0458584-AA-001,OCNT-0458566-AA-001,c1cncc([*:1])c1,c1ccc([*:1])nc1,-2.072305771759813,0.3072614560354632,-0.1618058835506488,0.0336417155216268,-1.9104998882091642,1.9104998882091642,0.3090976664232051,6.3739636210796e-10,1.1700741921066602e-09,True
O=C(CSc1nc2ccccc2c(=O)n1C[*:1])NCCc1ccccc1,OCNT-0461373-AA-001,OCNT-0461371-AA-001,c1cc2c(cc1[*:1])OCO2,COc1ccccc1[*:1],0.1347195843751431,0.0438994789820301,-1.7612905805806671,0.1722025130866147,1.8960101649558103,1.8960101649558103,0.17771007221944232,1.4196380394870397e-26,3.9565538526478206e-26,True
O=C(CSc1nc2ccccc2c(=O)n1[*:1])NCCc1ccccc1,OCNT-0461373-AA-001,OCNT-0461371-AA-001,c1cc2c(cc1C[*:1])OCO2,COc1ccccc1C[*:1],0.1347195843751431,0.0438994789820301,-1.7612905805806671,0.1722025130866147,1.8960101649558103,1.8960101649558103,0.17771007221944232,1.4196380394870397e-26,3.9565538526478206e-26,True
O=S(=O)(c1ccc2c(c1)CCCC2)N1CCC2(CC1)NCCN=C2N[*:1],OCNT-0462813-AQ-001,OCNT-0462811-AQ-001,Cc1ccc(C[*:1])cc1,Fc1cc(F)cc(C[*:1])c1,-3.9900445831324673,0.0345199567574246,-2.0973200154924765,0.0523161304260004,-1.8927245676399909,1.8927245676399909,0.0626785841997468,2.569339335447776e-200,2.545414313295833e-199,True
O=S(=O)(c1ccc2c(c1)CCCC2)N1CCC2(CC1)NCCN=C2NC[*:1],OCNT-0462813-AQ-001,OCNT-0462811-AQ-001,Cc1ccc([*:1])cc1,Fc1cc(F)cc([*:1])c1,-3.9900445831324673,0.0345199567574246,-2.0973200154924765,0.0523161304260004,-1.8927245676399909,1.8927245676399909,0.0626785841997468,2.569339335447776e-200,2.545414313295833e-199,True
CCOC(=O)c1nc([*:1])c2ccccc2n1,OCNT-0482383-AA-001,OCNT-0482405-AA-001,Fc1ccc(N[*:1])c(F)c1,CC(C)c1ccc(N[*:1])cc1,0.0100241332739748,0.0268316304443415,-1.879245538319792,0.1542542984369503,1.8892696715937667,1.8892696715937667,0.15657051120366644,1.586005635804355e-33,5.1953892781971304e-33,True
CCOC(=O)c1nc(N[*:1])c2ccccc2n1,OCNT-0482383-AA-001,OCNT-0482405-AA-001,Fc1ccc([*:1])c(F)c1,CC(C)c1ccc([*:1])cc1,0.0100241332739748,0.0268316304443415,-1.879245538319792,0.1542542984369503,1.8892696715937667,1.8892696715937667,0.15657051120366644,1.586005635804355e-33,5.1953892781971304e-33,True
COc1ccc(-c2cc3nc(C)c(C[*:1])c(C)n3n2)c(OC)c1,OCNT-0479393-AA-001,OCNT-0479391-AA-001,CCC(C)NC(=O)C[*:1],CC(NC(=O)C[*:1])c1cccs1,-1.2414894945151969,0.024132783187415,-3.1117946716009683,0.2145072764752086,1.8703051770857715,1.8703051770857715,0.21586051719845006,4.538359715224003e-18,1.0546406669661096e-17,True
COc1ccc(-c2cc3nc(C)c(CCC(=O)N[*:1])c(C)n3n2)c(OC)c1,OCNT-0479393-AA-001,OCNT-0479391-AA-001,CCC(C)[*:1],CC(c1cccs1)[*:1],-1.2414894945151969,0.024132783187415,-3.1117946716009683,0.2145072764752086,1.8703051770857715,1.8703051770857715,0.21586051719845006,4.538359715224003e-18,1.0546406669661096e-17,True
COc1ccc(-c2cc3nc(C)c(CCC(=O)NC(C)[*:1])c(C)n3n2)c(OC)c1,OCNT-0479393-AA-001,OCNT-0479391-AA-001,CC[*:1],c1csc([*:1])c1,-1.2414894945151969,0.024132783187415,-3.1117946716009683,0.2145072764752086,1.8703051770857715,1.8703051770857715,0.21586051719845006,4.538359715224003e-18,1.0546406669661096e-17,True
COc1ccc(-c2cc3nc(C)c([*:1])c(C)n3n2)c(OC)c1,OCNT-0479393-AA-001,OCNT-0479391-AA-001,CCC(C)NC(=O)CC[*:1],CC(NC(=O)CC[*:1])c1cccs1,-1.2414894945151969,0.024132783187415,-3.1117946716009683,0.2145072764752086,1.8703051770857715,1.8703051770857715,0.21586051719845006,4.538359715224003e-18,1.0546406669661096e-17,True
COc1ccc(-c2cc3nc(C)c(CC[*:1])c(C)n3n2)c(OC)c1,OCNT-0479393-AA-001,OCNT-0479391-AA-001,CCC(C)NC(=O)[*:1],CC(NC(=O)[*:1])c1cccs1,-1.2414894945151969,0.024132783187415,-3.1117946716009683,0.2145072764752086,1.8703051770857715,1.8703051770857715,0.21586051719845006,4.538359715224003e-18,1.0546406669661096e-17,True
CC1CCn2c(nc3cc(C(=O)NC[*:1])ccc32)C1,OCNT-0482580-AA-001,OCNT-0482558-AA-001,Cc1ccccc1C[*:1],c1ccc(C[*:1])cc1,-3.18569700331899,0.3524155391254872,-1.3309547374655952,0.0316048848309052,-1.854742265853395,1.854742265853395,0.35382987573448704,1.5892799464041963e-07,2.7640142351464593e-07,True
CC1CCn2c(nc3cc(C(=O)N[*:1])ccc32)C1,OCNT-0482580-AA-001,OCNT-0482558-AA-001,Cc1ccccc1CC[*:1],c1ccc(CC[*:1])cc1,-3.18569700331899,0.3524155391254872,-1.3309547374655952,0.0316048848309052,-1.854742265853395,1.854742265853395,0.35382987573448704,1.5892799464041963e-07,2.7640142351464593e-07,True
CC1CCn2c(nc3cc([*:1])ccc32)C1,OCNT-0482580-AA-001,OCNT-0482558-AA-001,Cc1ccccc1CCNC(=O)[*:1],O=C(NCCc1ccccc1)[*:1],-3.18569700331899,0.3524155391254872,-1.3309547374655952,0.0316048848309052,-1.854742265853395,1.854742265853395,0.35382987573448704,1.5892799464041963e-07,2.7640142351464593e-07,True
CC1CCn2c(nc3cc(C(=O)NCC[*:1])ccc32)C1,OCNT-0482580-AA-001,OCNT-0482558-AA-001,Cc1ccccc1[*:1],c1ccc([*:1])cc1,-3.18569700331899,0.3524155391254872,-1.3309547374655952,0.0316048848309052,-1.854742265853395,1.854742265853395,0.35382987573448704,1.5892799464041963e-07,2.7640142351464593e-07,True
O=C(N[*:1])c1cccc(CN2C(=O)C3CCCN3C(=O)c3ccccc32)c1,OCNT-0462732-AA-001,OCNT-0462601-AA-001,COc1ccc(OC)c(C[*:1])c1,Cc1ccc(C(C)[*:1])c(C)c1,-1.590567985199849,0.0862476576434575,-3.4436648686768057,0.0344948645116666,1.8530968834769566,1.8530968834769566,0.09289001090893083,1.517991289024443e-88,8.929145875583682e-88,True
Cc1c(N2CCC(C(=O)NC[*:1])CC2)c(=O)n(C)c(=O)n1-c1ccccc1,OCNT-0458462-AA-001,OCNT-0458456-AA-001,COc1ccc(OC)c([*:1])c1,CCc1ccc([*:1])cc1,-1.0503626226672118,0.0259659135553508,-2.89666337033396,0.2730132371361805,1.8463007476667483,1.8463007476667483,0.27424524848817394,1.670041129589219e-11,3.253654971421034e-11,True
Cc1c(N2CCC(C(=O)N[*:1])CC2)c(=O)n(C)c(=O)n1-c1ccccc1,OCNT-0458462-AA-001,OCNT-0458456-AA-001,COc1ccc(OC)c(C[*:1])c1,CCc1ccc(C[*:1])cc1,-1.0503626226672118,0.0259659135553508,-2.89666337033396,0.2730132371361805,1.8463007476667483,1.8463007476667483,0.27424524848817394,1.670041129589219e-11,3.253654971421034e-11,True
O=S(=O)(c1ccc2c(c1)CCCC2)N1CCC2(CC1)NCCN=C2NC[*:1],OCNT-0462813-AQ-001,OCNT-0462819-AQ-001,Cc1ccc([*:1])cc1,Cc1cccc([*:1])c1,-3.9900445831324673,0.0345199567574246,-2.1477189085101727,0.0959006459431612,-1.8423256746222947,1.8423256746222947,0.10192429203506898,4.976349596097867e-73,2.6357418748163376e-72,True
O=S(=O)(c1ccc2c(c1)CCCC2)N1CCC2(CC1)NCCN=C2N[*:1],OCNT-0462813-AQ-001,OCNT-0462819-AQ-001,Cc1ccc(C[*:1])cc1,Cc1cccc(C[*:1])c1,-3.9900445831324673,0.0345199567574246,-2.1477189085101727,0.0959006459431612,-1.8423256746222947,1.8423256746222947,0.10192429203506898,4.976349596097867e-73,2.6357418748163376e-72,True
Clc1ccc2c([*:1])c3c(nc2c1)CCCC3,OCNT-0479283-AA-001,OCNT-0479265-AA-001,CCc1ccc(N[*:1])cc1,Fc1ccc(N[*:1])c(F)c1,-0.5021789649388988,0.0546523483883267,-2.3383516217458564,0.2614935849250752,1.8361726568069576,1.8361726568069576,0.26714373311258216,6.271098806947741e-12,1.2435477131767523e-11,True
Clc1ccc2c(N[*:1])c3c(nc2c1)CCCC3,OCNT-0479283-AA-001,OCNT-0479265-AA-001,CCc1ccc([*:1])cc1,Fc1ccc([*:1])c(F)c1,-0.5021789649388988,0.0546523483883267,-2.3383516217458564,0.2614935849250752,1.8361726568069576,1.8361726568069576,0.26714373311258216,6.271098806947741e-12,1.2435477131767523e-11,True
CC1CCn2c(nc3cc(C(=O)NC[*:1])ccc32)C1,OCNT-0482584-AA-001,OCNT-0482558-AA-001,Clc1ccccc1C[*:1],c1ccc(C[*:1])cc1,-3.1521211191054728,0.3922938914413725,-1.3309547374655952,0.0316048848309052,-1.8211663816398775,1.8211663816398775,0.3935649450946948,3.7035779758709297e-06,6.169268418622304e-06,True
CC1CCn2c(nc3cc([*:1])ccc32)C1,OCNT-0482584-AA-001,OCNT-0482558-AA-001,O=C(NCCc1ccccc1Cl)[*:1],O=C(NCCc1ccccc1)[*:1],-3.1521211191054728,0.3922938914413725,-1.3309547374655952,0.0316048848309052,-1.8211663816398775,1.8211663816398775,0.3935649450946948,3.7035779758709297e-06,6.169268418622304e-06,True
CC1CCn2c(nc3cc(C(=O)N[*:1])ccc32)C1,OCNT-0482584-AA-001,OCNT-0482558-AA-001,Clc1ccccc1CC[*:1],c1ccc(CC[*:1])cc1,-3.1521211191054728,0.3922938914413725,-1.3309547374655952,0.0316048848309052,-1.8211663816398775,1.8211663816398775,0.3935649450946948,3.7035779758709297e-06,6.169268418622304e-06,True
CC1CCn2c(nc3cc(C(=O)NCC[*:1])ccc32)C1,OCNT-0482584-AA-001,OCNT-0482558-AA-001,Clc1ccccc1[*:1],c1ccc([*:1])cc1,-3.1521211191054728,0.3922938914413725,-1.3309547374655952,0.0316048848309052,-1.8211663816398775,1.8211663816398775,0.3935649450946948,3.7035779758709297e-06,6.169268418622304e-06,True
O=S(=O)(c1ccc2c(c1)CCCC2)N1CCC2(CC1)NCCN=C2N[*:1],OCNT-0462821-AQ-001,OCNT-0462811-AQ-001,Fc1ccccc1C[*:1],Fc1cc(F)cc(C[*:1])c1,-3.902151033823559,0.0332829828187438,-2.0973200154924765,0.0523161304260004,-1.8048310183310825,1.8048310183310825,0.06200592268536191,2.8938327527332005e-186,2.8100034706103737e-185,True
O=S(=O)(c1ccc2c(c1)CCCC2)N1CCC2(CC1)NCCN=C2NC[*:1],OCNT-0462821-AQ-001,OCNT-0462811-AQ-001,Fc1ccccc1[*:1],Fc1cc(F)cc([*:1])c1,-3.902151033823559,0.0332829828187438,-2.0973200154924765,0.0523161304260004,-1.8048310183310825,1.8048310183310825,0.06200592268536191,2.8938327527332005e-186,2.8100034706103737e-185,True
Cc1c(N2CCC([*:1])CC2)c(=O)n(C)c(=O)n1-c1ccccc1,OCNT-0458524-AA-001,OCNT-0458456-AA-001,Cc1ccc(C)c(NC(=O)[*:1])c1,CCc1ccc(CNC(=O)[*:1])cc1,-1.10320707044706,0.0286254231427726,-2.89666337033396,0.2730132371361805,1.7934562998869001,1.7934562998869001,0.27450982223169923,6.433408837699204e-11,1.2222477815100895e-10,True
Cc1c(N2CCC(C(=O)N[*:1])CC2)c(=O)n(C)c(=O)n1-c1ccccc1,OCNT-0458524-AA-001,OCNT-0458456-AA-001,Cc1ccc(C)c([*:1])c1,CCc1ccc(C[*:1])cc1,-1.10320707044706,0.0286254231427726,-2.89666337033396,0.2730132371361805,1.7934562998869001,1.7934562998869001,0.27450982223169923,6.433408837699204e-11,1.2222477815100895e-10,True
O=C(N[*:1])c1ccccc1CN1C(=O)C2CCCN2C(=O)c2ccccc21,OCNT-0462643-AA-001,OCNT-0462760-AA-001,CCOc1cccc(C[*:1])c1,CC(CCc1ccccc1)[*:1],-1.652537675647376,0.0890364930561719,-3.427450010504309,0.161174979722322,1.774912334856933,1.774912334856933,0.18413275424060938,5.455447799227721e-22,1.3805047326484212e-21,True
O=C1C2CCCN2C(=O)c2ccccc2N1Cc1ccccc1[*:1],OCNT-0462643-AA-001,OCNT-0462760-AA-001,CCOc1cccc(CNC(=O)[*:1])c1,CC(CCc1ccccc1)NC(=O)[*:1],-1.652537675647376,0.0890364930561719,-3.427450010504309,0.161174979722322,1.774912334856933,1.774912334856933,0.18413275424060938,5.455447799227721e-22,1.3805047326484212e-21,True
O=C(N/C(=N/c1ccc2c(c1)OCCO2)NCCc1c[nH]c2ccccc12)[*:1],OCNT-0456986-AA-001,OCNT-0456984-AA-001,COc1ccc([*:1])cc1,c1cc2c(cc1[*:1])OCO2,-2.1078879814375884,0.2287875011127531,-0.3386132139313496,0.0247388396423856,-1.7692747675062388,1.7692747675062388,0.23012112213412672,1.4892806538130974e-14,3.1094451876114756e-14,True
O=C(Cn1ncc2c1-c1ccccc1OC2)NC[*:1],OCNT-0454869-AA-001,OCNT-0454871-AA-001,CCCN(CCC)C[*:1],CCCN(CCC)CC[*:1],-2.063622988824402,0.054600436789952,-0.296734890189413,0.0209448354391746,-1.7668880986349889,1.7668880986349889,0.058479858320858204,1.569075208406262e-200,1.56715389182454e-199,True
O=C(Cn1ncc2c1-c1ccccc1OC2)N[*:1],OCNT-0454869-AA-001,OCNT-0454871-AA-001,CCCN(CCC)CC[*:1],CCCN(CCC)CCC[*:1],-2.063622988824402,0.054600436789952,-0.296734890189413,0.0209448354391746,-1.7668880986349889,1.7668880986349889,0.058479858320858204,1.569075208406262e-200,1.56715389182454e-199,True
c1ccc2c(c1)OCc1cnn(C[*:1])c1-2,OCNT-0454869-AA-001,OCNT-0454871-AA-001,CCCN(CCC)CCNC(=O)[*:1],CCCN(CCC)CCCNC(=O)[*:1],-2.063622988824402,0.054600436789952,-0.296734890189413,0.0209448354391746,-1.7668880986349889,1.7668880986349889,0.058479858320858204,1.569075208406262e-200,1.56715389182454e-199,True
O=C(Cn1ncc2c1-c1ccccc1OC2)NCC[*:1],OCNT-0454869-AA-001,OCNT-0454871-AA-001,CCCN(CCC)[*:1],CCCN(CCC)C[*:1],-2.063622988824402,0.054600436789952,-0.296734890189413,0.0209448354391746,-1.7668880986349889,1.7668880986349889,0.058479858320858204,1.569075208406262e-200,1.56715389182454e-199,True
CC(C)N1C(=O)C2(CCCCC2)C1C(=O)NC[*:1],OCNT-0475130-AA-001,OCNT-0475108-AA-001,Cn1c([*:1])nc2ccccc21,O=C1CCCN1CC[*:1],-2.0023491467648,0.1111867084247185,-0.2372800417106573,0.0213594288831673,-1.7650691050541427,1.7650691050541427,0.11321973914710477,8.544755610372761e-55,3.630037669892734e-54,True
CC(C)N1C(=O)C2(CCCCC2)C1C(=O)N[*:1],OCNT-0475130-AA-001,OCNT-0475108-AA-001,Cn1c(C[*:1])nc2ccccc21,O=C1CCCN1CCC[*:1],-2.0023491467648,0.1111867084247185,-0.2372800417106573,0.0213594288831673,-1.7650691050541427,1.7650691050541427,0.11321973914710477,8.544755610372761e-55,3.630037669892734e-54,True
CC(NC(=O)C(=O)NCCc1c[nH]c2ccccc12)C(c1cccs1)[*:1],OCNT-0454892-AA-001,OCNT-0454860-AA-001,c1ccc(CN2CCN([*:1])CC2)cc1,C1CN([*:1])CCO1,-0.5195445211863003,0.0890118515751888,-2.2835015612557177,0.0768992658062842,1.7639570400694173,1.7639570400694173,0.11762910695227177,7.806970608396568e-51,3.162857132242782e-50,True
COCCN1C(=O)c2ccccc2C([*:1])C12CCCCC2,OCNT-0461263-AA-001,OCNT-0461259-AA-001,CCc1nnc(NC(=O)[*:1])s1,Cc1nc(NC(=O)[*:1])sc1C,-1.8144803587500424,0.1439549528984196,-0.055735660558919,0.0373933826519664,-1.7587446981911234,1.7587446981911234,0.14873228812246045,2.9024201206159896e-32,9.152347983437276e-32,True
COCCN1C(=O)c2ccccc2C(C(=O)N[*:1])C12CCCCC2,OCNT-0461263-AA-001,OCNT-0461259-AA-001,CCc1nnc([*:1])s1,Cc1nc([*:1])sc1C,-1.8144803587500424,0.1439549528984196,-0.055735660558919,0.0373933826519664,-1.7587446981911234,1.7587446981911234,0.14873228812246045,2.9024201206159896e-32,9.152347983437276e-32,True
O=S(=O)(c1ccc2c(c1)CCCC2)N1CCC2(CC1)NCCN=C2NC[*:1],OCNT-0462821-AQ-001,OCNT-0462819-AQ-001,Fc1ccccc1[*:1],Cc1cccc([*:1])c1,-3.902151033823559,0.0332829828187438,-2.1477189085101727,0.0959006459431612,-1.7544321253133863,1.7544321253133863,0.10151202311858608,6.317672408910143e-67,3.091868876920624e-66,True
O=S(=O)(c1ccc2c(c1)CCCC2)N1CCC2(CC1)NCCN=C2N[*:1],OCNT-0462821-AQ-001,OCNT-0462819-AQ-001,Fc1ccccc1C[*:1],Cc1cccc(C[*:1])c1,-3.902151033823559,0.0332829828187438,-2.1477189085101727,0.0959006459431612,-1.7544321253133863,1.7544321253133863,0.10151202311858608,6.317672408910143e-67,3.091868876920624e-66,True
O=C(NC[*:1])c1cccc(CN2C(=O)C3CCCN3C(=O)c3ccccc32)c1,OCNT-0462633-AA-001,OCNT-0462696-AA-001,CCOc1cccc([*:1])c1,c1cncc([*:1])c1,-3.809867752683608,0.026236984595034,-2.0572069531953656,0.0599861827990841,-1.7526607994882424,1.7526607994882424,0.06547305924916894,7.38336486348371e-158,6.546048485849506e-157,True
O=C1C2CCCN2C(=O)c2ccccc2N1Cc1cccc([*:1])c1,OCNT-0462633-AA-001,OCNT-0462696-AA-001,CCOc1cccc(CNC(=O)[*:1])c1,O=C(NCc1cccnc1)[*:1],-3.809867752683608,0.026236984595034,-2.0572069531953656,0.0599861827990841,-1.7526607994882424,1.7526607994882424,0.06547305924916894,7.38336486348371e-158,6.546048485849506e-157,True
O=C(N[*:1])c1cccc(CN2C(=O)C3CCCN3C(=O)c3ccccc32)c1,OCNT-0462633-AA-001,OCNT-0462696-AA-001,CCOc1cccc(C[*:1])c1,c1cncc(C[*:1])c1,-3.809867752683608,0.026236984595034,-2.0572069531953656,0.0599861827990841,-1.7526607994882424,1.7526607994882424,0.06547305924916894,7.38336486348371e-158,6.546048485849506e-157,True
Cc1nc(-c2cccc(F)c2)sc1CCNC(=O)C[*:1],OCNT-0482146-AA-001,OCNT-0482222-AA-001,COc1ccc([*:1])cc1,COc1ccc(O[*:1])cc1,-1.8910470355604825,0.0853024065015388,-0.1454733468903478,0.0499907316215237,-1.7455736886701347,1.7455736886701347,0.09887150147038822,9.317822730002206e-70,4.720644352032174e-69,True
Cc1nc(-c2cccc(F)c2)sc1CC[*:1],OCNT-0482146-AA-001,OCNT-0482222-AA-001,COc1ccc(CC(=O)N[*:1])cc1,COc1ccc(OCC(=O)N[*:1])cc1,-1.8910470355604825,0.0853024065015388,-0.1454733468903478,0.0499907316215237,-1.7455736886701347,1.7455736886701347,0.09887150147038822,9.317822730002206e-70,4.720644352032174e-69,True
Cc1nc(-c2cccc(F)c2)sc1CCNC(=O)[*:1],OCNT-0482146-AA-001,OCNT-0482222-AA-001,COc1ccc(C[*:1])cc1,COc1ccc(OC[*:1])cc1,-1.8910470355604825,0.0853024065015388,-0.1454733468903478,0.0499907316215237,-1.7455736886701347,1.7455736886701347,0.09887150147038822,9.317822730002206e-70,4.720644352032174e-69,True
O=C(CN1C(=O)CSc2ccc(C(=O)N3CCCC3)cc21)NC[*:1],OCNT-0457739-AA-001,OCNT-0457908-AA-001,CCOc1ccccc1[*:1],COc1ccc([*:1])cc1,-3.15669865044816,0.2291634722571728,-1.4163003003070784,0.0416079944641864,-1.7403983501410814,1.7403983501410814,0.23291011618282229,7.874315660813099e-14,1.6178379867346477e-13,True
O=C(CN1C(=O)CSc2ccc(C(=O)N3CCCC3)cc21)N[*:1],OCNT-0457739-AA-001,OCNT-0457908-AA-001,CCOc1ccccc1C[*:1],COc1ccc(C[*:1])cc1,-3.15669865044816,0.2291634722571728,-1.4163003003070784,0.0416079944641864,-1.7403983501410814,1.7403983501410814,0.23291011618282229,7.874315660813099e-14,1.6178379867346477e-13,True
O=C(c1ccc2c(c1)N(C[*:1])C(=O)CS2)N1CCCC1,OCNT-0457739-AA-001,OCNT-0457908-AA-001,CCOc1ccccc1CNC(=O)[*:1],COc1ccc(CNC(=O)[*:1])cc1,-3.15669865044816,0.2291634722571728,-1.4163003003070784,0.0416079944641864,-1.7403983501410814,1.7403983501410814,0.23291011618282229,7.874315660813099e-14,1.6178379867346477e-13,True
Cc1nc2ccccc2c2oc(C(=O)NC[*:1])cc12,OCNT-0479433-AA-001,OCNT-0479435-AA-001,CCOc1ccc([*:1])cc1,CCOc1ccc(C[*:1])cc1,-1.7264032672133791,0.1137233699979957,-3.459380034517736,0.0458086444021581,1.732976767304357,1.732976767304357,0.12260276010622435,2.3148901264821694e-45,8.809542985228411e-45,True
Cc1nc2ccccc2c2oc(C(=O)N[*:1])cc12,OCNT-0479433-AA-001,OCNT-0479435-AA-001,CCOc1ccc(C[*:1])cc1,CCOc1ccc(CC[*:1])cc1,-1.7264032672133791,0.1137233699979957,-3.459380034517736,0.0458086444021581,1.732976767304357,1.732976767304357,0.12260276010622435,2.3148901264821694e-45,8.809542985228411e-45,True
O=C(Cn1nc2c(cc1=O)CCCCC2)NC[*:1],OCNT-0461426-AA-001,OCNT-0461396-AA-001,c1ccc2[nH]c([*:1])nc2c1,COc1ccc2[nH]cc(C[*:1])c2c1,-0.4869279500774779,0.040660010214493,-2.218824955220785,0.1392094859989401,1.731897005143307,1.731897005143307,0.14502591983066948,7.149837665787893e-33,2.287013433749408e-32,True
O=C(Cn1nc2c(cc1=O)CCCCC2)N[*:1],OCNT-0461426-AA-001,OCNT-0461396-AA-001,c1ccc2[nH]c(C[*:1])nc2c1,COc1ccc2[nH]cc(CC[*:1])c2c1,-0.4869279500774779,0.040660010214493,-2.218824955220785,0.1392094859989401,1.731897005143307,1.731897005143307,0.14502591983066948,7.149837665787893e-33,2.287013433749408e-32,True
CCN(CCCNC(=O)c1nn(-c2ccc(C)cc2)c(=O)c2c1c1ccccc1n2C)[*:1],OCNT-0454717-AA-001,OCNT-0454721-AA-001,CC[*:1],c1ccc(C[*:1])cc1,-1.4750282385215967,0.0775393449555581,-3.203499363101584,0.0233488890504979,1.728471124579987,1.728471124579987,0.0809785195964306,4.357296949187867e-101,2.7694300349773276e-100,True
Cc1ccc(-n2nc(C(=O)NCC[*:1])c3c4ccccc4n(C)c3c2=O)cc1,OCNT-0454717-AA-001,OCNT-0454721-AA-001,CCN(CC)C[*:1],CCN(Cc1ccccc1)C[*:1],-1.4750282385215967,0.0775393449555581,-3.203499363101584,0.0233488890504979,1.728471124579987,1.728471124579987,0.0809785195964306,4.357296949187867e-101,2.7694300349773276e-100,True
Cc1ccc(-n2nc(C(=O)NCCC[*:1])c3c4ccccc4n(C)c3c2=O)cc1,OCNT-0454717-AA-001,OCNT-0454721-AA-001,CCN(CC)[*:1],CCN(Cc1ccccc1)[*:1],-1.4750282385215967,0.0775393449555581,-3.203499363101584,0.0233488890504979,1.728471124579987,1.728471124579987,0.0809785195964306,4.357296949187867e-101,2.7694300349773276e-100,True
Cc1ccc(-n2nc(C(=O)NC[*:1])c3c4ccccc4n(C)c3c2=O)cc1,OCNT-0454717-AA-001,OCNT-0454721-AA-001,CCN(CC)CC[*:1],CCN(CC[*:1])Cc1ccccc1,-1.4750282385215967,0.0775393449555581,-3.203499363101584,0.0233488890504979,1.728471124579987,1.728471124579987,0.0809785195964306,4.357296949187867e-101,2.7694300349773276e-100,True
CCN(CCCNC(=O)c1nn(-c2ccc(C)cc2)c(=O)c2c1c1ccccc1n2C)C[*:1],OCNT-0454717-AA-001,OCNT-0454721-AA-001,C[*:1],c1ccc([*:1])cc1,-1.4750282385215967,0.0775393449555581,-3.203499363101584,0.0233488890504979,1.728471124579987,1.728471124579987,0.0809785195964306,4.357296949187867e-101,2.7694300349773276e-100,True
Cc1ccc(-n2nc(C(=O)N[*:1])c3c4ccccc4n(C)c3c2=O)cc1,OCNT-0454717-AA-001,OCNT-0454721-AA-001,CCN(CC)CCC[*:1],CCN(CCC[*:1])Cc1ccccc1,-1.4750282385215967,0.0775393449555581,-3.203499363101584,0.0233488890504979,1.728471124579987,1.728471124579987,0.0809785195964306,4.357296949187867e-101,2.7694300349773276e-100,True
COc1ccc(C(=O)N[C@@H]2CCC[C@@H]2C(=O)N[*:1])cc1,OCNT-0475202-AA-001,OCNT-0475224-AA-001,CC(C)OCCC[*:1],CCOc1cccc(C[*:1])c1,-1.2867985301789662,0.0646481324332473,-3.0143548016841732,0.1293100958408555,1.727556271505207,1.727556271505207,0.14456998967101684,6.5223688813034e-33,2.097271570637243e-32,True
COc1ccc(C(=O)N[C@@H]2CCC[C@@H]2[*:1])cc1,OCNT-0475202-AA-001,OCNT-0475224-AA-001,CC(C)OCCCNC(=O)[*:1],CCOc1cccc(CNC(=O)[*:1])c1,-1.2867985301789662,0.0646481324332473,-3.0143548016841732,0.1293100958408555,1.727556271505207,1.727556271505207,0.14456998967101684,6.5223688813034e-33,2.097271570637243e-32,True
COc1ccc(C(=O)N[C@@H]2CCC[C@@H]2C(=O)NC[*:1])cc1,OCNT-0475202-AA-001,OCNT-0475224-AA-001,CC(C)OCC[*:1],CCOc1cccc([*:1])c1,-1.2867985301789662,0.0646481324332473,-3.0143548016841732,0.1293100958408555,1.727556271505207,1.727556271505207,0.14456998967101684,6.5223688813034e-33,2.097271570637243e-32,True
CC1CCN(C(=O)c2csc(S(=O)(=O)N3CCC(C(=O)N[*:1])CC3)c2)CC1,OCNT-0458549-AA-001,OCNT-0458511-AA-001,Cc1ccc([*:1])c(C)c1,c1cncc(C[*:1])c1,-1.291991095364857,0.0807096475822894,-2.999812514648117,0.215030998511663,1.70782141928326,1.70782141928326,0.22967885739392765,1.0402134998195748e-13,2.1336147812728412e-13,True
CC1CCN(C(=O)c2csc(S(=O)(=O)N3CCC([*:1])CC3)c2)CC1,OCNT-0458549-AA-001,OCNT-0458511-AA-001,Cc1ccc(NC(=O)[*:1])c(C)c1,O=C(NCc1cccnc1)[*:1],-1.291991095364857,0.0807096475822894,-2.999812514648117,0.215030998511663,1.70782141928326,1.70782141928326,0.22967885739392765,1.0402134998195748e-13,2.1336147812728412e-13,True
O=C(N[*:1])c1cccc(CN2C(=O)C3CCCN3C(=O)c3ccccc32)c1,OCNT-0462603-AA-001,OCNT-0462676-AA-001,Cc1ccc(C(C)[*:1])cc1C,Fc1ccc(C[*:1])c(Cl)c1,-3.5601591024882353,0.3736645490016198,-1.8558302941902816,0.1111706837826298,-1.7043288082979537,1.7043288082979537,0.38985140260525086,1.2326049280972351e-05,1.9935123985815827e-05,True
O=C1C2CCCN2C(=O)c2ccccc2N1Cc1cccc([*:1])c1,OCNT-0462603-AA-001,OCNT-0462676-AA-001,Cc1ccc(C(C)NC(=O)[*:1])cc1C,O=C(NCc1ccc(F)cc1Cl)[*:1],-3.5601591024882353,0.3736645490016198,-1.8558302941902816,0.1111706837826298,-1.7043288082979537,1.7043288082979537,0.38985140260525086,1.2326049280972351e-05,1.9935123985815827e-05,True
CC1c2nc3ccccc3n2C(C[*:1])C(=O)N1Cc1ccccc1,OCNT-0455120-AA-001,OCNT-0455122-AA-001,CCOC(=O)C1CCN(C(=O)[*:1])CC1,CCOC(=O)N1CCN(C(=O)[*:1])CC1,-2.5274266815256974,0.1340799191490234,-0.823146081534543,0.0321286696110602,-1.7042805999911543,1.7042805999911543,0.13787558206580786,4.248182527187651e-35,1.4104888255126434e-34,True
CC(C)N1C(=O)C2(CCCCC2)C1C(=O)N[*:1],OCNT-0475132-AA-001,OCNT-0475108-AA-001,Cn1c(CC[*:1])nc2ccccc21,O=C1CCCN1CCC[*:1],-1.9277493733085056,0.0661858351406165,-0.2372800417106573,0.0213594288831673,-1.6904693315978483,1.6904693315978483,0.06954703426801137,1.6592206841446872e-130,1.2807927489280914e-129,True
CC(C)N1C(=O)C2(CCCCC2)C1C(=O)NCC[*:1],OCNT-0475132-AA-001,OCNT-0475108-AA-001,Cn1c([*:1])nc2ccccc21,O=C1CCCN1C[*:1],-1.9277493733085056,0.0661858351406165,-0.2372800417106573,0.0213594288831673,-1.6904693315978483,1.6904693315978483,0.06954703426801137,1.6592206841446872e-130,1.2807927489280914e-129,True
CC(C)N1C(=O)C2(CCCCC2)C1C(=O)NC[*:1],OCNT-0475132-AA-001,OCNT-0475108-AA-001,Cn1c(C[*:1])nc2ccccc21,O=C1CCCN1CC[*:1],-1.9277493733085056,0.0661858351406165,-0.2372800417106573,0.0213594288831673,-1.6904693315978483,1.6904693315978483,0.06954703426801137,1.6592206841446872e-130,1.2807927489280914e-129,True
O=C(N[*:1])c1ccc(CN2C(=O)C3CCCN3C(=O)c3ccccc32)cc1,OCNT-0462806-AA-001,OCNT-0462537-AA-001,Cc1noc(C)c1C[*:1],CCOc1ccc(C[*:1])cc1,-1.4956836443571435,0.0389488465984688,-3.1780792163612213,0.2539804988551076,1.6823955720040777,1.6823955720040777,0.25694961850534115,5.84808757014448e-11,1.1171171182001204e-10,True
O=C(NC[*:1])c1ccc(CN2C(=O)C3CCCN3C(=O)c3ccccc32)cc1,OCNT-0462806-AA-001,OCNT-0462537-AA-001,Cc1noc(C)c1[*:1],CCOc1ccc([*:1])cc1,-1.4956836443571435,0.0389488465984688,-3.1780792163612213,0.2539804988551076,1.6823955720040777,1.6823955720040777,0.25694961850534115,5.84808757014448e-11,1.1171171182001204e-10,True
O=C1C2CCCN2C(=O)c2ccccc2N1Cc1ccc([*:1])cc1,OCNT-0462806-AA-001,OCNT-0462537-AA-001,Cc1noc(C)c1CNC(=O)[*:1],CCOc1ccc(CNC(=O)[*:1])cc1,-1.4956836443571435,0.0389488465984688,-3.1780792163612213,0.2539804988551076,1.6823955720040777,1.6823955720040777,0.25694961850534115,5.84808757014448e-11,1.1171171182001204e-10,True
O=S(=O)(c1ccc2c(c1)CCCC2)N1CCC2(CC1)NCCN=C2N[*:1],OCNT-0462813-AQ-001,OCNT-0462817-AQ-001,Cc1ccc(C[*:1])cc1,Fc1ccc(C[*:1])cc1,-3.9900445831324673,0.0345199567574246,-2.3164007671073112,0.0633014723721093,-1.673643816025156,1.673643816025156,0.07210203755103861,3.432176883441759e-119,2.522083133267863e-118,True
O=S(=O)(c1ccc2c(c1)CCCC2)N1CCC2(CC1)NCCN=C2NCc1ccc([*:1])cc1,OCNT-0462813-AQ-001,OCNT-0462817-AQ-001,C[*:1],F[*:1],-3.9900445831324673,0.0345199567574246,-2.3164007671073112,0.0633014723721093,-1.673643816025156,1.673643816025156,0.07210203755103861,3.432176883441759e-119,2.522083133267863e-118,True
O=S(=O)(c1ccc2c(c1)CCCC2)N1CCC2(CC1)NCCN=C2NC[*:1],OCNT-0462813-AQ-001,OCNT-0462817-AQ-001,Cc1ccc([*:1])cc1,Fc1ccc([*:1])cc1,-3.9900445831324673,0.0345199567574246,-2.3164007671073112,0.0633014723721093,-1.673643816025156,1.673643816025156,0.07210203755103861,3.432176883441759e-119,2.522083133267863e-118,True
COc1ccc(-c2[nH]c(-c3ccc([*:1])cc3)nc2SCC(=O)Nc2ccc3c(c2)OCCO3)cc1,OCNT-0479368-AA-001,OCNT-0479376-AA-001,CO[*:1],Cl[*:1],-1.5107767894087227,0.048596375670928,0.158886518010742,0.0955222708421307,-1.6696633074194647,1.6696633074194647,0.10717328004305614,1.0096539217470609e-54,4.274434509541623e-54,True
COc1ccc(-c2[nH]c([*:1])nc2SCC(=O)Nc2ccc3c(c2)OCCO3)cc1,OCNT-0479368-AA-001,OCNT-0479376-AA-001,COc1ccc([*:1])cc1,Clc1ccc([*:1])cc1,-1.5107767894087227,0.048596375670928,0.158886518010742,0.0955222708421307,-1.6696633074194647,1.6696633074194647,0.10717328004305614,1.0096539217470609e-54,4.274434509541623e-54,True
CC(=O)Nc1ccc(-c2noc(C3CCCN(C(=O)C[*:1])C3)n2)cc1,OCNT-0463436-AA-001,OCNT-0463468-AA-001,CCOc1ccc([*:1])cc1OCC,COc1ccc(O[*:1])cc1,-3.3179862513620795,0.037503354897556,-1.652326639750597,0.1722827302198095,-1.6656596116114826,1.6656596116114826,0.17631744315456624,3.488937766325841e-21,8.720562527272047e-21,True
CC(=O)Nc1ccc(-c2noc(C3CCCN(C(=O)[*:1])C3)n2)cc1,OCNT-0463436-AA-001,OCNT-0463468-AA-001,CCOc1ccc(C[*:1])cc1OCC,COc1ccc(OC[*:1])cc1,-3.3179862513620795,0.037503354897556,-1.652326639750597,0.1722827302198095,-1.6656596116114826,1.6656596116114826,0.17631744315456624,3.488937766325841e-21,8.720562527272047e-21,True
COc1ccc(-c2cc3nc(C)c(CC[*:1])c(C)n3n2)c(OC)c1,OCNT-0479411-AA-001,OCNT-0479391-AA-001,COC(=O)C(NC(=O)[*:1])C(C)C,CC(NC(=O)[*:1])c1cccs1,-1.4552104021517165,0.0696612379302622,-3.1117946716009683,0.2145072764752086,1.6565842694492519,1.6565842694492519,0.22553505211117003,2.0555926120360925e-13,4.177770034594949e-13,True
COc1ccc(-c2cc3nc(C)c(CCC(=O)N[*:1])c(C)n3n2)c(OC)c1,OCNT-0479411-AA-001,OCNT-0479391-AA-001,COC(=O)C(C(C)C)[*:1],CC(c1cccs1)[*:1],-1.4552104021517165,0.0696612379302622,-3.1117946716009683,0.2145072764752086,1.6565842694492519,1.6565842694492519,0.22553505211117003,2.0555926120360925e-13,4.177770034594949e-13,True
COc1ccc(-c2cc3nc(C)c(C[*:1])c(C)n3n2)c(OC)c1,OCNT-0479411-AA-001,OCNT-0479391-AA-001,COC(=O)C(NC(=O)C[*:1])C(C)C,CC(NC(=O)C[*:1])c1cccs1,-1.4552104021517165,0.0696612379302622,-3.1117946716009683,0.2145072764752086,1.6565842694492519,1.6565842694492519,0.22553505211117003,2.0555926120360925e-13,4.177770034594949e-13,True
COc1ccc(-c2cc3nc(C)c([*:1])c(C)n3n2)c(OC)c1,OCNT-0479411-AA-001,OCNT-0479391-AA-001,COC(=O)C(NC(=O)CC[*:1])C(C)C,CC(NC(=O)CC[*:1])c1cccs1,-1.4552104021517165,0.0696612379302622,-3.1117946716009683,0.2145072764752086,1.6565842694492519,1.6565842694492519,0.22553505211117003,2.0555926120360925e-13,4.177770034594949e-13,True
Cc1nc(-c2ccc(F)cc2)sc1CCNC(=O)[*:1],OCNT-0482094-AA-001,OCNT-0482082-AA-001,c1csc([*:1])c1,Brc1ccc([*:1])cc1,-1.337473437484487,0.0360349541281914,-2.9935971311022325,0.1766014870340068,1.6561236936177455,1.6561236936177455,0.18024040374356504,3.9867082400408124e-20,9.697291315486946e-20,True
Cc1nc(-c2ccc(F)cc2)sc1CC[*:1],OCNT-0482094-AA-001,OCNT-0482082-AA-001,O=C(N[*:1])c1cccs1,O=C(N[*:1])c1ccc(Br)cc1,-1.337473437484487,0.0360349541281914,-2.9935971311022325,0.1766014870340068,1.6561236936177455,1.6561236936177455,0.18024040374356504,3.9867082400408124e-20,9.697291315486946e-20,True
Cc1nc(-c2ccc(F)cc2)sc1[*:1],OCNT-0482094-AA-001,OCNT-0482082-AA-001,O=C(NCC[*:1])c1cccs1,O=C(NCC[*:1])c1ccc(Br)cc1,-1.337473437484487,0.0360349541281914,-2.9935971311022325,0.1766014870340068,1.6561236936177455,1.6561236936177455,0.18024040374356504,3.9867082400408124e-20,9.697291315486946e-20,True
Cc1nc(-c2ccc(F)cc2)sc1C[*:1],OCNT-0482094-AA-001,OCNT-0482082-AA-001,O=C(NC[*:1])c1cccs1,O=C(NC[*:1])c1ccc(Br)cc1,-1.337473437484487,0.0360349541281914,-2.9935971311022325,0.1766014870340068,1.6561236936177455,1.6561236936177455,0.18024040374356504,3.9867082400408124e-20,9.697291315486946e-20,True
CCCCN1C(SC[*:1])=NS(=O)(=O)c2ccccc21,OCNT-0461495-AA-001,OCNT-0461513-AA-001,O=C(NCCCc1ccccc1)[*:1],O=C(N1CCCC1)[*:1],-1.464975695928733,0.0409331793277027,-3.112167907604775,0.0297781640959045,1.6471922116760418,1.6471922116760418,0.050618812973009186,2.7973707505180194e-232,3.183798244891904e-231,True
CCCCN1C(S[*:1])=NS(=O)(=O)c2ccccc21,OCNT-0461495-AA-001,OCNT-0461513-AA-001,O=C(C[*:1])NCCCc1ccccc1,O=C(C[*:1])N1CCCC1,-1.464975695928733,0.0409331793277027,-3.112167907604775,0.0297781640959045,1.6471922116760418,1.6471922116760418,0.050618812973009186,2.7973707505180194e-232,3.183798244891904e-231,True
O=C(Cn1ncc2ccsc2c1=O)NCC[*:1],OCNT-0455112-AA-001,OCNT-0455094-AA-001,CCCCN(Cc1ccccc1)C[*:1],CC(C)CN(CC(C)C)[*:1],-2.221471776070187,0.0237467002622772,-3.855026784183571,0.0234576199244965,1.633555008113384,1.633555008113384,0.033379120807303646,0.0,0.0,True
CCOc1cccc(CNC(=O)[C@H]2CCC[C@H]2[*:1])c1,OCNT-0475196-AA-001,OCNT-0475224-AA-001,Cc1cnc(C(=O)N[*:1])cn1,COc1ccc(C(=O)N[*:1])cc1,-1.383431950931206,0.0599124421174418,-3.0143548016841732,0.1293100958408555,1.6309228507529672,1.6309228507529672,0.1425152679780207,2.524398049767312e-30,7.514844316034809e-30,True
CCOc1cccc(CNC(=O)[C@H]2CCC[C@H]2NC(=O)[*:1])c1,OCNT-0475196-AA-001,OCNT-0475224-AA-001,Cc1cnc([*:1])cn1,COc1ccc([*:1])cc1,-1.383431950931206,0.0599124421174418,-3.0143548016841732,0.1293100958408555,1.6309228507529672,1.6309228507529672,0.1425152679780207,2.524398049767312e-30,7.514844316034809e-30,True
CC(C)N1C(=O)C2(CCCCC2)C1C(=O)N[*:1],OCNT-0475132-AA-001,OCNT-0475110-AA-001,Cn1c(CC[*:1])nc2ccccc21,COc1ccccc1OCC[*:1],-1.9277493733085056,0.0661858351406165,-3.5578308281111384,0.0321263758709987,1.6300814548026328,1.6300814548026328,0.07357084204945295,9.005504591681566e-109,6.0874225789626505e-108,True
CC(C)N1C(=O)C2(CCCCC2)C1C(=O)NC[*:1],OCNT-0475132-AA-001,OCNT-0475110-AA-001,Cn1c(C[*:1])nc2ccccc21,COc1ccccc1OC[*:1],-1.9277493733085056,0.0661858351406165,-3.5578308281111384,0.0321263758709987,1.6300814548026328,1.6300814548026328,0.07357084204945295,9.005504591681566e-109,6.0874225789626505e-108,True
CC(C)N1C(=O)C2(CCCCC2)C1C(=O)NCC[*:1],OCNT-0475132-AA-001,OCNT-0475110-AA-001,Cn1c([*:1])nc2ccccc21,COc1ccccc1O[*:1],-1.9277493733085056,0.0661858351406165,-3.5578308281111384,0.0321263758709987,1.6300814548026328,1.6300814548026328,0.07357084204945295,9.005504591681566e-109,6.0874225789626505e-108,True
Cc1nc(-c2cccc(F)c2)sc1CCNC(=O)[*:1],OCNT-0482146-AA-001,OCNT-0482180-AA-001,COc1ccc(C[*:1])cc1,Cc1cc(C)cc([*:1])c1,-1.8910470355604825,0.0853024065015388,-0.2665960055742999,0.0318607418864413,-1.6244510299861825,1.6244510299861825,0.0910582639221076,3.4763068971950176e-71,1.7833381504059133e-70,True
Cc1nc(-c2cccc(F)c2)sc1C[*:1],OCNT-0482146-AA-001,OCNT-0482180-AA-001,COc1ccc(CC(=O)NC[*:1])cc1,Cc1cc(C)cc(C(=O)NC[*:1])c1,-1.8910470355604825,0.0853024065015388,-0.2665960055742999,0.0318607418864413,-1.6244510299861825,1.6244510299861825,0.0910582639221076,3.4763068971950176e-71,1.7833381504059133e-70,True
Cc1nc(-c2cccc(F)c2)sc1CC[*:1],OCNT-0482146-AA-001,OCNT-0482180-AA-001,COc1ccc(CC(=O)N[*:1])cc1,Cc1cc(C)cc(C(=O)N[*:1])c1,-1.8910470355604825,0.0853024065015388,-0.2665960055742999,0.0318607418864413,-1.6244510299861825,1.6244510299861825,0.0910582639221076,3.4763068971950176e-71,1.7833381504059133e-70,True
O=C(N[*:1])c1ccc(CN2C(=O)C3CCCN3C(=O)c3ccccc32)cc1,OCNT-0462545-AA-001,OCNT-0462570-AA-001,CCOc1cccc(C[*:1])c1,Cc1ccc(C[*:1])cc1,-2.3336478199719664,0.0988007014677595,-0.7206783276056341,0.0551913546321531,-1.6129694923663322,1.6129694923663322,0.11317095138176325,4.324880488944187e-46,1.6587746953677783e-45,True
O=C1C2CCCN2C(=O)c2ccccc2N1Cc1ccc([*:1])cc1,OCNT-0462545-AA-001,OCNT-0462570-AA-001,CCOc1cccc(CNC(=O)[*:1])c1,Cc1ccc(CNC(=O)[*:1])cc1,-2.3336478199719664,0.0988007014677595,-0.7206783276056341,0.0551913546321531,-1.6129694923663322,1.6129694923663322,0.11317095138176325,4.324880488944187e-46,1.6587746953677783e-45,True
O=C(NC[*:1])c1ccc(CN2C(=O)C3CCCN3C(=O)c3ccccc32)cc1,OCNT-0462545-AA-001,OCNT-0462570-AA-001,CCOc1cccc([*:1])c1,Cc1ccc([*:1])cc1,-2.3336478199719664,0.0988007014677595,-0.7206783276056341,0.0551913546321531,-1.6129694923663322,1.6129694923663322,0.11317095138176325,4.324880488944187e-46,1.6587746953677783e-45,True
O=C(CSc1cn([*:1])c2ccccc12)NCc1ccc2c(c1)OCO2,OCNT-0456192-AA-001,OCNT-0456282-AA-001,O=C(C[*:1])N1CCCCC1,CC1CCN(C(=O)C[*:1])CC1,-2.981238529379545,0.0449795854511935,-1.3769356477812735,0.1051537565096564,-1.6043028815982714,1.6043028815982714,0.11436990694869575,1.060905734760757e-44,4.0124209164753827e-44,True
O=C(CSc1cn(C[*:1])c2ccccc12)NCc1ccc2c(c1)OCO2,OCNT-0456192-AA-001,OCNT-0456282-AA-001,O=C(N1CCCCC1)[*:1],CC1CCN(C(=O)[*:1])CC1,-2.981238529379545,0.0449795854511935,-1.3769356477812735,0.1051537565096564,-1.6043028815982714,1.6043028815982714,0.11436990694869575,1.060905734760757e-44,4.0124209164753827e-44,True
O=C(N[*:1])c1cccc(CN2C(=O)C3CCCN3C(=O)c3ccccc32)c1,OCNT-0462676-AA-001,OCNT-0462601-AA-001,Fc1ccc(C[*:1])c(Cl)c1,Cc1ccc(C(C)[*:1])c(C)c1,-1.8558302941902816,0.1111706837826298,-3.4436648686768057,0.0344948645116666,1.587834574486524,1.587834574486524,0.11639938406355811,2.275855299895946e-42,8.39972536779092e-42,True
O=C1C2CCCN2C(=O)c2ccccc2N1Cc1cccc([*:1])c1,OCNT-0462676-AA-001,OCNT-0462601-AA-001,O=C(NCc1ccc(F)cc1Cl)[*:1],Cc1ccc(C(C)NC(=O)[*:1])c(C)c1,-1.8558302941902816,0.1111706837826298,-3.4436648686768057,0.0344948645116666,1.587834574486524,1.587834574486524,0.11639938406355811,2.275855299895946e-42,8.39972536779092e-42,True
O=S(=O)(c1ccc2c(c1)CCCC2)N1CCC2(CC1)NCCN=C2NC[*:1],OCNT-0462817-AQ-001,OCNT-0462821-AQ-001,Fc1ccc([*:1])cc1,Fc1ccccc1[*:1],-2.3164007671073112,0.0633014723721093,-3.902151033823559,0.0332829828187438,1.5857502667162477,1.5857502667162477,0.07151806310149704,6.298141641498596e-109,4.2929115868376225e-108,True
O=S(=O)(c1ccc2c(c1)CCCC2)N1CCC2(CC1)NCCN=C2N[*:1],OCNT-0462817-AQ-001,OCNT-0462821-AQ-001,Fc1ccc(C[*:1])cc1,Fc1ccccc1C[*:1],-2.3164007671073112,0.0633014723721093,-3.902151033823559,0.0332829828187438,1.5857502667162477,1.5857502667162477,0.07151806310149704,6.298141641498596e-109,4.2929115868376225e-108,True
CCOCCCNC(=O)c1nc(Nc2ccc([*:1])cc2)c2ccccc2n1,OCNT-0460706-AA-001,OCNT-0460708-AA-001,C[*:1],CC[*:1],-0.5399056377920163,0.1800909607377167,-2.1255841869155065,0.0453794146594522,1.5856785491234904,1.5856785491234904,0.18572034195065526,1.3657593151867727e-17,3.0801963541585556e-17,True
CCOCCCNC(=O)c1nc([*:1])c2ccccc2n1,OCNT-0460706-AA-001,OCNT-0460708-AA-001,Cc1ccc(N[*:1])cc1,CCc1ccc(N[*:1])cc1,-0.5399056377920163,0.1800909607377167,-2.1255841869155065,0.0453794146594522,1.5856785491234904,1.5856785491234904,0.18572034195065526,1.3657593151867727e-17,3.0801963541585556e-17,True
CCOCCCNC(=O)c1nc(N[*:1])c2ccccc2n1,OCNT-0460706-AA-001,OCNT-0460708-AA-001,Cc1ccc([*:1])cc1,CCc1ccc([*:1])cc1,-0.5399056377920163,0.1800909607377167,-2.1255841869155065,0.0453794146594522,1.5856785491234904,1.5856785491234904,0.18572034195065526,1.3657593151867727e-17,3.0801963541585556e-17,True
Cc1nc(-c2cccc(F)c2)sc1CC[*:1],OCNT-0482222-AA-001,OCNT-0482156-AA-001,COc1ccc(OCC(=O)N[*:1])cc1,COc1ccc(CCC(=O)N[*:1])cc1,-0.1454733468903478,0.0499907316215237,-1.7045758857130058,0.1181515767448318,1.559102538822658,1.559102538822658,0.12829212109613392,5.546548122152092e-34,1.8217990946182778e-33,True
Cc1nc(-c2cccc(F)c2)sc1CCNC(=O)[*:1],OCNT-0482222-AA-001,OCNT-0482156-AA-001,COc1ccc(OC[*:1])cc1,COc1ccc(CC[*:1])cc1,-0.1454733468903478,0.0499907316215237,-1.7045758857130058,0.1181515767448318,1.559102538822658,1.559102538822658,0.12829212109613392,5.546548122152092e-34,1.8217990946182778e-33,True
Cc1nc(-c2cccc(F)c2)sc1CCNC(=O)C[*:1],OCNT-0482222-AA-001,OCNT-0482156-AA-001,COc1ccc(O[*:1])cc1,COc1ccc(C[*:1])cc1,-0.1454733468903478,0.0499907316215237,-1.7045758857130058,0.1181515767448318,1.559102538822658,1.559102538822658,0.12829212109613392,5.546548122152092e-34,1.8217990946182778e-33,True
O=C1C2CCCN2C(=O)c2ccccc2N1Cc1ccccc1[*:1],OCNT-0462643-AA-001,OCNT-0462736-AA-001,CCOc1cccc(CNC(=O)[*:1])c1,COc1cccc(CNC(=O)[*:1])c1,-1.652537675647376,0.0890364930561719,-3.211370749500702,0.0761398852870449,1.558833073853326,1.558833073853326,0.11715280289974331,2.1366754526467963e-40,7.599483768352777e-40,True
O=C(NCc1cccc([*:1])c1)c1ccccc1CN1C(=O)C2CCCN2C(=O)c2ccccc21,OCNT-0462643-AA-001,OCNT-0462736-AA-001,CCO[*:1],CO[*:1],-1.652537675647376,0.0890364930561719,-3.211370749500702,0.0761398852870449,1.558833073853326,1.558833073853326,0.11715280289974331,2.1366754526467963e-40,7.599483768352777e-40,True
O=C(NC[*:1])c1ccccc1CN1C(=O)C2CCCN2C(=O)c2ccccc21,OCNT-0462643-AA-001,OCNT-0462736-AA-001,CCOc1cccc([*:1])c1,COc1cccc([*:1])c1,-1.652537675647376,0.0890364930561719,-3.211370749500702,0.0761398852870449,1.558833073853326,1.558833073853326,0.11715280289974331,2.1366754526467963e-40,7.599483768352777e-40,True
O=C(NCc1cccc(O[*:1])c1)c1ccccc1CN1C(=O)C2CCCN2C(=O)c2ccccc21,OCNT-0462643-AA-001,OCNT-0462736-AA-001,CC[*:1],C[*:1],-1.652537675647376,0.0890364930561719,-3.211370749500702,0.0761398852870449,1.558833073853326,1.558833073853326,0.11715280289974331,2.1366754526467963e-40,7.599483768352777e-40,True
O=C(N[*:1])c1ccccc1CN1C(=O)C2CCCN2C(=O)c2ccccc21,OCNT-0462643-AA-001,OCNT-0462736-AA-001,CCOc1cccc(C[*:1])c1,COc1cccc(C[*:1])c1,-1.652537675647376,0.0890364930561719,-3.211370749500702,0.0761398852870449,1.558833073853326,1.558833073853326,0.11715280289974331,2.1366754526467963e-40,7.599483768352777e-40,True
CC(C)N1C(=O)C2(CCCCC2)C1C(=O)N[*:1],OCNT-0475110-AA-001,OCNT-0475130-AA-001,COc1ccccc1OCC[*:1],Cn1c(C[*:1])nc2ccccc21,-3.5578308281111384,0.0321263758709987,-2.0023491467648,0.1111867084247185,-1.5554816813463384,1.5554816813463384,0.11573499106548571,3.5229668882767183e-41,1.2847540947262488e-40,True
CC(C)N1C(=O)C2(CCCCC2)C1C(=O)NC[*:1],OCNT-0475110-AA-001,OCNT-0475130-AA-001,COc1ccccc1OC[*:1],Cn1c([*:1])nc2ccccc21,-3.5578308281111384,0.0321263758709987,-2.0023491467648,0.1111867084247185,-1.5554816813463384,1.5554816813463384,0.11573499106548571,3.5229668882767183e-41,1.2847540947262488e-40,True
O=C(N[*:1])c1ccc(CN2C(=O)C3CCCN3C(=O)c3ccccc32)cc1,OCNT-0462806-AA-001,OCNT-0462804-AA-001,Cc1noc(C)c1C[*:1],Cc1ccc(C(C)[*:1])c(C)c1,-1.4956836443571435,0.0389488465984688,-3.050335981495316,0.0441556475659202,1.5546523371381726,1.5546523371381726,0.0588789764119317,1.2261217229869423e-153,1.0639432114003716e-152,True
O=C1C2CCCN2C(=O)c2ccccc2N1Cc1ccc([*:1])cc1,OCNT-0462806-AA-001,OCNT-0462804-AA-001,Cc1noc(C)c1CNC(=O)[*:1],Cc1ccc(C(C)NC(=O)[*:1])c(C)c1,-1.4956836443571435,0.0389488465984688,-3.050335981495316,0.0441556475659202,1.5546523371381726,1.5546523371381726,0.0588789764119317,1.2261217229869423e-153,1.0639432114003716e-152,True
Cc1ccc(-n2nc(C(=O)NCCC[*:1])c3c4ccccc4n(C)c3c2=O)cc1,OCNT-0454717-AA-001,OCNT-0454725-AA-001,CCN(CC)[*:1],CCN(c1cccc(C)c1)[*:1],-1.4750282385215967,0.0775393449555581,0.0714089953302276,0.0454670251418398,-1.5464372338518242,1.5464372338518242,0.08988659739575042,2.4647894914379994e-66,1.1849390737816865e-65,True
CCN(CCCNC(=O)c1nn(-c2ccc(C)cc2)c(=O)c2c1c1ccccc1n2C)[*:1],OCNT-0454717-AA-001,OCNT-0454725-AA-001,CC[*:1],Cc1cccc([*:1])c1,-1.4750282385215967,0.0775393449555581,0.0714089953302276,0.0454670251418398,-1.5464372338518242,1.5464372338518242,0.08988659739575042,2.4647894914379994e-66,1.1849390737816865e-65,True
Cc1ccc(-n2nc(C(=O)NC[*:1])c3c4ccccc4n(C)c3c2=O)cc1,OCNT-0454717-AA-001,OCNT-0454725-AA-001,CCN(CC)CC[*:1],CCN(CC[*:1])c1cccc(C)c1,-1.4750282385215967,0.0775393449555581,0.0714089953302276,0.0454670251418398,-1.5464372338518242,1.5464372338518242,0.08988659739575042,2.4647894914379994e-66,1.1849390737816865e-65,True
Cc1ccc(-n2nc(C(=O)N[*:1])c3c4ccccc4n(C)c3c2=O)cc1,OCNT-0454717-AA-001,OCNT-0454725-AA-001,CCN(CC)CCC[*:1],CCN(CCC[*:1])c1cccc(C)c1,-1.4750282385215967,0.0775393449555581,0.0714089953302276,0.0454670251418398,-1.5464372338518242,1.5464372338518242,0.08988659739575042,2.4647894914379994e-66,1.1849390737816865e-65,True
Cc1ccc(-n2nc(C(=O)NCC[*:1])c3c4ccccc4n(C)c3c2=O)cc1,OCNT-0454717-AA-001,OCNT-0454725-AA-001,CCN(CC)C[*:1],CCN(C[*:1])c1cccc(C)c1,-1.4750282385215967,0.0775393449555581,0.0714089953302276,0.0454670251418398,-1.5464372338518242,1.5464372338518242,0.08988659739575042,2.4647894914379994e-66,1.1849390737816865e-65,True
O=C1c2ccccc2Sc2ccc([*:1])cc2N1Cc1c(F)cccc1Cl,OCNT-0479194-AA-001,OCNT-0479190-AA-001,CCCN(CCC)C(=O)[*:1],CCN(CC)CCNC(=O)[*:1],-2.334544488851703,0.182251883429112,-3.87820234511866,0.2445122830901612,1.543657856266957,1.543657856266957,0.30496230192504414,4.1531889238861395e-07,7.121831322178965e-07,True
Cc1ccc(-n2nc(C(=O)N[*:1])c3c4ccccc4n(C)c3c2=O)cc1,OCNT-0454717-AA-001,OCNT-0454747-AA-001,CCN(CC)CCC[*:1],CCN(CCC[*:1])c1ccccc1,-1.4750282385215967,0.0775393449555581,0.0638486821308352,0.0362627028443829,-1.538876920652432,1.538876920652432,0.08559984599119935,2.920316869603941e-72,1.5301960128310158e-71,True
CCN(CCCNC(=O)c1nn(-c2ccc(C)cc2)c(=O)c2c1c1ccccc1n2C)[*:1],OCNT-0454717-AA-001,OCNT-0454747-AA-001,CC[*:1],c1ccc([*:1])cc1,-1.4750282385215967,0.0775393449555581,0.0638486821308352,0.0362627028443829,-1.538876920652432,1.538876920652432,0.08559984599119935,2.920316869603941e-72,1.5301960128310158e-71,True
Cc1ccc(-n2nc(C(=O)NCC[*:1])c3c4ccccc4n(C)c3c2=O)cc1,OCNT-0454717-AA-001,OCNT-0454747-AA-001,CCN(CC)C[*:1],CCN(C[*:1])c1ccccc1,-1.4750282385215967,0.0775393449555581,0.0638486821308352,0.0362627028443829,-1.538876920652432,1.538876920652432,0.08559984599119935,2.920316869603941e-72,1.5301960128310158e-71,True
Cc1ccc(-n2nc(C(=O)NCCC[*:1])c3c4ccccc4n(C)c3c2=O)cc1,OCNT-0454717-AA-001,OCNT-0454747-AA-001,CCN(CC)[*:1],CCN(c1ccccc1)[*:1],-1.4750282385215967,0.0775393449555581,0.0638486821308352,0.0362627028443829,-1.538876920652432,1.538876920652432,0.08559984599119935,2.920316869603941e-72,1.5301960128310158e-71,True
Cc1ccc(-n2nc(C(=O)NC[*:1])c3c4ccccc4n(C)c3c2=O)cc1,OCNT-0454717-AA-001,OCNT-0454747-AA-001,CCN(CC)CC[*:1],CCN(CC[*:1])c1ccccc1,-1.4750282385215967,0.0775393449555581,0.0638486821308352,0.0362627028443829,-1.538876920652432,1.538876920652432,0.08559984599119935,2.920316869603941e-72,1.5301960128310158e-71,True
CCOc1ccc(NC(=O)CSc2nc(N[*:1])c3ccccc3n2)cc1,OCNT-0461728-AA-001,OCNT-0461730-AA-001,COc1ccc(C[*:1])cc1,c1cc2c(cc1C[*:1])OCO2,-1.524672082384939,0.0671499230654721,0.0118872187097102,0.0413722908304073,-1.536559301094649,1.536559301094649,0.07887191272090861,1.5696566101117945e-84,8.850114573602675e-84,True
CCOc1ccc(NC(=O)CSc2nc([*:1])c3ccccc3n2)cc1,OCNT-0461728-AA-001,OCNT-0461730-AA-001,COc1ccc(CN[*:1])cc1,c1cc2c(cc1CN[*:1])OCO2,-1.524672082384939,0.0671499230654721,0.0118872187097102,0.0413722908304073,-1.536559301094649,1.536559301094649,0.07887191272090861,1.5696566101117945e-84,8.850114573602675e-84,True
CCOc1ccc(NC(=O)CSc2nc(NC[*:1])c3ccccc3n2)cc1,OCNT-0461728-AA-001,OCNT-0461730-AA-001,COc1ccc([*:1])cc1,c1cc2c(cc1[*:1])OCO2,-1.524672082384939,0.0671499230654721,0.0118872187097102,0.0413722908304073,-1.536559301094649,1.536559301094649,0.07887191272090861,1.5696566101117945e-84,8.850114573602675e-84,True
CCCOc1ccc2oc(=O)c3c(c2c1)CCCN3C(=O)[*:1],OCNT-0454674-AA-001,OCNT-0454702-AA-001,CCOC(=O)C1CCCN(C[*:1])C1,CCN(C[*:1])c1cccc(C)c1,-3.171854561042711,0.2479991266017764,-1.640705366775495,0.2655316133545163,-1.5311491942672162,1.5311491942672162,0.3633326361420018,2.5068710139901176e-05,4.009355144597266e-05,True
CCCOc1ccc2oc(=O)c3c(c2c1)CCCN3C(=O)C[*:1],OCNT-0454674-AA-001,OCNT-0454702-AA-001,CCOC(=O)C1CCCN([*:1])C1,CCN(c1cccc(C)c1)[*:1],-3.171854561042711,0.2479991266017764,-1.640705366775495,0.2655316133545163,-1.5311491942672162,1.5311491942672162,0.3633326361420018,2.5068710139901176e-05,4.009355144597266e-05,True
O=C(N[*:1])c1ccc2ccccc2n1,OCNT-0497581-AA-001,OCNT-0495768-AA-001,c1ccc([*:1])c(N2CCCC2)c1,CCC(CC)c1nnc([*:1])s1,-1.5621294532659815,0.2669766524058327,-0.0310240712008432,0.0467365643835795,-1.5311053820651384,1.5311053820651384,0.27103660155079656,1.613159213895446e-08,2.8792126888418353e-08,True
COC(=O)CCNC(=O)C1c2ccccc2C(=O)N([*:1])C12CCCCC2,OCNT-0461271-AA-001,OCNT-0461299-AA-001,C1CCC([*:1])C1,c1coc(C[*:1])c1,-3.159644521300579,0.1915115362433011,-1.633146089564682,0.1172843832255878,-1.5264984317358967,1.5264984317358967,0.22457135850966342,1.0653365144831534e-11,2.090520008773277e-11,True
O=C(NC[*:1])c1ccc(CN2C(=O)C3CCCN3C(=O)c3ccccc32)cc1,OCNT-0462828-AA-001,OCNT-0462806-AA-001,CN(Cc1ccccc1)C[*:1],Cc1noc(C)c1[*:1],-3.021899087066743,0.0286305297620653,-1.4956836443571435,0.0389488465984688,-1.5262154427095995,1.5262154427095995,0.04833963059237794,8.736722746388617e-219,9.37664936860217e-218,True
O=C(N[*:1])c1ccc(CN2C(=O)C3CCCN3C(=O)c3ccccc32)cc1,OCNT-0462828-AA-001,OCNT-0462806-AA-001,CN(CC[*:1])Cc1ccccc1,Cc1noc(C)c1C[*:1],-3.021899087066743,0.0286305297620653,-1.4956836443571435,0.0389488465984688,-1.5262154427095995,1.5262154427095995,0.04833963059237794,8.736722746388617e-219,9.37664936860217e-218,True
O=C(N[*:1])c1ccccc1CN1C(=O)C2CCCN2C(=O)c2ccccc21,OCNT-0462643-AA-001,OCNT-0462641-AA-001,CCOc1cccc(C[*:1])c1,CCOc1ccc(C[*:1])cc1,-1.652537675647376,0.0890364930561719,-3.1772145584954075,0.0793394494640262,1.5246768828480315,1.5246768828480315,0.11925705571158678,1.993905767709798e-37,6.757738799980437e-37,True
O=C1C2CCCN2C(=O)c2ccccc2N1Cc1ccccc1[*:1],OCNT-0462643-AA-001,OCNT-0462641-AA-001,CCOc1cccc(CNC(=O)[*:1])c1,CCOc1ccc(CNC(=O)[*:1])cc1,-1.652537675647376,0.0890364930561719,-3.1772145584954075,0.0793394494640262,1.5246768828480315,1.5246768828480315,0.11925705571158678,1.993905767709798e-37,6.757738799980437e-37,True
O=C(NC[*:1])c1ccccc1CN1C(=O)C2CCCN2C(=O)c2ccccc21,OCNT-0462643-AA-001,OCNT-0462641-AA-001,CCOc1cccc([*:1])c1,CCOc1ccc([*:1])cc1,-1.652537675647376,0.0890364930561719,-3.1772145584954075,0.0793394494640262,1.5246768828480315,1.5246768828480315,0.11925705571158678,1.993905767709798e-37,6.757738799980437e-37,True
c1ccc2c(c1)oc1c([*:1])ncnc12,OCNT-0498111-AA-001,OCNT-0482389-AQ-001,Oc1cccc(N[*:1])c1,CCOC(=O)C1CCN([*:1])CC1,-0.0574742587589393,0.0314223127900053,-1.580189468694556,0.0292498548459218,1.5227152099356167,1.5227152099356167,0.042929194606705884,1.406899305075912e-275,1.7299912560405813e-274,True
O=C(Nc1ccc2c(c1)N(S(=O)(=O)c1ccc(F)cc1)CCC2)[*:1],OCNT-0482326-AA-001,OCNT-0482324-AA-001,Fc1cccc(Cl)c1[*:1],Fc1cccc(F)c1[*:1],-0.7775722821309727,0.2641734417489492,-2.291140350484128,0.1982316077019417,1.5135680683531552,1.5135680683531552,0.33027772800717575,4.589815909586528e-06,7.593833354129975e-06,True
O=S(=O)(c1ccc(F)cc1)N1CCCc2ccc([*:1])cc21,OCNT-0482326-AA-001,OCNT-0482324-AA-001,O=C(N[*:1])c1c(F)cccc1Cl,O=C(N[*:1])c1c(F)cccc1F,-0.7775722821309727,0.2641734417489492,-2.291140350484128,0.1982316077019417,1.5135680683531552,1.5135680683531552,0.33027772800717575,4.589815909586528e-06,7.593833354129975e-06,True
O=C(Nc1ccc2c(c1)N(S(=O)(=O)c1ccc(F)cc1)CCC2)c1c(F)cccc1[*:1],OCNT-0482326-AA-001,OCNT-0482324-AA-001,Cl[*:1],F[*:1],-0.7775722821309727,0.2641734417489492,-2.291140350484128,0.1982316077019417,1.5135680683531552,1.5135680683531552,0.33027772800717575,4.589815909586528e-06,7.593833354129975e-06,True
CC1CCN(C(=O)Cn2cc(SC[*:1])c3ccccc32)CC1,OCNT-0456250-AA-001,OCNT-0456282-AA-001,COc1cccc(NC(=O)[*:1])c1,O=C(NCc1ccc2c(c1)OCO2)[*:1],0.1335719303739727,0.0384722002134266,-1.3769356477812735,0.1051537565096564,1.5105075781552462,1.5105075781552462,0.11197063319171724,1.785863266865872e-41,6.532148600927936e-41,True
CC1CCN(C(=O)Cn2cc(SCC(=O)N[*:1])c3ccccc32)CC1,OCNT-0456250-AA-001,OCNT-0456282-AA-001,COc1cccc([*:1])c1,c1cc2c(cc1C[*:1])OCO2,0.1335719303739727,0.0384722002134266,-1.3769356477812735,0.1051537565096564,1.5105075781552462,1.5105075781552462,0.11197063319171724,1.785863266865872e-41,6.532148600927936e-41,True
C=CCn1cc(C(=O)N[*:1])c(=O)c2cc(S(=O)(=O)N3CCCCCC3)ccc21,OCNT-0454910-AA-001,OCNT-0454884-AA-001,CC(C)N(CC[*:1])Cc1ccccc1,CCC(C)[*:1],-1.4373374318112468,0.3043780524611744,-2.9434679763918616,0.1738857287355036,1.5061305445806148,1.5061305445806148,0.3505456396504378,1.7349096405630792e-05,2.7874746490202593e-05,True
O=C1C2CCCN2C(=O)c2ccccc2N1Cc1cccc([*:1])c1,OCNT-0462603-AA-001,OCNT-0462696-AA-001,Cc1ccc(C(C)NC(=O)[*:1])cc1C,O=C(NCc1cccnc1)[*:1],-3.5601591024882353,0.3736645490016198,-2.0572069531953656,0.0599861827990841,-1.5029521492928697,1.5029521492928697,0.3784488569244054,7.146706277648944e-05,0.00011297151331658246,True
O=C(N[*:1])c1cccc(CN2C(=O)C3CCCN3C(=O)c3ccccc32)c1,OCNT-0462603-AA-001,OCNT-0462696-AA-001,Cc1ccc(C(C)[*:1])cc1C,c1cncc(C[*:1])c1,-3.5601591024882353,0.3736645490016198,-2.0572069531953656,0.0599861827990841,-1.5029521492928697,1.5029521492928697,0.3784488569244054,7.146706277648944e-05,0.00011297151331658246,True
Clc1ccc2c([*:1])c3c(nc2c1)CCCC3,OCNT-0479265-AA-001,OCNT-0479427-AA-001,Fc1ccc(N[*:1])c(F)c1,O=C(CS[*:1])N1CCCC1,-2.3383516217458564,0.2614935849250752,-3.839963257710554,0.0255381859865355,1.5016116359646974,1.5016116359646974,0.26273769029290484,1.0954273136228887e-08,1.960870984956261e-08,True
CC(NC(=O)C(=O)NCCc1c[nH]c2ccccc12)C(c1cccs1)N1CCN([*:1])CC1,OCNT-0454862-AA-001,OCNT-0454868-AA-001,C[*:1],CC[*:1],-1.3524771354348188,0.0412603584272475,-2.852268987285332,0.176916353525195,1.4997918518505133,1.4997918518505133,0.1816640121823712,1.508178823916193e-16,3.321794403350967e-16,True
CC(NC(=O)C(=O)NCCc1c[nH]c2ccccc12)C(c1cccs1)[*:1],OCNT-0454862-AA-001,OCNT-0454868-AA-001,CN1CCN([*:1])CC1,CCN1CCN([*:1])CC1,-1.3524771354348188,0.0412603584272475,-2.852268987285332,0.176916353525195,1.4997918518505133,1.4997918518505133,0.1816640121823712,1.508178823916193e-16,3.321794403350967e-16,True
Cc1nc2cc([*:1])nn2c(C)c1CCC(=O)NC(C)c1ccccc1,OCNT-0479385-AA-001,OCNT-0479389-AA-001,COc1ccccc1[*:1],COc1ccc([*:1])c(OC)c1,-1.8705099155085767,0.1802525436541681,-3.366182552116769,0.1510809866722298,1.4956726366081923,1.4956726366081923,0.23519448128655623,2.0267314437289795e-10,3.791599268199398e-10,True
O=S(=O)(c1ccc2c(c1)CCCC2)N1CCC2(CC1)NCCN=C2N[*:1],OCNT-0462813-AQ-001,OCNT-0462823-AQ-001,Cc1ccc(C[*:1])cc1,Fc1cccc(C[*:1])c1,-3.9900445831324673,0.0345199567574246,-2.49951547943887,0.0648555115746662,-1.4905291036935973,1.4905291036935973,0.07347016262501482,1.6566937845856366e-91,9.985048499707026e-91,True
O=S(=O)(c1ccc2c(c1)CCCC2)N1CCC2(CC1)NCCN=C2NC[*:1],OCNT-0462813-AQ-001,OCNT-0462823-AQ-001,Cc1ccc([*:1])cc1,Fc1cccc([*:1])c1,-3.9900445831324673,0.0345199567574246,-2.49951547943887,0.0648555115746662,-1.4905291036935973,1.4905291036935973,0.07347016262501482,1.6566937845856366e-91,9.985048499707026e-91,True
COC(=O)CCNC(=O)C1c2ccccc2C(=O)N([*:1])C12CCCCC2,OCNT-0461558-AA-001,OCNT-0461299-AA-001,c1ccc([*:1])cc1,c1coc(C[*:1])c1,-0.151564174843948,0.0232335795795323,-1.633146089564682,0.1172843832255878,1.481581914720734,1.481581914720734,0.1195634800793495,2.9022244959922945e-35,9.649107801213513e-35,True
CC(C(=O)NC[*:1])C1CCN(S(=O)(=O)c2ccc(Cl)s2)CC1,OCNT-0462531-AA-001,OCNT-0462523-AA-001,CCOCC[*:1],c1cncc([*:1])c1,-1.4271196315786197,0.0624878069654503,-2.9057646457906388,0.0801861518574818,1.478645014212019,1.478645014212019,0.10165896403693336,6.269207159951366e-48,2.4663585081030537e-47,True
CC(C(=O)N[*:1])C1CCN(S(=O)(=O)c2ccc(Cl)s2)CC1,OCNT-0462531-AA-001,OCNT-0462523-AA-001,CCOCCC[*:1],c1cncc(C[*:1])c1,-1.4271196315786197,0.0624878069654503,-2.9057646457906388,0.0801861518574818,1.478645014212019,1.478645014212019,0.10165896403693336,6.269207159951366e-48,2.4663585081030537e-47,True
CC(C1CCN(S(=O)(=O)c2ccc(Cl)s2)CC1)[*:1],OCNT-0462531-AA-001,OCNT-0462523-AA-001,CCOCCCNC(=O)[*:1],O=C(NCc1cccnc1)[*:1],-1.4271196315786197,0.0624878069654503,-2.9057646457906388,0.0801861518574818,1.478645014212019,1.478645014212019,0.10165896403693336,6.269207159951366e-48,2.4663585081030537e-47,True
O=S(=O)(c1ccc(Cl)s1)N1CCC([*:1])CC1,OCNT-0462531-AA-001,OCNT-0462523-AA-001,CCOCCCNC(=O)C(C)[*:1],CC(C(=O)NCc1cccnc1)[*:1],-1.4271196315786197,0.0624878069654503,-2.9057646457906388,0.0801861518574818,1.478645014212019,1.478645014212019,0.10165896403693336,6.269207159951366e-48,2.4663585081030537e-47,True
CCCCN(CCCC)CCNC(=O)[*:1],OCNT-0454901-AA-001,OCNT-0461716-AA-001,O=C1Nc2ccccc2OC1C[*:1],O=C1COc2ccccc2N1C[*:1],-0.4600244325640442,0.0255080058768184,-1.932684540243618,0.0889691051865036,1.4726601076795738,1.4726601076795738,0.09255355229000636,5.27869938916552e-57,2.298394556101073e-56,True
CCCCN(CCCC)CCNC(=O)C[*:1],OCNT-0454901-AA-001,OCNT-0461716-AA-001,O=C1Nc2ccccc2OC1[*:1],O=C1COc2ccccc2N1[*:1],-0.4600244325640442,0.0255080058768184,-1.932684540243618,0.0889691051865036,1.4726601076795738,1.4726601076795738,0.09255355229000636,5.27869938916552e-57,2.298394556101073e-56,True
Cc1nc(-c2ccc(Cl)cc2)sc1C[*:1],OCNT-0482120-AA-001,OCNT-0482122-AA-001,O=C(NC[*:1])c1ccc(F)cc1,O=C(NC[*:1])c1cccs1,0.1322197352037528,0.0408510989905557,-1.3403479129058615,0.0777701220190441,1.4725676481096144,1.4725676481096144,0.0878464806784722,4.553244615406415e-63,2.070964604814033e-62,True
Cc1nc(-c2ccc(Cl)cc2)sc1CC[*:1],OCNT-0482120-AA-001,OCNT-0482122-AA-001,O=C(N[*:1])c1ccc(F)cc1,O=C(N[*:1])c1cccs1,0.1322197352037528,0.0408510989905557,-1.3403479129058615,0.0777701220190441,1.4725676481096144,1.4725676481096144,0.0878464806784722,4.553244615406415e-63,2.070964604814033e-62,True
Cc1nc(-c2ccc(Cl)cc2)sc1CCNC(=O)[*:1],OCNT-0482120-AA-001,OCNT-0482122-AA-001,Fc1ccc([*:1])cc1,c1csc([*:1])c1,0.1322197352037528,0.0408510989905557,-1.3403479129058615,0.0777701220190441,1.4725676481096144,1.4725676481096144,0.0878464806784722,4.553244615406415e-63,2.070964604814033e-62,True
Cc1nc(-c2ccc(Cl)cc2)sc1[*:1],OCNT-0482120-AA-001,OCNT-0482122-AA-001,O=C(NCC[*:1])c1ccc(F)cc1,O=C(NCC[*:1])c1cccs1,0.1322197352037528,0.0408510989905557,-1.3403479129058615,0.0777701220190441,1.4725676481096144,1.4725676481096144,0.0878464806784722,4.553244615406415e-63,2.070964604814033e-62,True
CCCn1c(=O)c2sccc2n2c(CCCC(=O)NCC[*:1])nnc12,OCNT-0454455-AA-001,OCNT-0454477-AA-001,CCOc1ccc([*:1])cc1OCC,COc1ccc(OC)c([*:1])c1,-3.1705219657040824,0.034153360721199,-1.7068413531005295,0.1191273611342587,-1.4636806126035529,1.4636806126035529,0.123926511366069,3.429707023112843e-32,1.0787266176808646e-31,True
CCCn1c(=O)c2sccc2n2c(CCCC(=O)NC[*:1])nnc12,OCNT-0454455-AA-001,OCNT-0454477-AA-001,CCOc1ccc(C[*:1])cc1OCC,COc1ccc(OC)c(C[*:1])c1,-3.1705219657040824,0.034153360721199,-1.7068413531005295,0.1191273611342587,-1.4636806126035529,1.4636806126035529,0.123926511366069,3.429707023112843e-32,1.0787266176808646e-31,True
O=C(N[*:1])c1ccccc1CN1C(=O)C2CCCN2C(=O)c2ccccc21,OCNT-0462764-AA-001,OCNT-0462643-AA-001,COc1ccc(C[*:1])cc1,CCOc1cccc(C[*:1])c1,-0.1931967196715845,0.0297843245923952,-1.652537675647376,0.0890364930561719,1.4593409559757915,1.4593409559757915,0.09388611764881379,1.7545217854146355e-54,7.313994563730176e-54,True
O=C1C2CCCN2C(=O)c2ccccc2N1Cc1ccccc1[*:1],OCNT-0462764-AA-001,OCNT-0462643-AA-001,COc1ccc(CNC(=O)[*:1])cc1,CCOc1cccc(CNC(=O)[*:1])c1,-0.1931967196715845,0.0297843245923952,-1.652537675647376,0.0890364930561719,1.4593409559757915,1.4593409559757915,0.09388611764881379,1.7545217854146355e-54,7.313994563730176e-54,True
O=C(NC[*:1])c1ccccc1CN1C(=O)C2CCCN2C(=O)c2ccccc21,OCNT-0462764-AA-001,OCNT-0462643-AA-001,COc1ccc([*:1])cc1,CCOc1cccc([*:1])c1,-0.1931967196715845,0.0297843245923952,-1.652537675647376,0.0890364930561719,1.4593409559757915,1.4593409559757915,0.09388611764881379,1.7545217854146355e-54,7.313994563730176e-54,True
c1ccc(CNc2nc([*:1])nc3ccccc23)cc1,OCNT-0482336-AA-001,OCNT-0497368-AA-001,COc1ccc([*:1])cc1,c1cncc([*:1])c1,-0.1468022946462704,0.0464296868135248,-1.598160470049167,0.0682284185436443,1.4513581754028966,1.4513581754028966,0.0825277705658447,3.1370066061638776e-69,1.5860031333229357e-68,True
Cc1nc(-c2ccc(F)cc2)sc1CCNC(=O)[*:1],OCNT-0482094-AA-001,OCNT-0482092-AA-001,c1csc([*:1])c1,CCOc1ccc([*:1])cc1OCC,-1.337473437484487,0.0360349541281914,0.1116780811467134,0.024505643971033,-1.4491515186312003,1.4491515186312003,0.043578027782999594,1.7762804005519174e-242,2.0599801612087876e-241,True
Clc1ccc2c([*:1])c3c(nc2c1)CCCC3,OCNT-0479265-AA-001,OCNT-0479429-AA-001,Fc1ccc(N[*:1])c(F)c1,O=C(CS[*:1])N1CCCCCC1,-2.3383516217458564,0.2614935849250752,-3.7849171447025167,0.0218599141348387,1.4465655229566603,1.4465655229566603,0.26240569887666315,3.53357824242728e-08,6.265699970448952e-08,True
Cc1nc(-c2ccc(Cl)cc2)sc1CC[*:1],OCNT-0482118-AA-001,OCNT-0482122-AA-001,CCOc1ccc(C(=O)N[*:1])cc1,O=C(N[*:1])c1cccs1,0.1060718627909309,0.0373779258300972,-1.3403479129058615,0.0777701220190441,1.4464197756967925,1.4464197756967925,0.08628615890290432,4.546370288350201e-63,2.070964604814033e-62,True
Cc1nc(-c2ccc(Cl)cc2)sc1C[*:1],OCNT-0482118-AA-001,OCNT-0482122-AA-001,CCOc1ccc(C(=O)NC[*:1])cc1,O=C(NC[*:1])c1cccs1,0.1060718627909309,0.0373779258300972,-1.3403479129058615,0.0777701220190441,1.4464197756967925,1.4464197756967925,0.08628615890290432,4.546370288350201e-63,2.070964604814033e-62,True
Cc1nc(-c2ccc(Cl)cc2)sc1CCNC(=O)[*:1],OCNT-0482118-AA-001,OCNT-0482122-AA-001,CCOc1ccc([*:1])cc1,c1csc([*:1])c1,0.1060718627909309,0.0373779258300972,-1.3403479129058615,0.0777701220190441,1.4464197756967925,1.4464197756967925,0.08628615890290432,4.546370288350201e-63,2.070964604814033e-62,True
O=C(CN1C(=O)COc2ccccc21)NCC[*:1],OCNT-0461714-AA-001,OCNT-0461740-AA-001,CCCCN(Cc1ccccc1)C[*:1],CCN(C[*:1])c1cccc(C)c1,-2.8574946508151533,0.3176947807233358,-4.302372056472514,0.0237488714606736,1.4448774056573606,1.4448774056573606,0.31858120251280364,5.75079106391125e-06,9.44441995529586e-06,True
O=C(CN1C(=O)COc2ccccc21)NCCC[*:1],OCNT-0461714-AA-001,OCNT-0461740-AA-001,CCCCN(Cc1ccccc1)[*:1],CCN(c1cccc(C)c1)[*:1],-2.8574946508151533,0.3176947807233358,-4.302372056472514,0.0237488714606736,1.4448774056573606,1.4448774056573606,0.31858120251280364,5.75079106391125e-06,9.44441995529586e-06,True
Cc1nc(-c2cccc(F)c2)sc1CC[*:1],OCNT-0482156-AA-001,OCNT-0482180-AA-001,COc1ccc(CCC(=O)N[*:1])cc1,Cc1cc(C)cc(C(=O)N[*:1])c1,-1.7045758857130058,0.1181515767448318,-0.2665960055742999,0.0318607418864413,-1.4379798801387058,1.4379798801387058,0.12237198192741798,6.987772660534792e-32,2.167183738951665e-31,True
Cc1nc(-c2cccc(F)c2)sc1CCNC(=O)[*:1],OCNT-0482156-AA-001,OCNT-0482180-AA-001,COc1ccc(CC[*:1])cc1,Cc1cc(C)cc([*:1])c1,-1.7045758857130058,0.1181515767448318,-0.2665960055742999,0.0318607418864413,-1.4379798801387058,1.4379798801387058,0.12237198192741798,6.987772660534792e-32,2.167183738951665e-31,True
O=C(N[*:1])c1cccc(CN2C(=O)C3CCCN3C(=O)c3ccccc32)c1,OCNT-0462696-AA-001,OCNT-0462710-AA-001,c1cncc(C[*:1])c1,CCC(c1ccc(OC)cc1)[*:1],-2.0572069531953656,0.0599861827990841,-0.6199193731979067,0.0579526105466695,-1.437287579997459,1.437287579997459,0.08340771664527859,1.5259256402643366e-66,7.408611193902443e-66,True
O=C(N/C(=N/c1ccc2c(c1)OCCO2)NCCc1c[nH]c2ccccc12)[*:1],OCNT-0456986-AA-001,OCNT-0456990-AA-001,COc1ccc([*:1])cc1,Cc1ccc([*:1])cc1F,-2.1078879814375884,0.2287875011127531,-0.6849781213020756,0.1927356109364257,-1.4229098601355128,1.4229098601355128,0.2991500232131952,1.9696919308550884e-06,3.3126021682490727e-06,True
Cc1cc(C(=O)C[*:1])c(C)n1CC1CCCO1,OCNT-0497452-AA-001,OCNT-0497549-AA-001,Cc1ccsc1C(=O)O[*:1],O=C1c2ccccc2S(=O)(=O)N1[*:1],-1.1967230279090284,0.0582528884536949,-2.616633978500038,0.3168384962826929,1.4199109505910097,1.4199109505910097,0.3221490830964394,1.0451238613066696e-05,1.6992811220049305e-05,True
Cc1cc(C(=O)[*:1])c(C)n1CC1CCCO1,OCNT-0497452-AA-001,OCNT-0497549-AA-001,Cc1ccsc1C(=O)OC[*:1],O=C1c2ccccc2S(=O)(=O)N1C[*:1],-1.1967230279090284,0.0582528884536949,-2.616633978500038,0.3168384962826929,1.4199109505910097,1.4199109505910097,0.3221490830964394,1.0451238613066696e-05,1.6992811220049305e-05,True
CC(C1CCN(S(=O)(=O)c2ccc(Br)s2)CC1)[*:1],OCNT-0462553-AA-001,OCNT-0462535-AA-001,O=C(NCc1ccccn1)[*:1],O=C(NCc1ccncc1)[*:1],-2.1302203744465604,0.173862659330731,-0.7125584625847288,0.0373407745979751,-1.4176619118618317,1.4176619118618317,0.17782732567614745,1.559672017178591e-15,3.365535649061739e-15,True
CC(C(=O)NC[*:1])C1CCN(S(=O)(=O)c2ccc(Br)s2)CC1,OCNT-0462553-AA-001,OCNT-0462535-AA-001,c1ccc([*:1])nc1,c1cc([*:1])ccn1,-2.1302203744465604,0.173862659330731,-0.7125584625847288,0.0373407745979751,-1.4176619118618317,1.4176619118618317,0.17782732567614745,1.559672017178591e-15,3.365535649061739e-15,True
O=S(=O)(c1ccc(Br)s1)N1CCC([*:1])CC1,OCNT-0462553-AA-001,OCNT-0462535-AA-001,CC(C(=O)NCc1ccccn1)[*:1],CC(C(=O)NCc1ccncc1)[*:1],-2.1302203744465604,0.173862659330731,-0.7125584625847288,0.0373407745979751,-1.4176619118618317,1.4176619118618317,0.17782732567614745,1.559672017178591e-15,3.365535649061739e-15,True
CC(C(=O)N[*:1])C1CCN(S(=O)(=O)c2ccc(Br)s2)CC1,OCNT-0462553-AA-001,OCNT-0462535-AA-001,c1ccc(C[*:1])nc1,c1cc(C[*:1])ccn1,-2.1302203744465604,0.173862659330731,-0.7125584625847288,0.0373407745979751,-1.4176619118618317,1.4176619118618317,0.17782732567614745,1.559672017178591e-15,3.365535649061739e-15,True
O=C(CCc1nnc2ccc([*:1])nn12)N1CCCC1,OCNT-0460303-AA-001,OCNT-0456312-AA-001,Clc1ccccc1CN[*:1],CCN(CC)[*:1],-1.6109496994995758,0.0491080591914329,-0.1937092961372734,0.0277763635635608,-1.4172404033623023,1.4172404033623023,0.05641921525831767,3.0212774171458507e-139,2.392577941668575e-138,True
COC(=O)CCNC(=O)C1c2ccccc2C(=O)N(C[*:1])C12CCCCC2,OCNT-0461299-AA-001,OCNT-0461291-AA-001,c1coc([*:1])c1,CCC[*:1],-1.633146089564682,0.1172843832255878,-3.0497775764650408,0.3538151135179319,1.4166314869003587,1.4166314869003587,0.3727475836304155,0.000144397702598216,0.00022592146947431876,True
COC(=O)CCNC(=O)C1c2ccccc2C(=O)N([*:1])C12CCCCC2,OCNT-0461299-AA-001,OCNT-0461291-AA-001,c1coc(C[*:1])c1,CCCC[*:1],-1.633146089564682,0.1172843832255878,-3.0497775764650408,0.3538151135179319,1.4166314869003587,1.4166314869003587,0.3727475836304155,0.000144397702598216,0.00022592146947431876,True
Cc1nc(-c2cccc(F)c2)sc1CC[*:1],OCNT-0482222-AA-001,OCNT-0482160-AA-001,COc1ccc(OCC(=O)N[*:1])cc1,O=C(N[*:1])c1ccc(F)c(F)c1,-0.1454733468903478,0.0499907316215237,-1.5589443662852402,0.0767013533741491,1.4134710193948925,1.4134710193948925,0.09155419628548603,8.999673193700236e-54,3.719966267733865e-53,True
Cc1nc(-c2cccc(F)c2)sc1CCNC(=O)[*:1],OCNT-0482222-AA-001,OCNT-0482160-AA-001,COc1ccc(OC[*:1])cc1,Fc1ccc([*:1])cc1F,-0.1454733468903478,0.0499907316215237,-1.5589443662852402,0.0767013533741491,1.4134710193948925,1.4134710193948925,0.09155419628548603,8.999673193700236e-54,3.719966267733865e-53,True
CC(=O)Nc1ccc(-c2noc(C3CCCN(C(=O)[*:1])C3)n2)cc1,OCNT-0463282-AA-001,OCNT-0463468-AA-001,COc1cccc([*:1])c1OC,COc1ccc(OC[*:1])cc1,-0.2434867043178489,0.0230904724009231,-1.652326639750597,0.1722827302198095,1.408839935432748,1.408839935432748,0.17382321205089224,5.273852502635917e-16,1.1522425958884008e-15,True
O=C(CN1C(=O)COc2ccccc21)NCC[*:1],OCNT-0461718-AA-001,OCNT-0461716-AA-001,CCN(C[*:1])c1ccccc1,CCCCN(CCCC)[*:1],-3.338075236812947,0.0678679245779958,-1.932684540243618,0.0889691051865036,-1.405390696569329,1.405390696569329,0.11189976257442044,3.531263048176516e-36,1.1788541171743431e-35,True
O=C(CN1C(=O)COc2ccccc21)NC[*:1],OCNT-0461718-AA-001,OCNT-0461716-AA-001,CCN(CC[*:1])c1ccccc1,CCCCN(CCCC)C[*:1],-3.338075236812947,0.0678679245779958,-1.932684540243618,0.0889691051865036,-1.405390696569329,1.405390696569329,0.11189976257442044,3.531263048176516e-36,1.1788541171743431e-35,True
O=C(CN1C(=O)COc2ccccc21)N[*:1],OCNT-0461718-AA-001,OCNT-0461716-AA-001,CCN(CCC[*:1])c1ccccc1,CCCCN(CCCC)CC[*:1],-3.338075236812947,0.0678679245779958,-1.932684540243618,0.0889691051865036,-1.405390696569329,1.405390696569329,0.11189976257442044,3.531263048176516e-36,1.1788541171743431e-35,True
O=S(=O)(c1ccc2c(c1)CCCC2)N1CCC2(CC1)NCCN=C2NC[*:1],OCNT-0462821-AQ-001,OCNT-0462823-AQ-001,Fc1ccccc1[*:1],Fc1cccc([*:1])c1,-3.902151033823559,0.0332829828187438,-2.49951547943887,0.0648555115746662,-1.402635554384689,1.402635554384689,0.07289714896293582,1.6698371616679734e-82,9.223682922351085e-82,True
O=S(=O)(c1ccc2c(c1)CCCC2)N1CCC2(CC1)NCCN=C2N[*:1],OCNT-0462821-AQ-001,OCNT-0462823-AQ-001,Fc1ccccc1C[*:1],Fc1cccc(C[*:1])c1,-3.902151033823559,0.0332829828187438,-2.49951547943887,0.0648555115746662,-1.402635554384689,1.402635554384689,0.07289714896293582,1.6698371616679734e-82,9.223682922351085e-82,True
O=C(c1cc2ccccc2[nH]1)N1CCC([*:1])CC1,OCNT-0461841-AA-001,OCNT-0461815-AA-001,CC(C)OCCCNC(=O)C(C)[*:1],CC(C)OCCCNC(=O)C[*:1],-2.2904858140116175,0.0847573861848719,-0.8895454480567779,0.0415387551062323,-1.4009403659548396,1.4009403659548396,0.09438899665038851,7.815034430073057e-50,3.129850941143825e-49,True
c1cncc(-c2nc([*:1])c3ccccc3n2)c1,OCNT-0497368-AA-001,OCNT-0497323-AA-001,c1ccc(CN[*:1])cc1,CN(Cc1cccs1)[*:1],-1.598160470049167,0.0682284185436443,-2.999039290000016,0.1210282124091859,1.4008788199508488,1.4008788199508488,0.13893503984211372,6.570460334872039e-24,1.7232493504214232e-23,True
CC(C)C(NS(=O)(=O)c1cccs1)C(=O)NC[*:1],OCNT-0460409-AA-001,OCNT-0460385-AA-001,c1ccc2c(c1)CCN(CC[*:1])C2,CCN(CC)CC[*:1],-1.3967909050775438,0.0414637204851875,0.0031095530605522,0.0551206832922314,-1.399900458138096,1.399900458138096,0.06897484935160232,1.4002721414587599e-91,8.48135131225145e-91,True
CC(C)C(NS(=O)(=O)c1cccs1)C(=O)N[*:1],OCNT-0460409-AA-001,OCNT-0460385-AA-001,c1ccc2c(c1)CCN(CCC[*:1])C2,CCN(CC)CCC[*:1],-1.3967909050775438,0.0414637204851875,0.0031095530605522,0.0551206832922314,-1.399900458138096,1.399900458138096,0.06897484935160232,1.4002721414587599e-91,8.48135131225145e-91,True
CC(C)C(NS(=O)(=O)c1cccs1)C(=O)NCC[*:1],OCNT-0460409-AA-001,OCNT-0460385-AA-001,c1ccc2c(c1)CCN(C[*:1])C2,CCN(CC)C[*:1],-1.3967909050775438,0.0414637204851875,0.0031095530605522,0.0551206832922314,-1.399900458138096,1.399900458138096,0.06897484935160232,1.4002721414587599e-91,8.48135131225145e-91,True
CC(C)C(NS(=O)(=O)c1cccs1)C(=O)NCCC[*:1],OCNT-0460409-AA-001,OCNT-0460385-AA-001,c1ccc2c(c1)CCN([*:1])C2,CCN(CC)[*:1],-1.3967909050775438,0.0414637204851875,0.0031095530605522,0.0551206832922314,-1.399900458138096,1.399900458138096,0.06897484935160232,1.4002721414587599e-91,8.48135131225145e-91,True
CC(=O)Nc1ccc(-c2noc(C3CCCN(C(=O)[*:1])C3)n2)cc1,OCNT-0463240-AA-001,OCNT-0463468-AA-001,COc1ccc([*:1])c(OC)c1,COc1ccc(OC[*:1])cc1,-0.2534789461980565,0.0440260583679924,-1.652326639750597,0.1722827302198095,1.3988476935525405,1.3988476935525405,0.1778191017506655,3.64148417526919e-15,7.755188665695132e-15,True
CCOc1ccc(-c2cc(CCCC(=O)NC[*:1])no2)cc1,OCNT-0479500-AA-001,OCNT-0479466-AA-001,COc1cccc([*:1])c1,c1cncc([*:1])c1,-1.5662118204907234,0.0474318646202159,-0.1716877688693951,0.0349180491293988,-1.3945240516213282,1.3945240516213282,0.058898658188057194,6.272404051239017e-124,4.737213800426505e-123,True
CCOc1ccc(-c2cc(CCC[*:1])no2)cc1,OCNT-0479500-AA-001,OCNT-0479466-AA-001,COc1cccc(CNC(=O)[*:1])c1,O=C(NCc1cccnc1)[*:1],-1.5662118204907234,0.0474318646202159,-0.1716877688693951,0.0349180491293988,-1.3945240516213282,1.3945240516213282,0.058898658188057194,6.272404051239017e-124,4.737213800426505e-123,True
CCOc1ccc(-c2cc(CCCC(=O)N[*:1])no2)cc1,OCNT-0479500-AA-001,OCNT-0479466-AA-001,COc1cccc(C[*:1])c1,c1cncc(C[*:1])c1,-1.5662118204907234,0.0474318646202159,-0.1716877688693951,0.0349180491293988,-1.3945240516213282,1.3945240516213282,0.058898658188057194,6.272404051239017e-124,4.737213800426505e-123,True
CCOc1ccc(-c2cc(CC[*:1])no2)cc1,OCNT-0479500-AA-001,OCNT-0479466-AA-001,COc1cccc(CNC(=O)C[*:1])c1,O=C(C[*:1])NCc1cccnc1,-1.5662118204907234,0.0474318646202159,-0.1716877688693951,0.0349180491293988,-1.3945240516213282,1.3945240516213282,0.058898658188057194,6.272404051239017e-124,4.737213800426505e-123,True
CCC(=O)N1CCCC(c2nc(CCOC[*:1])no2)C1,OCNT-0475070-AA-001,OCNT-0475066-AA-001,C1CC1[*:1],c1ccc([*:1])cc1,-0.2173476950930789,0.0221202705732584,-1.6076253345544285,0.036983183920407,1.3902776394613496,1.3902776394613496,0.04309364527543258,2.4051001736135013e-228,2.675127329469199e-227,True
CCC(=O)N1CCCC(c2nc([*:1])no2)C1,OCNT-0475070-AA-001,OCNT-0475066-AA-001,C(C[*:1])OCC1CC1,c1ccc(COCC[*:1])cc1,-0.2173476950930789,0.0221202705732584,-1.6076253345544285,0.036983183920407,1.3902776394613496,1.3902776394613496,0.04309364527543258,2.4051001736135013e-228,2.675127329469199e-227,True
CCC(=O)N1CCCC(c2nc(C[*:1])no2)C1,OCNT-0475070-AA-001,OCNT-0475066-AA-001,C1CC1COC[*:1],c1ccc(COC[*:1])cc1,-0.2173476950930789,0.0221202705732584,-1.6076253345544285,0.036983183920407,1.3902776394613496,1.3902776394613496,0.04309364527543258,2.4051001736135013e-228,2.675127329469199e-227,True
CCC(=O)N1CCCC(c2nc(CC[*:1])no2)C1,OCNT-0475070-AA-001,OCNT-0475066-AA-001,C1CC1CO[*:1],c1ccc(CO[*:1])cc1,-0.2173476950930789,0.0221202705732584,-1.6076253345544285,0.036983183920407,1.3902776394613496,1.3902776394613496,0.04309364527543258,2.4051001736135013e-228,2.675127329469199e-227,True
CCC(=O)N1CCCC(c2nc(CCO[*:1])no2)C1,OCNT-0475070-AA-001,OCNT-0475066-AA-001,C1CC1C[*:1],c1ccc(C[*:1])cc1,-0.2173476950930789,0.0221202705732584,-1.6076253345544285,0.036983183920407,1.3902776394613496,1.3902776394613496,0.04309364527543258,2.4051001736135013e-228,2.675127329469199e-227,True
O=C1C2CCCN2C(=O)c2ccccc2N1Cc1cccc([*:1])c1,OCNT-0462601-AA-001,OCNT-0462696-AA-001,Cc1ccc(C(C)NC(=O)[*:1])c(C)c1,O=C(NCc1cccnc1)[*:1],-3.4436648686768057,0.0344948645116666,-2.0572069531953656,0.0599861827990841,-1.38645791548144,1.38645791548144,0.06919709390200841,2.654848620708826e-89,1.5806361496045003e-88,True
O=C(N[*:1])c1cccc(CN2C(=O)C3CCCN3C(=O)c3ccccc32)c1,OCNT-0462601-AA-001,OCNT-0462696-AA-001,Cc1ccc(C(C)[*:1])c(C)c1,c1cncc(C[*:1])c1,-3.4436648686768057,0.0344948645116666,-2.0572069531953656,0.0599861827990841,-1.38645791548144,1.38645791548144,0.06919709390200841,2.654848620708826e-89,1.5806361496045003e-88,True
Cc1nc(-c2cccc(F)c2)sc1CC[*:1],OCNT-0482146-AA-001,OCNT-0482212-AA-001,COc1ccc(CC(=O)N[*:1])cc1,COc1ccc(C(=O)N[*:1])c(OC)c1,-1.8910470355604825,0.0853024065015388,-0.5054091437111993,0.0598111702641195,-1.3856378918492833,1.3856378918492833,0.10418194010152268,2.3093145045583108e-40,8.189699409643749e-40,True
Cc1nc(-c2cccc(F)c2)sc1CCNC(=O)[*:1],OCNT-0482146-AA-001,OCNT-0482212-AA-001,COc1ccc(C[*:1])cc1,COc1ccc([*:1])c(OC)c1,-1.8910470355604825,0.0853024065015388,-0.5054091437111993,0.0598111702641195,-1.3856378918492833,1.3856378918492833,0.10418194010152268,2.3093145045583108e-40,8.189699409643749e-40,True
COCCN1C(=O)c2ccccc2C(C(=O)N[*:1])C12CCCCC2,OCNT-0461293-AA-001,OCNT-0461263-AA-001,C1Cc2nc([*:1])sc2C1,CCc1nnc([*:1])s1,-3.1952388881098943,0.0503948543939408,-1.8144803587500424,0.1439549528984196,-1.3807585293598519,1.3807585293598519,0.15252104711603806,1.3921457303706848e-19,3.3628633782991766e-19,True
COCCN1C(=O)c2ccccc2C([*:1])C12CCCCC2,OCNT-0461293-AA-001,OCNT-0461263-AA-001,O=C(Nc1nc2c(s1)CCC2)[*:1],CCc1nnc(NC(=O)[*:1])s1,-3.1952388881098943,0.0503948543939408,-1.8144803587500424,0.1439549528984196,-1.3807585293598519,1.3807585293598519,0.15252104711603806,1.3921457303706848e-19,3.3628633782991766e-19,True
COc1cccc(NC(=O)CSc2nc3ccccc3c(=O)n2C[*:1])c1,OCNT-0461497-AA-001,OCNT-0461509-AA-001,O=C(C[*:1])NCCc1ccccc1,O=C(CC[*:1])N1CCCC1,0.0145649781695468,0.0317169484037833,-1.3636112364420097,0.0557187689948438,1.3781762146115564,1.3781762146115564,0.06411354017950513,1.7018200117539693e-102,1.0987740286970879e-101,True
COc1cccc(NC(=O)CSc2nc3ccccc3c(=O)n2[*:1])c1,OCNT-0461497-AA-001,OCNT-0461509-AA-001,O=C(CC[*:1])NCCc1ccccc1,O=C(CCC[*:1])N1CCCC1,0.0145649781695468,0.0317169484037833,-1.3636112364420097,0.0557187689948438,1.3781762146115564,1.3781762146115564,0.06411354017950513,1.7018200117539693e-102,1.0987740286970879e-101,True
COc1cccc(NC(=O)CSc2nc3ccccc3c(=O)n2CC[*:1])c1,OCNT-0461497-AA-001,OCNT-0461509-AA-001,O=C(NCCc1ccccc1)[*:1],O=C(C[*:1])N1CCCC1,0.0145649781695468,0.0317169484037833,-1.3636112364420097,0.0557187689948438,1.3781762146115564,1.3781762146115564,0.06411354017950513,1.7018200117539693e-102,1.0987740286970879e-101,True
O=C(N[*:1])c1ccc(CN2C(=O)C3CCCN3C(=O)c3ccccc32)cc1,OCNT-0462806-AA-001,OCNT-0462546-AA-001,Cc1noc(C)c1C[*:1],COc1ccc(C[*:1])cc1,-1.4956836443571435,0.0389488465984688,-0.1175256441848964,0.0329425594658971,-1.378158000172247,1.378158000172247,0.05101200717003029,9.498600180817933e-161,8.6405481942236e-160,True
O=C1C2CCCN2C(=O)c2ccccc2N1Cc1ccc([*:1])cc1,OCNT-0462806-AA-001,OCNT-0462546-AA-001,Cc1noc(C)c1CNC(=O)[*:1],COc1ccc(CNC(=O)[*:1])cc1,-1.4956836443571435,0.0389488465984688,-0.1175256441848964,0.0329425594658971,-1.378158000172247,1.378158000172247,0.05101200717003029,9.498600180817933e-161,8.6405481942236e-160,True
O=C(NC[*:1])c1ccc(CN2C(=O)C3CCCN3C(=O)c3ccccc32)cc1,OCNT-0462806-AA-001,OCNT-0462546-AA-001,Cc1noc(C)c1[*:1],COc1ccc([*:1])cc1,-1.4956836443571435,0.0389488465984688,-0.1175256441848964,0.0329425594658971,-1.378158000172247,1.378158000172247,0.05101200717003029,9.498600180817933e-161,8.6405481942236e-160,True
CCCCN(CCCNC(=O)C[*:1])Cc1ccccc1,OCNT-0461714-AA-001,OCNT-0461684-AA-001,O=C1COc2ccccc2N1[*:1],CCC1Oc2ccccc2N([*:1])C1=O,-2.8574946508151533,0.3176947807233358,-4.235551346552696,0.260571073268064,1.3780566957375426,1.3780566957375426,0.4108859427175858,0.0007969073270345034,0.0012044670965123102,True
O=S(=O)(NCc1ccncc1)[*:1],OCNT-0495828-AA-001,OCNT-0495794-AA-001,Cc1ccc([*:1])c(C)c1C,CCOc1ccc([*:1])cc1,-2.210176529462887,0.1017526892987031,-0.8331720565803669,0.0497287994604765,-1.3770044728825201,1.3770044728825201,0.11325441834780088,5.169575379791088e-34,1.7048451420955246e-33,True
O=C(CN1C(=O)CSc2ccc(C(=O)N3CCCC3)cc21)N[*:1],OCNT-0457930-AA-001,OCNT-0457908-AA-001,c1cc2c(cc1C[*:1])OCO2,COc1ccc(C[*:1])cc1,-0.0448879507799361,0.033181543757535,-1.4163003003070784,0.0416079944641864,1.3714123495271424,1.3714123495271424,0.05321879413764442,1.9579876058417458e-146,1.6636096081579003e-145,True
O=C(c1ccc2c(c1)N(C[*:1])C(=O)CS2)N1CCCC1,OCNT-0457930-AA-001,OCNT-0457908-AA-001,O=C(NCc1ccc2c(c1)OCO2)[*:1],COc1ccc(CNC(=O)[*:1])cc1,-0.0448879507799361,0.033181543757535,-1.4163003003070784,0.0416079944641864,1.3714123495271424,1.3714123495271424,0.05321879413764442,1.9579876058417458e-146,1.6636096081579003e-145,True
O=C(CN1C(=O)CSc2ccc(C(=O)N3CCCC3)cc21)NC[*:1],OCNT-0457930-AA-001,OCNT-0457908-AA-001,c1cc2c(cc1[*:1])OCO2,COc1ccc([*:1])cc1,-0.0448879507799361,0.033181543757535,-1.4163003003070784,0.0416079944641864,1.3714123495271424,1.3714123495271424,0.05321879413764442,1.9579876058417458e-146,1.6636096081579003e-145,True
Cc1nc(-c2cccc(F)c2)sc1CC[*:1],OCNT-0482146-AA-001,OCNT-0482148-AA-001,COc1ccc(CC(=O)N[*:1])cc1,COc1cc(OC)cc(C(=O)N[*:1])c1,-1.8910470355604825,0.0853024065015388,-0.5281741006834317,0.053290845849535,-1.3628729348770507,1.3628729348770507,0.10058038977013695,7.913733219778842e-42,2.912015817864485e-41,True
Cc1nc(-c2cccc(F)c2)sc1CCNC(=O)[*:1],OCNT-0482146-AA-001,OCNT-0482148-AA-001,COc1ccc(C[*:1])cc1,COc1cc(OC)cc([*:1])c1,-1.8910470355604825,0.0853024065015388,-0.5281741006834317,0.053290845849535,-1.3628729348770507,1.3628729348770507,0.10058038977013695,7.913733219778842e-42,2.912015817864485e-41,True
CC(=O)Nc1ccc(-c2noc(C3CCCN(C(=O)[*:1])C3)n2)cc1,OCNT-0463306-AA-001,OCNT-0463468-AA-001,COc1ccc(/C=C/[*:1])cc1,COc1ccc(OC[*:1])cc1,-0.2924746080635503,0.0287251464407804,-1.652326639750597,0.1722827302198095,1.3598520316870466,1.3598520316870466,0.17466102361441702,6.934806149078643e-15,1.4679472877850724e-14,True
CCOC(=O)c1cc(S(=O)(=O)N2CCCC2C(=O)NC[*:1])cn1C,OCNT-0456978-AA-001,OCNT-0456976-AA-001,Cc1ccc2[nH]c(C[*:1])nc2c1,c1ccc2[nH]c(C[*:1])nc2c1,-2.3482978408278443,0.1254639165994165,-0.9900131815612592,0.0352698613356319,-1.3582846592665851,1.3582846592665851,0.130327117236207,1.9652611782847967e-25,5.284608904684503e-25,True
CCOC(=O)c1cc(S(=O)(=O)N2CCCC2C(=O)N[*:1])cn1C,OCNT-0456978-AA-001,OCNT-0456976-AA-001,Cc1ccc2[nH]c(CC[*:1])nc2c1,c1ccc2[nH]c(CC[*:1])nc2c1,-2.3482978408278443,0.1254639165994165,-0.9900131815612592,0.0352698613356319,-1.3582846592665851,1.3582846592665851,0.130327117236207,1.9652611782847967e-25,5.284608904684503e-25,True
CCOC(=O)c1cc(S(=O)(=O)N2CCCC2C(=O)NCC[*:1])cn1C,OCNT-0456978-AA-001,OCNT-0456976-AA-001,Cc1ccc2[nH]c([*:1])nc2c1,c1ccc2[nH]c([*:1])nc2c1,-2.3482978408278443,0.1254639165994165,-0.9900131815612592,0.0352698613356319,-1.3582846592665851,1.3582846592665851,0.130327117236207,1.9652611782847967e-25,5.284608904684503e-25,True
COCCN1C(=O)c2ccccc2C(C(=O)N[*:1])C12CCCCC2,OCNT-0461265-AA-001,OCNT-0461263-AA-001,CCCc1nnc([*:1])s1,CCc1nnc([*:1])s1,-3.1690396510828474,0.2591895364292012,-1.8144803587500424,0.1439549528984196,-1.354559292332805,1.354559292332805,0.2964831264311182,4.906257366307896e-06,8.095490071042092e-06,True
COCCN1C(=O)c2ccccc2C(C(=O)Nc2nnc(C[*:1])s2)C12CCCCC2,OCNT-0461265-AA-001,OCNT-0461263-AA-001,CC[*:1],C[*:1],-3.1690396510828474,0.2591895364292012,-1.8144803587500424,0.1439549528984196,-1.354559292332805,1.354559292332805,0.2964831264311182,4.906257366307896e-06,8.095490071042092e-06,True
COCCN1C(=O)c2ccccc2C([*:1])C12CCCCC2,OCNT-0461265-AA-001,OCNT-0461263-AA-001,CCCc1nnc(NC(=O)[*:1])s1,CCc1nnc(NC(=O)[*:1])s1,-3.1690396510828474,0.2591895364292012,-1.8144803587500424,0.1439549528984196,-1.354559292332805,1.354559292332805,0.2964831264311182,4.906257366307896e-06,8.095490071042092e-06,True
COCCN1C(=O)c2ccccc2C(C(=O)Nc2nnc([*:1])s2)C12CCCCC2,OCNT-0461265-AA-001,OCNT-0461263-AA-001,CCC[*:1],CC[*:1],-3.1690396510828474,0.2591895364292012,-1.8144803587500424,0.1439549528984196,-1.354559292332805,1.354559292332805,0.2964831264311182,4.906257366307896e-06,8.095490071042092e-06,True
CC(C(=O)N[*:1])C1CCN(C(=O)c2cc3ccccc3[nH]2)CC1,OCNT-0461841-AA-001,OCNT-0461843-AA-001,CC(C)OCCC[*:1],CCN1CCN(CCC[*:1])CC1,-2.2904858140116175,0.0847573861848719,-0.9363437297335566,0.0404941224171097,-1.354142084278061,1.354142084278061,0.0939339579876382,4.110750205342913e-47,1.5941372032447084e-46,True
CC(C(=O)NC[*:1])C1CCN(C(=O)c2cc3ccccc3[nH]2)CC1,OCNT-0461841-AA-001,OCNT-0461843-AA-001,CC(C)OCC[*:1],CCN1CCN(CC[*:1])CC1,-2.2904858140116175,0.0847573861848719,-0.9363437297335566,0.0404941224171097,-1.354142084278061,1.354142084278061,0.0939339579876382,4.110750205342913e-47,1.5941372032447084e-46,True
CC(C(=O)NCC[*:1])C1CCN(C(=O)c2cc3ccccc3[nH]2)CC1,OCNT-0461841-AA-001,OCNT-0461843-AA-001,CC(C)OC[*:1],CCN1CCN(C[*:1])CC1,-2.2904858140116175,0.0847573861848719,-0.9363437297335566,0.0404941224171097,-1.354142084278061,1.354142084278061,0.0939339579876382,4.110750205342913e-47,1.5941372032447084e-46,True
CC(C(=O)NCCC[*:1])C1CCN(C(=O)c2cc3ccccc3[nH]2)CC1,OCNT-0461841-AA-001,OCNT-0461843-AA-001,CC(C)O[*:1],CCN1CCN([*:1])CC1,-2.2904858140116175,0.0847573861848719,-0.9363437297335566,0.0404941224171097,-1.354142084278061,1.354142084278061,0.0939339579876382,4.110750205342913e-47,1.5941372032447084e-46,True
O=S(=O)(N1CCC2(CC1)NCCN=C2NCc1cc(F)cc(F)c1)[*:1],OCNT-0462787-AQ-001,OCNT-0462811-AQ-001,CCCc1ccc([*:1])cc1,c1cc2c(cc1[*:1])CCCC2,-0.7448969002671524,0.0258655671445703,-2.0973200154924765,0.0523161304260004,1.352423115225324,1.352423115225324,0.058360989251901474,8.44451202058762e-119,6.1499169388029486e-118,True
O=c1c2cc3c(nc2ncn1[*:1])CCCC3,OCNT-0460653-AA-001,OCNT-0460655-AA-001,CCN(C(=O)C[*:1])c1cccc(Cl)c1,Cc1cccc(C)c1NC(=O)C(C)[*:1],-1.647497601834557,0.1202508389744204,-0.3003420532196923,0.0440965071902493,-1.3471555486148648,1.3471555486148648,0.1280810923611744,7.138065645666165e-26,1.945083144203241e-25,True
O=S(=O)(NCc1ccncc1)[*:1],OCNT-0495796-AA-001,OCNT-0495774-AA-001,CCOc1cc([*:1])ccc1Cl,Cc1cc(C)c([*:1])c(C)c1,-3.3149672839177176,0.0371705849246667,-1.9716399858101024,0.0875658579790184,-1.3433272981076152,1.3433272981076152,0.0951285018658629,2.812170849104234e-45,1.0685375881611896e-44,True
Cn1c(=O)c2cc(C(=O)NCC[*:1])sc2c2ccccc21,OCNT-0479161-AA-001,OCNT-0479155-AA-001,CCCN1CCN(C[*:1])CC1,CN1CCN(C[*:1])CC1,-1.9091170410624647,0.097510228082784,-0.5761767310061376,0.0315894945838337,-1.332940310056327,1.332940310056327,0.10249946706602243,1.15557298209681e-38,3.9939083152413764e-38,True
Cn1c(=O)c2cc(C(=O)NC[*:1])sc2c2ccccc21,OCNT-0479161-AA-001,OCNT-0479155-AA-001,CCCN1CCN(CC[*:1])CC1,CN1CCN(CC[*:1])CC1,-1.9091170410624647,0.097510228082784,-0.5761767310061376,0.0315894945838337,-1.332940310056327,1.332940310056327,0.10249946706602243,1.15557298209681e-38,3.9939083152413764e-38,True
Cn1c(=O)c2cc(C(=O)NCCCN3CCN([*:1])CC3)sc2c2ccccc21,OCNT-0479161-AA-001,OCNT-0479155-AA-001,CCC[*:1],C[*:1],-1.9091170410624647,0.097510228082784,-0.5761767310061376,0.0315894945838337,-1.332940310056327,1.332940310056327,0.10249946706602243,1.15557298209681e-38,3.9939083152413764e-38,True
Cn1c(=O)c2cc(C(=O)N[*:1])sc2c2ccccc21,OCNT-0479161-AA-001,OCNT-0479155-AA-001,CCCN1CCN(CCC[*:1])CC1,CN1CCN(CCC[*:1])CC1,-1.9091170410624647,0.097510228082784,-0.5761767310061376,0.0315894945838337,-1.332940310056327,1.332940310056327,0.10249946706602243,1.15557298209681e-38,3.9939083152413764e-38,True
Cn1c(=O)c2cc(C(=O)NCCC[*:1])sc2c2ccccc21,OCNT-0479161-AA-001,OCNT-0479155-AA-001,CCCN1CCN([*:1])CC1,CN1CCN([*:1])CC1,-1.9091170410624647,0.097510228082784,-0.5761767310061376,0.0315894945838337,-1.332940310056327,1.332940310056327,0.10249946706602243,1.15557298209681e-38,3.9939083152413764e-38,True
C=CCn1cc(C(=O)NCC[*:1])c(=O)c2cc(S(=O)(=O)N3CCCCCC3)ccc21,OCNT-0454906-AA-001,OCNT-0454910-AA-001,CCCCN(Cc1ccccc1)C[*:1],CC(C)N(Cc1ccccc1)[*:1],-0.1100219782578101,0.0436672334973979,-1.4373374318112468,0.3043780524611744,1.3273154535534368,1.3273154535534368,0.30749443263476123,1.584859529501613e-05,2.5497378492376377e-05,True
CC1c2nc3ccccc3n2C(C[*:1])C(=O)N1Cc1ccccc1,OCNT-0455118-AA-001,OCNT-0455120-AA-001,O=C(NCCCSC1CCCCC1)[*:1],CCOC(=O)C1CCN(C(=O)[*:1])CC1,-3.8449076084240983,0.0930887411279444,-2.5274266815256974,0.1340799191490234,-1.317480926898401,1.317480926898401,0.1632266474684636,6.945003224394748e-16,1.506597773944499e-15,True
COc1ccc(-c2cc(CCCC(=O)N[*:1])no2)cc1,OCNT-0479245-AA-001,OCNT-0479249-AA-001,COc1ccc(CC[*:1])c(OC)c1,Clc1ccc(CC[*:1])cc1,-1.1422956482933535,0.2389389230417199,0.1666029188004735,0.048314901886265,-1.3088985670938271,1.3088985670938271,0.2437747704103449,7.904519030993905e-08,1.3895372175892303e-07,True
COc1ccc(-c2cc(CCCC(=O)NCC[*:1])no2)cc1,OCNT-0479245-AA-001,OCNT-0479249-AA-001,COc1ccc([*:1])c(OC)c1,Clc1ccc([*:1])cc1,-1.1422956482933535,0.2389389230417199,0.1666029188004735,0.048314901886265,-1.3088985670938271,1.3088985670938271,0.2437747704103449,7.904519030993905e-08,1.3895372175892303e-07,True
COc1ccc(-c2cc(CCCC(=O)NC[*:1])no2)cc1,OCNT-0479245-AA-001,OCNT-0479249-AA-001,COc1ccc(C[*:1])c(OC)c1,Clc1ccc(C[*:1])cc1,-1.1422956482933535,0.2389389230417199,0.1666029188004735,0.048314901886265,-1.3088985670938271,1.3088985670938271,0.2437747704103449,7.904519030993905e-08,1.3895372175892303e-07,True
CCn1c(=O)c(N2CCC(C(=O)N[*:1])CC2)c(C)n(-c2ccccc2)c1=O,OCNT-0458309-AA-001,OCNT-0458307-AA-001,Fc1ccc(C[*:1])cc1,COc1ccccc1C[*:1],-0.0938295176693835,0.0367687758458714,-1.4003196747440614,0.0300642429495102,1.3064901570746779,1.3064901570746779,0.047495279568933055,1.4166620989053277e-166,1.3281885655254166e-165,True
CCn1c(=O)c(N2CCC(C(=O)NC[*:1])CC2)c(C)n(-c2ccccc2)c1=O,OCNT-0458309-AA-001,OCNT-0458307-AA-001,Fc1ccc([*:1])cc1,COc1ccccc1[*:1],-0.0938295176693835,0.0367687758458714,-1.4003196747440614,0.0300642429495102,1.3064901570746779,1.3064901570746779,0.047495279568933055,1.4166620989053277e-166,1.3281885655254166e-165,True
CCn1c(=O)c(N2CCC([*:1])CC2)c(C)n(-c2ccccc2)c1=O,OCNT-0458309-AA-001,OCNT-0458307-AA-001,O=C(NCc1ccc(F)cc1)[*:1],COc1ccccc1CNC(=O)[*:1],-0.0938295176693835,0.0367687758458714,-1.4003196747440614,0.0300642429495102,1.3064901570746779,1.3064901570746779,0.047495279568933055,1.4166620989053277e-166,1.3281885655254166e-165,True
CC(=O)Nc1ccc(-c2noc(C3CCCN(C(=O)[*:1])C3)n2)cc1,OCNT-0463446-AA-001,OCNT-0463468-AA-001,Cc1ccc(C[*:1])cc1,COc1ccc(OC[*:1])cc1,-2.9560283016638,0.1048029496928386,-1.652326639750597,0.1722827302198095,-1.3037016619132031,1.3037016619132031,0.20165564062607155,1.0130563520620284e-10,1.9112944437130174e-10,True
CC(=O)Nc1ccc(-c2noc(C3CCCN(C(=O)C[*:1])C3)n2)cc1,OCNT-0463446-AA-001,OCNT-0463468-AA-001,Cc1ccc([*:1])cc1,COc1ccc(O[*:1])cc1,-2.9560283016638,0.1048029496928386,-1.652326639750597,0.1722827302198095,-1.3037016619132031,1.3037016619132031,0.20165564062607155,1.0130563520620284e-10,1.9112944437130174e-10,True
O=C(NCCCN1CCN([*:1])CC1)C1Cc2ccccc2N1C(=O)c1ccccc1,OCNT-0460167-AA-001,OCNT-0460159-AA-001,CCC[*:1],Fc1ccccc1[*:1],-0.5918488975491913,0.0364046926060617,-1.8886170186036544,0.1057680751499828,1.296768121054463,1.296768121054463,0.11185788914812514,4.47208179501918e-31,1.3799727808842287e-30,True
O=C(NCCC[*:1])C1Cc2ccccc2N1C(=O)c1ccccc1,OCNT-0460167-AA-001,OCNT-0460159-AA-001,CCCN1CCN([*:1])CC1,Fc1ccccc1N1CCN([*:1])CC1,-0.5918488975491913,0.0364046926060617,-1.8886170186036544,0.1057680751499828,1.296768121054463,1.296768121054463,0.11185788914812514,4.47208179501918e-31,1.3799727808842287e-30,True
CC(=O)Nc1ccc(-c2noc(C3CCCN(C(=O)C[*:1])C3)n2)cc1,OCNT-0463304-AA-001,OCNT-0463468-AA-001,Fc1ccc([*:1])cc1,COc1ccc(O[*:1])cc1,-2.947018477610667,0.0459010610898781,-1.652326639750597,0.1722827302198095,-1.29469183786007,1.29469183786007,0.17829258689347793,3.825001341056962e-13,7.741752093934148e-13,True
CC(=O)Nc1ccc(-c2noc(C3CCCN(C(=O)[*:1])C3)n2)cc1,OCNT-0463304-AA-001,OCNT-0463468-AA-001,Fc1ccc(C[*:1])cc1,COc1ccc(OC[*:1])cc1,-2.947018477610667,0.0459010610898781,-1.652326639750597,0.1722827302198095,-1.29469183786007,1.29469183786007,0.17829258689347793,3.825001341056962e-13,7.741752093934148e-13,True
Cc1nc(-c2cccc(F)c2)sc1C[*:1],OCNT-0482160-AA-001,OCNT-0482180-AA-001,O=C(NC[*:1])c1ccc(F)c(F)c1,Cc1cc(C)cc(C(=O)NC[*:1])c1,-1.5589443662852402,0.0767013533741491,-0.2665960055742999,0.0318607418864413,-1.2923483607109403,1.2923483607109403,0.08305543018358601,1.3594877770049763e-54,5.696346901252016e-54,True
Cc1nc(-c2cccc(F)c2)sc1CCNC(=O)[*:1],OCNT-0482160-AA-001,OCNT-0482180-AA-001,Fc1ccc([*:1])cc1F,Cc1cc(C)cc([*:1])c1,-1.5589443662852402,0.0767013533741491,-0.2665960055742999,0.0318607418864413,-1.2923483607109403,1.2923483607109403,0.08305543018358601,1.3594877770049763e-54,5.696346901252016e-54,True
Cc1nc(-c2cccc(F)c2)sc1CC[*:1],OCNT-0482160-AA-001,OCNT-0482180-AA-001,O=C(N[*:1])c1ccc(F)c(F)c1,Cc1cc(C)cc(C(=O)N[*:1])c1,-1.5589443662852402,0.0767013533741491,-0.2665960055742999,0.0318607418864413,-1.2923483607109403,1.2923483607109403,0.08305543018358601,1.3594877770049763e-54,5.696346901252016e-54,True
Cc1nc(-c2ccc(F)cc2)sc1C[*:1],OCNT-0482094-AA-001,OCNT-0482096-AA-001,O=C(NC[*:1])c1cccs1,COc1ccc(C(=O)NC[*:1])cc1,-1.337473437484487,0.0360349541281914,-0.0534659291823882,0.0520672660222867,-1.2840075083020988,1.2840075083020988,0.06332075576030682,2.018421636463151e-91,1.2075984705196406e-90,True
Cc1nc(-c2ccc(F)cc2)sc1CC[*:1],OCNT-0482094-AA-001,OCNT-0482096-AA-001,O=C(N[*:1])c1cccs1,COc1ccc(C(=O)N[*:1])cc1,-1.337473437484487,0.0360349541281914,-0.0534659291823882,0.0520672660222867,-1.2840075083020988,1.2840075083020988,0.06332075576030682,2.018421636463151e-91,1.2075984705196406e-90,True
Cc1nc(-c2ccc(F)cc2)sc1CCNC(=O)[*:1],OCNT-0482094-AA-001,OCNT-0482096-AA-001,c1csc([*:1])c1,COc1ccc([*:1])cc1,-1.337473437484487,0.0360349541281914,-0.0534659291823882,0.0520672660222867,-1.2840075083020988,1.2840075083020988,0.06332075576030682,2.018421636463151e-91,1.2075984705196406e-90,True
CC(C)C(NS(=O)(=O)c1cccs1)C(=O)N[*:1],OCNT-0460409-AA-001,OCNT-0460411-AA-001,c1ccc2c(c1)CCN(CCC[*:1])C2,CC(C)N(CCC[*:1])C1CCCCC1,-1.3967909050775438,0.0414637204851875,-0.1193707155271433,0.0272448601367279,-1.2774201895504005,1.2774201895504005,0.04961373318289627,3.454930002897936e-146,2.8755828969698127e-145,True
CC(C)C(NS(=O)(=O)c1cccs1)C(=O)NC[*:1],OCNT-0460409-AA-001,OCNT-0460411-AA-001,c1ccc2c(c1)CCN(CC[*:1])C2,CC(C)N(CC[*:1])C1CCCCC1,-1.3967909050775438,0.0414637204851875,-0.1193707155271433,0.0272448601367279,-1.2774201895504005,1.2774201895504005,0.04961373318289627,3.454930002897936e-146,2.8755828969698127e-145,True
CC(C)C(NS(=O)(=O)c1cccs1)C(=O)NCCC[*:1],OCNT-0460409-AA-001,OCNT-0460411-AA-001,c1ccc2c(c1)CCN([*:1])C2,CC(C)N(C1CCCCC1)[*:1],-1.3967909050775438,0.0414637204851875,-0.1193707155271433,0.0272448601367279,-1.2774201895504005,1.2774201895504005,0.04961373318289627,3.454930002897936e-146,2.8755828969698127e-145,True
CC(C)C(NS(=O)(=O)c1cccs1)C(=O)NCC[*:1],OCNT-0460409-AA-001,OCNT-0460411-AA-001,c1ccc2c(c1)CCN(C[*:1])C2,CC(C)N(C[*:1])C1CCCCC1,-1.3967909050775438,0.0414637204851875,-0.1193707155271433,0.0272448601367279,-1.2774201895504005,1.2774201895504005,0.04961373318289627,3.454930002897936e-146,2.8755828969698127e-145,True
CCCOc1ccc2oc(=O)c3c(c2c1)CCCN3C(=O)C[*:1],OCNT-0454702-AA-001,OCNT-0454708-AA-001,CCN(c1cccc(C)c1)[*:1],c1ccc(CC2CCN([*:1])CC2)cc1,-1.640705366775495,0.2655316133545163,-0.3633476184010178,0.0543285485332925,-1.2773577483744771,1.2773577483744771,0.2710325236505513,2.4417816428165594e-06,4.100919478361098e-06,True
CC1CCN(C(=O)Cn2cc(SC[*:1])c3ccccc32)CC1,OCNT-0456252-AA-001,OCNT-0456282-AA-001,COc1ccc(NC(=O)[*:1])cc1,O=C(NCc1ccc2c(c1)OCO2)[*:1],-0.103205944988708,0.1257082426383625,-1.3769356477812735,0.1051537565096564,1.2737297027925656,1.2737297027925656,0.16388982511223057,7.733845321357419e-15,1.6328489647421574e-14,True
CC1CCN(C(=O)Cn2cc(SCC(=O)N[*:1])c3ccccc32)CC1,OCNT-0456252-AA-001,OCNT-0456282-AA-001,COc1ccc([*:1])cc1,c1cc2c(cc1C[*:1])OCO2,-0.103205944988708,0.1257082426383625,-1.3769356477812735,0.1051537565096564,1.2737297027925656,1.2737297027925656,0.16388982511223057,7.733845321357419e-15,1.6328489647421574e-14,True
COc1ccc(-c2[nH]c([*:1])nc2SCC(=O)Nc2ccc3c(c2)OCCO3)cc1,OCNT-0479368-AA-001,OCNT-0479366-AA-001,COc1ccc([*:1])cc1,Cc1ccc([*:1])cc1,-1.5107767894087227,0.048596375670928,-0.2373722918053398,0.0638202839696631,-1.273404497603383,1.273404497603383,0.08021618523912989,9.492707672090199e-57,4.089552055212098e-56,True
COc1ccc(-c2[nH]c(-c3ccc([*:1])cc3)nc2SCC(=O)Nc2ccc3c(c2)OCCO3)cc1,OCNT-0479368-AA-001,OCNT-0479366-AA-001,CO[*:1],C[*:1],-1.5107767894087227,0.048596375670928,-0.2373722918053398,0.0638202839696631,-1.273404497603383,1.273404497603383,0.08021618523912989,9.492707672090199e-57,4.089552055212098e-56,True
COCCN1C(=O)c2ccccc2C([*:1])C12CCCCC2,OCNT-0461556-AA-001,OCNT-0461263-AA-001,O=C(NC1CCCCCC1)[*:1],CCc1nnc(NC(=O)[*:1])s1,-3.076706267540658,0.1433755038228438,-1.8144803587500424,0.1439549528984196,-1.2622259087906154,1.2622259087906154,0.20317372753493623,5.213327029838484e-10,9.627933012841338e-10,True
COCCN1C(=O)c2ccccc2C(C(=O)N[*:1])C12CCCCC2,OCNT-0461556-AA-001,OCNT-0461263-AA-001,C1CCCC([*:1])CC1,CCc1nnc([*:1])s1,-3.076706267540658,0.1433755038228438,-1.8144803587500424,0.1439549528984196,-1.2622259087906154,1.2622259087906154,0.20317372753493623,5.213327029838484e-10,9.627933012841338e-10,True
O=C(NC[*:1])c1cccc(CN2C(=O)C3CCCN3C(=O)c3ccccc32)c1,OCNT-0462696-AA-001,OCNT-0462644-AA-001,c1cncc([*:1])c1,COc1ccc([*:1])c(OC)c1,-2.0572069531953656,0.0599861827990841,-0.797224048602732,0.0502045357646995,-1.2599829045926336,1.2599829045926336,0.07822299878011661,2.256991702439594e-58,1.0096633813290103e-57,True
O=C(N[*:1])c1cccc(CN2C(=O)C3CCCN3C(=O)c3ccccc32)c1,OCNT-0462696-AA-001,OCNT-0462644-AA-001,c1cncc(C[*:1])c1,COc1ccc(C[*:1])c(OC)c1,-2.0572069531953656,0.0599861827990841,-0.797224048602732,0.0502045357646995,-1.2599829045926336,1.2599829045926336,0.07822299878011661,2.256991702439594e-58,1.0096633813290103e-57,True
CCOC(=O)c1cccc(Nc2c(C(=O)N3CCCC3)cnc3ccc([*:1])cc23)c1,OCNT-0457040-AA-001,OCNT-0457042-AA-001,F[*:1],Cl[*:1],-1.8997895925091175,0.1475027918613809,-3.15355019756444,0.0284860571860602,1.2537606050553225,1.2537606050553225,0.15022825653288183,7.079073513499296e-17,1.5619921449533614e-16,True
Cn1c(C2CCN(C(=O)[*:1])C2)nc2ccncc21,OCNT-0475006-AA-001,OCNT-0475002-AA-001,COc1ccc(C[*:1])cc1Cl,CCOc1ccc([*:1])cc1,-1.2902252987805916,0.0415030909599074,-0.037664508545282,0.0231399341413935,-1.2525607902353095,1.2525607902353095,0.04751802932881767,3.973632651680823e-153,3.4358583387501673e-152,True
Cn1c(CNC(=O)[*:1])nc2ccccc21,OCNT-0475102-AA-001,OCNT-0475130-AA-001,CC(C)N1C(=O)C2(CCCC2)C1[*:1],CC(C)N1C(=O)C2(CCCCC2)C1[*:1],-0.7534599639940108,0.0511913986795388,-2.0023491467648,0.1111867084247185,1.2488891827707893,1.2488891827707893,0.12240524265361698,1.9242711656177984e-24,5.1292936190269634e-24,True
CCOc1cccc(CNC(=O)[C@H]2CCC[C@H]2[*:1])c1,OCNT-0475198-AA-001,OCNT-0475196-AA-001,COc1ccc(C(=O)N[*:1])cn1,Cc1cnc(C(=O)N[*:1])cn1,-2.628169977221224,0.1976383244034274,-1.383431950931206,0.0599124421174418,-1.244738026290018,1.244738026290018,0.2065197520661649,1.6681364131831748e-09,3.0303858968516913e-09,True
CCOc1cccc(CNC(=O)[C@H]2CCC[C@H]2NC(=O)[*:1])c1,OCNT-0475198-AA-001,OCNT-0475196-AA-001,COc1ccc([*:1])cn1,Cc1cnc([*:1])cn1,-2.628169977221224,0.1976383244034274,-1.383431950931206,0.0599124421174418,-1.244738026290018,1.244738026290018,0.2065197520661649,1.6681364131831748e-09,3.0303858968516913e-09,True
c1cncc(-c2nc([*:1])c3ccccc3n2)c1,OCNT-0497344-AA-001,OCNT-0497368-AA-001,CN(Cc1ccccc1F)[*:1],c1ccc(CN[*:1])cc1,-2.8397557835446947,0.0857329871065121,-1.598160470049167,0.0682284185436443,-1.2415953134955278,1.2415953134955278,0.10956852730219602,9.143561605138202e-30,2.7153270931763567e-29,True
O=C(N[*:1])c1cccc(CN2C(=O)C3CCCN3C(=O)c3ccccc32)c1,OCNT-0462676-AA-001,OCNT-0462710-AA-001,Fc1ccc(C[*:1])c(Cl)c1,CCC(c1ccc(OC)cc1)[*:1],-1.8558302941902816,0.1111706837826298,-0.6199193731979067,0.0579526105466695,-1.2359109209923749,1.2359109209923749,0.12536915889432862,6.318834521933485e-23,1.6241794196608443e-22,True
Cn1ncc2c3ccccc3n(CCCC(=O)N[*:1])c2c1=O,OCNT-0457656-AA-001,OCNT-0457658-AA-001,CN(CC[*:1])Cc1ccccc1,CCC(CN(C)Cc1ccccc1)[*:1],-2.282572498211394,0.0384273684104647,-3.515171145340896,0.1306561754256187,1.2325986471295018,1.2325986471295018,0.136189936558483,1.4220394580829064e-19,3.4316869368134833e-19,True
O=C(CCN1C(=O)c2ccccc2C1=O)N1CCN([*:1])CC1,OCNT-0461786-AA-001,OCNT-0461784-AA-001,Cc1cccc([*:1])c1C,c1ccc([*:1])nc1,-1.763432602990969,0.0405006572861037,-0.531841661844112,0.0439414106649295,-1.231590941146857,1.231590941146857,0.05975910651800615,2.266722856954375e-94,1.3936358871777275e-93,True
CN(CCCNC(=O)c1cc(N[*:1])nc2ccccc12)C1CCCCC1,OCNT-0479222-AA-001,OCNT-0479220-AA-001,Cc1ccc(C)c([*:1])c1,CCc1ccccc1[*:1],-3.533531403043587,0.3367726525686464,-2.303381067573095,0.1232124479152185,-1.230150335470492,1.230150335470492,0.3586044155324675,0.0006027308027073112,0.0009166452916251029,True
CN(CCCNC(=O)c1cc([*:1])nc2ccccc12)C1CCCCC1,OCNT-0479222-AA-001,OCNT-0479220-AA-001,Cc1ccc(C)c(N[*:1])c1,CCc1ccccc1N[*:1],-3.533531403043587,0.3367726525686464,-2.303381067573095,0.1232124479152185,-1.230150335470492,1.230150335470492,0.3586044155324675,0.0006027308027073112,0.0009166452916251029,True
O=C1C2CCCN2C(=O)c2ccccc2N1Cc1cccc([*:1])c1,OCNT-0462696-AA-001,OCNT-0462672-AA-001,O=C(NCc1cccnc1)[*:1],COc1ccc(CNC(=O)[*:1])cc1,-2.0572069531953656,0.0599861827990841,-0.8301895472292733,0.0414970094290246,-1.2270174059660923,1.2270174059660923,0.07294068767401148,1.6802075851718943e-63,7.80164698465963e-63,True
O=C(N[*:1])c1cccc(CN2C(=O)C3CCCN3C(=O)c3ccccc32)c1,OCNT-0462696-AA-001,OCNT-0462672-AA-001,c1cncc(C[*:1])c1,COc1ccc(C[*:1])cc1,-2.0572069531953656,0.0599861827990841,-0.8301895472292733,0.0414970094290246,-1.2270174059660923,1.2270174059660923,0.07294068767401148,1.6802075851718943e-63,7.80164698465963e-63,True
O=C(NC[*:1])c1cccc(CN2C(=O)C3CCCN3C(=O)c3ccccc32)c1,OCNT-0462696-AA-001,OCNT-0462672-AA-001,c1cncc([*:1])c1,COc1ccc([*:1])cc1,-2.0572069531953656,0.0599861827990841,-0.8301895472292733,0.0414970094290246,-1.2270174059660923,1.2270174059660923,0.07294068767401148,1.6802075851718943e-63,7.80164698465963e-63,True
CC1CCn2c(nc3cc(C(=O)NC[*:1])ccc32)C1,OCNT-0482558-AA-001,OCNT-0482578-AA-001,c1ccc(C[*:1])cc1,COc1ccc([*:1])cc1OC,-1.3309547374655952,0.0316048848309052,-0.1063165736029776,0.0422678420801153,-1.2246381638626176,1.2246381638626176,0.052777260437468214,4.1587987904177004e-119,3.0377852657170483e-118,True
CC1CCn2c(nc3cc(C(=O)N[*:1])ccc32)C1,OCNT-0482558-AA-001,OCNT-0482578-AA-001,c1ccc(CC[*:1])cc1,COc1ccc(C[*:1])cc1OC,-1.3309547374655952,0.0316048848309052,-0.1063165736029776,0.0422678420801153,-1.2246381638626176,1.2246381638626176,0.052777260437468214,4.1587987904177004e-119,3.0377852657170483e-118,True
CCCCN(CCCNC(=O)[*:1])Cc1ccccc1,OCNT-0461834-AA-001,OCNT-0461714-AA-001,O=C1Nc2ccccc2NC1C[*:1],O=C1COc2ccccc2N1C[*:1],-1.6338038328456386,0.1647867463900904,-2.8574946508151533,0.3176947807233358,1.2236908179695147,1.2236908179695147,0.357889152510495,0.0006280797826037191,0.0009540106939983243,True
CCCCN(CCCNC(=O)C[*:1])Cc1ccccc1,OCNT-0461834-AA-001,OCNT-0461714-AA-001,O=C1Nc2ccccc2NC1[*:1],O=C1COc2ccccc2N1[*:1],-1.6338038328456386,0.1647867463900904,-2.8574946508151533,0.3176947807233358,1.2236908179695147,1.2236908179695147,0.357889152510495,0.0006280797826037191,0.0009540106939983243,True
c1ccc2c(c1)oc1c([*:1])ncnc12,OCNT-0482391-AQ-001,OCNT-0498111-AA-001,C1CCCN([*:1])CC1,Oc1cccc(N[*:1])c1,-1.280793732807274,0.1100580928205272,-0.0574742587589393,0.0314223127900053,-1.2233194740483349,1.2233194740483349,0.11445586719939137,1.1567667924100588e-26,3.231288060533578e-26,True
Cc1nc(-c2ccc(F)cc2)sc1CC[*:1],OCNT-0482094-AA-001,OCNT-0482114-AA-001,O=C(N[*:1])c1cccs1,Cc1ccc(C(=O)N[*:1])cc1,-1.337473437484487,0.0360349541281914,-0.115190389000082,0.0274200662084502,-1.222283048484405,1.222283048484405,0.04528109925671694,1.7747925917744018e-160,1.5908122608322203e-159,True
Cc1nc(-c2ccc(F)cc2)sc1CCNC(=O)[*:1],OCNT-0482094-AA-001,OCNT-0482114-AA-001,c1csc([*:1])c1,Cc1ccc([*:1])cc1,-1.337473437484487,0.0360349541281914,-0.115190389000082,0.0274200662084502,-1.222283048484405,1.222283048484405,0.04528109925671694,1.7747925917744018e-160,1.5908122608322203e-159,True
Cc1nc(-c2ccc(F)cc2)sc1[*:1],OCNT-0482094-AA-001,OCNT-0482114-AA-001,O=C(NCC[*:1])c1cccs1,Cc1ccc(C(=O)NCC[*:1])cc1,-1.337473437484487,0.0360349541281914,-0.115190389000082,0.0274200662084502,-1.222283048484405,1.222283048484405,0.04528109925671694,1.7747925917744018e-160,1.5908122608322203e-159,True
Cc1nc(-c2ccc(F)cc2)sc1C[*:1],OCNT-0482094-AA-001,OCNT-0482114-AA-001,O=C(NC[*:1])c1cccs1,Cc1ccc(C(=O)NC[*:1])cc1,-1.337473437484487,0.0360349541281914,-0.115190389000082,0.0274200662084502,-1.222283048484405,1.222283048484405,0.04528109925671694,1.7747925917744018e-160,1.5908122608322203e-159,True
CCOc1ccc(-c2cc(CCCC(=O)NC[*:1])no2)cc1,OCNT-0479500-AA-001,OCNT-0479496-AA-001,COc1cccc([*:1])c1,c1ccc(C[*:1])cc1,-1.5662118204907234,0.0474318646202159,-0.3534454642646611,0.0597340533274236,-1.2127663562260622,1.2127663562260622,0.0762754148351484,6.353391260862873e-57,2.746775338397783e-56,True
CCOc1ccc(-c2cc(CCC[*:1])no2)cc1,OCNT-0479500-AA-001,OCNT-0479496-AA-001,COc1cccc(CNC(=O)[*:1])c1,O=C(NCCc1ccccc1)[*:1],-1.5662118204907234,0.0474318646202159,-0.3534454642646611,0.0597340533274236,-1.2127663562260622,1.2127663562260622,0.0762754148351484,6.353391260862873e-57,2.746775338397783e-56,True
CCOc1ccc(-c2cc(CC[*:1])no2)cc1,OCNT-0479500-AA-001,OCNT-0479496-AA-001,COc1cccc(CNC(=O)C[*:1])c1,O=C(C[*:1])NCCc1ccccc1,-1.5662118204907234,0.0474318646202159,-0.3534454642646611,0.0597340533274236,-1.2127663562260622,1.2127663562260622,0.0762754148351484,6.353391260862873e-57,2.746775338397783e-56,True
CCOc1ccc(-c2cc(CCCC(=O)N[*:1])no2)cc1,OCNT-0479500-AA-001,OCNT-0479496-AA-001,COc1cccc(C[*:1])c1,c1ccc(CC[*:1])cc1,-1.5662118204907234,0.0474318646202159,-0.3534454642646611,0.0597340533274236,-1.2127663562260622,1.2127663562260622,0.0762754148351484,6.353391260862873e-57,2.746775338397783e-56,True
c1cncc(-c2nc([*:1])c3ccccc3n2)c1,OCNT-0497344-AA-001,OCNT-0497383-AA-001,CN(Cc1ccccc1F)[*:1],CN(CC1COc2ccccc2O1)[*:1],-2.8397557835446947,0.0857329871065121,-4.051000623765512,0.3531449996960162,1.2112448402208176,1.2112448402208176,0.3634027186036239,0.0008589490837227128,0.0012894775508401706,True
CN(C[*:1])c1nc(-c2cccnc2)nc2ccccc12,OCNT-0497344-AA-001,OCNT-0497383-AA-001,Fc1ccccc1[*:1],c1ccc2c(c1)OCC([*:1])O2,-2.8397557835446947,0.0857329871065121,-4.051000623765512,0.3531449996960162,1.2112448402208176,1.2112448402208176,0.3634027186036239,0.0008589490837227128,0.0012894775508401706,True
CN(c1nc(-c2cccnc2)nc2ccccc12)[*:1],OCNT-0497344-AA-001,OCNT-0497383-AA-001,Fc1ccccc1C[*:1],c1ccc2c(c1)OCC(C[*:1])O2,-2.8397557835446947,0.0857329871065121,-4.051000623765512,0.3531449996960162,1.2112448402208176,1.2112448402208176,0.3634027186036239,0.0008589490837227128,0.0012894775508401706,True
CCc1ccc(Nc2nc([*:1])nc3ccccc23)cc1,OCNT-0460708-AA-001,OCNT-0482403-AA-001,CCOCCCNC(=O)[*:1],CCOC(=O)[*:1],-2.1255841869155065,0.0453794146594522,-0.9178475021470054,0.0277743423020761,-1.2077366847685012,1.2077366847685012,0.05320437355281424,4.48492717504677e-114,3.171854565705042e-113,True
CC1CCn2c(nc3cc(C(=O)N[*:1])ccc32)C1,OCNT-0482558-AA-001,OCNT-0482560-AA-001,c1ccc(CC[*:1])cc1,CCOc1cc(C[*:1])ccc1OC,-1.3309547374655952,0.0316048848309052,-0.1238268595691373,0.0346232774046693,-1.207127877896458,1.207127877896458,0.04687899405293874,3.234473652401399e-146,2.729226561181456e-145,True
CC1CCn2c(nc3cc(C(=O)NC[*:1])ccc32)C1,OCNT-0482558-AA-001,OCNT-0482560-AA-001,c1ccc(C[*:1])cc1,CCOc1cc([*:1])ccc1OC,-1.3309547374655952,0.0316048848309052,-0.1238268595691373,0.0346232774046693,-1.207127877896458,1.207127877896458,0.04687899405293874,3.234473652401399e-146,2.729226561181456e-145,True
O=S(=O)(c1ccc2c(c1)CCCC2)N1CCC2(CC1)NCCN=C2NC[*:1],OCNT-0462813-AQ-001,OCNT-0462815-AQ-001,Cc1ccc([*:1])cc1,Cc1ccccc1[*:1],-3.9900445831324673,0.0345199567574246,-2.7850230189478795,0.1263462086693507,-1.2050215641845878,1.2050215641845878,0.13097706615913174,3.571227148063418e-20,8.738792831311185e-20,True
O=S(=O)(c1ccc2c(c1)CCCC2)N1CCC2(CC1)NCCN=C2N[*:1],OCNT-0462813-AQ-001,OCNT-0462815-AQ-001,Cc1ccc(C[*:1])cc1,Cc1ccccc1C[*:1],-3.9900445831324673,0.0345199567574246,-2.7850230189478795,0.1263462086693507,-1.2050215641845878,1.2050215641845878,0.13097706615913174,3.571227148063418e-20,8.738792831311185e-20,True
Cc1nc(-c2cccc(F)c2)sc1CCNC(=O)[*:1],OCNT-0482212-AA-001,OCNT-0482156-AA-001,COc1ccc([*:1])c(OC)c1,COc1ccc(CC[*:1])cc1,-0.5054091437111993,0.0598111702641195,-1.7045758857130058,0.1181515767448318,1.1991667420018066,1.1991667420018066,0.132427984865939,1.3627197104608606e-19,3.2982938986129833e-19,True
Cc1nc(-c2cccc(F)c2)sc1CC[*:1],OCNT-0482212-AA-001,OCNT-0482156-AA-001,COc1ccc(C(=O)N[*:1])c(OC)c1,COc1ccc(CCC(=O)N[*:1])cc1,-0.5054091437111993,0.0598111702641195,-1.7045758857130058,0.1181515767448318,1.1991667420018066,1.1991667420018066,0.132427984865939,1.3627197104608606e-19,3.2982938986129833e-19,True
CCn1cc(C(=O)NC[*:1])c(=O)c2cc(S(=O)(=O)N3CCc4ccccc4C3)ccc21,OCNT-0454876-AA-001,OCNT-0454872-AA-001,CCCCN(C)CC[*:1],C1CCCN(CC[*:1])CC1,-4.012566598739462,0.0288699382357378,-2.8167200198386,0.2435766963511423,-1.1958465789008619,1.1958465789008619,0.24528163473662656,1.085870800878038e-06,1.8413900552658067e-06,True
CCn1cc(C(=O)N[*:1])c(=O)c2cc(S(=O)(=O)N3CCc4ccccc4C3)ccc21,OCNT-0454876-AA-001,OCNT-0454872-AA-001,CCCCN(C)CCC[*:1],C1CCCN(CCC[*:1])CC1,-4.012566598739462,0.0288699382357378,-2.8167200198386,0.2435766963511423,-1.1958465789008619,1.1958465789008619,0.24528163473662656,1.085870800878038e-06,1.8413900552658067e-06,True
CCn1cc(C(=O)NCC[*:1])c(=O)c2cc(S(=O)(=O)N3CCc4ccccc4C3)ccc21,OCNT-0454876-AA-001,OCNT-0454872-AA-001,CCCCN(C)C[*:1],C1CCCN(C[*:1])CC1,-4.012566598739462,0.0288699382357378,-2.8167200198386,0.2435766963511423,-1.1958465789008619,1.1958465789008619,0.24528163473662656,1.085870800878038e-06,1.8413900552658067e-06,True
CCn1cc(C(=O)NCCC[*:1])c(=O)c2cc(S(=O)(=O)N3CCc4ccccc4C3)ccc21,OCNT-0454876-AA-001,OCNT-0454872-AA-001,CCCCN(C)[*:1],C1CCCN([*:1])CC1,-4.012566598739462,0.0288699382357378,-2.8167200198386,0.2435766963511423,-1.1958465789008619,1.1958465789008619,0.24528163473662656,1.085870800878038e-06,1.8413900552658067e-06,True
CCn1cc([*:1])c(=O)c2cc(S(=O)(=O)N3CCc4ccccc4C3)ccc21,OCNT-0454876-AA-001,OCNT-0454872-AA-001,CCCCN(C)CCCNC(=O)[*:1],O=C(NCCCN1CCCCCC1)[*:1],-4.012566598739462,0.0288699382357378,-2.8167200198386,0.2435766963511423,-1.1958465789008619,1.1958465789008619,0.24528163473662656,1.085870800878038e-06,1.8413900552658067e-06,True
O=C(CN1C(=O)COc2ccccc21)NCC[*:1],OCNT-0461736-AA-001,OCNT-0461714-AA-001,CCN(c1ccccc1)[*:1],CCCCN(Cc1ccccc1)C[*:1],-4.05068818579421,0.182017002574915,-2.8574946508151533,0.3176947807233358,-1.193193534979057,1.193193534979057,0.36614227142629274,0.0011187471105838349,0.001662157971826742,True
c1ccc(Cn2c(-c3cccs3)nnc2[*:1])cc1,OCNT-0494173-AA-001,OCNT-0498107-AA-001,c1ccc(CS[*:1])cc1,c1cc(CS[*:1])ccn1,-3.551998128057989,0.0470861378994946,-2.3665086670897657,0.1838546555840145,-1.1854894609682232,1.1854894609682232,0.18978840523648124,4.200891718302217e-10,7.793466288616773e-10,True
c1ccc(Cn2c(S[*:1])nnc2-c2cccs2)cc1,OCNT-0494173-AA-001,OCNT-0498107-AA-001,c1ccc(C[*:1])cc1,c1cc(C[*:1])ccn1,-3.551998128057989,0.0470861378994946,-2.3665086670897657,0.1838546555840145,-1.1854894609682232,1.1854894609682232,0.18978840523648124,4.200891718302217e-10,7.793466288616773e-10,True
c1ccc(Cn2c(SC[*:1])nnc2-c2cccs2)cc1,OCNT-0494173-AA-001,OCNT-0498107-AA-001,c1ccc([*:1])cc1,c1cc([*:1])ccn1,-3.551998128057989,0.0470861378994946,-2.3665086670897657,0.1838546555840145,-1.1854894609682232,1.1854894609682232,0.18978840523648124,4.200891718302217e-10,7.793466288616773e-10,True
O=C(CC(C(=O)N1CCc2ccccc21)n1ccnc1)NC[*:1],OCNT-0461622-AA-001,OCNT-0461646-AA-001,CCCCN(CC[*:1])c1ccccc1,CC(C)OCC[*:1],-0.6935002626699458,0.0613228264207274,-1.876834210456837,0.0414839526324509,1.1833339477868912,1.1833339477868912,0.07403652724323374,1.6757306336357653e-57,7.388311460372464e-57,True
O=C(CC(C(=O)N1CCc2ccccc21)n1ccnc1)NCC[*:1],OCNT-0461622-AA-001,OCNT-0461646-AA-001,CCCCN(C[*:1])c1ccccc1,CC(C)OC[*:1],-0.6935002626699458,0.0613228264207274,-1.876834210456837,0.0414839526324509,1.1833339477868912,1.1833339477868912,0.07403652724323374,1.6757306336357653e-57,7.388311460372464e-57,True
O=C(CC(C(=O)N1CCc2ccccc21)n1ccnc1)NCCC[*:1],OCNT-0461622-AA-001,OCNT-0461646-AA-001,CCCCN(c1ccccc1)[*:1],CC(C)O[*:1],-0.6935002626699458,0.0613228264207274,-1.876834210456837,0.0414839526324509,1.1833339477868912,1.1833339477868912,0.07403652724323374,1.6757306336357653e-57,7.388311460372464e-57,True
Cn1c(=O)c2cc(C(=O)NCCCN3CCN(C[*:1])CC3)sc2c2ccccc21,OCNT-0479161-AA-001,OCNT-0479157-AA-001,CC[*:1],C[*:1],-1.9091170410624647,0.097510228082784,-0.7281472641375699,0.0325639813132331,-1.1809697769248948,1.1809697769248948,0.10280397589453996,1.5230417868988397e-30,4.606777815255205e-30,True
Cn1c(=O)c2cc(C(=O)NCCCN3CCN([*:1])CC3)sc2c2ccccc21,OCNT-0479161-AA-001,OCNT-0479157-AA-001,CCC[*:1],CC[*:1],-1.9091170410624647,0.097510228082784,-0.7281472641375699,0.0325639813132331,-1.1809697769248948,1.1809697769248948,0.10280397589453996,1.5230417868988397e-30,4.606777815255205e-30,True
Cn1c(=O)c2cc(C(=O)NCC[*:1])sc2c2ccccc21,OCNT-0479161-AA-001,OCNT-0479157-AA-001,CCCN1CCN(C[*:1])CC1,CCN1CCN(C[*:1])CC1,-1.9091170410624647,0.097510228082784,-0.7281472641375699,0.0325639813132331,-1.1809697769248948,1.1809697769248948,0.10280397589453996,1.5230417868988397e-30,4.606777815255205e-30,True
Cn1c(=O)c2cc(C(=O)NC[*:1])sc2c2ccccc21,OCNT-0479161-AA-001,OCNT-0479157-AA-001,CCCN1CCN(CC[*:1])CC1,CCN1CCN(CC[*:1])CC1,-1.9091170410624647,0.097510228082784,-0.7281472641375699,0.0325639813132331,-1.1809697769248948,1.1809697769248948,0.10280397589453996,1.5230417868988397e-30,4.606777815255205e-30,True
Cn1c(=O)c2cc(C(=O)N[*:1])sc2c2ccccc21,OCNT-0479161-AA-001,OCNT-0479157-AA-001,CCCN1CCN(CCC[*:1])CC1,CCN1CCN(CCC[*:1])CC1,-1.9091170410624647,0.097510228082784,-0.7281472641375699,0.0325639813132331,-1.1809697769248948,1.1809697769248948,0.10280397589453996,1.5230417868988397e-30,4.606777815255205e-30,True
Cn1c(=O)c2cc(C(=O)NCCC[*:1])sc2c2ccccc21,OCNT-0479161-AA-001,OCNT-0479157-AA-001,CCCN1CCN([*:1])CC1,CCN1CCN([*:1])CC1,-1.9091170410624647,0.097510228082784,-0.7281472641375699,0.0325639813132331,-1.1809697769248948,1.1809697769248948,0.10280397589453996,1.5230417868988397e-30,4.606777815255205e-30,True
CN(CCCNC(=O)c1cc([*:1])nc2ccccc12)C1CCCCC1,OCNT-0479224-AA-001,OCNT-0479220-AA-001,Cc1cc(C)cc(N[*:1])c1,CCc1ccccc1N[*:1],-1.126195075150479,0.0220473841760099,-2.303381067573095,0.1232124479152185,1.177185992422616,1.177185992422616,0.12516946301021267,5.2160043018184126e-21,1.299751784781024e-20,True
CN(CCCNC(=O)c1cc(N[*:1])nc2ccccc12)C1CCCCC1,OCNT-0479224-AA-001,OCNT-0479220-AA-001,Cc1cc(C)cc([*:1])c1,CCc1ccccc1[*:1],-1.126195075150479,0.0220473841760099,-2.303381067573095,0.1232124479152185,1.177185992422616,1.177185992422616,0.12516946301021267,5.2160043018184126e-21,1.299751784781024e-20,True
Cc1nc(-c2cccc(F)c2)sc1CC[*:1],OCNT-0482156-AA-001,OCNT-0482148-AA-001,COc1ccc(CCC(=O)N[*:1])cc1,COc1cc(OC)cc(C(=O)N[*:1])c1,-1.7045758857130058,0.1181515767448318,-0.5281741006834317,0.053290845849535,-1.176401785029574,1.176401785029574,0.12961369271280246,1.12415832690939e-19,2.726278915705924e-19,True
Cc1nc(-c2cccc(F)c2)sc1CCNC(=O)[*:1],OCNT-0482156-AA-001,OCNT-0482148-AA-001,COc1ccc(CC[*:1])cc1,COc1cc(OC)cc([*:1])c1,-1.7045758857130058,0.1181515767448318,-0.5281741006834317,0.053290845849535,-1.176401785029574,1.176401785029574,0.12961369271280246,1.12415832690939e-19,2.726278915705924e-19,True
CCOc1ccc(C(=O)N/C(=N/[*:1])NCCc2c[nH]c3ccccc23)cc1OCC,OCNT-0456958-AA-001,OCNT-0456894-AA-001,Fc1ccccc1[*:1],c1ccc([*:1])cc1,-0.0312955049111283,0.0527406734235897,-1.1986893922046118,0.0440845191038479,1.1673938872934835,1.1673938872934835,0.06873880605444985,1.0965614910459294e-64,5.1601653242103644e-64,True
CC(C)CN1C(=O)c2ccccc2C([*:1])C12CCCC2,OCNT-0461327-AA-001,OCNT-0461303-AA-001,COC(=O)CCNC(=O)[*:1],NC(=O)c1ccc(NC(=O)[*:1])cc1,-1.572786040945506,0.0900627923946357,-0.4177535923915698,0.0506327050381964,-1.155032448553936,1.155032448553936,0.10331978219781655,5.155294142304293e-29,1.5125904995465952e-28,True
CC(C)CN1C(=O)c2ccccc2C(C(=O)N[*:1])C12CCCC2,OCNT-0461327-AA-001,OCNT-0461303-AA-001,COC(=O)CC[*:1],NC(=O)c1ccc([*:1])cc1,-1.572786040945506,0.0900627923946357,-0.4177535923915698,0.0506327050381964,-1.155032448553936,1.155032448553936,0.10331978219781655,5.155294142304293e-29,1.5125904995465952e-28,True
COc1ccc(C(=O)N[C@@H]2CCC[C@@H]2[*:1])cc1,OCNT-0475202-AA-001,OCNT-0475192-AA-001,CC(C)OCCCNC(=O)[*:1],CCN1CCN(CCNC(=O)[*:1])CC1,-1.2867985301789662,0.0646481324332473,-0.1332058053204012,0.02212078034005,-1.153592724858565,1.153592724858565,0.06832795877208263,5.984063049927152e-64,2.79446608457476e-63,True
COc1ccc(C(=O)N[C@@H]2CCC[C@@H]2C(=O)NCC[*:1])cc1,OCNT-0475202-AA-001,OCNT-0475192-AA-001,CC(C)OC[*:1],CCN1CCN([*:1])CC1,-1.2867985301789662,0.0646481324332473,-0.1332058053204012,0.02212078034005,-1.153592724858565,1.153592724858565,0.06832795877208263,5.984063049927152e-64,2.79446608457476e-63,True
COc1ccc(C(=O)N[C@@H]2CCC[C@@H]2C(=O)NC[*:1])cc1,OCNT-0475202-AA-001,OCNT-0475192-AA-001,CC(C)OCC[*:1],CCN1CCN(C[*:1])CC1,-1.2867985301789662,0.0646481324332473,-0.1332058053204012,0.02212078034005,-1.153592724858565,1.153592724858565,0.06832795877208263,5.984063049927152e-64,2.79446608457476e-63,True
COc1ccc(C(=O)N[C@@H]2CCC[C@@H]2C(=O)N[*:1])cc1,OCNT-0475202-AA-001,OCNT-0475192-AA-001,CC(C)OCCC[*:1],CCN1CCN(CC[*:1])CC1,-1.2867985301789662,0.0646481324332473,-0.1332058053204012,0.02212078034005,-1.153592724858565,1.153592724858565,0.06832795877208263,5.984063049927152e-64,2.79446608457476e-63,True
CC(C)CCNC(=O)C1(C)CCC(=O)N1C[*:1],OCNT-0454782-AA-001,OCNT-0454784-AA-001,c1cc2c(cc1[*:1])OCO2,CC(C)OCC[*:1],-0.0433666959592982,0.0270031414878109,-1.1931520780560088,0.0448876678494022,1.1497853820967106,1.1497853820967106,0.052383894234478125,8.810878391515544e-107,5.858755278271341e-106,True
CC(C)CCNC(=O)C1(C)CCC(=O)N1[*:1],OCNT-0454782-AA-001,OCNT-0454784-AA-001,c1cc2c(cc1C[*:1])OCO2,CC(C)OCCC[*:1],-0.0433666959592982,0.0270031414878109,-1.1931520780560088,0.0448876678494022,1.1497853820967106,1.1497853820967106,0.052383894234478125,8.810878391515544e-107,5.858755278271341e-106,True
O=C(CCN1C(=O)c2ccccc2C1=O)N1CCN([*:1])CC1,OCNT-0461766-AA-001,OCNT-0461786-AA-001,Clc1cccc([*:1])c1,Cc1cccc([*:1])c1C,-0.6168264099189291,0.0308022423562575,-1.763432602990969,0.0405006572861037,1.14660619307204,1.14660619307204,0.05088301656525533,1.920324266796532e-112,1.33875597745046e-111,True
CCOc1ccccc1NC(=O)CSc1cn([*:1])c2ccccc12,OCNT-0456166-AA-001,OCNT-0456158-AA-001,O=C(C[*:1])N1CCCCC1,O=C(C[*:1])N1CCCC1,-2.775599900208268,0.0330588853481182,-3.922133557101257,0.1385565058847375,1.1465336568929891,1.1465336568929891,0.1424457623920323,8.353208002070735e-16,1.8088761045192116e-15,True
CCOc1ccccc1NC(=O)CSc1cn(C[*:1])c2ccccc12,OCNT-0456166-AA-001,OCNT-0456158-AA-001,O=C(N1CCCCC1)[*:1],O=C(N1CCCC1)[*:1],-2.775599900208268,0.0330588853481182,-3.922133557101257,0.1385565058847375,1.1465336568929891,1.1465336568929891,0.1424457623920323,8.353208002070735e-16,1.8088761045192116e-15,True
c1cncc(-c2nc([*:1])c3ccccc3n2)c1,OCNT-0497451-AA-001,OCNT-0497368-AA-001,C1COC(CN[*:1])C1,c1ccc(CN[*:1])cc1,-0.4549539645233829,0.0186539379969738,-1.598160470049167,0.0682284185436443,1.143206505525784,1.143206505525784,0.07073249960069027,9.288386152395644e-59,4.178066344652967e-58,True
c1cncc(-c2nc(N[*:1])c3ccccc3n2)c1,OCNT-0497451-AA-001,OCNT-0497368-AA-001,C1COC(C[*:1])C1,c1ccc(C[*:1])cc1,-0.4549539645233829,0.0186539379969738,-1.598160470049167,0.0682284185436443,1.143206505525784,1.143206505525784,0.07073249960069027,9.288386152395644e-59,4.178066344652967e-58,True
c1cncc(-c2nc(NC[*:1])c3ccccc3n2)c1,OCNT-0497451-AA-001,OCNT-0497368-AA-001,C1COC([*:1])C1,c1ccc([*:1])cc1,-0.4549539645233829,0.0186539379969738,-1.598160470049167,0.0682284185436443,1.143206505525784,1.143206505525784,0.07073249960069027,9.288386152395644e-59,4.178066344652967e-58,True
O=C(NCCCN1CCN([*:1])CC1)C1Cc2ccccc2N1C(=O)c1ccccc1,OCNT-0460161-AA-001,OCNT-0460159-AA-001,Fc1ccc([*:1])cc1,Fc1ccccc1[*:1],-0.7466751164871198,0.2122638570843159,-1.8886170186036544,0.1057680751499828,1.1419419021165345,1.1419419021165345,0.2371557099149065,1.4708443464172818e-06,2.4856050522673262e-06,True
O=C(NCCC[*:1])C1Cc2ccccc2N1C(=O)c1ccccc1,OCNT-0460161-AA-001,OCNT-0460159-AA-001,Fc1ccc(N2CCN([*:1])CC2)cc1,Fc1ccccc1N1CCN([*:1])CC1,-0.7466751164871198,0.2122638570843159,-1.8886170186036544,0.1057680751499828,1.1419419021165345,1.1419419021165345,0.2371557099149065,1.4708443464172818e-06,2.4856050522673262e-06,True
CCN(CCNC(=O)CC[*:1])c1ccccc1,OCNT-0461748-AA-001,OCNT-0461704-AA-001,O=c1ccc(-c2ccccc2)nn1[*:1],O=C1COc2ccccc2N1[*:1],-2.443259959186106,0.3809558863894239,-3.5842363820657708,0.0993792173194143,1.1409764228796648,1.1409764228796648,0.39370498626480593,0.003754916731504212,0.005379555762289699,True
O=S(=O)(NCc1ccncc1)[*:1],OCNT-0495774-AA-001,OCNT-0495794-AA-001,Cc1cc(C)c([*:1])c(C)c1,CCOc1ccc([*:1])cc1,-1.9716399858101024,0.0875658579790184,-0.8331720565803669,0.0497287994604765,-1.1384679292297355,1.1384679292297355,0.10070120644452035,1.2338347998834154e-29,3.65962879432087e-29,True
O=C(NCCc1csc(-c2ccccc2)n1)C1CCCN1C(=O)C[*:1],OCNT-0462984-AA-001,OCNT-0462986-AA-001,COc1ccc([*:1])cc1Cl,Cc1cccc(O[*:1])c1,-2.1501740889620633,0.0580358465479532,-3.285307017396915,0.1305985854705627,1.1351329284348517,1.1351329284348517,0.14291308551511103,1.9763548601781873e-15,4.234798899173401e-15,True
O=C(NCCc1csc(-c2ccccc2)n1)C1CCCN1C(=O)[*:1],OCNT-0462984-AA-001,OCNT-0462986-AA-001,COc1ccc(C[*:1])cc1Cl,Cc1cccc(OC[*:1])c1,-2.1501740889620633,0.0580358465479532,-3.285307017396915,0.1305985854705627,1.1351329284348517,1.1351329284348517,0.14291308551511103,1.9763548601781873e-15,4.234798899173401e-15,True
CC(NC(=O)C(=O)NCCc1c[nH]c2ccccc12)C(c1cccs1)N1CCN([*:1])CC1,OCNT-0454862-AA-001,OCNT-0454902-AA-001,C[*:1],COc1ccccc1[*:1],-1.3524771354348188,0.0412603584272475,-0.2179645948535326,0.0578812653829903,-1.1345125405812864,1.1345125405812864,0.07108205160151954,2.4039024223515457e-57,1.0504195049096844e-56,True
O=C(CSc1c2c(nc3ccc(Cl)cc13)CCCC2)N1CCC([*:1])CC1,OCNT-0479261-AA-001,OCNT-0479251-AA-001,C1CCN([*:1])CC1,c1ccc(C[*:1])cc1,-1.4738915309821086,0.0433906626898705,-0.3492657138971088,0.0384282128370852,-1.1246258170849996,1.1246258170849996,0.05796099680404435,7.258696216820124e-84,4.0832252051859406e-83,True
Cn1cc(-c2cc3n(n2)CCC(=O)N3CC[*:1])c2ccccc21,OCNT-0460704-AA-001,OCNT-0460702-AA-001,COc1ccc(CNC(=O)C[*:1])cc1,O=C(C[*:1])N1CCC2(CC1)OCCO2,-0.2613486943920107,0.0334636639804643,-1.384470439388201,0.0635213575733995,1.1231217449961903,1.1231217449961903,0.07179679432234493,3.7047379602839106e-55,1.5821106088681902e-54,True
Cn1cc(-c2cc3n(n2)CCC(=O)N3CCC[*:1])c2ccccc21,OCNT-0460704-AA-001,OCNT-0460702-AA-001,COc1ccc(CNC(=O)[*:1])cc1,O=C(N1CCC2(CC1)OCCO2)[*:1],-0.2613486943920107,0.0334636639804643,-1.384470439388201,0.0635213575733995,1.1231217449961903,1.1231217449961903,0.07179679432234493,3.7047379602839106e-55,1.5821106088681902e-54,True
O=C(CCN1C(=O)c2ccccc2C1=O)N1CCN([*:1])CC1,OCNT-0461788-AA-001,OCNT-0461786-AA-001,CC(=O)c1ccc([*:1])cc1,Cc1cccc([*:1])c1C,-0.6420747322707825,0.0635000749650873,-1.763432602990969,0.0405006572861037,1.1213578707201866,1.1213578707201866,0.07531641760717335,3.907245430065266e-50,1.567381896290116e-49,True
O=S(=O)(c1ccc2c(c1)CCCC2)N1CCC2(CC1)NCCN=C2NC[*:1],OCNT-0462821-AQ-001,OCNT-0462815-AQ-001,Fc1ccccc1[*:1],Cc1ccccc1[*:1],-3.902151033823559,0.0332829828187438,-2.7850230189478795,0.1263462086693507,-1.1171280148756795,1.1171280148756795,0.13065650152377378,1.2296673661575022e-17,2.780957527714795e-17,True
O=S(=O)(c1ccc2c(c1)CCCC2)N1CCC2(CC1)NCCN=C2N[*:1],OCNT-0462821-AQ-001,OCNT-0462815-AQ-001,Fc1ccccc1C[*:1],Cc1ccccc1C[*:1],-3.902151033823559,0.0332829828187438,-2.7850230189478795,0.1263462086693507,-1.1171280148756795,1.1171280148756795,0.13065650152377378,1.2296673661575022e-17,2.780957527714795e-17,True
O=S(=O)(c1ccc2c(c1)CCCC2)N1CCC2(CC1)NCCN=C2NCc1ccccc1[*:1],OCNT-0462821-AQ-001,OCNT-0462815-AQ-001,F[*:1],C[*:1],-3.902151033823559,0.0332829828187438,-2.7850230189478795,0.1263462086693507,-1.1171280148756795,1.1171280148756795,0.13065650152377378,1.2296673661575022e-17,2.780957527714795e-17,True
CC(C1CCN(S(=O)(=O)c2ccc(Br)s2)CC1)[*:1],OCNT-0462557-AA-001,OCNT-0462553-AA-001,CCCN1CCN(C(=O)[*:1])CC1,O=C(NCc1ccccn1)[*:1],-3.2411796773368793,0.024019313710781,-2.1302203744465604,0.173862659330731,-1.1109593028903189,1.1109593028903189,0.17551396451761533,2.4556067206508997e-10,4.5869233934601154e-10,True
O=S(=O)(c1ccc(Br)s1)N1CCC([*:1])CC1,OCNT-0462557-AA-001,OCNT-0462553-AA-001,CCCN1CCN(C(=O)C(C)[*:1])CC1,CC(C(=O)NCc1ccccn1)[*:1],-3.2411796773368793,0.024019313710781,-2.1302203744465604,0.173862659330731,-1.1109593028903189,1.1109593028903189,0.17551396451761533,2.4556067206508997e-10,4.5869233934601154e-10,True
COC(=O)CCNC(=O)C1c2ccccc2C(=O)N([*:1])C12CCCCC2,OCNT-0461289-AA-001,OCNT-0461299-AA-001,C1CCC([*:1])CC1,c1coc(C[*:1])c1,-2.740840406036834,0.1112262189450318,-1.633146089564682,0.1172843832255878,-1.1076943164721518,1.1076943164721518,0.16163817101605268,7.2354858823132645e-12,1.433622182511786e-11,True
O=S(=O)(NCc1ccncc1)[*:1],OCNT-0495828-AA-001,OCNT-0495796-AA-001,Cc1ccc([*:1])c(C)c1C,CCOc1cc([*:1])ccc1Cl,-2.210176529462887,0.1017526892987031,-3.3149672839177176,0.0371705849246667,1.1047907544548305,1.1047907544548305,0.10832941504116168,2.0148811122640667e-24,5.364977237987128e-24,True
O=C1C2CCCN2C(=O)c2ccccc2N1Cc1ccc([*:1])cc1,OCNT-0462545-AA-001,OCNT-0462547-AA-001,CCOc1cccc(CNC(=O)[*:1])c1,CCc1ccc(CNC(=O)[*:1])cc1,-2.3336478199719664,0.0988007014677595,-3.4291076642516174,0.0261585450106912,1.095459844279651,1.095459844279651,0.1022049318164133,8.355331718097175e-27,2.3366281959067187e-26,True
O=C(NC[*:1])c1ccc(CN2C(=O)C3CCCN3C(=O)c3ccccc32)cc1,OCNT-0462545-AA-001,OCNT-0462547-AA-001,CCOc1cccc([*:1])c1,CCc1ccc([*:1])cc1,-2.3336478199719664,0.0988007014677595,-3.4291076642516174,0.0261585450106912,1.095459844279651,1.095459844279651,0.1022049318164133,8.355331718097175e-27,2.3366281959067187e-26,True
O=C(N[*:1])c1ccc(CN2C(=O)C3CCCN3C(=O)c3ccccc32)cc1,OCNT-0462545-AA-001,OCNT-0462547-AA-001,CCOc1cccc(C[*:1])c1,CCc1ccc(C[*:1])cc1,-2.3336478199719664,0.0988007014677595,-3.4291076642516174,0.0261585450106912,1.095459844279651,1.095459844279651,0.1022049318164133,8.355331718097175e-27,2.3366281959067187e-26,True
Cc1ccc(S(=O)(=O)c2cnc3ccccc3c2[*:1])cc1C,OCNT-0479499-AA-001,OCNT-0479501-AA-001,C1CCN([*:1])C1,C1CCN([*:1])CC1,-3.840497345926049,0.0490692136463822,-2.746176015144272,0.0924479353671833,-1.0943213307817774,1.0943213307817774,0.10466331010210408,1.380712885013791e-25,3.737394280562773e-25,True
O=C(c1cc2ccccc2[nH]1)N1CCC([*:1])CC1,OCNT-0461839-AA-001,OCNT-0461813-AA-001,CCOCCCNC(=O)C(C)[*:1],CCOCCCNC(=O)C[*:1],-1.4471911098822332,0.0444881630261103,-0.359572686554181,0.0195392934557144,-1.0876184233280521,1.0876184233280521,0.04858992321650952,5.683657783405502e-111,3.917721294645989e-110,True
O=C(N[*:1])c1ccc(CN2C(=O)C3CCCN3C(=O)c3ccccc32)cc1,OCNT-0462806-AA-001,OCNT-0462830-AA-001,Cc1noc(C)c1C[*:1],COc1cc(C[*:1])cc(OC)c1,-1.4956836443571435,0.0389488465984688,-0.4087700937021692,0.0471887768171994,-1.0869135506549743,1.0869135506549743,0.06118654516194316,1.344783621632934e-70,6.855594837782895e-70,True
O=C(NC[*:1])c1ccc(CN2C(=O)C3CCCN3C(=O)c3ccccc32)cc1,OCNT-0462806-AA-001,OCNT-0462830-AA-001,Cc1noc(C)c1[*:1],COc1cc(OC)cc([*:1])c1,-1.4956836443571435,0.0389488465984688,-0.4087700937021692,0.0471887768171994,-1.0869135506549743,1.0869135506549743,0.06118654516194316,1.344783621632934e-70,6.855594837782895e-70,True
COc1ccc(-c2[nH]c([*:1])nc2SCC(=O)Nc2ccc3c(c2)OCCO3)cc1,OCNT-0479368-AA-001,OCNT-0479370-AA-001,COc1ccc([*:1])cc1,COc1ccc([*:1])cc1OC,-1.5107767894087227,0.048596375670928,-0.4247858114843588,0.0323272522704806,-1.085990977924364,1.085990977924364,0.05836659119487154,2.8525092759260063e-77,1.530721534690995e-76,True
CN(CCCNC(=O)c1cc([*:1])nc2ccccc12)C1CCCCC1,OCNT-0479224-AA-001,OCNT-0454527-AA-001,Cc1cc(C)cc(N[*:1])c1,CCOc1ccc(N[*:1])cc1,-1.126195075150479,0.0220473841760099,-0.0414590372803414,0.0418819919181507,-1.0847360378701376,1.0847360378701376,0.047330628519348994,3.054884755285259e-116,2.1986185282891257e-115,True
CN(CCCNC(=O)c1cc(N[*:1])nc2ccccc12)C1CCCCC1,OCNT-0479224-AA-001,OCNT-0454527-AA-001,Cc1cc(C)cc([*:1])c1,CCOc1ccc([*:1])cc1,-1.126195075150479,0.0220473841760099,-0.0414590372803414,0.0418819919181507,-1.0847360378701376,1.0847360378701376,0.047330628519348994,3.054884755285259e-116,2.1986185282891257e-115,True
O=C(c1ccc2c(c1)N(C[*:1])C(=O)CS2)N1CCCC1,OCNT-0457966-AA-001,OCNT-0457908-AA-001,Cc1cccc(CNC(=O)[*:1])c1,COc1ccc(CNC(=O)[*:1])cc1,-0.3361929884030767,0.0463436843091245,-1.4163003003070784,0.0416079944641864,1.0801073119040017,1.0801073119040017,0.06228131564663321,2.2514810124430067e-67,1.1063000075196863e-66,True
O=C(CN1C(=O)CSc2ccc(C(=O)N3CCCC3)cc21)N[*:1],OCNT-0457966-AA-001,OCNT-0457908-AA-001,Cc1cccc(C[*:1])c1,COc1ccc(C[*:1])cc1,-0.3361929884030767,0.0463436843091245,-1.4163003003070784,0.0416079944641864,1.0801073119040017,1.0801073119040017,0.06228131564663321,2.2514810124430067e-67,1.1063000075196863e-66,True
O=C(c1ccc2c(c1)N([*:1])C(=O)CS2)N1CCCC1,OCNT-0457966-AA-001,OCNT-0457908-AA-001,Cc1cccc(CNC(=O)C[*:1])c1,COc1ccc(CNC(=O)C[*:1])cc1,-0.3361929884030767,0.0463436843091245,-1.4163003003070784,0.0416079944641864,1.0801073119040017,1.0801073119040017,0.06228131564663321,2.2514810124430067e-67,1.1063000075196863e-66,True
O=C(CN1C(=O)CSc2ccc(C(=O)N3CCCC3)cc21)NC[*:1],OCNT-0457966-AA-001,OCNT-0457908-AA-001,Cc1cccc([*:1])c1,COc1ccc([*:1])cc1,-0.3361929884030767,0.0463436843091245,-1.4163003003070784,0.0416079944641864,1.0801073119040017,1.0801073119040017,0.06228131564663321,2.2514810124430067e-67,1.1063000075196863e-66,True
CCOc1ccc(C(=O)N/C(=N/[*:1])NCCc2c[nH]c3ccccc23)cc1OCC,OCNT-0456896-AA-001,OCNT-0456960-AA-001,Cc1ccccc1[*:1],Fc1cccc([*:1])c1,-3.271029255373582,0.0476317766990177,-2.1956242967856587,0.1319052614911764,-1.075404958587923,1.075404958587923,0.1402418773425424,1.7440548889116403e-14,3.6320870750355605e-14,True
CC(C)N1C(=O)C2(CCCC2)C1C(=O)NC[*:1],OCNT-0475104-AA-001,OCNT-0475106-AA-001,Cn1c(C[*:1])nc2ccccc21,c1cnn(CC[*:1])c1,-1.3135918220048366,0.0465230578021777,-0.24634901125949,0.028779939459426,-1.0672428107453467,1.0672428107453467,0.05470539116534122,9.221916899463642e-85,5.2357379705307505e-84,True
CC(C)N1C(=O)C2(CCCC2)C1C(=O)NCC[*:1],OCNT-0475104-AA-001,OCNT-0475106-AA-001,Cn1c([*:1])nc2ccccc21,c1cnn(C[*:1])c1,-1.3135918220048366,0.0465230578021777,-0.24634901125949,0.028779939459426,-1.0672428107453467,1.0672428107453467,0.05470539116534122,9.221916899463642e-85,5.2357379705307505e-84,True
CC(C)N1C(=O)C2(CCCC2)C1C(=O)N[*:1],OCNT-0475104-AA-001,OCNT-0475106-AA-001,Cn1c(CC[*:1])nc2ccccc21,c1cnn(CCC[*:1])c1,-1.3135918220048366,0.0465230578021777,-0.24634901125949,0.028779939459426,-1.0672428107453467,1.0672428107453467,0.05470539116534122,9.221916899463642e-85,5.2357379705307505e-84,True
O=C(N[*:1])c1cccc(CN2C(=O)C3CCCN3C(=O)c3ccccc32)c1,OCNT-0462676-AA-001,OCNT-0462644-AA-001,Fc1ccc(C[*:1])c(Cl)c1,COc1ccc(C[*:1])c(OC)c1,-1.8558302941902816,0.1111706837826298,-0.797224048602732,0.0502045357646995,-1.0586062455875496,1.0586062455875496,0.12198121307827062,4.012454924732529e-18,9.395671962507653e-18,True
O=C(NC[*:1])c1cccc(CN2C(=O)C3CCCN3C(=O)c3ccccc32)c1,OCNT-0462676-AA-001,OCNT-0462644-AA-001,Fc1ccc([*:1])c(Cl)c1,COc1ccc([*:1])c(OC)c1,-1.8558302941902816,0.1111706837826298,-0.797224048602732,0.0502045357646995,-1.0586062455875496,1.0586062455875496,0.12198121307827062,4.012454924732529e-18,9.395671962507653e-18,True
CC(C)C(NS(=O)(=O)c1cccs1)C(=O)NCC[*:1],OCNT-0460409-AA-001,OCNT-0460391-AA-001,c1ccc2c(c1)CCN(C[*:1])C2,CN(Cc1ccccc1)[*:1],-1.3967909050775438,0.0414637204851875,-2.454161483888533,0.0884854313150567,1.057370578810989,1.057370578810989,0.09771853289670991,2.7505048747485855e-27,7.780908009837906e-27,True
CC(C)C(NS(=O)(=O)c1cccs1)C(=O)N[*:1],OCNT-0460409-AA-001,OCNT-0460391-AA-001,c1ccc2c(c1)CCN(CCC[*:1])C2,CN(CC[*:1])Cc1ccccc1,-1.3967909050775438,0.0414637204851875,-2.454161483888533,0.0884854313150567,1.057370578810989,1.057370578810989,0.09771853289670991,2.7505048747485855e-27,7.780908009837906e-27,True
CC(C)C(NS(=O)(=O)c1cccs1)C(=O)NC[*:1],OCNT-0460409-AA-001,OCNT-0460391-AA-001,c1ccc2c(c1)CCN(CC[*:1])C2,CN(Cc1ccccc1)C[*:1],-1.3967909050775438,0.0414637204851875,-2.454161483888533,0.0884854313150567,1.057370578810989,1.057370578810989,0.09771853289670991,2.7505048747485855e-27,7.780908009837906e-27,True
Cc1nc(-c2cccc(F)c2)sc1CCNC(=O)[*:1],OCNT-0482212-AA-001,OCNT-0482160-AA-001,COc1ccc([*:1])c(OC)c1,Fc1ccc([*:1])cc1F,-0.5054091437111993,0.0598111702641195,-1.5589443662852402,0.0767013533741491,1.053535222574041,1.053535222574041,0.09726496644624716,2.4385624879945608e-27,6.922462190397552e-27,True
Cc1nc(-c2cccc(F)c2)sc1CC[*:1],OCNT-0482212-AA-001,OCNT-0482160-AA-001,COc1ccc(C(=O)N[*:1])c(OC)c1,O=C(N[*:1])c1ccc(F)c(F)c1,-0.5054091437111993,0.0598111702641195,-1.5589443662852402,0.0767013533741491,1.053535222574041,1.053535222574041,0.09726496644624716,2.4385624879945608e-27,6.922462190397552e-27,True
c1cncc(-c2nc([*:1])c3ccccc3n2)c1,OCNT-0497323-AA-001,OCNT-0497383-AA-001,CN(Cc1cccs1)[*:1],CN(CC1COc2ccccc2O1)[*:1],-2.999039290000016,0.1210282124091859,-4.051000623765512,0.3531449996960162,1.0519613337654965,1.0519613337654965,0.373308477012326,0.004833266176592929,0.006842185951720998,True
CN(C[*:1])c1nc(-c2cccnc2)nc2ccccc12,OCNT-0497323-AA-001,OCNT-0497383-AA-001,c1csc([*:1])c1,c1ccc2c(c1)OCC([*:1])O2,-2.999039290000016,0.1210282124091859,-4.051000623765512,0.3531449996960162,1.0519613337654965,1.0519613337654965,0.373308477012326,0.004833266176592929,0.006842185951720998,True
CN(c1nc(-c2cccnc2)nc2ccccc12)[*:1],OCNT-0497323-AA-001,OCNT-0497383-AA-001,c1csc(C[*:1])c1,c1ccc2c(c1)OCC(C[*:1])O2,-2.999039290000016,0.1210282124091859,-4.051000623765512,0.3531449996960162,1.0519613337654965,1.0519613337654965,0.373308477012326,0.004833266176592929,0.006842185951720998,True
O=C(N[*:1])c1ccc2nc(Cc3ccccc3)oc2c1,OCNT-0482364-AA-001,OCNT-0482368-AA-001,Cc1cccc([*:1])c1C,Cc1ccc(C[*:1])cc1,-1.4824378870855883,0.0274378351161866,-0.4306795624190303,0.0903341446953717,-1.051758324666558,1.051758324666558,0.09440917589782993,7.973809583330898e-29,2.3311722879821635e-28,True
c1ccc(Cc2nc3ccc([*:1])cc3o2)cc1,OCNT-0482364-AA-001,OCNT-0482368-AA-001,Cc1cccc(NC(=O)[*:1])c1C,Cc1ccc(CNC(=O)[*:1])cc1,-1.4824378870855883,0.0274378351161866,-0.4306795624190303,0.0903341446953717,-1.051758324666558,1.051758324666558,0.09440917589782993,7.973809583330898e-29,2.3311722879821635e-28,True
COc1ccc(C(=O)N[C@@H]2CCC[C@@H]2C(=O)NC[*:1])cc1,OCNT-0475206-AA-001,OCNT-0475202-AA-001,CCCOc1ccc([*:1])cc1,CC(C)OCC[*:1],-0.2381761518551824,0.0688971322842177,-1.2867985301789662,0.0646481324332473,1.0486223783237838,1.0486223783237838,0.09447854711041907,1.2678041339014517e-28,3.671380728587991e-28,True
COc1ccc(C(=O)N[C@@H]2CCC[C@@H]2C(=O)N[*:1])cc1,OCNT-0475206-AA-001,OCNT-0475202-AA-001,CCCOc1ccc(C[*:1])cc1,CC(C)OCCC[*:1],-0.2381761518551824,0.0688971322842177,-1.2867985301789662,0.0646481324332473,1.0486223783237838,1.0486223783237838,0.09447854711041907,1.2678041339014517e-28,3.671380728587991e-28,True
CC(C)NC(=O)CCCCn1c(=O)c2ccccc2n([*:1])c1=O,OCNT-0456763-AA-001,OCNT-0457077-AA-001,O=C(C[*:1])Nc1ccc2c(c1)OCO2,COc1ccc(CNC(=O)C[*:1])cc1,0.0546667371222537,0.0282820268898379,-0.9896748002818536,0.0410805709406526,1.0443415374041074,1.0443415374041074,0.049874706553597936,2.348754099358146e-97,1.4513639598811571e-96,True
CC(C)NC(=O)CCCCn1c(=O)c2ccccc2n(CC(=O)N[*:1])c1=O,OCNT-0456763-AA-001,OCNT-0457077-AA-001,c1cc2c(cc1[*:1])OCO2,COc1ccc(C[*:1])cc1,0.0546667371222537,0.0282820268898379,-0.9896748002818536,0.0410805709406526,1.0443415374041074,1.0443415374041074,0.049874706553597936,2.348754099358146e-97,1.4513639598811571e-96,True
CC(C)NC(=O)CCCCn1c(=O)c2ccccc2n(C[*:1])c1=O,OCNT-0456763-AA-001,OCNT-0457077-AA-001,O=C(Nc1ccc2c(c1)OCO2)[*:1],COc1ccc(CNC(=O)[*:1])cc1,0.0546667371222537,0.0282820268898379,-0.9896748002818536,0.0410805709406526,1.0443415374041074,1.0443415374041074,0.049874706553597936,2.348754099358146e-97,1.4513639598811571e-96,True
Cc1nc2c3cccnc3nn2c(C)c1CCC(=O)N[*:1],OCNT-0479397-AA-001,OCNT-0479403-AA-001,Fc1ccc([*:1])cc1F,Cc1cccc([*:1])c1,0.0754986025858363,0.0259927505554285,-0.9684726915212082,0.0400645596496861,1.0439712941070445,1.0439712941070445,0.047757638356183234,6.275085149021349e-106,4.0947022292413985e-105,True
Cc1nc2c3cccnc3nn2c(C)c1[*:1],OCNT-0479397-AA-001,OCNT-0479403-AA-001,O=C(CC[*:1])Nc1ccc(F)c(F)c1,Cc1cccc(NC(=O)CC[*:1])c1,0.0754986025858363,0.0259927505554285,-0.9684726915212082,0.0400645596496861,1.0439712941070445,1.0439712941070445,0.047757638356183234,6.275085149021349e-106,4.0947022292413985e-105,True
Cc1nc2c3cccnc3nn2c(C)c1C[*:1],OCNT-0479397-AA-001,OCNT-0479403-AA-001,O=C(C[*:1])Nc1ccc(F)c(F)c1,Cc1cccc(NC(=O)C[*:1])c1,0.0754986025858363,0.0259927505554285,-0.9684726915212082,0.0400645596496861,1.0439712941070445,1.0439712941070445,0.047757638356183234,6.275085149021349e-106,4.0947022292413985e-105,True
Cc1nc2c3cccnc3nn2c(C)c1CC[*:1],OCNT-0479397-AA-001,OCNT-0479403-AA-001,O=C(Nc1ccc(F)c(F)c1)[*:1],Cc1cccc(NC(=O)[*:1])c1,0.0754986025858363,0.0259927505554285,-0.9684726915212082,0.0400645596496861,1.0439712941070445,1.0439712941070445,0.047757638356183234,6.275085149021349e-106,4.0947022292413985e-105,True
O=C(CN1C(=O)CSc2ccc(C(=O)N3CCCC3)cc21)N[*:1],OCNT-0457878-AA-001,OCNT-0457908-AA-001,COc1cc(OC)cc([*:1])c1,COc1ccc(C[*:1])cc1,-0.3774064649295964,0.040294140229602,-1.4163003003070784,0.0416079944641864,1.0388938353774821,1.0388938353774821,0.05792100603558778,6.130955490834285e-72,3.198816223042963e-71,True
O=C(c1ccc2c(c1)N(C[*:1])C(=O)CS2)N1CCCC1,OCNT-0457878-AA-001,OCNT-0457908-AA-001,COc1cc(NC(=O)[*:1])cc(OC)c1,COc1ccc(CNC(=O)[*:1])cc1,-0.3774064649295964,0.040294140229602,-1.4163003003070784,0.0416079944641864,1.0388938353774821,1.0388938353774821,0.05792100603558778,6.130955490834285e-72,3.198816223042963e-71,True
COc1ccc(-c2[nH]c([*:1])nc2SCC(=O)Nc2ccc3c(c2)OCCO3)cc1,OCNT-0479368-AA-001,OCNT-0479364-AA-001,COc1ccc([*:1])cc1,c1ccc([*:1])cc1,-1.5107767894087227,0.048596375670928,-0.4723551372326037,0.038102136745941,-1.038421652176119,1.038421652176119,0.06175257527388109,1.8681396631305225e-63,8.657836658485584e-63,True
Cc1nc(-c2cccc(F)c2)sc1CC[*:1],OCNT-0482148-AA-001,OCNT-0482160-AA-001,COc1cc(OC)cc(C(=O)N[*:1])c1,O=C(N[*:1])c1ccc(F)c(F)c1,-0.5281741006834317,0.053290845849535,-1.5589443662852402,0.0767013533741491,1.0307702656018085,1.0307702656018085,0.09339706558979781,2.5496026444810435e-28,7.296932948590776e-28,True
Cc1nc(-c2cccc(F)c2)sc1CCNC(=O)[*:1],OCNT-0482148-AA-001,OCNT-0482160-AA-001,COc1cc(OC)cc([*:1])c1,Fc1ccc([*:1])cc1F,-0.5281741006834317,0.053290845849535,-1.5589443662852402,0.0767013533741491,1.0307702656018085,1.0307702656018085,0.09339706558979781,2.5496026444810435e-28,7.296932948590776e-28,True
CCN(CCCNC(=O)C[*:1])c1cccc(C)c1,OCNT-0455007-AA-001,OCNT-0461740-AA-001,O=C1CSc2ncccc2N1[*:1],O=C1COc2ccccc2N1[*:1],-3.271658445764847,0.3533659920454039,-4.302372056472514,0.0237488714606736,1.0307136107076666,1.0307136107076666,0.3541631449344893,0.00361106091240378,0.005191695683109313,True
CCN(CCCNC(=O)[*:1])c1cccc(C)c1,OCNT-0455007-AA-001,OCNT-0461740-AA-001,O=C1CSc2ncccc2N1C[*:1],O=C1COc2ccccc2N1C[*:1],-3.271658445764847,0.3533659920454039,-4.302372056472514,0.0237488714606736,1.0307136107076666,1.0307136107076666,0.3541631449344893,0.00361106091240378,0.005191695683109313,True
O=C(N[*:1])c1cccc(CN2C(=O)C3CCCN3C(=O)c3ccccc32)c1,OCNT-0462676-AA-001,OCNT-0462672-AA-001,Fc1ccc(C[*:1])c(Cl)c1,COc1ccc(C[*:1])cc1,-1.8558302941902816,0.1111706837826298,-0.8301895472292733,0.0414970094290246,-1.0256407469610083,1.0256407469610083,0.11866306385834653,5.461112005635622e-18,1.2583183689068141e-17,True
O=C1C2CCCN2C(=O)c2ccccc2N1Cc1cccc([*:1])c1,OCNT-0462676-AA-001,OCNT-0462672-AA-001,O=C(NCc1ccc(F)cc1Cl)[*:1],COc1ccc(CNC(=O)[*:1])cc1,-1.8558302941902816,0.1111706837826298,-0.8301895472292733,0.0414970094290246,-1.0256407469610083,1.0256407469610083,0.11866306385834653,5.461112005635622e-18,1.2583183689068141e-17,True
O=C(NC[*:1])c1cccc(CN2C(=O)C3CCCN3C(=O)c3ccccc32)c1,OCNT-0462676-AA-001,OCNT-0462672-AA-001,Fc1ccc([*:1])c(Cl)c1,COc1ccc([*:1])cc1,-1.8558302941902816,0.1111706837826298,-0.8301895472292733,0.0414970094290246,-1.0256407469610083,1.0256407469610083,0.11866306385834653,5.461112005635622e-18,1.2583183689068141e-17,True
c1cncc(-c2nc(NC[*:1])c3ccccc3n2)c1,OCNT-0497562-AA-001,OCNT-0497368-AA-001,c1cncc([*:1])c1,c1ccc([*:1])cc1,-0.5748516254311561,0.0432233106617075,-1.598160470049167,0.0682284185436443,1.0233088446180107,1.0233088446180107,0.08076739243980323,8.690646261575975e-37,2.9251735078509505e-36,True
c1cncc(-c2nc(N[*:1])c3ccccc3n2)c1,OCNT-0497562-AA-001,OCNT-0497368-AA-001,c1cncc(C[*:1])c1,c1ccc(C[*:1])cc1,-0.5748516254311561,0.0432233106617075,-1.598160470049167,0.0682284185436443,1.0233088446180107,1.0233088446180107,0.08076739243980323,8.690646261575975e-37,2.9251735078509505e-36,True
c1cncc(-c2nc([*:1])c3ccccc3n2)c1,OCNT-0497562-AA-001,OCNT-0497368-AA-001,c1cncc(CN[*:1])c1,c1ccc(CN[*:1])cc1,-0.5748516254311561,0.0432233106617075,-1.598160470049167,0.0682284185436443,1.0233088446180107,1.0233088446180107,0.08076739243980323,8.690646261575975e-37,2.9251735078509505e-36,True
Cc1ccc(-n2nc(C(=O)NCCC[*:1])c3c4ccccc4n(C)c3c2=O)cc1,OCNT-0454717-AA-001,OCNT-0454753-AA-001,CCN(CC)[*:1],Fc1ccc(N2CCN([*:1])CC2)cc1,-1.4750282385215967,0.0775393449555581,-2.4900629588170085,0.3790916613654321,1.0150347202954118,1.0150347202954118,0.3869403542316832,0.008709967481351201,0.012041407020828468,True
CCOc1ccc(NC(=O)CSc2nc(NC[*:1])c3ccccc3n2)cc1,OCNT-0461728-AA-001,OCNT-0461724-AA-001,COc1ccc([*:1])cc1,c1ccc(C[*:1])cc1,-1.524672082384939,0.0671499230654721,-2.5365948864681633,0.0777096110710494,1.0119228040832244,1.0119228040832244,0.10270294942460312,6.658831947764657e-23,1.7061949503853526e-22,True
CCOc1ccc(NC(=O)CSc2nc(N[*:1])c3ccccc3n2)cc1,OCNT-0461728-AA-001,OCNT-0461724-AA-001,COc1ccc(C[*:1])cc1,c1ccc(CC[*:1])cc1,-1.524672082384939,0.0671499230654721,-2.5365948864681633,0.0777096110710494,1.0119228040832244,1.0119228040832244,0.10270294942460312,6.658831947764657e-23,1.7061949503853526e-22,True
CCOc1ccc(NC(=O)CSc2nc([*:1])c3ccccc3n2)cc1,OCNT-0461728-AA-001,OCNT-0461724-AA-001,COc1ccc(CN[*:1])cc1,c1ccc(CCN[*:1])cc1,-1.524672082384939,0.0671499230654721,-2.5365948864681633,0.0777096110710494,1.0119228040832244,1.0119228040832244,0.10270294942460312,6.658831947764657e-23,1.7061949503853526e-22,True
Cc1c(N2CCC([*:1])CC2)c(=O)n(C)c(=O)n1-c1ccccc1,OCNT-0458500-AA-001,OCNT-0458524-AA-001,Cc1cc(C)cc(NC(=O)[*:1])c1,Cc1ccc(C)c(NC(=O)[*:1])c1,-0.0993851904769135,0.0273564930606155,-1.10320707044706,0.0286254231427726,1.0038218799701466,1.0038218799701466,0.03959536036808208,8.539798939425979e-142,6.942487709227698e-141,True
Cc1c(N2CCC(C(=O)N[*:1])CC2)c(=O)n(C)c(=O)n1-c1ccccc1,OCNT-0458500-AA-001,OCNT-0458524-AA-001,Cc1cc(C)cc([*:1])c1,Cc1ccc(C)c([*:1])c1,-0.0993851904769135,0.0273564930606155,-1.10320707044706,0.0286254231427726,1.0038218799701466,1.0038218799701466,0.03959536036808208,8.539798939425979e-142,6.942487709227698e-141,True
CCOc1ccc(C(=O)N/C(=N/[*:1])NCCc2c[nH]c3ccccc23)cc1OCC,OCNT-0456960-AA-001,OCNT-0456894-AA-001,Fc1cccc([*:1])c1,c1ccc([*:1])cc1,-2.1956242967856587,0.1319052614911764,-1.1986893922046118,0.0440845191038479,-0.9969349045810469,0.9969349045810469,0.13907711110629653,7.598083267430105e-13,1.5239762094591366e-12,True
Cc1c(N2CCC([*:1])CC2)c(=O)n(C)c(=O)n1-c1ccccc1,OCNT-0458432-AA-001,OCNT-0458524-AA-001,COc1ccc(CNC(=O)[*:1])cc1,Cc1ccc(C)c(NC(=O)[*:1])c1,-0.1064686237116803,0.0272328653572601,-1.10320707044706,0.0286254231427726,0.9967384467353797,0.9967384467353797,0.039510046895308015,2.0018071474891058e-140,1.6113230558900798e-139,True
Cc1c(N2CCC(C(=O)N[*:1])CC2)c(=O)n(C)c(=O)n1-c1ccccc1,OCNT-0458432-AA-001,OCNT-0458524-AA-001,COc1ccc(C[*:1])cc1,Cc1ccc(C)c([*:1])c1,-0.1064686237116803,0.0272328653572601,-1.10320707044706,0.0286254231427726,0.9967384467353797,0.9967384467353797,0.039510046895308015,2.0018071474891058e-140,1.6113230558900798e-139,True
Cc1nc2c3cccnc3nn2c(C)c1CCC(=O)N[*:1],OCNT-0479397-AA-001,OCNT-0479405-AA-001,Fc1ccc([*:1])cc1F,COc1ccc(OC)c([*:1])c1,0.0754986025858363,0.0259927505554285,-0.912631644188896,0.0353219536512953,0.9881302467747323,0.9881302467747323,0.04385502811743463,2.0281421088387658e-112,1.4059104080250595e-111,True
Cc1nc2c3cccnc3nn2c(C)c1CC[*:1],OCNT-0479397-AA-001,OCNT-0479405-AA-001,O=C(Nc1ccc(F)c(F)c1)[*:1],COc1ccc(OC)c(NC(=O)[*:1])c1,0.0754986025858363,0.0259927505554285,-0.912631644188896,0.0353219536512953,0.9881302467747323,0.9881302467747323,0.04385502811743463,2.0281421088387658e-112,1.4059104080250595e-111,True
O=C(CCN1C(=O)c2ccccc2C1=O)N1CCN([*:1])CC1,OCNT-0461792-AA-001,OCNT-0461786-AA-001,Cc1ccc(C)c([*:1])c1,Cc1cccc([*:1])c1C,-0.7779105130074762,0.0493946822922719,-1.763432602990969,0.0405006572861037,0.9855220899834929,0.9855220899834929,0.06387595697412998,1.0498579750554507e-53,4.332213263002847e-53,True
Cc1c(N2CCC(C(=O)N[*:1])CC2)c(=O)n(C)c(=O)n1-c1ccccc1,OCNT-0458364-AA-001,OCNT-0458524-AA-001,Fc1ccc(C[*:1])cc1,Cc1ccc(C)c([*:1])c1,-0.1219480035305583,0.0231128783170832,-1.10320707044706,0.0286254231427726,0.9812590669165017,0.9812590669165017,0.03679157504379332,1.0283349116857985e-156,8.986912603196961e-156,True
Cc1c(N2CCC([*:1])CC2)c(=O)n(C)c(=O)n1-c1ccccc1,OCNT-0458364-AA-001,OCNT-0458524-AA-001,O=C(NCc1ccc(F)cc1)[*:1],Cc1ccc(C)c(NC(=O)[*:1])c1,-0.1219480035305583,0.0231128783170832,-1.10320707044706,0.0286254231427726,0.9812590669165017,0.9812590669165017,0.03679157504379332,1.0283349116857985e-156,8.986912603196961e-156,True
Cc1nc(-c2ccc(F)cc2)sc1CCNC(=O)[*:1],OCNT-0482064-AA-001,OCNT-0482092-AA-001,c1ccc([*:1])cc1,CCOc1ccc([*:1])cc1OCC,-0.8686511686198524,0.0258349240564996,0.1116780811467134,0.024505643971033,-0.9803292497665658,0.9803292497665658,0.035608564804554085,7.532049599618698e-167,7.143769523359285e-166,True
COC(=O)CCNC(=O)C1c2ccccc2C(=O)N(C[*:1])C12CCCCC2,OCNT-0461297-AA-001,OCNT-0461299-AA-001,CC(C)[*:1],c1coc([*:1])c1,-0.653116454262711,0.0378227345756047,-1.633146089564682,0.1172843832255878,0.9800296353019711,0.9800296353019711,0.12323224334314127,1.8248302621688402e-15,3.930774341133056e-15,True
COC(=O)CCNC(=O)C1c2ccccc2C(=O)N([*:1])C12CCCCC2,OCNT-0461297-AA-001,OCNT-0461299-AA-001,CC(C)C[*:1],c1coc(C[*:1])c1,-0.653116454262711,0.0378227345756047,-1.633146089564682,0.1172843832255878,0.9800296353019711,0.9800296353019711,0.12323224334314127,1.8248302621688402e-15,3.930774341133056e-15,True
O=C(N[*:1])C1CCCN(c2ncnc3c2nc2n3CCCCC2)C1,OCNT-0456328-AA-001,OCNT-0456310-AA-001,c1ccc2c(c1)CCCN2CC[*:1],CCN(CCC[*:1])Cc1ccccc1,-3.4203580831175944,0.02787125826992,-2.444015470058872,0.0488750970067078,-0.9763426130587223,0.9763426130587223,0.05626350633371228,1.870921670031747e-67,9.267500661068189e-67,True
O=C(NC[*:1])C1CCCN(c2ncnc3c2nc2n3CCCCC2)C1,OCNT-0456328-AA-001,OCNT-0456310-AA-001,c1ccc2c(c1)CCCN2C[*:1],CCN(CC[*:1])Cc1ccccc1,-3.4203580831175944,0.02787125826992,-2.444015470058872,0.0488750970067078,-0.9763426130587223,0.9763426130587223,0.05626350633371228,1.870921670031747e-67,9.267500661068189e-67,True
O=C(NCC[*:1])C1CCCN(c2ncnc3c2nc2n3CCCCC2)C1,OCNT-0456328-AA-001,OCNT-0456310-AA-001,c1ccc2c(c1)CCCN2[*:1],CCN(Cc1ccccc1)C[*:1],-3.4203580831175944,0.02787125826992,-2.444015470058872,0.0488750970067078,-0.9763426130587223,0.9763426130587223,0.05626350633371228,1.870921670031747e-67,9.267500661068189e-67,True
O=C(N[*:1])c1cccc(CN2C(=O)C3CCCN3C(=O)c3ccccc32)c1,OCNT-0462732-AA-001,OCNT-0462710-AA-001,COc1ccc(OC)c(C[*:1])c1,CCC(c1ccc(OC)cc1)[*:1],-1.590567985199849,0.0862476576434575,-0.6199193731979067,0.0579526105466695,-0.9706486120019424,0.9706486120019424,0.10390940052833046,9.51608098605687e-21,2.347363928717859e-20,True
CCOc1ccc(C(=O)N/C(=N/[*:1])NCCc2c[nH]c3ccccc23)cc1OCC,OCNT-0456898-AA-001,OCNT-0456894-AA-001,Cc1cccc([*:1])c1,c1ccc([*:1])cc1,-0.2310662550477911,0.0405105131126085,-1.1986893922046118,0.0440845191038479,0.9676231371568207,0.9676231371568207,0.059871082312451605,9.38163973929543e-59,4.212270172854297e-58,True
COc1ccc(-c2[nH]c(-c3ccc(O[*:1])cc3)nc2SCC(=O)Nc2ccc3c(c2)OCCO3)cc1,OCNT-0479368-AA-001,OCNT-0479372-AA-001,C[*:1],CC[*:1],-1.5107767894087227,0.048596375670928,-0.5435788201153882,0.065110856463504,-0.9671979692933346,0.9671979692933346,0.0812467313666278,1.1219536497803317e-32,3.5562442759228907e-32,True
COc1ccc(-c2[nH]c(-c3ccc([*:1])cc3)nc2SCC(=O)Nc2ccc3c(c2)OCCO3)cc1,OCNT-0479368-AA-001,OCNT-0479372-AA-001,CO[*:1],CCO[*:1],-1.5107767894087227,0.048596375670928,-0.5435788201153882,0.065110856463504,-0.9671979692933346,0.9671979692933346,0.0812467313666278,1.1219536497803317e-32,3.5562442759228907e-32,True
COc1ccc(-c2[nH]c([*:1])nc2SCC(=O)Nc2ccc3c(c2)OCCO3)cc1,OCNT-0479368-AA-001,OCNT-0479372-AA-001,COc1ccc([*:1])cc1,CCOc1ccc([*:1])cc1,-1.5107767894087227,0.048596375670928,-0.5435788201153882,0.065110856463504,-0.9671979692933346,0.9671979692933346,0.0812467313666278,1.1219536497803317e-32,3.5562442759228907e-32,True
c1ccc(CNc2nc([*:1])nc3ccccc23)cc1,OCNT-0497368-AA-001,OCNT-0497566-AA-001,c1cncc([*:1])c1,c1ccc([*:1])cc1,-1.598160470049167,0.0682284185436443,-0.6314103091015513,0.0338474008465294,-0.9667501609476157,0.9667501609476157,0.07616274444262329,6.448263997912739e-37,2.1794063539906728e-36,True
O=C(CN1C(=O)COc2ccccc21)NCCC[*:1],OCNT-0461718-AA-001,OCNT-0461740-AA-001,CCN(c1ccccc1)[*:1],CCN(c1cccc(C)c1)[*:1],-3.338075236812947,0.0678679245779958,-4.302372056472514,0.0237488714606736,0.9642968196595669,0.9642968196595669,0.07190315766487675,5.209620259468818e-41,1.8774581406362587e-40,True
O=C(CN1C(=O)COc2ccccc21)NC[*:1],OCNT-0461718-AA-001,OCNT-0461740-AA-001,CCN(CC[*:1])c1ccccc1,CCN(CC[*:1])c1cccc(C)c1,-3.338075236812947,0.0678679245779958,-4.302372056472514,0.0237488714606736,0.9642968196595669,0.9642968196595669,0.07190315766487675,5.209620259468818e-41,1.8774581406362587e-40,True
CCN(CCCNC(=O)CN1C(=O)COc2ccccc21)[*:1],OCNT-0461718-AA-001,OCNT-0461740-AA-001,c1ccc([*:1])cc1,Cc1cccc([*:1])c1,-3.338075236812947,0.0678679245779958,-4.302372056472514,0.0237488714606736,0.9642968196595669,0.9642968196595669,0.07190315766487675,5.209620259468818e-41,1.8774581406362587e-40,True
O=C(CN1C(=O)COc2ccccc21)NCC[*:1],OCNT-0461718-AA-001,OCNT-0461740-AA-001,CCN(C[*:1])c1ccccc1,CCN(C[*:1])c1cccc(C)c1,-3.338075236812947,0.0678679245779958,-4.302372056472514,0.0237488714606736,0.9642968196595669,0.9642968196595669,0.07190315766487675,5.209620259468818e-41,1.8774581406362587e-40,True
O=C(CN1C(=O)COc2ccccc21)N[*:1],OCNT-0461718-AA-001,OCNT-0461740-AA-001,CCN(CCC[*:1])c1ccccc1,CCN(CCC[*:1])c1cccc(C)c1,-3.338075236812947,0.0678679245779958,-4.302372056472514,0.0237488714606736,0.9642968196595669,0.9642968196595669,0.07190315766487675,5.209620259468818e-41,1.8774581406362587e-40,True
CCOC(=O)c1nc(N[*:1])c2ccccc2n1,OCNT-0482405-AA-001,OCNT-0482403-AA-001,CC(C)c1ccc([*:1])cc1,CCc1ccc([*:1])cc1,-1.879245538319792,0.1542542984369503,-0.9178475021470054,0.0277743423020761,-0.9613980361727865,0.9613980361727865,0.15673481641482412,8.574236085396983e-10,1.5657578881318222e-09,True
CCOC(=O)c1nc(Nc2ccc([*:1])cc2)c2ccccc2n1,OCNT-0482405-AA-001,OCNT-0482403-AA-001,CC(C)[*:1],CC[*:1],-1.879245538319792,0.1542542984369503,-0.9178475021470054,0.0277743423020761,-0.9613980361727865,0.9613980361727865,0.15673481641482412,8.574236085396983e-10,1.5657578881318222e-09,True
CCOC(=O)c1nc([*:1])c2ccccc2n1,OCNT-0482405-AA-001,OCNT-0482403-AA-001,CC(C)c1ccc(N[*:1])cc1,CCc1ccc(N[*:1])cc1,-1.879245538319792,0.1542542984369503,-0.9178475021470054,0.0277743423020761,-0.9613980361727865,0.9613980361727865,0.15673481641482412,8.574236085396983e-10,1.5657578881318222e-09,True
O=C(NCCc1csc(-c2ccccc2)n1)C1CCCN1C(=O)[*:1],OCNT-0462984-AA-001,OCNT-0462966-AA-001,COc1ccc(C[*:1])cc1Cl,COc1ccc([*:1])cc1,-2.1501740889620633,0.0580358465479532,-1.195093362937134,0.0608199665594904,-0.9550807260249292,0.9550807260249292,0.08406680567759847,6.54118516480933e-30,1.944869999792033e-29,True
Cc1nc(-c2ccc(F)cc2)sc1CC[*:1],OCNT-0482082-AA-001,OCNT-0482126-AA-001,O=C(N[*:1])c1ccc(Br)cc1,CCOc1ccc(CC(=O)N[*:1])cc1,-2.9935971311022325,0.1766014870340068,-3.9457021709393705,0.5928530412365562,0.952105039837138,0.952105039837138,0.6185974569346825,0.12377132508423076,0.1512829333072491,False
Cc1nc(-c2ccc(F)cc2)sc1CCNC(=O)[*:1],OCNT-0482082-AA-001,OCNT-0482126-AA-001,Brc1ccc([*:1])cc1,CCOc1ccc(C[*:1])cc1,-2.9935971311022325,0.1766014870340068,-3.9457021709393705,0.5928530412365562,0.952105039837138,0.952105039837138,0.6185974569346825,0.12377132508423076,0.1512829333072491,False
O=C(CC(C(=O)N1CCc2ccccc21)n1ccnc1)N[*:1],OCNT-0461640-AA-001,OCNT-0461646-AA-001,CCCN(CCC)CCC[*:1],CC(C)OCCC[*:1],-0.9257673076713396,0.0500973436915712,-1.876834210456837,0.0414839526324509,0.9510669027854973,0.9510669027854973,0.06504354057831445,2.033265490306985e-48,8.050810121005165e-48,True
O=C(CC(C(=O)N1CCc2ccccc21)n1ccnc1)NCC[*:1],OCNT-0461640-AA-001,OCNT-0461646-AA-001,CCCN(CCC)C[*:1],CC(C)OC[*:1],-0.9257673076713396,0.0500973436915712,-1.876834210456837,0.0414839526324509,0.9510669027854973,0.9510669027854973,0.06504354057831445,2.033265490306985e-48,8.050810121005165e-48,True
O=C(CC(C(=O)N1CCc2ccccc21)n1ccnc1)NCCC[*:1],OCNT-0461640-AA-001,OCNT-0461646-AA-001,CCCN(CCC)[*:1],CC(C)O[*:1],-0.9257673076713396,0.0500973436915712,-1.876834210456837,0.0414839526324509,0.9510669027854973,0.9510669027854973,0.06504354057831445,2.033265490306985e-48,8.050810121005165e-48,True
O=C(C(C[*:1])n1ccnc1)N1CCc2ccccc21,OCNT-0461640-AA-001,OCNT-0461646-AA-001,CCCN(CCC)CCCNC(=O)[*:1],CC(C)OCCCNC(=O)[*:1],-0.9257673076713396,0.0500973436915712,-1.876834210456837,0.0414839526324509,0.9510669027854973,0.9510669027854973,0.06504354057831445,2.033265490306985e-48,8.050810121005165e-48,True
O=C(CC(C(=O)N1CCc2ccccc21)n1ccnc1)NC[*:1],OCNT-0461640-AA-001,OCNT-0461646-AA-001,CCCN(CCC)CC[*:1],CC(C)OCC[*:1],-0.9257673076713396,0.0500973436915712,-1.876834210456837,0.0414839526324509,0.9510669027854973,0.9510669027854973,0.06504354057831445,2.033265490306985e-48,8.050810121005165e-48,True
Cc1c(N2CCC(C(=O)N[*:1])CC2)c(=O)n(C)c(=O)n1-c1ccccc1,OCNT-0458500-AA-001,OCNT-0458462-AA-001,Cc1cc(C)cc([*:1])c1,COc1ccc(OC)c(C[*:1])c1,-0.0993851904769135,0.0273564930606155,-1.0503626226672118,0.0259659135553508,0.9509774321902983,0.9509774321902983,0.03771745457131823,2.870988529960999e-140,2.280944458706028e-139,True
CN(C)C(=O)c1ccc2c(c1)N(C[*:1])C(=O)CS2,OCNT-0457777-AA-001,OCNT-0457845-AA-001,O=C(NCc1ccc(Cl)cc1)[*:1],Cc1cccc(CNC(=O)[*:1])c1,-1.239473687109299,0.041809264291717,-0.2911347716472759,0.0245798838707678,-0.9483389154620232,0.9483389154620232,0.04849933269350283,3.840458002245044e-85,2.195701105489164e-84,True
CN(C)C(=O)c1ccc2c(c1)N(CC(=O)N[*:1])C(=O)CS2,OCNT-0457777-AA-001,OCNT-0457845-AA-001,Clc1ccc(C[*:1])cc1,Cc1cccc(C[*:1])c1,-1.239473687109299,0.041809264291717,-0.2911347716472759,0.0245798838707678,-0.9483389154620232,0.9483389154620232,0.04849933269350283,3.840458002245044e-85,2.195701105489164e-84,True
CN(C)C(=O)c1ccc2c(c1)N([*:1])C(=O)CS2,OCNT-0457777-AA-001,OCNT-0457845-AA-001,O=C(C[*:1])NCc1ccc(Cl)cc1,Cc1cccc(CNC(=O)C[*:1])c1,-1.239473687109299,0.041809264291717,-0.2911347716472759,0.0245798838707678,-0.9483389154620232,0.9483389154620232,0.04849933269350283,3.840458002245044e-85,2.195701105489164e-84,True
CN(C)C(=O)c1ccc2c(c1)N(CC(=O)NC[*:1])C(=O)CS2,OCNT-0457777-AA-001,OCNT-0457845-AA-001,Clc1ccc([*:1])cc1,Cc1cccc([*:1])c1,-1.239473687109299,0.041809264291717,-0.2911347716472759,0.0245798838707678,-0.9483389154620232,0.9483389154620232,0.04849933269350283,3.840458002245044e-85,2.195701105489164e-84,True
Cc1c(N2CCC(C(=O)N[*:1])CC2)c(=O)n(C)c(=O)n1-c1ccccc1,OCNT-0458432-AA-001,OCNT-0458462-AA-001,COc1ccc(C[*:1])cc1,COc1ccc(OC)c(C[*:1])c1,-0.1064686237116803,0.0272328653572601,-1.0503626226672118,0.0259659135553508,0.9438939989555315,0.9438939989555315,0.03762788357495818,7.257579118031955e-139,5.710384598657297e-138,True
Cc1c(N2CCC(C(=O)NC[*:1])CC2)c(=O)n(C)c(=O)n1-c1ccccc1,OCNT-0458432-AA-001,OCNT-0458462-AA-001,COc1ccc([*:1])cc1,COc1ccc(OC)c([*:1])c1,-0.1064686237116803,0.0272328653572601,-1.0503626226672118,0.0259659135553508,0.9438939989555315,0.9438939989555315,0.03762788357495818,7.257579118031955e-139,5.710384598657297e-138,True
Cn1c(C2CCN(C(=O)[*:1])C2)nc2ccncc21,OCNT-0475006-AA-001,OCNT-0475008-AA-001,COc1ccc(C[*:1])cc1Cl,Clc1ccc(OC[*:1])cc1,-1.2902252987805916,0.0415030909599074,-0.3574692293853236,0.0314827594292684,-0.9327560693952679,0.9327560693952679,0.052092904512107366,1.0658979744051962e-71,5.5376907502537474e-71,True
Cn1c(C2CCN(C(=O)C[*:1])C2)nc2ccncc21,OCNT-0475006-AA-001,OCNT-0475008-AA-001,COc1ccc([*:1])cc1Cl,Clc1ccc(O[*:1])cc1,-1.2902252987805916,0.0415030909599074,-0.3574692293853236,0.0314827594292684,-0.9327560693952679,0.9327560693952679,0.052092904512107366,1.0658979744051962e-71,5.5376907502537474e-71,True
CC(NC(=O)C(=O)NCCc1c[nH]c2ccccc12)C(c1cccs1)[*:1],OCNT-0454862-AA-001,OCNT-0454860-AA-001,CN1CCN([*:1])CC1,C1CN([*:1])CCO1,-1.3524771354348188,0.0412603584272475,-2.2835015612557177,0.0768992658062842,0.9310244258208988,0.9310244258208988,0.08726920567468506,1.430398907827803e-26,3.9774842357439023e-26,True
CC(NC(=O)C(=O)NCCc1c[nH]c2ccccc12)[*:1],OCNT-0454862-AA-001,OCNT-0454860-AA-001,CN1CCN(C(c2cccs2)[*:1])CC1,c1csc(C(N2CCOCC2)[*:1])c1,-1.3524771354348188,0.0412603584272475,-2.2835015612557177,0.0768992658062842,0.9310244258208988,0.9310244258208988,0.08726920567468506,1.430398907827803e-26,3.9774842357439023e-26,True
Cc1c(N2CCC(C(=O)NC[*:1])CC2)c(=O)n(C)c(=O)n1-c1ccccc1,OCNT-0458364-AA-001,OCNT-0458462-AA-001,Fc1ccc([*:1])cc1,COc1ccc(OC)c([*:1])c1,-0.1219480035305583,0.0231128783170832,-1.0503626226672118,0.0259659135553508,0.9284146191366535,0.9284146191366535,0.034762534586307785,3.868591033696223e-157,3.405195057357791e-156,True
Cc1c(N2CCC(C(=O)N[*:1])CC2)c(=O)n(C)c(=O)n1-c1ccccc1,OCNT-0458364-AA-001,OCNT-0458462-AA-001,Fc1ccc(C[*:1])cc1,COc1ccc(OC)c(C[*:1])c1,-0.1219480035305583,0.0231128783170832,-1.0503626226672118,0.0259659135553508,0.9284146191366535,0.9284146191366535,0.034762534586307785,3.868591033696223e-157,3.405195057357791e-156,True
CCOC(=O)c1nc(N[*:1])c2ccccc2n1,OCNT-0482383-AA-001,OCNT-0482403-AA-001,Fc1ccc([*:1])c(F)c1,CCc1ccc([*:1])cc1,0.0100241332739748,0.0268316304443415,-0.9178475021470054,0.0277743423020761,0.9278716354209802,0.9278716354209802,0.038618007232567135,1.4553661903619033e-127,1.1163890494719679e-126,True
CCOC(=O)c1nc([*:1])c2ccccc2n1,OCNT-0482383-AA-001,OCNT-0482403-AA-001,Fc1ccc(N[*:1])c(F)c1,CCc1ccc(N[*:1])cc1,0.0100241332739748,0.0268316304443415,-0.9178475021470054,0.0277743423020761,0.9278716354209802,0.9278716354209802,0.038618007232567135,1.4553661903619033e-127,1.1163890494719679e-126,True
O=C(N[*:1])c1ccc2nc(Cc3ccccc3)oc2c1,OCNT-0482364-AA-001,OCNT-0482400-AA-001,Cc1cccc([*:1])c1C,CCc1ccc(C[*:1])cc1,-1.4824378870855883,0.0274378351161866,-0.5560704216315617,0.2318450211387719,-0.9263674654540266,0.9263674654540266,0.23346294914332902,7.24959397390841e-05,0.00011445004163970245,True
c1ccc(Cc2nc3ccc([*:1])cc3o2)cc1,OCNT-0482364-AA-001,OCNT-0482400-AA-001,Cc1cccc(NC(=O)[*:1])c1C,CCc1ccc(CNC(=O)[*:1])cc1,-1.4824378870855883,0.0274378351161866,-0.5560704216315617,0.2318450211387719,-0.9263674654540266,0.9263674654540266,0.23346294914332902,7.24959397390841e-05,0.00011445004163970245,True
Cn1c(C2CCN(C(=O)[*:1])C2)nc2ccncc21,OCNT-0475004-AA-001,OCNT-0475002-AA-001,c1ccc2c(CC[*:1])c[nH]c2c1,CCOc1ccc([*:1])cc1,-0.9636939661984526,0.0334650411557074,-0.037664508545282,0.0231399341413935,-0.9260294576531706,0.9260294576531706,0.040686183547012846,1.1348521809719162e-114,8.119834172041752e-114,True
O=C(CN1C(=O)COc2ccccc21)NCC[*:1],OCNT-0461716-AA-001,OCNT-0461714-AA-001,CCCCN(CCCC)[*:1],CCCCN(Cc1ccccc1)C[*:1],-1.932684540243618,0.0889691051865036,-2.8574946508151533,0.3176947807233358,0.9248101105715354,0.9248101105715354,0.3299173765907694,0.00506050725126163,0.007149573466418712,True
c1ccc2c(c1)oc1c([*:1])ncnc12,OCNT-0494077-AA-001,OCNT-0482389-AQ-001,c1ccc2[nH]c(CS[*:1])nc2c1,CCOC(=O)C1CCN([*:1])CC1,-0.6607664563285183,0.0272356561520579,-1.580189468694556,0.0292498548459218,0.9194230123660376,0.9194230123660376,0.0399666732983948,4.1787140804661414e-117,3.025240637544571e-116,True
O=C(CC(C(=O)N1CCc2ccccc21)n1ccnc1)N[*:1],OCNT-0461644-AA-001,OCNT-0461646-AA-001,CCOc1ccccc1C[*:1],CC(C)OCCC[*:1],-0.9665559704708804,0.0296547061733536,-1.876834210456837,0.0414839526324509,0.9102782399859566,0.9102782399859566,0.05099333215469809,2.8427927545121155e-71,1.4675767658842083e-70,True
O=C(CC(C(=O)N1CCc2ccccc21)n1ccnc1)NC[*:1],OCNT-0461644-AA-001,OCNT-0461646-AA-001,CCOc1ccccc1[*:1],CC(C)OCC[*:1],-0.9665559704708804,0.0296547061733536,-1.876834210456837,0.0414839526324509,0.9102782399859566,0.9102782399859566,0.05099333215469809,2.8427927545121155e-71,1.4675767658842083e-70,True
O=C(C(C[*:1])n1ccnc1)N1CCc2ccccc21,OCNT-0461644-AA-001,OCNT-0461646-AA-001,CCOc1ccccc1CNC(=O)[*:1],CC(C)OCCCNC(=O)[*:1],-0.9665559704708804,0.0296547061733536,-1.876834210456837,0.0414839526324509,0.9102782399859566,0.9102782399859566,0.05099333215469809,2.8427927545121155e-71,1.4675767658842083e-70,True
O=C(NCCCN1CCN([*:1])CC1)C1Cc2ccccc2N1C(=O)c1ccccc1,OCNT-0460159-AA-001,OCNT-0460165-AA-001,Fc1ccccc1[*:1],c1ccc([*:1])cc1,-1.8886170186036544,0.1057680751499828,-0.9910659902832482,0.049138595855508,-0.8975510283204062,0.8975510283204062,0.11662541456982417,1.4037450671775793e-14,2.938378254391392e-14,True
O=C(NCCC[*:1])C1Cc2ccccc2N1C(=O)c1ccccc1,OCNT-0460159-AA-001,OCNT-0460165-AA-001,Fc1ccccc1N1CCN([*:1])CC1,c1ccc(N2CCN([*:1])CC2)cc1,-1.8886170186036544,0.1057680751499828,-0.9910659902832482,0.049138595855508,-0.8975510283204062,0.8975510283204062,0.11662541456982417,1.4037450671775793e-14,2.938378254391392e-14,True
O=C(Nc1nc2ccccc2[nH]1)[*:1],OCNT-0494041-AA-001,OCNT-0494156-AA-001,Cc1ccc([*:1])cc1,C1C2CC3CC1CC([*:1])(C2)C3,0.1055062430314816,0.0228761964651777,-0.7814596673014416,0.0324909640535928,0.8869659103329232,0.8869659103329232,0.03973642044579844,2.2986130009440445e-110,1.5799735992444035e-109,True
Cc1nc(-c2ccc(N3CCN(C(=O)[*:1])CC3)cc2)no1,OCNT-0458027-AA-001,OCNT-0458025-AA-001,c1ccc2c(CC[*:1])c[nH]c2c1,c1ccc2c(C[*:1])c[nH]c2c1,0.0469736403378468,0.0473688260311207,-0.8376055129970488,0.0329707498526312,0.8845791533348956,0.8845791533348956,0.057713742084631446,5.046818585691768e-53,2.0755571561660092e-52,True
Cc1nc(-c2ccc(N3CCN(C(=O)C[*:1])CC3)cc2)no1,OCNT-0458027-AA-001,OCNT-0458025-AA-001,c1ccc2c(C[*:1])c[nH]c2c1,c1ccc2c([*:1])c[nH]c2c1,0.0469736403378468,0.0473688260311207,-0.8376055129970488,0.0329707498526312,0.8845791533348956,0.8845791533348956,0.057713742084631446,5.046818585691768e-53,2.0755571561660092e-52,True
Cn1nc(-c2ccccc2F)c2cc(C(=O)N3CCN(c4ccccc4[*:1])CC3)sc21,OCNT-0479165-AA-001,OCNT-0479163-AA-001,F[*:1],CO[*:1],-0.0054566589983642,0.0426652476758079,-0.888502398049321,0.0420248442460132,0.8830457390509567,0.8830457390509567,0.059886650375018474,3.2992313152034453e-49,1.3170014728063346e-48,True
Cn1nc(-c2ccccc2F)c2cc(C(=O)N3CCN([*:1])CC3)sc21,OCNT-0479165-AA-001,OCNT-0479163-AA-001,Fc1ccccc1[*:1],COc1ccccc1[*:1],-0.0054566589983642,0.0426652476758079,-0.888502398049321,0.0420248442460132,0.8830457390509567,0.8830457390509567,0.059886650375018474,3.2992313152034453e-49,1.3170014728063346e-48,True
CCN(CCCNC(=O)C[*:1])c1cccc(C)c1,OCNT-0455007-AA-001,OCNT-0461652-AA-001,O=C1CSc2ncccc2N1[*:1],CCC1Oc2ccccc2N([*:1])C1=O,-3.271658445764847,0.3533659920454039,-4.15031079518917,0.0245379054779798,0.8786523494243226,0.8786523494243226,0.35421692949304207,0.013118033714275388,0.017892880991545082,True
Cc1c(N2CCC(C(=O)N[*:1])CC2)c(=O)n(C)c(=O)n1-c1ccccc1,OCNT-0458524-AA-001,OCNT-0458394-AA-001,Cc1ccc(C)c([*:1])c1,c1cncc(C[*:1])c1,-1.10320707044706,0.0286254231427726,-0.2330706647159557,0.036532460752341,-0.8701364057311043,0.8701364057311043,0.046411588409837,2.0003903861234828e-78,1.0805640783320448e-77,True
Cc1c(N2CCC([*:1])CC2)c(=O)n(C)c(=O)n1-c1ccccc1,OCNT-0458524-AA-001,OCNT-0458394-AA-001,Cc1ccc(C)c(NC(=O)[*:1])c1,O=C(NCc1cccnc1)[*:1],-1.10320707044706,0.0286254231427726,-0.2330706647159557,0.036532460752341,-0.8701364057311043,0.8701364057311043,0.046411588409837,2.0003903861234828e-78,1.0805640783320448e-77,True
O=C(Nc1nc2ccccc2[nH]1)[*:1],OCNT-0497518-AA-001,OCNT-0494156-AA-001,CCc1ccc([*:1])cc1,C1C2CC3CC1CC([*:1])(C2)C3,0.0789752406615302,0.0301955766348081,-0.7814596673014416,0.0324909640535928,0.8604349079629717,0.8604349079629717,0.04435578421627137,7.948300745734904e-84,4.460892643305805e-83,True
O=C(CSc1cn(CC(=O)N2CCCCC2)c2ccccc12)N[*:1],OCNT-0456188-AA-001,OCNT-0456166-AA-001,c1cc2c(cc1[*:1])OCCO2,CCOc1ccccc1[*:1],-3.634219839978549,0.0337029252802603,-2.775599900208268,0.0330588853481182,-0.8586199397702807,0.8586199397702807,0.047209925576162826,6.5096197213338196e-74,3.462834664805186e-73,True
O=C(Cn1cc(SC[*:1])c2ccccc21)N1CCCCC1,OCNT-0456188-AA-001,OCNT-0456166-AA-001,O=C(Nc1ccc2c(c1)OCCO2)[*:1],CCOc1ccccc1NC(=O)[*:1],-3.634219839978549,0.0337029252802603,-2.775599900208268,0.0330588853481182,-0.8586199397702807,0.8586199397702807,0.047209925576162826,6.5096197213338196e-74,3.462834664805186e-73,True
CCCCN(CCCC)CCNC(=O)C[*:1],OCNT-0454901-AA-001,OCNT-0461682-AA-001,O=C1Nc2ccccc2OC1[*:1],O=c1ccc(-c2ccccc2)nn1[*:1],-0.4600244325640442,0.0255080058768184,-1.3154427273662854,0.0296393517582732,0.8554182948022413,0.8554182948022413,0.0391043416574484,4.467936398369639e-106,2.9469111500836946e-105,True
CC1CCn2c(nc3cc(C(=O)NC[*:1])ccc32)C1,OCNT-0482582-AA-001,OCNT-0482558-AA-001,Cc1ccccc1[*:1],c1ccc(C[*:1])cc1,-0.4776549426277766,0.0292578986426453,-1.3309547374655952,0.0316048848309052,0.8532997948378187,0.8532997948378187,0.04306847313474309,2.316537691609649e-87,1.352880126818332e-86,True
CC1CCn2c(nc3cc([*:1])ccc32)C1,OCNT-0482582-AA-001,OCNT-0482558-AA-001,Cc1ccccc1CNC(=O)[*:1],O=C(NCCc1ccccc1)[*:1],-0.4776549426277766,0.0292578986426453,-1.3309547374655952,0.0316048848309052,0.8532997948378187,0.8532997948378187,0.04306847313474309,2.316537691609649e-87,1.352880126818332e-86,True
CC1CCn2c(nc3cc(C(=O)N[*:1])ccc32)C1,OCNT-0482582-AA-001,OCNT-0482558-AA-001,Cc1ccccc1C[*:1],c1ccc(CC[*:1])cc1,-0.4776549426277766,0.0292578986426453,-1.3309547374655952,0.0316048848309052,0.8532997948378187,0.8532997948378187,0.04306847313474309,2.316537691609649e-87,1.352880126818332e-86,True
O=C(CC1Oc2ccccc2NC1=O)NCC[*:1],OCNT-0454903-AA-001,OCNT-0454897-AA-001,CC(C)N(Cc1ccccc1)C[*:1],CCN(CC)C[*:1],-0.7883320456784422,0.0343698808069134,0.0599617506446214,0.0352022085379771,-0.8482937963230636,0.8482937963230636,0.04919841656631504,1.2785036021320548e-66,6.21967855748934e-66,True
O=C(CC1Oc2ccccc2NC1=O)NC[*:1],OCNT-0454903-AA-001,OCNT-0454897-AA-001,CC(C)N(CC[*:1])Cc1ccccc1,CCN(CC)CC[*:1],-0.7883320456784422,0.0343698808069134,0.0599617506446214,0.0352022085379771,-0.8482937963230636,0.8482937963230636,0.04919841656631504,1.2785036021320548e-66,6.21967855748934e-66,True
O=C(CC1Oc2ccccc2NC1=O)NCCC[*:1],OCNT-0454903-AA-001,OCNT-0454897-AA-001,CC(C)N(Cc1ccccc1)[*:1],CCN(CC)[*:1],-0.7883320456784422,0.0343698808069134,0.0599617506446214,0.0352022085379771,-0.8482937963230636,0.8482937963230636,0.04919841656631504,1.2785036021320548e-66,6.21967855748934e-66,True
O=C(N[*:1])c1ccc(CN2C(=O)C3CCCN3C(=O)c3ccccc32)cc1,OCNT-0462545-AA-001,OCNT-0462537-AA-001,CCOc1cccc(C[*:1])c1,CCOc1ccc(C[*:1])cc1,-2.3336478199719664,0.0988007014677595,-3.1780792163612213,0.2539804988551076,0.8444313963892549,0.8444313963892549,0.27252095774308926,0.0019444225954174882,0.0028525192392005955,True
O=C(NC[*:1])c1ccc(CN2C(=O)C3CCCN3C(=O)c3ccccc32)cc1,OCNT-0462545-AA-001,OCNT-0462537-AA-001,CCOc1cccc([*:1])c1,CCOc1ccc([*:1])cc1,-2.3336478199719664,0.0988007014677595,-3.1780792163612213,0.2539804988551076,0.8444313963892549,0.8444313963892549,0.27252095774308926,0.0019444225954174882,0.0028525192392005955,True
O=C1C2CCCN2C(=O)c2ccccc2N1Cc1ccc([*:1])cc1,OCNT-0462545-AA-001,OCNT-0462537-AA-001,CCOc1cccc(CNC(=O)[*:1])c1,CCOc1ccc(CNC(=O)[*:1])cc1,-2.3336478199719664,0.0988007014677595,-3.1780792163612213,0.2539804988551076,0.8444313963892549,0.8444313963892549,0.27252095774308926,0.0019444225954174882,0.0028525192392005955,True
CCN(CC)CCN(CCC(=O)N1CCNCC1)S(=O)(=O)c1ccc([*:1])cc1,OCNT-0457736-CN-001,OCNT-0458020-CN-001,CCO[*:1],CC(C)C[*:1],-0.165320869836639,0.0302825684906367,-1.008988424526751,0.0332789126053588,0.8436675546901121,0.8436675546901121,0.04499466611260952,1.9217519098639629e-78,1.0426888965492497e-77,True
CCN(CC)CCN(CCC(=O)N1CCNCC1)S(=O)(=O)[*:1],OCNT-0457736-CN-001,OCNT-0458020-CN-001,CCOc1ccc([*:1])cc1,CC(C)Cc1ccc([*:1])cc1,-0.165320869836639,0.0302825684906367,-1.008988424526751,0.0332789126053588,0.8436675546901121,0.8436675546901121,0.04499466611260952,1.9217519098639629e-78,1.0426888965492497e-77,True
O=C(c1cc2ccccc2[nH]1)N1CCC([*:1])CC1,OCNT-0461839-AA-001,OCNT-0461841-AA-001,CCOCCCNC(=O)C(C)[*:1],CC(C)OCCCNC(=O)C(C)[*:1],-1.4471911098822332,0.0444881630261103,-2.2904858140116175,0.0847573861848719,0.8432947041293843,0.8432947041293843,0.09572361862324931,1.2550062045633428e-18,2.944391354330297e-18,True
CC(C1CCN(C(=O)c2cc3ccccc3[nH]2)CC1)[*:1],OCNT-0461839-AA-001,OCNT-0461841-AA-001,CCOCCCNC(=O)[*:1],CC(C)OCCCNC(=O)[*:1],-1.4471911098822332,0.0444881630261103,-2.2904858140116175,0.0847573861848719,0.8432947041293843,0.8432947041293843,0.09572361862324931,1.2550062045633428e-18,2.944391354330297e-18,True
CC(C(=O)N[*:1])C1CCN(C(=O)c2cc3ccccc3[nH]2)CC1,OCNT-0461839-AA-001,OCNT-0461841-AA-001,CCOCCC[*:1],CC(C)OCCC[*:1],-1.4471911098822332,0.0444881630261103,-2.2904858140116175,0.0847573861848719,0.8432947041293843,0.8432947041293843,0.09572361862324931,1.2550062045633428e-18,2.944391354330297e-18,True
CC(C(=O)NC[*:1])C1CCN(C(=O)c2cc3ccccc3[nH]2)CC1,OCNT-0461839-AA-001,OCNT-0461841-AA-001,CCOCC[*:1],CC(C)OCC[*:1],-1.4471911098822332,0.0444881630261103,-2.2904858140116175,0.0847573861848719,0.8432947041293843,0.8432947041293843,0.09572361862324931,1.2550062045633428e-18,2.944391354330297e-18,True
CC(C(=O)NCCC[*:1])C1CCN(C(=O)c2cc3ccccc3[nH]2)CC1,OCNT-0461839-AA-001,OCNT-0461841-AA-001,CCO[*:1],CC(C)O[*:1],-1.4471911098822332,0.0444881630261103,-2.2904858140116175,0.0847573861848719,0.8432947041293843,0.8432947041293843,0.09572361862324931,1.2550062045633428e-18,2.944391354330297e-18,True
CC(C(=O)NCCCO[*:1])C1CCN(C(=O)c2cc3ccccc3[nH]2)CC1,OCNT-0461839-AA-001,OCNT-0461841-AA-001,CC[*:1],CC(C)[*:1],-1.4471911098822332,0.0444881630261103,-2.2904858140116175,0.0847573861848719,0.8432947041293843,0.8432947041293843,0.09572361862324931,1.2550062045633428e-18,2.944391354330297e-18,True
CC(C(=O)NCC[*:1])C1CCN(C(=O)c2cc3ccccc3[nH]2)CC1,OCNT-0461839-AA-001,OCNT-0461841-AA-001,CCOC[*:1],CC(C)OC[*:1],-1.4471911098822332,0.0444881630261103,-2.2904858140116175,0.0847573861848719,0.8432947041293843,0.8432947041293843,0.09572361862324931,1.2550062045633428e-18,2.944391354330297e-18,True
Cn1cc(S(=O)(=O)N2CCC(C(=O)N[*:1])CC2)cc1C(=O)N1CCCC1,OCNT-0461639-AA-001,OCNT-0461669-AA-001,Cc1cccc([*:1])c1C,Cc1ccnc([*:1])c1,-1.3605325824268144,0.1048394710510505,-0.5209752335247926,0.0466063307848769,-0.8395573489020218,0.8395573489020218,0.11473214353220035,2.525529601979314e-13,5.120108480566182e-13,True
Cn1cc(S(=O)(=O)N2CCC([*:1])CC2)cc1C(=O)N1CCCC1,OCNT-0461639-AA-001,OCNT-0461669-AA-001,Cc1cccc(NC(=O)[*:1])c1C,Cc1ccnc(NC(=O)[*:1])c1,-1.3605325824268144,0.1048394710510505,-0.5209752335247926,0.0466063307848769,-0.8395573489020218,0.8395573489020218,0.11473214353220035,2.525529601979314e-13,5.120108480566182e-13,True
O=C(NC[*:1])c1ccc(CN2C(=O)C3CCCN3C(=O)c3ccccc32)cc1,OCNT-0462806-AA-001,OCNT-0462545-AA-001,Cc1noc(C)c1[*:1],CCOc1cccc([*:1])c1,-1.4956836443571435,0.0389488465984688,-2.3336478199719664,0.0988007014677595,0.8379641756148228,0.8379641756148228,0.10620071215332028,3.01263221849524e-15,6.427123834924021e-15,True
O=C1C2CCCN2C(=O)c2ccccc2N1Cc1ccc([*:1])cc1,OCNT-0462806-AA-001,OCNT-0462545-AA-001,Cc1noc(C)c1CNC(=O)[*:1],CCOc1cccc(CNC(=O)[*:1])c1,-1.4956836443571435,0.0389488465984688,-2.3336478199719664,0.0988007014677595,0.8379641756148228,0.8379641756148228,0.10620071215332028,3.01263221849524e-15,6.427123834924021e-15,True
O=C(N[*:1])c1ccc(CN2C(=O)C3CCCN3C(=O)c3ccccc32)cc1,OCNT-0462806-AA-001,OCNT-0462545-AA-001,Cc1noc(C)c1C[*:1],CCOc1cccc(C[*:1])c1,-1.4956836443571435,0.0389488465984688,-2.3336478199719664,0.0988007014677595,0.8379641756148228,0.8379641756148228,0.10620071215332028,3.01263221849524e-15,6.427123834924021e-15,True
O=C(c1ccc2c(c1)N([*:1])C(=O)CS2)N1CCCC1,OCNT-0457992-AA-001,OCNT-0457908-AA-001,COc1cccc(CNC(=O)C[*:1])c1,COc1ccc(CNC(=O)C[*:1])cc1,-0.5830047708859403,0.0426096643478921,-1.4163003003070784,0.0416079944641864,0.8332955294211382,0.8332955294211382,0.05955508961601681,1.7440706062685368e-44,6.525597513056742e-44,True
O=C(CN1C(=O)CSc2ccc(C(=O)N3CCCC3)cc21)N[*:1],OCNT-0457992-AA-001,OCNT-0457908-AA-001,COc1cccc(C[*:1])c1,COc1ccc(C[*:1])cc1,-0.5830047708859403,0.0426096643478921,-1.4163003003070784,0.0416079944641864,0.8332955294211382,0.8332955294211382,0.05955508961601681,1.7440706062685368e-44,6.525597513056742e-44,True
O=C(CN1C(=O)CSc2ccc(C(=O)N3CCCC3)cc21)NC[*:1],OCNT-0457992-AA-001,OCNT-0457908-AA-001,COc1cccc([*:1])c1,COc1ccc([*:1])cc1,-0.5830047708859403,0.0426096643478921,-1.4163003003070784,0.0416079944641864,0.8332955294211382,0.8332955294211382,0.05955508961601681,1.7440706062685368e-44,6.525597513056742e-44,True
O=C(c1ccc2c(c1)N(C[*:1])C(=O)CS2)N1CCCC1,OCNT-0457992-AA-001,OCNT-0457908-AA-001,COc1cccc(CNC(=O)[*:1])c1,COc1ccc(CNC(=O)[*:1])cc1,-0.5830047708859403,0.0426096643478921,-1.4163003003070784,0.0416079944641864,0.8332955294211382,0.8332955294211382,0.05955508961601681,1.7440706062685368e-44,6.525597513056742e-44,True
CC(NC(=O)C(=O)NCCc1c[nH]c2ccccc12)C(c1cccs1)[*:1],OCNT-0454862-AA-001,OCNT-0454892-AA-001,CN1CCN([*:1])CC1,c1ccc(CN2CCN([*:1])CC2)cc1,-1.3524771354348188,0.0412603584272475,-0.5195445211863003,0.0890118515751888,-0.8329326142485185,0.8329326142485185,0.09810976963783155,2.0698771236441982e-17,4.642520001427455e-17,True
CC(NC(=O)C(=O)NCCc1c[nH]c2ccccc12)C(c1cccs1)N1CCN([*:1])CC1,OCNT-0454862-AA-001,OCNT-0454892-AA-001,C[*:1],c1ccc(C[*:1])cc1,-1.3524771354348188,0.0412603584272475,-0.5195445211863003,0.0890118515751888,-0.8329326142485185,0.8329326142485185,0.09810976963783155,2.0698771236441982e-17,4.642520001427455e-17,True
O=S(=O)(c1ccc(Br)s1)N1CCC([*:1])CC1,OCNT-0462553-AA-001,OCNT-0462555-AA-001,CC(C(=O)NCc1ccccn1)[*:1],CC(C(=O)NCc1cccnc1)[*:1],-2.1302203744465604,0.173862659330731,-2.956798666293893,0.0329328574914646,0.8265782918473326,0.8265782918473326,0.17695422405839015,2.995299093643139e-06,5.003069544126117e-06,True
CC(C1CCN(S(=O)(=O)c2ccc(Br)s2)CC1)[*:1],OCNT-0462553-AA-001,OCNT-0462555-AA-001,O=C(NCc1ccccn1)[*:1],O=C(NCc1cccnc1)[*:1],-2.1302203744465604,0.173862659330731,-2.956798666293893,0.0329328574914646,0.8265782918473326,0.8265782918473326,0.17695422405839015,2.995299093643139e-06,5.003069544126117e-06,True
CC(C(=O)NC[*:1])C1CCN(S(=O)(=O)c2ccc(Br)s2)CC1,OCNT-0462553-AA-001,OCNT-0462555-AA-001,c1ccc([*:1])nc1,c1cncc([*:1])c1,-2.1302203744465604,0.173862659330731,-2.956798666293893,0.0329328574914646,0.8265782918473326,0.8265782918473326,0.17695422405839015,2.995299093643139e-06,5.003069544126117e-06,True
CC(C(=O)N[*:1])C1CCN(S(=O)(=O)c2ccc(Br)s2)CC1,OCNT-0462553-AA-001,OCNT-0462555-AA-001,c1ccc(C[*:1])nc1,c1cncc(C[*:1])c1,-2.1302203744465604,0.173862659330731,-2.956798666293893,0.0329328574914646,0.8265782918473326,0.8265782918473326,0.17695422405839015,2.995299093643139e-06,5.003069544126117e-06,True
CC(=O)Nc1ccc(-c2noc(C3CCN(C(=O)[*:1])CC3)n2)cc1,OCNT-0463418-AA-001,OCNT-0463426-AA-001,Fc1cccc(Cl)c1C[*:1],CC(=O)Nc1cccc([*:1])c1,-0.7677164705801969,0.060361300062796,0.0563680237894956,0.0304623928930376,-0.8240844943696924,0.8240844943696924,0.06761245392707385,3.5859296412119558e-34,1.1841794645135838e-33,True
Cc1c(N2CCC(C(=O)NC[*:1])CC2)c(=O)n(C)c(=O)n1-c1ccccc1,OCNT-0458462-AA-001,OCNT-0458394-AA-001,COc1ccc(OC)c([*:1])c1,c1cncc([*:1])c1,-1.0503626226672118,0.0259659135553508,-0.2330706647159557,0.036532460752341,-0.8172919579512561,0.8172919579512561,0.0448201891493698,2.727199818227121e-74,1.457086889782045e-73,True
Cc1c(N2CCC(C(=O)N[*:1])CC2)c(=O)n(C)c(=O)n1-c1ccccc1,OCNT-0458462-AA-001,OCNT-0458394-AA-001,COc1ccc(OC)c(C[*:1])c1,c1cncc(C[*:1])c1,-1.0503626226672118,0.0259659135553508,-0.2330706647159557,0.036532460752341,-0.8172919579512561,0.8172919579512561,0.0448201891493698,2.727199818227121e-74,1.457086889782045e-73,True
Cc1nc(-c2ccc(F)cc2)sc1CCNC(=O)[*:1],OCNT-0482064-AA-001,OCNT-0482096-AA-001,c1ccc([*:1])cc1,COc1ccc([*:1])cc1,-0.8686511686198524,0.0258349240564996,-0.0534659291823882,0.0520672660222867,-0.8151852394374641,0.8151852394374641,0.058124379498113124,1.0985651386062956e-44,4.135675221799393e-44,True
Cc1nc(-c2ccc(F)cc2)sc1C[*:1],OCNT-0482064-AA-001,OCNT-0482096-AA-001,O=C(NC[*:1])c1ccccc1,COc1ccc(C(=O)NC[*:1])cc1,-0.8686511686198524,0.0258349240564996,-0.0534659291823882,0.0520672660222867,-0.8151852394374641,0.8151852394374641,0.058124379498113124,1.0985651386062956e-44,4.135675221799393e-44,True
Cc1nc(-c2ccc(F)cc2)sc1CC[*:1],OCNT-0482064-AA-001,OCNT-0482096-AA-001,O=C(N[*:1])c1ccccc1,COc1ccc(C(=O)N[*:1])cc1,-0.8686511686198524,0.0258349240564996,-0.0534659291823882,0.0520672660222867,-0.8151852394374641,0.8151852394374641,0.058124379498113124,1.0985651386062956e-44,4.135675221799393e-44,True
O=C(NC[*:1])c1cccc(CN2C(=O)C3CCCN3C(=O)c3ccccc32)c1,OCNT-0462732-AA-001,OCNT-0462644-AA-001,COc1ccc(OC)c([*:1])c1,COc1ccc([*:1])c(OC)c1,-1.590567985199849,0.0862476576434575,-0.797224048602732,0.0502045357646995,-0.7933439365971171,0.7933439365971171,0.0997955603237541,1.8697625711678784e-15,4.020482435542881e-15,True
O=C(N[*:1])c1cccc(CN2C(=O)C3CCCN3C(=O)c3ccccc32)c1,OCNT-0462732-AA-001,OCNT-0462644-AA-001,COc1ccc(OC)c(C[*:1])c1,COc1ccc(C[*:1])c(OC)c1,-1.590567985199849,0.0862476576434575,-0.797224048602732,0.0502045357646995,-0.7933439365971171,0.7933439365971171,0.0997955603237541,1.8697625711678784e-15,4.020482435542881e-15,True
O=C(N[*:1])C12CC3CC(CC(C3)C1)C2,OCNT-0494150-AA-001,OCNT-0497512-AA-001,c1cc(C[*:1])ccn1,c1cncc(C[*:1])c1,-0.2366470451824585,0.0269711258634133,-1.028906601817178,0.0435266442850393,0.7922595566347195,0.7922595566347195,0.051205569941720465,5.350166829900049e-54,2.2189590225026134e-53,True
C1C2CC3CC1CC([*:1])(C2)C3,OCNT-0494150-AA-001,OCNT-0497512-AA-001,O=C(NCc1ccncc1)[*:1],O=C(NCc1cccnc1)[*:1],-0.2366470451824585,0.0269711258634133,-1.028906601817178,0.0435266442850393,0.7922595566347195,0.7922595566347195,0.051205569941720465,5.350166829900049e-54,2.2189590225026134e-53,True
O=C(NC[*:1])C12CC3CC(CC(C3)C1)C2,OCNT-0494150-AA-001,OCNT-0497512-AA-001,c1cc([*:1])ccn1,c1cncc([*:1])c1,-0.2366470451824585,0.0269711258634133,-1.028906601817178,0.0435266442850393,0.7922595566347195,0.7922595566347195,0.051205569941720465,5.350166829900049e-54,2.2189590225026134e-53,True
Cc1cc(C)c(NC(=O)c2sc3nc([*:1])cn3c2C)c(C)c1,OCNT-0482557-AA-001,OCNT-0482457-AA-001,COc1ccc([*:1])cc1,c1ccc([*:1])cc1,-1.773284479268281,0.3300809505206441,-0.9849058154888964,0.0821940340859771,-0.7883786637793845,0.7883786637793845,0.3401606872287547,0.020467511478610617,0.027640176925033212,True
Cc1nc(-c2ccc(F)cc2)sc1CCNC(=O)[*:1],OCNT-0482094-AA-001,OCNT-0482088-AA-001,c1csc([*:1])c1,Clc1ccc([*:1])cc1,-1.337473437484487,0.0360349541281914,-0.560495776536683,0.221418705590268,-0.776977660947804,0.776977660947804,0.22433181028175794,0.0005331574056831437,0.0008128574278546123,True
Cc1nc(-c2ccc(F)cc2)sc1C[*:1],OCNT-0482094-AA-001,OCNT-0482088-AA-001,O=C(NC[*:1])c1cccs1,O=C(NC[*:1])c1ccc(Cl)cc1,-1.337473437484487,0.0360349541281914,-0.560495776536683,0.221418705590268,-0.776977660947804,0.776977660947804,0.22433181028175794,0.0005331574056831437,0.0008128574278546123,True
Cc1nc(-c2ccc(F)cc2)sc1[*:1],OCNT-0482094-AA-001,OCNT-0482088-AA-001,O=C(NCC[*:1])c1cccs1,O=C(NCC[*:1])c1ccc(Cl)cc1,-1.337473437484487,0.0360349541281914,-0.560495776536683,0.221418705590268,-0.776977660947804,0.776977660947804,0.22433181028175794,0.0005331574056831437,0.0008128574278546123,True
Cc1nc(-c2ccc(F)cc2)sc1CC[*:1],OCNT-0482094-AA-001,OCNT-0482088-AA-001,O=C(N[*:1])c1cccs1,O=C(N[*:1])c1ccc(Cl)cc1,-1.337473437484487,0.0360349541281914,-0.560495776536683,0.221418705590268,-0.776977660947804,0.776977660947804,0.22433181028175794,0.0005331574056831437,0.0008128574278546123,True
O=C(N[*:1])c1ccc(CN2C(=O)C3CCCN3C(=O)c3ccccc32)cc1,OCNT-0462806-AA-001,OCNT-0462570-AA-001,Cc1noc(C)c1C[*:1],Cc1ccc(C[*:1])cc1,-1.4956836443571435,0.0389488465984688,-0.7206783276056341,0.0551913546321531,-0.7750053167515094,0.7750053167515094,0.06755070893397894,1.804207357798875e-30,5.384018786016887e-30,True
O=C(NC[*:1])c1ccc(CN2C(=O)C3CCCN3C(=O)c3ccccc32)cc1,OCNT-0462806-AA-001,OCNT-0462570-AA-001,Cc1noc(C)c1[*:1],Cc1ccc([*:1])cc1,-1.4956836443571435,0.0389488465984688,-0.7206783276056341,0.0551913546321531,-0.7750053167515094,0.7750053167515094,0.06755070893397894,1.804207357798875e-30,5.384018786016887e-30,True
O=C1C2CCCN2C(=O)c2ccccc2N1Cc1ccc([*:1])cc1,OCNT-0462806-AA-001,OCNT-0462570-AA-001,Cc1noc(C)c1CNC(=O)[*:1],Cc1ccc(CNC(=O)[*:1])cc1,-1.4956836443571435,0.0389488465984688,-0.7206783276056341,0.0551913546321531,-0.7750053167515094,0.7750053167515094,0.06755070893397894,1.804207357798875e-30,5.384018786016887e-30,True
O=C(N[*:1])C(=O)c1cn(CC(=O)N2CCCC2)c2ccccc12,OCNT-0456010-AA-001,OCNT-0456014-AA-001,COc1ccccc1[*:1],COc1ccc([*:1])cc1,-0.8495394797928282,0.0344590162654061,-0.076172826190163,0.0278280008169719,-0.7733666536026652,0.7733666536026652,0.044292453436775334,2.866105364415469e-68,1.4371638989189861e-67,True
O=C(Cn1cc([*:1])c2ccccc21)N1CCCC1,OCNT-0456010-AA-001,OCNT-0456014-AA-001,COc1ccccc1NC(=O)C(=O)[*:1],COc1ccc(NC(=O)C(=O)[*:1])cc1,-0.8495394797928282,0.0344590162654061,-0.076172826190163,0.0278280008169719,-0.7733666536026652,0.7733666536026652,0.044292453436775334,2.866105364415469e-68,1.4371638989189861e-67,True
Cc1nc2c3cccnc3nn2c(C)c1[*:1],OCNT-0479397-AA-001,OCNT-0479407-AA-001,O=C(CC[*:1])Nc1ccc(F)c(F)c1,O=C(CC[*:1])Nc1cccc(Br)c1,0.0754986025858363,0.0259927505554285,-0.6936127316628277,0.1415553546274855,0.769111334248664,0.769111334248664,0.14392199798901456,9.094485017596319e-08,1.5918601457838478e-07,True
Cc1nc2c3cccnc3nn2c(C)c1CCC(=O)N[*:1],OCNT-0479397-AA-001,OCNT-0479407-AA-001,Fc1ccc([*:1])cc1F,Brc1cccc([*:1])c1,0.0754986025858363,0.0259927505554285,-0.6936127316628277,0.1415553546274855,0.769111334248664,0.769111334248664,0.14392199798901456,9.094485017596319e-08,1.5918601457838478e-07,True
Cc1nc2c3cccnc3nn2c(C)c1C[*:1],OCNT-0479397-AA-001,OCNT-0479407-AA-001,O=C(C[*:1])Nc1ccc(F)c(F)c1,O=C(C[*:1])Nc1cccc(Br)c1,0.0754986025858363,0.0259927505554285,-0.6936127316628277,0.1415553546274855,0.769111334248664,0.769111334248664,0.14392199798901456,9.094485017596319e-08,1.5918601457838478e-07,True
Cc1nc2c3cccnc3nn2c(C)c1CC[*:1],OCNT-0479397-AA-001,OCNT-0479407-AA-001,O=C(Nc1ccc(F)c(F)c1)[*:1],O=C(Nc1cccc(Br)c1)[*:1],0.0754986025858363,0.0259927505554285,-0.6936127316628277,0.1415553546274855,0.769111334248664,0.769111334248664,0.14392199798901456,9.094485017596319e-08,1.5918601457838478e-07,True
CCN(CCCNC(=O)C[*:1])c1cccc(C)c1,OCNT-0461740-AA-001,OCNT-0479288-AA-001,O=C1COc2ccccc2N1[*:1],Cn1c(=O)cc(S[*:1])c2ccccc21,-4.302372056472514,0.0237488714606736,-3.5364755886455996,0.432386915412754,-0.7658964678269142,0.7658964678269142,0.4330386282028564,0.07695126076688542,0.09676245380090887,False
Cc1c(N2CCC(C(=O)N[*:1])CC2)c(=O)n(C)c(=O)n1-c1ccccc1,OCNT-0458458-AA-001,OCNT-0458524-AA-001,Cc1ccc(C[*:1])cc1,Cc1ccc(C)c([*:1])c1,-0.3412766912149273,0.1121926408164803,-1.10320707044706,0.0286254231427726,0.7619303792321327,0.7619303792321327,0.11578688830553545,4.6901155552354625e-11,8.994288999734465e-11,True
Cc1c(N2CCC([*:1])CC2)c(=O)n(C)c(=O)n1-c1ccccc1,OCNT-0458458-AA-001,OCNT-0458524-AA-001,Cc1ccc(CNC(=O)[*:1])cc1,Cc1ccc(C)c(NC(=O)[*:1])c1,-0.3412766912149273,0.1121926408164803,-1.10320707044706,0.0286254231427726,0.7619303792321327,0.7619303792321327,0.11578688830553545,4.6901155552354625e-11,8.994288999734465e-11,True
CC(=O)Nc1ccc(-c2noc(C3CCN(C(=O)[*:1])CC3)n2)cc1,OCNT-0463418-AA-001,OCNT-0463268-AA-001,Fc1cccc(Cl)c1C[*:1],COc1cc(OC)cc([*:1])c1,-0.7677164705801969,0.060361300062796,-0.0060200515402403,0.0316180414672034,-0.7616964190399566,0.7616964190399566,0.06814093550497154,5.210729773755569e-29,1.52702464148262e-28,True
O=C(NC[*:1])c1cccc(CN2C(=O)C3CCCN3C(=O)c3ccccc32)c1,OCNT-0462732-AA-001,OCNT-0462672-AA-001,COc1ccc(OC)c([*:1])c1,COc1ccc([*:1])cc1,-1.590567985199849,0.0862476576434575,-0.8301895472292733,0.0414970094290246,-0.7603784379705758,0.7603784379705758,0.09571133809813553,1.949803527153972e-15,4.18523616749629e-15,True
O=C(N[*:1])c1cccc(CN2C(=O)C3CCCN3C(=O)c3ccccc32)c1,OCNT-0462732-AA-001,OCNT-0462672-AA-001,COc1ccc(OC)c(C[*:1])c1,COc1ccc(C[*:1])cc1,-1.590567985199849,0.0862476576434575,-0.8301895472292733,0.0414970094290246,-0.7603784379705758,0.7603784379705758,0.09571133809813553,1.949803527153972e-15,4.18523616749629e-15,True
O=C(Nc1nc2ccccc2[nH]1)[*:1],OCNT-0497551-AA-001,OCNT-0494156-AA-001,c1ccc2c(C[*:1])c[nH]c2c1,C1C2CC3CC1CC([*:1])(C2)C3,-0.0214772036021407,0.0379075746587863,-0.7814596673014416,0.0324909640535928,0.7599824636993009,0.7599824636993009,0.04992641546960203,2.5248797908563026e-52,1.0297301413708954e-51,True
O=C(Nc1nc2ccccc2[nH]1)[*:1],OCNT-0497508-AA-001,OCNT-0494156-AA-001,CC(C)Oc1ccc([*:1])cc1,C1C2CC3CC1CC([*:1])(C2)C3,-0.023942852459998,0.0351633215981763,-0.7814596673014416,0.0324909640535928,0.7575168148414435,0.7575168148414435,0.047876110232021055,2.178872946369554e-56,9.370302460046219e-56,True
Cc1nc(-c2ccc(F)cc2)sc1C[*:1],OCNT-0482064-AA-001,OCNT-0482114-AA-001,O=C(NC[*:1])c1ccccc1,Cc1ccc(C(=O)NC[*:1])cc1,-0.8686511686198524,0.0258349240564996,-0.115190389000082,0.0274200662084502,-0.7534607796197703,0.7534607796197703,0.0376736424026254,5.5427335718359356e-89,3.268209409706635e-88,True
Cc1nc(-c2ccc(F)cc2)sc1[*:1],OCNT-0482064-AA-001,OCNT-0482114-AA-001,O=C(NCC[*:1])c1ccccc1,Cc1ccc(C(=O)NCC[*:1])cc1,-0.8686511686198524,0.0258349240564996,-0.115190389000082,0.0274200662084502,-0.7534607796197703,0.7534607796197703,0.0376736424026254,5.5427335718359356e-89,3.268209409706635e-88,True
Cc1nc(-c2ccc(F)cc2)sc1CC[*:1],OCNT-0482064-AA-001,OCNT-0482114-AA-001,O=C(N[*:1])c1ccccc1,Cc1ccc(C(=O)N[*:1])cc1,-0.8686511686198524,0.0258349240564996,-0.115190389000082,0.0274200662084502,-0.7534607796197703,0.7534607796197703,0.0376736424026254,5.5427335718359356e-89,3.268209409706635e-88,True
Cc1nc(-c2ccc(F)cc2)sc1CCNC(=O)[*:1],OCNT-0482064-AA-001,OCNT-0482114-AA-001,c1ccc([*:1])cc1,Cc1ccc([*:1])cc1,-0.8686511686198524,0.0258349240564996,-0.115190389000082,0.0274200662084502,-0.7534607796197703,0.7534607796197703,0.0376736424026254,5.5427335718359356e-89,3.268209409706635e-88,True
Cc1nc2c3cccnc3nn2c(C)c1[*:1],OCNT-0479397-AA-001,OCNT-0479401-AA-001,O=C(CC[*:1])Nc1ccc(F)c(F)c1,Cc1cc(C)cc(NC(=O)CC[*:1])c1,0.0754986025858363,0.0259927505554285,-0.6732081034548456,0.2604500490322248,0.7487067060406819,0.7487067060406819,0.2617438654912948,0.004230327832967858,0.006028894704293738,True
Cc1nc2c3cccnc3nn2c(C)c1CC[*:1],OCNT-0479397-AA-001,OCNT-0479401-AA-001,O=C(Nc1ccc(F)c(F)c1)[*:1],Cc1cc(C)cc(NC(=O)[*:1])c1,0.0754986025858363,0.0259927505554285,-0.6732081034548456,0.2604500490322248,0.7487067060406819,0.7487067060406819,0.2617438654912948,0.004230327832967858,0.006028894704293738,True
Cc1nc2c3cccnc3nn2c(C)c1C[*:1],OCNT-0479397-AA-001,OCNT-0479401-AA-001,O=C(C[*:1])Nc1ccc(F)c(F)c1,Cc1cc(C)cc(NC(=O)C[*:1])c1,0.0754986025858363,0.0259927505554285,-0.6732081034548456,0.2604500490322248,0.7487067060406819,0.7487067060406819,0.2617438654912948,0.004230327832967858,0.006028894704293738,True
Cc1nc2c3cccnc3nn2c(C)c1CCC(=O)N[*:1],OCNT-0479397-AA-001,OCNT-0479401-AA-001,Fc1ccc([*:1])cc1F,Cc1cc(C)cc([*:1])c1,0.0754986025858363,0.0259927505554285,-0.6732081034548456,0.2604500490322248,0.7487067060406819,0.7487067060406819,0.2617438654912948,0.004230327832967858,0.006028894704293738,True
CCOc1ccc(-c2cc(CCC[*:1])no2)cc1,OCNT-0479472-AA-001,OCNT-0479496-AA-001,CCc1ccc(NC(=O)[*:1])cc1,O=C(NCCc1ccccc1)[*:1],0.3865758036102921,0.0440010569004856,-0.3534454642646611,0.0597340533274236,0.7400212678749531,0.7400212678749531,0.07419063374364218,1.969099635064679e-23,5.1204960754551213e-23,True
CCOc1ccc(-c2cc(CCCC(=O)N[*:1])no2)cc1,OCNT-0479472-AA-001,OCNT-0479496-AA-001,CCc1ccc([*:1])cc1,c1ccc(CC[*:1])cc1,0.3865758036102921,0.0440010569004856,-0.3534454642646611,0.0597340533274236,0.7400212678749531,0.7400212678749531,0.07419063374364218,1.969099635064679e-23,5.1204960754551213e-23,True
CCOc1ccc(-c2cc(CC[*:1])no2)cc1,OCNT-0479472-AA-001,OCNT-0479496-AA-001,CCc1ccc(NC(=O)C[*:1])cc1,O=C(C[*:1])NCCc1ccccc1,0.3865758036102921,0.0440010569004856,-0.3534454642646611,0.0597340533274236,0.7400212678749531,0.7400212678749531,0.07419063374364218,1.969099635064679e-23,5.1204960754551213e-23,True
CCOc1ccc(-c2cc(C[*:1])no2)cc1,OCNT-0479472-AA-001,OCNT-0479496-AA-001,CCc1ccc(NC(=O)CC[*:1])cc1,O=C(CC[*:1])NCCc1ccccc1,0.3865758036102921,0.0440010569004856,-0.3534454642646611,0.0597340533274236,0.7400212678749531,0.7400212678749531,0.07419063374364218,1.969099635064679e-23,5.1204960754551213e-23,True
CC(C)N1C(=O)C2(CCCC2)C1C(=O)NC[*:1],OCNT-0475104-AA-001,OCNT-0475100-AA-001,Cn1c(C[*:1])nc2ccccc21,c1ccc2[nH]c(C[*:1])nc2c1,-1.3135918220048366,0.0465230578021777,-0.5741548948546207,0.0469976523989166,-0.7394369271502159,0.7394369271502159,0.06612997987504729,5.0194662176249866e-29,1.4762781051115798e-28,True
CC(C)N1C(=O)C2(CCCC2)C1C(=O)N[*:1],OCNT-0475104-AA-001,OCNT-0475100-AA-001,Cn1c(CC[*:1])nc2ccccc21,c1ccc2[nH]c(CC[*:1])nc2c1,-1.3135918220048366,0.0465230578021777,-0.5741548948546207,0.0469976523989166,-0.7394369271502159,0.7394369271502159,0.06612997987504729,5.0194662176249866e-29,1.4762781051115798e-28,True
CC(C)N1C(=O)C2(CCCC2)C1C(=O)NCC[*:1],OCNT-0475104-AA-001,OCNT-0475100-AA-001,Cn1c([*:1])nc2ccccc21,c1ccc2[nH]c([*:1])nc2c1,-1.3135918220048366,0.0465230578021777,-0.5741548948546207,0.0469976523989166,-0.7394369271502159,0.7394369271502159,0.06612997987504729,5.0194662176249866e-29,1.4762781051115798e-28,True
c1ccc(CNc2nc([*:1])nc3ccccc23)cc1,OCNT-0497368-AA-001,OCNT-0495855-AA-001,c1cncc([*:1])c1,Cc1ccc(C)c(N[*:1])c1,-1.598160470049167,0.0682284185436443,-0.8637088614580626,0.1001336287415155,-0.7344516085911044,0.7344516085911044,0.12116872823426994,1.3494538151517554e-09,2.455102963328138e-09,True
Cc1nc(-c2ccc(F)cc2)sc1CCNC(=O)[*:1],OCNT-0482094-AA-001,OCNT-0482086-AA-001,c1csc([*:1])c1,CC(C)(C)c1ccc([*:1])cc1,-1.337473437484487,0.0360349541281914,-0.604848069760632,0.0684095330513385,-0.732625367723855,0.732625367723855,0.07731999826256486,2.6615386733778866e-21,6.693509901084983e-21,True
Cc1nc(-c2ccc(F)cc2)sc1CC[*:1],OCNT-0482094-AA-001,OCNT-0482086-AA-001,O=C(N[*:1])c1cccs1,CC(C)(C)c1ccc(C(=O)N[*:1])cc1,-1.337473437484487,0.0360349541281914,-0.604848069760632,0.0684095330513385,-0.732625367723855,0.732625367723855,0.07731999826256486,2.6615386733778866e-21,6.693509901084983e-21,True
O=C(CCc1nnc2ccc([*:1])nn12)N1CCCC1,OCNT-0460305-AA-001,OCNT-0456312-AA-001,Fc1ccc(CN[*:1])cc1,CCN(CC)[*:1],-0.9257786849035786,0.0427550540932121,-0.1937092961372734,0.0277763635635608,-0.7320693887663052,0.7320693887663052,0.05098549816691606,9.440203681930305e-47,3.637823371603693e-46,True
O=C(N[*:1])c1nc(Cn2c(=O)oc3ccccc32)no1,OCNT-0463205-AA-001,OCNT-0463381-AA-001,CCN(CCC[*:1])c1ccccc1,c1cncc(C[*:1])c1,-3.6376324137526694,0.4337222194126903,-2.911118574049022,0.0308262233317484,-0.7265138397036472,0.7265138397036472,0.4348163056477628,0.09475084825213932,0.11785925841467991,False
O=C(NC[*:1])c1nc(Cn2c(=O)oc3ccccc32)no1,OCNT-0463205-AA-001,OCNT-0463381-AA-001,CCN(CC[*:1])c1ccccc1,c1cncc([*:1])c1,-3.6376324137526694,0.4337222194126903,-2.911118574049022,0.0308262233317484,-0.7265138397036472,0.7265138397036472,0.4348163056477628,0.09475084825213932,0.11785925841467991,False
COCCN1C(=O)c2ccccc2C(C(=O)N[*:1])C12CCCCC2,OCNT-0461293-AA-001,OCNT-0461261-AA-001,C1Cc2nc([*:1])sc2C1,CC(C)c1nnc([*:1])s1,-3.1952388881098943,0.0503948543939408,-2.4740601358002263,0.1576139702598104,-0.721178752309668,0.721178752309668,0.1654744843486357,1.311080885583016e-05,2.114841744905498e-05,True
COCCN1C(=O)c2ccccc2C([*:1])C12CCCCC2,OCNT-0461293-AA-001,OCNT-0461261-AA-001,O=C(Nc1nc2c(s1)CCC2)[*:1],CC(C)c1nnc(NC(=O)[*:1])s1,-3.1952388881098943,0.0503948543939408,-2.4740601358002263,0.1576139702598104,-0.721178752309668,0.721178752309668,0.1654744843486357,1.311080885583016e-05,2.114841744905498e-05,True
O=C(c1ccc2c(c1)N(C[*:1])C(=O)CS2)N1CCCC1,OCNT-0457842-AA-001,OCNT-0457908-AA-001,COc1ccc(NC(=O)[*:1])cc1,COc1ccc(CNC(=O)[*:1])cc1,-0.6970071155880888,0.0610641591507044,-1.4163003003070784,0.0416079944641864,0.7192931847189896,0.7192931847189896,0.07389219672004833,2.151695417232504e-22,5.490301028120893e-22,True
O=C(c1ccc2c(c1)N([*:1])C(=O)CS2)N1CCCC1,OCNT-0457842-AA-001,OCNT-0457908-AA-001,COc1ccc(NC(=O)C[*:1])cc1,COc1ccc(CNC(=O)C[*:1])cc1,-0.6970071155880888,0.0610641591507044,-1.4163003003070784,0.0416079944641864,0.7192931847189896,0.7192931847189896,0.07389219672004833,2.151695417232504e-22,5.490301028120893e-22,True
O=C(CN1C(=O)CSc2ccc(C(=O)N3CCCC3)cc21)N[*:1],OCNT-0457842-AA-001,OCNT-0457908-AA-001,COc1ccc([*:1])cc1,COc1ccc(C[*:1])cc1,-0.6970071155880888,0.0610641591507044,-1.4163003003070784,0.0416079944641864,0.7192931847189896,0.7192931847189896,0.07389219672004833,2.151695417232504e-22,5.490301028120893e-22,True
O=C(c1cccs1)N1CCCc2cc(NC(=O)[*:1])ccc21,OCNT-0482302-AA-001,OCNT-0482298-AA-001,COc1ccc([*:1])c(OC)c1,COc1ccccc1[*:1],-0.2047349363720562,0.0420326534280468,-0.9229181161378048,0.0312792983914407,0.7181831797657486,0.7181831797657486,0.05239406895883426,9.176392849515284e-43,3.3970700911896975e-42,True
O=C(c1cccs1)N1CCCc2cc([*:1])ccc21,OCNT-0482302-AA-001,OCNT-0482298-AA-001,COc1ccc(C(=O)N[*:1])c(OC)c1,COc1ccccc1C(=O)N[*:1],-0.2047349363720562,0.0420326534280468,-0.9229181161378048,0.0312792983914407,0.7181831797657486,0.7181831797657486,0.05239406895883426,9.176392849515284e-43,3.3970700911896975e-42,True
CCc1ccc(CNC(=O)c2ccc3nc(C[*:1])oc3c2)cc1,OCNT-0482520-AA-001,OCNT-0482400-AA-001,c1ccc(C[*:1])cc1,c1ccc([*:1])cc1,0.1613513025884427,0.0371208684456558,-0.5560704216315617,0.2318450211387719,0.7174217242200045,0.7174217242200045,0.23479794015492828,0.002246963951790805,0.003282579576138567,True
CCc1ccc(CNC(=O)c2ccc3nc([*:1])oc3c2)cc1,OCNT-0482520-AA-001,OCNT-0482400-AA-001,c1ccc(CC[*:1])cc1,c1ccc(C[*:1])cc1,0.1613513025884427,0.0371208684456558,-0.5560704216315617,0.2318450211387719,0.7174217242200045,0.7174217242200045,0.23479794015492828,0.002246963951790805,0.003282579576138567,True
c1ccc(CNc2nc([*:1])nc3ccccc23)cc1,OCNT-0482336-AA-001,OCNT-0495855-AA-001,COc1ccc([*:1])cc1,Cc1ccc(C)c(N[*:1])c1,-0.1468022946462704,0.0464296868135248,-0.8637088614580626,0.1001336287415155,0.7169065668117922,0.7169065668117922,0.1103741791477774,8.29022245742721e-11,1.5664999500636588e-10,True
O=C1C2CCCN2C(=O)c2ccccc2N1Cc1ccc([*:1])cc1,OCNT-0462804-AA-001,OCNT-0462545-AA-001,Cc1ccc(C(C)NC(=O)[*:1])c(C)c1,CCOc1cccc(CNC(=O)[*:1])c1,-3.050335981495316,0.0441556475659202,-2.3336478199719664,0.0988007014677595,-0.7166881615233498,0.7166881615233498,0.10821875910620621,3.529658718170061e-11,6.811573251862887e-11,True
O=C(N[*:1])c1ccc(CN2C(=O)C3CCCN3C(=O)c3ccccc32)cc1,OCNT-0462804-AA-001,OCNT-0462545-AA-001,Cc1ccc(C(C)[*:1])c(C)c1,CCOc1cccc(C[*:1])c1,-3.050335981495316,0.0441556475659202,-2.3336478199719664,0.0988007014677595,-0.7166881615233498,0.7166881615233498,0.10821875910620621,3.529658718170061e-11,6.811573251862887e-11,True
Cc1nc(-c2ccc(F)cc2)sc1CCNC(=O)[*:1],OCNT-0482092-AA-001,OCNT-0482086-AA-001,CCOc1ccc([*:1])cc1OCC,CC(C)(C)c1ccc([*:1])cc1,0.1116780811467134,0.024505643971033,-0.604848069760632,0.0684095330513385,0.7165261509073454,0.7165261509073454,0.07266629754389033,6.174011435839359e-23,1.5886231318085078e-22,True
Cc1ccc(-n2nc(C(=O)NCCC[*:1])c3c4ccccc4n(C)c3c2=O)cc1,OCNT-0454721-AA-001,OCNT-0454753-AA-001,CCN(Cc1ccccc1)[*:1],Fc1ccc(N2CCN([*:1])CC2)cc1,-3.203499363101584,0.0233488890504979,-2.4900629588170085,0.3790916613654321,-0.7134364042845753,0.7134364042845753,0.379810029273446,0.060326017337206043,0.07712526876914483,False
O=C(CN1C(=O)COc2ccccc21)NCC[*:1],OCNT-0461736-AA-001,OCNT-0461718-AA-001,CCN(c1ccccc1)[*:1],CCN(C[*:1])c1ccccc1,-4.05068818579421,0.182017002574915,-3.338075236812947,0.0678679245779958,-0.7126129489812634,0.7126129489812634,0.1942581900792889,0.00024409177135116406,0.00037851239828662765,True
O=C(CN1C(=O)COc2ccccc21)NC[*:1],OCNT-0461736-AA-001,OCNT-0461718-AA-001,CCN(C[*:1])c1ccccc1,CCN(CC[*:1])c1ccccc1,-4.05068818579421,0.182017002574915,-3.338075236812947,0.0678679245779958,-0.7126129489812634,0.7126129489812634,0.1942581900792889,0.00024409177135116406,0.00037851239828662765,True
O=C(CN1C(=O)COc2ccccc21)N[*:1],OCNT-0461736-AA-001,OCNT-0461718-AA-001,CCN(CC[*:1])c1ccccc1,CCN(CCC[*:1])c1ccccc1,-4.05068818579421,0.182017002574915,-3.338075236812947,0.0678679245779958,-0.7126129489812634,0.7126129489812634,0.1942581900792889,0.00024409177135116406,0.00037851239828662765,True
Cc1c(N2CCC(C(=O)N[*:1])CC2)c(=O)n(C)c(=O)n1-c1ccccc1,OCNT-0458458-AA-001,OCNT-0458462-AA-001,Cc1ccc(C[*:1])cc1,COc1ccc(OC)c(C[*:1])c1,-0.3412766912149273,0.1121926408164803,-1.0503626226672118,0.0259659135553508,0.7090859314522845,0.7090859314522845,0.11515822732284355,7.390570008043149e-10,1.353647066592933e-09,True
Cc1c(N2CCC(C(=O)NC[*:1])CC2)c(=O)n(C)c(=O)n1-c1ccccc1,OCNT-0458458-AA-001,OCNT-0458462-AA-001,Cc1ccc([*:1])cc1,COc1ccc(OC)c([*:1])c1,-0.3412766912149273,0.1121926408164803,-1.0503626226672118,0.0259659135553508,0.7090859314522845,0.7090859314522845,0.11515822732284355,7.390570008043149e-10,1.353647066592933e-09,True
Cn1cc(S(=O)(=O)N2CCC(C(=O)N[*:1])CC2)cc1C(=O)N1CCCC1,OCNT-0461635-AA-001,OCNT-0461639-AA-001,Clc1ccccc1C[*:1],Cc1cccc([*:1])c1C,-0.6561267801105736,0.0221993062629462,-1.3605325824268144,0.1048394710510505,0.7044058023162408,0.7044058023162408,0.10716400463224644,4.925954573721522e-11,9.431776871593556e-11,True
Cn1cc(S(=O)(=O)N2CCC([*:1])CC2)cc1C(=O)N1CCCC1,OCNT-0461635-AA-001,OCNT-0461639-AA-001,O=C(NCc1ccccc1Cl)[*:1],Cc1cccc(NC(=O)[*:1])c1C,-0.6561267801105736,0.0221993062629462,-1.3605325824268144,0.1048394710510505,0.7044058023162408,0.7044058023162408,0.10716400463224644,4.925954573721522e-11,9.431776871593556e-11,True
COc1ccc(-c2[nH]c(-c3ccc([*:1])cc3)nc2SCC(=O)Nc2ccc3c(c2)OCCO3)cc1,OCNT-0479376-AA-001,OCNT-0479372-AA-001,Cl[*:1],CCO[*:1],0.158886518010742,0.0955222708421307,-0.5435788201153882,0.065110856463504,0.7024653381261301,0.7024653381261301,0.11560245609955003,1.2278756094184662e-09,2.235574119231389e-09,True
COc1ccc(-c2[nH]c([*:1])nc2SCC(=O)Nc2ccc3c(c2)OCCO3)cc1,OCNT-0479376-AA-001,OCNT-0479372-AA-001,Clc1ccc([*:1])cc1,CCOc1ccc([*:1])cc1,0.158886518010742,0.0955222708421307,-0.5435788201153882,0.065110856463504,0.7024653381261301,0.7024653381261301,0.11560245609955003,1.2278756094184662e-09,2.235574119231389e-09,True
C=CCn1cc(C(=O)N[*:1])c(=O)c2cc(S(=O)(=O)N3CCCCCC3)ccc21,OCNT-0454912-AA-001,OCNT-0454884-AA-001,CN(CCc1ccccc1)CC[*:1],CCC(C)[*:1],-3.6435602998506256,0.0287168254358014,-2.9434679763918616,0.1738857287355036,-0.7000923234587639,0.7000923234587639,0.17624103585994788,7.116493964271174e-05,0.00011263946138791437,True
Cc1nc2c3cccnc3nn2c(C)c1C[*:1],OCNT-0479403-AA-001,OCNT-0479395-AA-001,Cc1cccc(NC(=O)C[*:1])c1,CC(=O)c1cccc(NC(=O)C[*:1])c1,-0.9684726915212082,0.0400645596496861,-0.2727367008478492,0.0678812211081742,-0.695735990673359,0.695735990673359,0.0788227703082053,1.0791900715977949e-18,2.5564163651498587e-18,True
Cc1nc2c3cccnc3nn2c(C)c1CCC(=O)Nc1cccc([*:1])c1,OCNT-0479403-AA-001,OCNT-0479395-AA-001,C[*:1],CC(=O)[*:1],-0.9684726915212082,0.0400645596496861,-0.2727367008478492,0.0678812211081742,-0.695735990673359,0.695735990673359,0.0788227703082053,1.0791900715977949e-18,2.5564163651498587e-18,True
Cc1nc2c3cccnc3nn2c(C)c1CC[*:1],OCNT-0479403-AA-001,OCNT-0479395-AA-001,Cc1cccc(NC(=O)[*:1])c1,CC(=O)c1cccc(NC(=O)[*:1])c1,-0.9684726915212082,0.0400645596496861,-0.2727367008478492,0.0678812211081742,-0.695735990673359,0.695735990673359,0.0788227703082053,1.0791900715977949e-18,2.5564163651498587e-18,True
Cc1nc2c3cccnc3nn2c(C)c1CCC(=O)N[*:1],OCNT-0479403-AA-001,OCNT-0479395-AA-001,Cc1cccc([*:1])c1,CC(=O)c1cccc([*:1])c1,-0.9684726915212082,0.0400645596496861,-0.2727367008478492,0.0678812211081742,-0.695735990673359,0.695735990673359,0.0788227703082053,1.0791900715977949e-18,2.5564163651498587e-18,True
COCCN1C(=O)c2ccccc2C(C(=O)N[*:1])C12CCCCC2,OCNT-0461261-AA-001,OCNT-0461265-AA-001,CC(C)c1nnc([*:1])s1,CCCc1nnc([*:1])s1,-2.4740601358002263,0.1576139702598104,-3.1690396510828474,0.2591895364292012,0.694979515282621,0.694979515282621,0.30335025863751064,0.021962637164910235,0.02953274308525819,True
COCCN1C(=O)c2ccccc2C([*:1])C12CCCCC2,OCNT-0461261-AA-001,OCNT-0461265-AA-001,CC(C)c1nnc(NC(=O)[*:1])s1,CCCc1nnc(NC(=O)[*:1])s1,-2.4740601358002263,0.1576139702598104,-3.1690396510828474,0.2591895364292012,0.694979515282621,0.694979515282621,0.30335025863751064,0.021962637164910235,0.02953274308525819,True
COCCN1C(=O)c2ccccc2C(C(=O)Nc2nnc([*:1])s2)C12CCCCC2,OCNT-0461261-AA-001,OCNT-0461265-AA-001,CC(C)[*:1],CCC[*:1],-2.4740601358002263,0.1576139702598104,-3.1690396510828474,0.2591895364292012,0.694979515282621,0.694979515282621,0.30335025863751064,0.021962637164910235,0.02953274308525819,True
O=C(N1CCCC(c2nc(CCOCc3ccccc3)no2)C1)[*:1],OCNT-0475042-AA-001,OCNT-0475044-AA-001,C1CC([*:1])C1,CCOC[*:1],-1.8687691303209748,0.0675086418839691,-1.1753393132273071,0.043618050899963,-0.6934298170936677,0.6934298170936677,0.08037382094519178,6.267565120840241e-18,1.4372446207268286e-17,True
c1ccc(COCCc2noc([*:1])n2)cc1,OCNT-0475042-AA-001,OCNT-0475044-AA-001,O=C(C1CCC1)N1CCCC([*:1])C1,CCOCC(=O)N1CCCC([*:1])C1,-1.8687691303209748,0.0675086418839691,-1.1753393132273071,0.043618050899963,-0.6934298170936677,0.6934298170936677,0.08037382094519178,6.267565120840241e-18,1.4372446207268286e-17,True
O=C(NC[*:1])c1ccc(CN2C(=O)C3CCCN3C(=O)c3ccccc32)cc1,OCNT-0462828-AA-001,OCNT-0462545-AA-001,CN(Cc1ccccc1)C[*:1],CCOc1cccc([*:1])c1,-3.021899087066743,0.0286305297620653,-2.3336478199719664,0.0988007014677595,-0.6882512670947767,0.6882512670947767,0.10286537728982402,2.219597255095735e-11,4.310598796205765e-11,True
O=C(N[*:1])c1ccc(CN2C(=O)C3CCCN3C(=O)c3ccccc32)cc1,OCNT-0462828-AA-001,OCNT-0462545-AA-001,CN(CC[*:1])Cc1ccccc1,CCOc1cccc(C[*:1])c1,-3.021899087066743,0.0286305297620653,-2.3336478199719664,0.0988007014677595,-0.6882512670947767,0.6882512670947767,0.10286537728982402,2.219597255095735e-11,4.310598796205765e-11,True
O=C(CSc1cn([*:1])c2ccccc12)NCc1ccc2c(c1)OCO2,OCNT-0456220-AA-001,OCNT-0456282-AA-001,O=C(C[*:1])N1CCOCC1,CC1CCN(C(=O)C[*:1])CC1,-0.6891618252096503,0.0458786188298498,-1.3769356477812735,0.1051537565096564,0.6877738225716232,0.6877738225716232,0.11472645803748478,2.0360873893852455e-09,3.6933327218870982e-09,True
O=C(CSc1cn(C[*:1])c2ccccc12)NCc1ccc2c(c1)OCO2,OCNT-0456220-AA-001,OCNT-0456282-AA-001,O=C(N1CCOCC1)[*:1],CC1CCN(C(=O)[*:1])CC1,-0.6891618252096503,0.0458786188298498,-1.3769356477812735,0.1051537565096564,0.6877738225716232,0.6877738225716232,0.11472645803748478,2.0360873893852455e-09,3.6933327218870982e-09,True
O=S(=O)(c1ccc2c(c1)CCCC2)N1CCC2(CC1)NCCN=C2N[*:1],OCNT-0462811-AQ-001,OCNT-0462815-AQ-001,Fc1cc(F)cc(C[*:1])c1,Cc1ccccc1C[*:1],-2.0973200154924765,0.0523161304260004,-2.7850230189478795,0.1263462086693507,0.687703003455403,0.687703003455403,0.1367491935912947,4.932078184522504e-07,8.427929691010172e-07,True
O=S(=O)(c1ccc2c(c1)CCCC2)N1CCC2(CC1)NCCN=C2NC[*:1],OCNT-0462811-AQ-001,OCNT-0462815-AQ-001,Fc1cc(F)cc([*:1])c1,Cc1ccccc1[*:1],-2.0973200154924765,0.0523161304260004,-2.7850230189478795,0.1263462086693507,0.687703003455403,0.687703003455403,0.1367491935912947,4.932078184522504e-07,8.427929691010172e-07,True
O=C(CCc1nnc2ccc(NC[*:1])nn12)N1CCCC1,OCNT-0460305-AA-001,OCNT-0460303-AA-001,Fc1ccc([*:1])cc1,Clc1ccccc1[*:1],-0.9257786849035786,0.0427550540932121,-1.6109496994995758,0.0491080591914329,0.6851710145959972,0.6851710145959972,0.06511218110355979,6.773285272298911e-26,1.8477401406148757e-25,True
O=C(CCc1nnc2ccc(N[*:1])nn12)N1CCCC1,OCNT-0460305-AA-001,OCNT-0460303-AA-001,Fc1ccc(C[*:1])cc1,Clc1ccccc1C[*:1],-0.9257786849035786,0.0427550540932121,-1.6109496994995758,0.0491080591914329,0.6851710145959972,0.6851710145959972,0.06511218110355979,6.773285272298911e-26,1.8477401406148757e-25,True
O=C(CCc1nnc2ccc([*:1])nn12)N1CCCC1,OCNT-0460305-AA-001,OCNT-0460303-AA-001,Fc1ccc(CN[*:1])cc1,Clc1ccccc1CN[*:1],-0.9257786849035786,0.0427550540932121,-1.6109496994995758,0.0491080591914329,0.6851710145959972,0.6851710145959972,0.06511218110355979,6.773285272298911e-26,1.8477401406148757e-25,True
O=C(NC[*:1])c1ccc2nc(Cc3ccccc3)oc2c1,OCNT-0482368-AA-001,OCNT-0482390-AA-001,Cc1ccc([*:1])cc1,CCOc1cc([*:1])ccc1OC,-0.4306795624190303,0.0903341446953717,-1.1128309406139456,0.033938000291661,0.6821513781949153,0.6821513781949153,0.09649894072807812,1.5604988184471204e-12,3.1197227195589084e-12,True
O=C(N[*:1])c1ccc2nc(Cc3ccccc3)oc2c1,OCNT-0482368-AA-001,OCNT-0482390-AA-001,Cc1ccc(C[*:1])cc1,CCOc1cc(C[*:1])ccc1OC,-0.4306795624190303,0.0903341446953717,-1.1128309406139456,0.033938000291661,0.6821513781949153,0.6821513781949153,0.09649894072807812,1.5604988184471204e-12,3.1197227195589084e-12,True
CCc1ccc(C(=O)N[*:1])cc1,OCNT-0498143-AA-001,OCNT-0497518-AA-001,c1ccc(-c2csc([*:1])n2)nc1,c1ccc2[nH]c([*:1])nc2c1,-0.6010145979995337,0.0520575260313971,0.0789752406615302,0.0301955766348081,-0.6799898386610639,0.6799898386610639,0.060181050712148215,1.3261658859561148e-29,3.923975723016461e-29,True
Cc1ccc(Cl)cc1N1CCN(C(=O)CSCc2nc([*:1])oc2C)CC1,OCNT-0479293-AA-001,OCNT-0479285-AA-001,CCc1ccc([*:1])cc1,COc1ccc([*:1])cc1,0.1073665363503414,0.0513802846206678,-0.5680066712455689,0.0854900564826258,0.6753732075959104,0.6753732075959104,0.09974208442329337,1.277220616991038e-11,2.5022889109504165e-11,True
Cc1ccc(Cl)cc1N1CCN(C(=O)CSCc2nc(-c3ccc([*:1])cc3)oc2C)CC1,OCNT-0479293-AA-001,OCNT-0479285-AA-001,CC[*:1],CO[*:1],0.1073665363503414,0.0513802846206678,-0.5680066712455689,0.0854900564826258,0.6753732075959104,0.6753732075959104,0.09974208442329337,1.277220616991038e-11,2.5022889109504165e-11,True
Cc1nc(-c2ccc(F)cc2)sc1CCNC(=O)[*:1],OCNT-0482088-AA-001,OCNT-0482092-AA-001,Clc1ccc([*:1])cc1,CCOc1ccc([*:1])cc1OCC,-0.560495776536683,0.221418705590268,0.1116780811467134,0.024505643971033,-0.6721738576833964,0.6721738576833964,0.22277066631786333,0.0025500733722984034,0.0037098867669525526,True
O=C(COCc1nnc([*:1])s1)N1CCN(c2ccccn2)CC1,OCNT-0457748-AA-001,OCNT-0457802-AA-001,COc1ccc(NC(=O)[*:1])cc1,O=C(Nc1ccc(F)cc1)[*:1],0.0785999895683794,0.0249482575715334,-0.5919030310419493,0.0318451632049934,0.6705030206103287,0.6705030206103287,0.040454047701166305,1.0665908588182987e-61,4.8243028309212144e-61,True
O=C(N[*:1])c1nnc(COCC(=O)N2CCN(c3ccccn3)CC2)s1,OCNT-0457748-AA-001,OCNT-0457802-AA-001,COc1ccc([*:1])cc1,Fc1ccc([*:1])cc1,0.0785999895683794,0.0249482575715334,-0.5919030310419493,0.0318451632049934,0.6705030206103287,0.6705030206103287,0.040454047701166305,1.0665908588182987e-61,4.8243028309212144e-61,True
O=C(Nc1ccc([*:1])cc1)c1nnc(COCC(=O)N2CCN(c3ccccn3)CC2)s1,OCNT-0457748-AA-001,OCNT-0457802-AA-001,CO[*:1],F[*:1],0.0785999895683794,0.0249482575715334,-0.5919030310419493,0.0318451632049934,0.6705030206103287,0.6705030206103287,0.040454047701166305,1.0665908588182987e-61,4.8243028309212144e-61,True
O=C(c1cccs1)N1CCCc2cc([*:1])ccc21,OCNT-0482272-AA-001,OCNT-0482298-AA-001,COc1ccc(C(=O)N[*:1])cc1,COc1ccccc1C(=O)N[*:1],-0.2578327317742982,0.0388566761808095,-0.9229181161378048,0.0312792983914407,0.6650853843635066,0.6650853843635066,0.04988221919362723,1.4856172942443008e-40,5.322555664737634e-40,True
O=C(c1cccs1)N1CCCc2cc(NC(=O)[*:1])ccc21,OCNT-0482272-AA-001,OCNT-0482298-AA-001,COc1ccc([*:1])cc1,COc1ccccc1[*:1],-0.2578327317742982,0.0388566761808095,-0.9229181161378048,0.0312792983914407,0.6650853843635066,0.6650853843635066,0.04988221919362723,1.4856172942443008e-40,5.322555664737634e-40,True
O=C(Cn1cc([*:1])c2ccccc21)N1CCCC1,OCNT-0455990-AA-001,OCNT-0456010-AA-001,CCc1ccc(NC(=O)C(=O)[*:1])cc1,COc1ccccc1NC(=O)C(=O)[*:1],-0.185020011673387,0.0651765751422017,-0.8495394797928282,0.0344590162654061,0.6645194681194412,0.6645194681194412,0.07372523142891167,1.996546962073252e-19,4.808612614363432e-19,True
O=C(N[*:1])C(=O)c1cn(CC(=O)N2CCCC2)c2ccccc12,OCNT-0455990-AA-001,OCNT-0456010-AA-001,CCc1ccc([*:1])cc1,COc1ccccc1[*:1],-0.185020011673387,0.0651765751422017,-0.8495394797928282,0.0344590162654061,0.6645194681194412,0.6645194681194412,0.07372523142891167,1.996546962073252e-19,4.808612614363432e-19,True
Cn1cc(-c2cc3n(n2)CCC(=O)N3CC(=O)NCC[*:1])c2ccccc21,OCNT-0460636-AA-001,OCNT-0460664-AA-001,CCN(CC)C[*:1],O=C1CCCN1C[*:1],-0.0303647112004427,0.0240715459049989,-0.6927267931745962,0.0444865662857209,0.6623620819741535,0.6623620819741535,0.05058155693679573,3.519863589692024e-39,1.2251929166395992e-38,True
Cn1cc(-c2cc3n(n2)CCC(=O)N3[*:1])c2ccccc21,OCNT-0460636-AA-001,OCNT-0460664-AA-001,CCN(CC)CCCNC(=O)C[*:1],O=C(C[*:1])NCCCN1CCCC1=O,-0.0303647112004427,0.0240715459049989,-0.6927267931745962,0.0444865662857209,0.6623620819741535,0.6623620819741535,0.05058155693679573,3.519863589692024e-39,1.2251929166395992e-38,True
Cn1cc(-c2cc3n(n2)CCC(=O)N3C[*:1])c2ccccc21,OCNT-0460636-AA-001,OCNT-0460664-AA-001,CCN(CC)CCCNC(=O)[*:1],O=C1CCCN1CCCNC(=O)[*:1],-0.0303647112004427,0.0240715459049989,-0.6927267931745962,0.0444865662857209,0.6623620819741535,0.6623620819741535,0.05058155693679573,3.519863589692024e-39,1.2251929166395992e-38,True
Cn1cc(-c2cc3n(n2)CCC(=O)N3CC(=O)N[*:1])c2ccccc21,OCNT-0460636-AA-001,OCNT-0460664-AA-001,CCN(CC)CCC[*:1],O=C1CCCN1CCC[*:1],-0.0303647112004427,0.0240715459049989,-0.6927267931745962,0.0444865662857209,0.6623620819741535,0.6623620819741535,0.05058155693679573,3.519863589692024e-39,1.2251929166395992e-38,True
Cn1cc(-c2cc3n(n2)CCC(=O)N3CC(=O)NC[*:1])c2ccccc21,OCNT-0460636-AA-001,OCNT-0460664-AA-001,CCN(CC)CC[*:1],O=C1CCCN1CC[*:1],-0.0303647112004427,0.0240715459049989,-0.6927267931745962,0.0444865662857209,0.6623620819741535,0.6623620819741535,0.05058155693679573,3.519863589692024e-39,1.2251929166395992e-38,True
Cn1cc(-c2cc3n(n2)CCC(=O)N3CC(=O)NCCC[*:1])c2ccccc21,OCNT-0460636-AA-001,OCNT-0460664-AA-001,CCN(CC)[*:1],O=C1CCCN1[*:1],-0.0303647112004427,0.0240715459049989,-0.6927267931745962,0.0444865662857209,0.6623620819741535,0.6623620819741535,0.05058155693679573,3.519863589692024e-39,1.2251929166395992e-38,True
COCCN1C(=O)c2ccccc2C([*:1])C12CCCCC2,OCNT-0461261-AA-001,OCNT-0461263-AA-001,CC(C)c1nnc(NC(=O)[*:1])s1,CCc1nnc(NC(=O)[*:1])s1,-2.4740601358002263,0.1576139702598104,-1.8144803587500424,0.1439549528984196,-0.6595797770501839,0.6595797770501839,0.21346004798333248,0.002001936606793396,0.0029316211112049313,True
COCCN1C(=O)c2ccccc2C(C(=O)N[*:1])C12CCCCC2,OCNT-0461261-AA-001,OCNT-0461263-AA-001,CC(C)c1nnc([*:1])s1,CCc1nnc([*:1])s1,-2.4740601358002263,0.1576139702598104,-1.8144803587500424,0.1439549528984196,-0.6595797770501839,0.6595797770501839,0.21346004798333248,0.002001936606793396,0.0029316211112049313,True
COCCN1C(=O)c2ccccc2C(C(=O)Nc2nnc([*:1])s2)C12CCCCC2,OCNT-0461261-AA-001,OCNT-0461263-AA-001,CC(C)[*:1],CC[*:1],-2.4740601358002263,0.1576139702598104,-1.8144803587500424,0.1439549528984196,-0.6595797770501839,0.6595797770501839,0.21346004798333248,0.002001936606793396,0.0029316211112049313,True
O=C(Nc1cc(Cl)cc(Cl)c1)C1[C@H]2C=C[C@]3(O2)C(C(=O)NC2CCCCC2)N(CCC[*:1])C(=O)[C@@H]13,OCNT-0453746-AA-001,OCNT-0453782-AA-001,CCN(Cc1ccccc1)[*:1],c1ccc(CC2CCN([*:1])CC2)cc1,-2.324877951913919,0.3335220321757037,-2.9830023704116657,0.1246601653236298,0.6581244184977466,0.6581244184977466,0.35605772392285756,0.06454964623388577,0.0819258217501652,False
CCOC(=O)c1[nH]c(C)c(C(=O)C[*:1])c1C,OCNT-0475245-AA-001,OCNT-0475213-AA-001,CCC(=O)N(Cc1cccnc1)[*:1],CC(C)C(=O)N(Cc1ccccn1)[*:1],-0.7362434658020025,0.0616144726207958,-0.0791199522710943,0.0331033988119051,-0.6571235135309083,0.6571235135309083,0.06994410803805304,5.7228559423321095e-21,1.4246010672316043e-20,True
O=C(Cn1cc(SC[*:1])c2ccccc21)N1CCCCC1,OCNT-0456188-AA-001,OCNT-0456192-AA-001,O=C(Nc1ccc2c(c1)OCCO2)[*:1],O=C(NCc1ccc2c(c1)OCO2)[*:1],-3.634219839978549,0.0337029252802603,-2.981238529379545,0.0449795854511935,-0.6529813105990039,0.6529813105990039,0.056205429273407624,3.3479086616545665e-31,1.0356931093639348e-30,True
O=C(CSc1cn(CC(=O)N2CCCCC2)c2ccccc12)N[*:1],OCNT-0456188-AA-001,OCNT-0456192-AA-001,c1cc2c(cc1[*:1])OCCO2,c1cc2c(cc1C[*:1])OCO2,-3.634219839978549,0.0337029252802603,-2.981238529379545,0.0449795854511935,-0.6529813105990039,0.6529813105990039,0.056205429273407624,3.3479086616545665e-31,1.0356931093639348e-30,True
O=C(CN1C(=O)CSc2ccc(C(=O)N3CCCC3)cc21)N[*:1],OCNT-0457842-AA-001,OCNT-0457930-AA-001,COc1ccc([*:1])cc1,c1cc2c(cc1C[*:1])OCO2,-0.6970071155880888,0.0610641591507044,-0.0448879507799361,0.033181543757535,-0.6521191648081527,0.6521191648081527,0.0694970961905299,6.387791732758648e-21,1.580477893838262e-20,True
O=C(c1ccc2c(c1)N(C[*:1])C(=O)CS2)N1CCCC1,OCNT-0457842-AA-001,OCNT-0457930-AA-001,COc1ccc(NC(=O)[*:1])cc1,O=C(NCc1ccc2c(c1)OCO2)[*:1],-0.6970071155880888,0.0610641591507044,-0.0448879507799361,0.033181543757535,-0.6521191648081527,0.6521191648081527,0.0694970961905299,6.387791732758648e-21,1.580477893838262e-20,True
Cc1nc2c3cccnc3nn2c(C)c1CCC(=O)N[*:1],OCNT-0479405-AA-001,OCNT-0479395-AA-001,COc1ccc(OC)c([*:1])c1,CC(=O)c1cccc([*:1])c1,-0.912631644188896,0.0353219536512953,-0.2727367008478492,0.0678812211081742,-0.6398949433410468,0.6398949433410468,0.07652124272959168,6.149796260753806e-17,1.358172513543733e-16,True
Cc1nc2c3cccnc3nn2c(C)c1CC[*:1],OCNT-0479405-AA-001,OCNT-0479395-AA-001,COc1ccc(OC)c(NC(=O)[*:1])c1,CC(=O)c1cccc(NC(=O)[*:1])c1,-0.912631644188896,0.0353219536512953,-0.2727367008478492,0.0678812211081742,-0.6398949433410468,0.6398949433410468,0.07652124272959168,6.149796260753806e-17,1.358172513543733e-16,True
O=S(=O)(c1ccc2c(c1)CCCC2)N1CCC2(CC1)NCCN=C2NC[*:1],OCNT-0462819-AQ-001,OCNT-0462815-AQ-001,Cc1cccc([*:1])c1,Cc1ccccc1[*:1],-2.1477189085101727,0.0959006459431612,-2.7850230189478795,0.1263462086693507,0.6373041104377068,0.6373041104377068,0.15861998088965548,5.874284211487162e-05,9.309827374034382e-05,True
O=S(=O)(c1ccc2c(c1)CCCC2)N1CCC2(CC1)NCCN=C2N[*:1],OCNT-0462819-AQ-001,OCNT-0462815-AQ-001,Cc1cccc(C[*:1])c1,Cc1ccccc1C[*:1],-2.1477189085101727,0.0959006459431612,-2.7850230189478795,0.1263462086693507,0.6373041104377068,0.6373041104377068,0.15861998088965548,5.874284211487162e-05,9.309827374034382e-05,True
CCCCN(CCCNC(=O)C[*:1])Cc1ccccc1,OCNT-0455112-AA-001,OCNT-0461714-AA-001,O=c1c2sccc2cnn1[*:1],O=C1COc2ccccc2N1[*:1],-2.221471776070187,0.0237467002622772,-2.8574946508151533,0.3176947807233358,0.6360228747449663,0.6360228747449663,0.31858104066657017,0.0458877772215524,0.05939088627034109,False
CCCCN(CCCNC(=O)[*:1])Cc1ccccc1,OCNT-0455112-AA-001,OCNT-0461714-AA-001,O=c1c2sccc2cnn1C[*:1],O=C1COc2ccccc2N1C[*:1],-2.221471776070187,0.0237467002622772,-2.8574946508151533,0.3176947807233358,0.6360228747449663,0.6360228747449663,0.31858104066657017,0.0458877772215524,0.05939088627034109,False
COc1ccc(-c2[nH]c([*:1])nc2SCC(=O)Nc2ccc3c(c2)OCCO3)cc1,OCNT-0479376-AA-001,OCNT-0479364-AA-001,Clc1ccc([*:1])cc1,c1ccc([*:1])cc1,0.158886518010742,0.0955222708421307,-0.4723551372326037,0.038102136745941,0.6312416552433457,0.6312416552433457,0.10284102805516755,8.354934955243375e-10,1.5291343182857545e-09,True
Cc1ccc(S(=O)(=O)c2cnc3ccccc3c2[*:1])cc1C,OCNT-0479501-AA-001,OCNT-0479523-AA-001,C1CCN([*:1])CC1,CN1CCN([*:1])CC1,-2.746176015144272,0.0924479353671833,-3.3746549821690697,0.2718692885548833,0.6284789670247979,0.6284789670247979,0.2871576758733663,0.02862448753919962,0.03802612432596171,True
CC(=O)Nc1ccc(-c2noc(C3CCN(C(=O)C[*:1])CC3)n2)cc1,OCNT-0463418-AA-001,OCNT-0463200-AA-001,Fc1cccc(Cl)c1[*:1],CC(=O)Nc1ccc([*:1])cc1,-0.7677164705801969,0.060361300062796,-0.1430392761992509,0.029737299525165,-0.6246771943809459,0.6246771943809459,0.06728888116412901,1.6398101989982684e-20,4.036836576407206e-20,True
CC(=O)Nc1ccc(-c2noc(C3CCN(C(=O)[*:1])CC3)n2)cc1,OCNT-0463418-AA-001,OCNT-0463200-AA-001,Fc1cccc(Cl)c1C[*:1],CC(=O)Nc1ccc(C[*:1])cc1,-0.7677164705801969,0.060361300062796,-0.1430392761992509,0.029737299525165,-0.6246771943809459,0.6246771943809459,0.06728888116412901,1.6398101989982684e-20,4.036836576407206e-20,True
c1ccc2c([*:1])c3c(nc2c1)CCC3,OCNT-0494151-AA-001,OCNT-0497478-AA-001,O=C(NCc1ccco1)[*:1],CCCCNC(=O)COC(=O)[*:1],-0.260096805180218,0.0288462478300976,-0.8808176539218424,0.0407730931048735,0.6207208487416245,0.6207208487416245,0.04994548162961384,1.8425860466555107e-35,6.134432729477599e-35,True
c1ccc2c(c1)oc1c([*:1])ncnc12,OCNT-0482391-AQ-001,OCNT-0494077-AA-001,C1CCCN([*:1])CC1,c1ccc2[nH]c(CS[*:1])nc2c1,-1.280793732807274,0.1100580928205272,-0.6607664563285183,0.0272356561520579,-0.6200272764787558,0.6200272764787558,0.11337797299883655,4.534124832756134e-08,8.010832827259393e-08,True
CCCCN(CCCC)CCNC(=O)C[*:1],OCNT-0461716-AA-001,OCNT-0461682-AA-001,O=C1COc2ccccc2N1[*:1],O=c1ccc(-c2ccccc2)nn1[*:1],-1.932684540243618,0.0889691051865036,-1.3154427273662854,0.0296393517582732,-0.6172418128773325,0.6172418128773325,0.09377629151516813,4.6395310816093507e-11,8.911250044503988e-11,True
CC(=O)Nc1ccc(-c2noc(C3CCN(C(=O)[*:1])CC3)n2)cc1,OCNT-0463426-AA-001,OCNT-0463320-AA-001,CC(=O)Nc1cccc([*:1])c1,COc1ccc(C[*:1])cc1,0.0563680237894956,0.0304623928930376,-0.5596271928663263,0.0496046515223043,0.6159952166558219,0.6159952166558219,0.05821150086897806,3.610914598030975e-26,9.995371064911533e-26,True
Cn1c(CCNC(=O)[*:1])nc2ccccc21,OCNT-0475132-AA-001,OCNT-0475104-AA-001,CC(C)N1C(=O)C2(CCCCC2)C1[*:1],CC(C)N1C(=O)C2(CCCC2)C1[*:1],-1.9277493733085056,0.0661858351406165,-1.3135918220048366,0.0465230578021777,-0.614157551303669,0.614157551303669,0.0809009250906665,3.162781337471205e-14,6.542118286383803e-14,True
CCN(CCCNC(=O)C[*:1])c1cccc(C)c1,OCNT-0461652-AA-001,OCNT-0479288-AA-001,CCC1Oc2ccccc2N([*:1])C1=O,Cn1c(=O)cc(S[*:1])c2ccccc21,-4.15031079518917,0.0245379054779798,-3.5364755886455996,0.432386915412754,-0.6138352065435702,0.6138352065435702,0.43308261732076286,0.15637687256485694,0.18739187422439027,False
Cn1c(C2CCN(C(=O)C[*:1])C2)nc2ccncc21,OCNT-0475004-AA-001,OCNT-0475008-AA-001,c1ccc2c(C[*:1])c[nH]c2c1,Clc1ccc(O[*:1])cc1,-0.9636939661984526,0.0334650411557074,-0.3574692293853236,0.0314827594292684,-0.606224736813129,0.606224736813129,0.04594641575612159,9.47954578778479e-40,3.342427743906251e-39,True
Cn1c(C2CCN(C(=O)[*:1])C2)nc2ccncc21,OCNT-0475004-AA-001,OCNT-0475008-AA-001,c1ccc2c(CC[*:1])c[nH]c2c1,Clc1ccc(OC[*:1])cc1,-0.9636939661984526,0.0334650411557074,-0.3574692293853236,0.0314827594292684,-0.606224736813129,0.606224736813129,0.04594641575612159,9.47954578778479e-40,3.342427743906251e-39,True
c1ccc2c(c1)oc1c([*:1])ncnc12,OCNT-0498111-AA-001,OCNT-0494077-AA-001,Oc1cccc(N[*:1])c1,c1ccc2[nH]c(CS[*:1])nc2c1,-0.0574742587589393,0.0314223127900053,-0.6607664563285183,0.0272356561520579,0.603292197569579,0.603292197569579,0.04158296174042994,1.0756986813368184e-47,4.204847720816605e-47,True
O=C(NC[*:1])c1ccc(CN2C(=O)C3CCCN3C(=O)c3ccccc32)cc1,OCNT-0462546-AA-001,OCNT-0462570-AA-001,COc1ccc([*:1])cc1,Cc1ccc([*:1])cc1,-0.1175256441848964,0.0329425594658971,-0.7206783276056341,0.0551913546321531,0.6031526834207377,0.6031526834207377,0.06427517289199815,6.356823796983634e-21,1.5760028197790228e-20,True
O=C1C2CCCN2C(=O)c2ccccc2N1Cc1ccc([*:1])cc1,OCNT-0462546-AA-001,OCNT-0462570-AA-001,COc1ccc(CNC(=O)[*:1])cc1,Cc1ccc(CNC(=O)[*:1])cc1,-0.1175256441848964,0.0329425594658971,-0.7206783276056341,0.0551913546321531,0.6031526834207377,0.6031526834207377,0.06427517289199815,6.356823796983634e-21,1.5760028197790228e-20,True
O=C(N[*:1])c1ccc(CN2C(=O)C3CCCN3C(=O)c3ccccc32)cc1,OCNT-0462546-AA-001,OCNT-0462570-AA-001,COc1ccc(C[*:1])cc1,Cc1ccc(C[*:1])cc1,-0.1175256441848964,0.0329425594658971,-0.7206783276056341,0.0551913546321531,0.6031526834207377,0.6031526834207377,0.06427517289199815,6.356823796983634e-21,1.5760028197790228e-20,True
O=C(NCc1ccc([*:1])cc1)c1ccc(CN2C(=O)C3CCCN3C(=O)c3ccccc32)cc1,OCNT-0462546-AA-001,OCNT-0462570-AA-001,CO[*:1],C[*:1],-0.1175256441848964,0.0329425594658971,-0.7206783276056341,0.0551913546321531,0.6031526834207377,0.6031526834207377,0.06427517289199815,6.356823796983634e-21,1.5760028197790228e-20,True
COCCN1C(=O)c2ccccc2C(C(=O)N[*:1])C12CCCCC2,OCNT-0461261-AA-001,OCNT-0461556-AA-001,CC(C)c1nnc([*:1])s1,C1CCCC([*:1])CC1,-2.4740601358002263,0.1576139702598104,-3.076706267540658,0.1433755038228438,0.6026461317404315,0.6026461317404315,0.21306970389408883,0.004678146395712381,0.006643891021653045,True
COCCN1C(=O)c2ccccc2C([*:1])C12CCCCC2,OCNT-0461261-AA-001,OCNT-0461556-AA-001,CC(C)c1nnc(NC(=O)[*:1])s1,O=C(NC1CCCCCC1)[*:1],-2.4740601358002263,0.1576139702598104,-3.076706267540658,0.1433755038228438,0.6026461317404315,0.6026461317404315,0.21306970389408883,0.004678146395712381,0.006643891021653045,True
CC(C)CCN1CCC(N2CCN(S(=O)(=O)[*:1])CC2)C1=O,OCNT-0475266-AA-001,OCNT-0475270-AA-001,FC(F)(F)c1cccc([*:1])c1,CCc1ccccc1[*:1],-2.938661928808208,0.4136834722369357,-3.539281557954759,0.1051526142755123,0.6006196291465513,0.6006196291465513,0.42683847939353153,0.15938717701473015,0.1906258172800805,False
O=C(NCCC[*:1])c1cc(N2CCN(c3cccc(C(F)(F)F)c3)CC2)nc2ccccc12,OCNT-0475103-AA-001,OCNT-0475057-AA-001,CCCO[*:1],CCN(CC)[*:1],-0.0639067100019247,0.065712885379017,-0.6587407133871337,0.0327869861741011,0.594834003385209,0.594834003385209,0.07343820373086832,5.505429146851193e-16,1.1974920108750995e-15,True
O=C(NCC[*:1])c1cc(N2CCN(c3cccc(C(F)(F)F)c3)CC2)nc2ccccc12,OCNT-0475103-AA-001,OCNT-0475057-AA-001,CCCOC[*:1],CCN(CC)C[*:1],-0.0639067100019247,0.065712885379017,-0.6587407133871337,0.0327869861741011,0.594834003385209,0.594834003385209,0.07343820373086832,5.505429146851193e-16,1.1974920108750995e-15,True
O=C(NC[*:1])c1cc(N2CCN(c3cccc(C(F)(F)F)c3)CC2)nc2ccccc12,OCNT-0475103-AA-001,OCNT-0475057-AA-001,CCCOCC[*:1],CCN(CC)CC[*:1],-0.0639067100019247,0.065712885379017,-0.6587407133871337,0.0327869861741011,0.594834003385209,0.594834003385209,0.07343820373086832,5.505429146851193e-16,1.1974920108750995e-15,True
O=C(N[*:1])c1cc(N2CCN(c3cccc(C(F)(F)F)c3)CC2)nc2ccccc12,OCNT-0475103-AA-001,OCNT-0475057-AA-001,CCCOCCC[*:1],CCN(CC)CCC[*:1],-0.0639067100019247,0.065712885379017,-0.6587407133871337,0.0327869861741011,0.594834003385209,0.594834003385209,0.07343820373086832,5.505429146851193e-16,1.1974920108750995e-15,True
FC(F)(F)c1cccc(N2CCN(c3cc([*:1])c4ccccc4n3)CC2)c1,OCNT-0475103-AA-001,OCNT-0475057-AA-001,CCCOCCCNC(=O)[*:1],CCN(CC)CCCNC(=O)[*:1],-0.0639067100019247,0.065712885379017,-0.6587407133871337,0.0327869861741011,0.594834003385209,0.594834003385209,0.07343820373086832,5.505429146851193e-16,1.1974920108750995e-15,True
CCCOc1ccc2oc(=O)c3c(c2c1)CCCN3C(=O)C[*:1],OCNT-0454734-AA-001,OCNT-0454674-AA-001,CCCCN(CC)[*:1],CCOC(=O)C1CCCN([*:1])C1,-3.7641705595059394,0.2612859232720635,-3.171854561042711,0.2479991266017764,-0.5923159984632282,0.5923159984632282,0.3602414474978949,0.10013087856107976,0.12412373852024426,False
CCCOc1ccc2oc(=O)c3c(c2c1)CCCN3C(=O)[*:1],OCNT-0454734-AA-001,OCNT-0454674-AA-001,CCCCN(CC)C[*:1],CCOC(=O)C1CCCN(C[*:1])C1,-3.7641705595059394,0.2612859232720635,-3.171854561042711,0.2479991266017764,-0.5923159984632282,0.5923159984632282,0.3602414474978949,0.10013087856107976,0.12412373852024426,False
CCCCN(CCCNC(=O)C[*:1])Cc1ccccc1,OCNT-0455112-AA-001,OCNT-0461834-AA-001,O=c1c2sccc2cnn1[*:1],O=C1Nc2ccccc2NC1[*:1],-2.221471776070187,0.0237467002622772,-1.6338038328456386,0.1647867463900904,-0.5876679432245484,0.5876679432245484,0.1664889712839214,0.00041591949464570645,0.0006388920297539508,True
CCCCN(CCCNC(=O)[*:1])Cc1ccccc1,OCNT-0455112-AA-001,OCNT-0461834-AA-001,O=c1c2sccc2cnn1C[*:1],O=C1Nc2ccccc2NC1C[*:1],-2.221471776070187,0.0237467002622772,-1.6338038328456386,0.1647867463900904,-0.5876679432245484,0.5876679432245484,0.1664889712839214,0.00041591949464570645,0.0006388920297539508,True
CC(=O)Nc1ccc(S(=O)(=O)N2CCC([*:1])CC2)cc1,OCNT-0457679-AA-001,OCNT-0457529-AA-001,CCN(CC)CCNC(=O)C[*:1],CCc1ccc(CNC(=O)C[*:1])cc1,-0.0220766621832894,0.0187888867725224,-0.6076679352083227,0.3255594170930711,0.5855912730250333,0.5855912730250333,0.32610114431588694,0.07253665576799077,0.09139917438943018,False
CC(=O)Nc1ccc(S(=O)(=O)N2CCC(CC(=O)NC[*:1])CC2)cc1,OCNT-0457679-AA-001,OCNT-0457529-AA-001,CCN(CC)C[*:1],CCc1ccc([*:1])cc1,-0.0220766621832894,0.0187888867725224,-0.6076679352083227,0.3255594170930711,0.5855912730250333,0.5855912730250333,0.32610114431588694,0.07253665576799077,0.09139917438943018,False
CC(=O)Nc1ccc(S(=O)(=O)N2CCC(C[*:1])CC2)cc1,OCNT-0457679-AA-001,OCNT-0457529-AA-001,CCN(CC)CCNC(=O)[*:1],CCc1ccc(CNC(=O)[*:1])cc1,-0.0220766621832894,0.0187888867725224,-0.6076679352083227,0.3255594170930711,0.5855912730250333,0.5855912730250333,0.32610114431588694,0.07253665576799077,0.09139917438943018,False
CC(=O)Nc1ccc(S(=O)(=O)N2CCC(CC(=O)N[*:1])CC2)cc1,OCNT-0457679-AA-001,OCNT-0457529-AA-001,CCN(CC)CC[*:1],CCc1ccc(C[*:1])cc1,-0.0220766621832894,0.0187888867725224,-0.6076679352083227,0.3255594170930711,0.5855912730250333,0.5855912730250333,0.32610114431588694,0.07253665576799077,0.09139917438943018,False
COc1ccc(-c2[nH]c([*:1])nc2SCC(=O)Nc2ccc3c(c2)OCCO3)cc1,OCNT-0479376-AA-001,OCNT-0479370-AA-001,Clc1ccc([*:1])cc1,COc1ccc([*:1])cc1OC,0.158886518010742,0.0955222708421307,-0.4247858114843588,0.0323272522704806,0.5836723294951007,0.5836723294951007,0.10084421384589533,7.128820644215786e-09,1.2798403607040374e-08,True
O=C(CSc1ccc(N2CCC(C(=O)NC3CC3)CC2)nn1)N[*:1],OCNT-0454526-AA-001,OCNT-0454524-AA-001,Cc1cccc(C)c1[*:1],Fc1ccc([*:1])cc1,-1.1457727046610473,0.0474756162406943,-0.5633261164958063,0.0414061870893951,-0.582446588165241,0.582446588165241,0.06299528924225736,2.3332312032092946e-20,5.720858471195536e-20,True
O=C(NC1CC1)C1CCN(c2ccc(SC[*:1])nn2)CC1,OCNT-0454526-AA-001,OCNT-0454524-AA-001,Cc1cccc(C)c1NC(=O)[*:1],O=C(Nc1ccc(F)cc1)[*:1],-1.1457727046610473,0.0474756162406943,-0.5633261164958063,0.0414061870893951,-0.582446588165241,0.582446588165241,0.06299528924225736,2.3332312032092946e-20,5.720858471195536e-20,True
O=C(NC1CC1)C1CCN(c2ccc(S[*:1])nn2)CC1,OCNT-0454526-AA-001,OCNT-0454524-AA-001,Cc1cccc(C)c1NC(=O)C[*:1],O=C(C[*:1])Nc1ccc(F)cc1,-1.1457727046610473,0.0474756162406943,-0.5633261164958063,0.0414061870893951,-0.582446588165241,0.582446588165241,0.06299528924225736,2.3332312032092946e-20,5.720858471195536e-20,True
O=C(NC1CC1)C1CCN(c2ccc([*:1])nn2)CC1,OCNT-0454526-AA-001,OCNT-0454524-AA-001,Cc1cccc(C)c1NC(=O)CS[*:1],O=C(CS[*:1])Nc1ccc(F)cc1,-1.1457727046610473,0.0474756162406943,-0.5633261164958063,0.0414061870893951,-0.582446588165241,0.582446588165241,0.06299528924225736,2.3332312032092946e-20,5.720858471195536e-20,True
Clc1ccc2nc3c(c(SC[*:1])c2c1)CCCC3,OCNT-0479255-AA-001,OCNT-0479257-AA-001,CCCCN(C)C(=O)[*:1],CC1CC(C)CN(C(=O)[*:1])C1,-4.076894951222167,0.208261270730262,-3.495224156766966,0.4429685064007059,-0.5816707944552011,0.5816707944552011,0.48948325257260406,0.23470087968134945,0.27244452209689857,False
Clc1ccc2nc3c(c(S[*:1])c2c1)CCCC3,OCNT-0479255-AA-001,OCNT-0479257-AA-001,CCCCN(C)C(=O)C[*:1],CC1CC(C)CN(C(=O)C[*:1])C1,-4.076894951222167,0.208261270730262,-3.495224156766966,0.4429685064007059,-0.5816707944552011,0.5816707944552011,0.48948325257260406,0.23470087968134945,0.27244452209689857,False
Clc1ccc2nc3c(c([*:1])c2c1)CCCC3,OCNT-0479255-AA-001,OCNT-0479257-AA-001,CCCCN(C)C(=O)CS[*:1],CC1CC(C)CN(C(=O)CS[*:1])C1,-4.076894951222167,0.208261270730262,-3.495224156766966,0.4429685064007059,-0.5816707944552011,0.5816707944552011,0.48948325257260406,0.23470087968134945,0.27244452209689857,False
Cc1nc2c3cccnc3nn2c(C)c1CCC(=O)N[*:1],OCNT-0479397-AA-001,OCNT-0479377-AA-001,Fc1ccc([*:1])cc1F,COc1cc(OC)cc([*:1])c1,0.0754986025858363,0.0259927505554285,-0.4966040960906642,0.0343030534152719,0.5721026986765005,0.5721026986765005,0.04303861702062144,2.549410798373482e-40,9.015040785577906e-40,True
Cc1nc2c3cccnc3nn2c(C)c1CC[*:1],OCNT-0479397-AA-001,OCNT-0479377-AA-001,O=C(Nc1ccc(F)c(F)c1)[*:1],COc1cc(NC(=O)[*:1])cc(OC)c1,0.0754986025858363,0.0259927505554285,-0.4966040960906642,0.0343030534152719,0.5721026986765005,0.5721026986765005,0.04303861702062144,2.549410798373482e-40,9.015040785577906e-40,True
CC(NC(=O)C(=O)NCCc1c[nH]c2ccccc12)C(c1cccs1)[*:1],OCNT-0454868-AA-001,OCNT-0454860-AA-001,CCN1CCN([*:1])CC1,C1CN([*:1])CCO1,-2.852268987285332,0.176916353525195,-2.2835015612557177,0.0768992658062842,-0.5687674260296145,0.5687674260296145,0.1929064364561155,0.003194122743485504,0.004630342626367907,True
O=C(c1cccs1)N1CCCc2cc([*:1])ccc21,OCNT-0482300-AA-001,OCNT-0482298-AA-001,COc1cccc(C(=O)N[*:1])c1,COc1ccccc1C(=O)N[*:1],-0.3541897444835638,0.0339465295248359,-0.9229181161378048,0.0312792983914407,0.5687283716542411,0.5687283716542411,0.04616017086884905,7.003145474042973e-35,2.3189035148827004e-34,True
O=C(c1cccs1)N1CCCc2cc(NC(=O)[*:1])ccc21,OCNT-0482300-AA-001,OCNT-0482298-AA-001,COc1cccc([*:1])c1,COc1ccccc1[*:1],-0.3541897444835638,0.0339465295248359,-0.9229181161378048,0.0312792983914407,0.5687283716542411,0.5687283716542411,0.04616017086884905,7.003145474042973e-35,2.3189035148827004e-34,True
CCN(CCCNC(=O)CNC(=O)[*:1])c1cccc(C)c1,OCNT-0454231-AA-001,OCNT-0461681-AA-001,O=c1c2ccccc2ccn1C[*:1],O=c1c2ccccc2ncn1C[*:1],-3.4531057123901374,0.2206802406876158,-4.021768330392521,0.0265888607303974,0.5686626180023837,0.5686626180023837,0.2222762608667073,0.010516726126289807,0.014417046964163115,True
CCN(CCCNC(=O)CNC(=O)C[*:1])c1cccc(C)c1,OCNT-0454231-AA-001,OCNT-0461681-AA-001,O=c1c2ccccc2ccn1[*:1],O=c1c2ccccc2ncn1[*:1],-3.4531057123901374,0.2206802406876158,-4.021768330392521,0.0265888607303974,0.5686626180023837,0.5686626180023837,0.2222762608667073,0.010516726126289807,0.014417046964163115,True
Cc1ccc2c(c1)c(=O)c(C(=O)c1ccncc1)cn2CC(=O)N[*:1],OCNT-0454509-AA-001,OCNT-0454517-AA-001,CCN(CC)c1ccc([*:1])c(C)c1,COC(=O)c1ccc([*:1])cc1,0.0898977005921659,0.0438419807832689,-0.4712407214111564,0.052206665040901,0.5611384220033223,0.5611384220033223,0.06817371306957949,1.8564356131660046e-16,4.0851600228572064e-16,True
CC(C)N1C(=O)C2(CCCC2)C1C(=O)NC[*:1],OCNT-0475102-AA-001,OCNT-0475104-AA-001,Cn1c([*:1])nc2ccccc21,Cn1c(C[*:1])nc2ccccc21,-0.7534599639940108,0.0511913986795388,-1.3135918220048366,0.0465230578021777,0.5601318580108258,0.5601318580108258,0.06917336341419474,5.609645373081776e-16,1.2179948738181994e-15,True
CC(C)N1C(=O)C2(CCCC2)C1C(=O)N[*:1],OCNT-0475102-AA-001,OCNT-0475104-AA-001,Cn1c(C[*:1])nc2ccccc21,Cn1c(CC[*:1])nc2ccccc21,-0.7534599639940108,0.0511913986795388,-1.3135918220048366,0.0465230578021777,0.5601318580108258,0.5601318580108258,0.06917336341419474,5.609645373081776e-16,1.2179948738181994e-15,True
O=C(Cn1ncc2c(=O)oc3ccccc3c21)NCCC[*:1],OCNT-0454617-AA-001,OCNT-0454587-AA-001,Fc1ccccc1N1CCN([*:1])CC1,CCN(Cc1ccccc1)[*:1],-3.0702713986621983,0.6995592918792143,-3.6303893156327858,0.0963357105937865,0.5601179169705874,0.5601179169705874,0.7061612931831917,0.42766891401898366,0.47482115816898957,False
CCN(CCCNC(=O)CNC(=O)C[*:1])c1cccc(C)c1,OCNT-0461675-AA-001,OCNT-0461681-AA-001,Cc1cc2c(=O)n([*:1])cnc2s1,O=c1c2ccccc2ncn1[*:1],-3.462296792742233,0.535102604739297,-4.021768330392521,0.0265888607303974,0.5594715376502881,0.5594715376502881,0.5357627881009662,0.29636866346176294,0.33683888503991355,False
CCN(CCCNC(=O)CNC(=O)[*:1])c1cccc(C)c1,OCNT-0461675-AA-001,OCNT-0461681-AA-001,Cc1cc2c(=O)n(C[*:1])cnc2s1,O=c1c2ccccc2ncn1C[*:1],-3.462296792742233,0.535102604739297,-4.021768330392521,0.0265888607303974,0.5594715376502881,0.5594715376502881,0.5357627881009662,0.29636866346176294,0.33683888503991355,False
CCOc1ccc(-c2cc(CCCC(=O)N[*:1])no2)cc1,OCNT-0479472-AA-001,OCNT-0479466-AA-001,CCc1ccc([*:1])cc1,c1cncc(C[*:1])c1,0.3865758036102921,0.0440010569004856,-0.1716877688693951,0.0349180491293988,0.5582635724796872,0.5582635724796872,0.05617261933863223,2.834623251961535e-23,7.316796516402823e-23,True
CCOc1ccc(-c2cc(CCC[*:1])no2)cc1,OCNT-0479472-AA-001,OCNT-0479466-AA-001,CCc1ccc(NC(=O)[*:1])cc1,O=C(NCc1cccnc1)[*:1],0.3865758036102921,0.0440010569004856,-0.1716877688693951,0.0349180491293988,0.5582635724796872,0.5582635724796872,0.05617261933863223,2.834623251961535e-23,7.316796516402823e-23,True
CCOc1ccc(-c2cc(CC[*:1])no2)cc1,OCNT-0479472-AA-001,OCNT-0479466-AA-001,CCc1ccc(NC(=O)C[*:1])cc1,O=C(C[*:1])NCc1cccnc1,0.3865758036102921,0.0440010569004856,-0.1716877688693951,0.0349180491293988,0.5582635724796872,0.5582635724796872,0.05617261933863223,2.834623251961535e-23,7.316796516402823e-23,True
CCOc1ccc(-c2cc(C[*:1])no2)cc1,OCNT-0479472-AA-001,OCNT-0479466-AA-001,CCc1ccc(NC(=O)CC[*:1])cc1,O=C(CC[*:1])NCc1cccnc1,0.3865758036102921,0.0440010569004856,-0.1716877688693951,0.0349180491293988,0.5582635724796872,0.5582635724796872,0.05617261933863223,2.834623251961535e-23,7.316796516402823e-23,True
O=C(c1cc2ccccc2[nH]1)N1CCC([*:1])CC1,OCNT-0461839-AA-001,OCNT-0461815-AA-001,CCOCCCNC(=O)C(C)[*:1],CC(C)OCCCNC(=O)C[*:1],-1.4471911098822332,0.0444881630261103,-0.8895454480567779,0.0415387551062323,-0.5576456618254553,0.5576456618254553,0.06086595785176889,5.1008235123150805e-20,1.239495048126614e-19,True
CCCOc1ccc2oc(=O)c3c(c2c1)CCCN3C(=O)[*:1],OCNT-0454674-AA-001,OCNT-0454678-AA-001,CCOC(=O)C1CCCN(C[*:1])C1,CCOC(=O)C1CCN(C[*:1])CC1,-3.171854561042711,0.2479991266017764,-3.728737654343836,0.0214414117109201,0.5568830933011251,0.5568830933011251,0.24892428754824447,0.025275980653894158,0.033779532856405795,True
CCCOc1ccc2oc(=O)c3c(c2c1)CCCN3C(=O)C[*:1],OCNT-0454674-AA-001,OCNT-0454678-AA-001,CCOC(=O)C1CCCN([*:1])C1,CCOC(=O)C1CCN([*:1])CC1,-3.171854561042711,0.2479991266017764,-3.728737654343836,0.0214414117109201,0.5568830933011251,0.5568830933011251,0.24892428754824447,0.025275980653894158,0.033779532856405795,True
O=C(NC[*:1])c1ccc2nc(Cc3ccccc3)oc2c1,OCNT-0482390-AA-001,OCNT-0482400-AA-001,CCOc1cc([*:1])ccc1OC,CCc1ccc([*:1])cc1,-1.1128309406139456,0.033938000291661,-0.5560704216315617,0.2318450211387719,-0.5567605189823839,0.5567605189823839,0.23431581613419605,0.01749617219670062,0.023771867498793123,True
O=C(N[*:1])c1ccc2nc(Cc3ccccc3)oc2c1,OCNT-0482390-AA-001,OCNT-0482400-AA-001,CCOc1cc(C[*:1])ccc1OC,CCc1ccc(C[*:1])cc1,-1.1128309406139456,0.033938000291661,-0.5560704216315617,0.2318450211387719,-0.5567605189823839,0.5567605189823839,0.23431581613419605,0.01749617219670062,0.023771867498793123,True
CCC(C(=O)N1CCc2c(c(-c3nc(Cc4ccccc4)no3)nn2C)C1)[*:1],OCNT-0463087-AA-001,OCNT-0463085-AA-001,CC[*:1],c1ccc([*:1])cc1,-0.2352000558881327,0.0261862811846296,-0.7919587491336615,0.0316797538355941,0.5567586932455288,0.5567586932455288,0.041101437023105716,8.370475141774869e-42,3.070847477049941e-41,True
Cn1nc(-c2nc(Cc3ccccc3)no2)c2c1CCN(C(=O)[*:1])C2,OCNT-0463087-AA-001,OCNT-0463085-AA-001,CCC(CC)[*:1],CCC(c1ccccc1)[*:1],-0.2352000558881327,0.0261862811846296,-0.7919587491336615,0.0316797538355941,0.5567586932455288,0.5567586932455288,0.041101437023105716,8.370475141774869e-42,3.070847477049941e-41,True
O=C(Nc1nc(-c2ccccn2)cs1)c1ccc([*:1])cc1,OCNT-0498143-AA-001,OCNT-0494165-AA-001,CC[*:1],F[*:1],-0.6010145979995337,0.0520575260313971,-0.0449893048493248,0.0339530154945917,-0.5560252931502089,0.5560252931502089,0.06215137390022501,3.6757264432480986e-19,8.800883176739822e-19,True
O=C(Nc1nc(-c2ccccn2)cs1)[*:1],OCNT-0498143-AA-001,OCNT-0494165-AA-001,CCc1ccc([*:1])cc1,Fc1ccc([*:1])cc1,-0.6010145979995337,0.0520575260313971,-0.0449893048493248,0.0339530154945917,-0.5560252931502089,0.5560252931502089,0.06215137390022501,3.6757264432480986e-19,8.800883176739822e-19,True
CC(=O)Nc1ccc(-c2noc(C3CCN(C(=O)[*:1])CC3)n2)cc1,OCNT-0463268-AA-001,OCNT-0463320-AA-001,COc1cc(OC)cc([*:1])c1,COc1ccc(C[*:1])cc1,-0.0060200515402403,0.0316180414672034,-0.5596271928663263,0.0496046515223043,0.553607141326086,0.553607141326086,0.05882450168825096,4.906639008362459e-21,1.225157719741116e-20,True
O=C(NC(Cc1c[nH]c2ccccc12)C(=O)NC[*:1])c1ccc(C23CC4CC(CC(C4)C2)C3)cc1,OCNT-0454518-AA-001,OCNT-0454217-AA-001,CCN(CC)C[*:1],c1cncc([*:1])c1,-0.9127873389881632,0.1100882834496295,-0.3597697430605743,0.0612753230261217,-0.5530175959275889,0.5530175959275889,0.12599244169727614,1.1372037395632515e-05,1.842872550139918e-05,True
O=C(NC(Cc1c[nH]c2ccccc12)C(=O)N[*:1])c1ccc(C23CC4CC(CC(C4)C2)C3)cc1,OCNT-0454518-AA-001,OCNT-0454217-AA-001,CCN(CC)CC[*:1],c1cncc(C[*:1])c1,-0.9127873389881632,0.1100882834496295,-0.3597697430605743,0.0612753230261217,-0.5530175959275889,0.5530175959275889,0.12599244169727614,1.1372037395632515e-05,1.842872550139918e-05,True
O=C(NC(Cc1c[nH]c2ccccc12)[*:1])c1ccc(C23CC4CC(CC(C4)C2)C3)cc1,OCNT-0454518-AA-001,OCNT-0454217-AA-001,CCN(CC)CCNC(=O)[*:1],O=C(NCc1cccnc1)[*:1],-0.9127873389881632,0.1100882834496295,-0.3597697430605743,0.0612753230261217,-0.5530175959275889,0.5530175959275889,0.12599244169727614,1.1372037395632515e-05,1.842872550139918e-05,True
O=C(c1cccs1)N1CCCc2cc(NC(=O)[*:1])ccc21,OCNT-0482292-AA-001,OCNT-0482298-AA-001,COc1cccc(OC)c1[*:1],COc1ccccc1[*:1],-0.3700353394317102,0.0364568864756482,-0.9229181161378048,0.0312792983914407,0.5528827767060946,0.5528827767060946,0.04803643491516711,1.1794977966386623e-30,3.5943102221354996e-30,True
O=C(c1cccs1)N1CCCc2cc([*:1])ccc21,OCNT-0482292-AA-001,OCNT-0482298-AA-001,COc1cccc(OC)c1C(=O)N[*:1],COc1ccccc1C(=O)N[*:1],-0.3700353394317102,0.0364568864756482,-0.9229181161378048,0.0312792983914407,0.5528827767060946,0.5528827767060946,0.04803643491516711,1.1794977966386623e-30,3.5943102221354996e-30,True
Cc1nc(-c2ccc(F)cc2)sc1CC[*:1],OCNT-0482096-AA-001,OCNT-0482086-AA-001,COc1ccc(C(=O)N[*:1])cc1,CC(C)(C)c1ccc(C(=O)N[*:1])cc1,-0.0534659291823882,0.0520672660222867,-0.604848069760632,0.0684095330513385,0.5513821405782438,0.5513821405782438,0.08597013669488811,1.4207864407004483e-10,2.66411066696858e-10,True
Cc1nc(-c2ccc(F)cc2)sc1CCNC(=O)[*:1],OCNT-0482096-AA-001,OCNT-0482086-AA-001,COc1ccc([*:1])cc1,CC(C)(C)c1ccc([*:1])cc1,-0.0534659291823882,0.0520672660222867,-0.604848069760632,0.0684095330513385,0.5513821405782438,0.5513821405782438,0.08597013669488811,1.4207864407004483e-10,2.66411066696858e-10,True
Cc1nc(-c2ccc(F)cc2)sc1CCNC(=O)c1ccc([*:1])cc1,OCNT-0482096-AA-001,OCNT-0482086-AA-001,CO[*:1],CC(C)(C)[*:1],-0.0534659291823882,0.0520672660222867,-0.604848069760632,0.0684095330513385,0.5513821405782438,0.5513821405782438,0.08597013669488811,1.4207864407004483e-10,2.66411066696858e-10,True
Clc1ccc2nc3c(c(SC[*:1])c2c1)CCCC3,OCNT-0479233-AA-001,OCNT-0479255-AA-001,CC1CCN(C(=O)[*:1])CC1,CCCCN(C)C(=O)[*:1],-3.5271947380079087,0.0835734927170171,-4.076894951222167,0.208261270730262,0.5497002132142583,0.5497002132142583,0.2244042904471855,0.014301594108191418,0.019453029895911286,True
Clc1ccc2nc3c(c([*:1])c2c1)CCCC3,OCNT-0479233-AA-001,OCNT-0479255-AA-001,CC1CCN(C(=O)CS[*:1])CC1,CCCCN(C)C(=O)CS[*:1],-3.5271947380079087,0.0835734927170171,-4.076894951222167,0.208261270730262,0.5497002132142583,0.5497002132142583,0.2244042904471855,0.014301594108191418,0.019453029895911286,True
Clc1ccc2nc3c(c(S[*:1])c2c1)CCCC3,OCNT-0479233-AA-001,OCNT-0479255-AA-001,CC1CCN(C(=O)C[*:1])CC1,CCCCN(C)C(=O)C[*:1],-3.5271947380079087,0.0835734927170171,-4.076894951222167,0.208261270730262,0.5497002132142583,0.5497002132142583,0.2244042904471855,0.014301594108191418,0.019453029895911286,True
CC(=O)Nc1ccc(S(=O)(=O)N2CCC([*:1])CC2)cc1,OCNT-0457529-AA-001,OCNT-0457715-AA-001,CCc1ccc(CNC(=O)C[*:1])cc1,COCCNC(=O)C[*:1],-0.6076679352083227,0.3255594170930711,-0.0612415605609455,0.0292489113688624,-0.5464263746473772,0.5464263746473772,0.3268706668917292,0.09458549754772311,0.11778662213703738,False
CC(=O)Nc1ccc(S(=O)(=O)N2CCC(CC(=O)NC[*:1])CC2)cc1,OCNT-0457529-AA-001,OCNT-0457715-AA-001,CCc1ccc([*:1])cc1,COC[*:1],-0.6076679352083227,0.3255594170930711,-0.0612415605609455,0.0292489113688624,-0.5464263746473772,0.5464263746473772,0.3268706668917292,0.09458549754772311,0.11778662213703738,False
CC(=O)Nc1ccc(S(=O)(=O)N2CCC(C[*:1])CC2)cc1,OCNT-0457529-AA-001,OCNT-0457715-AA-001,CCc1ccc(CNC(=O)[*:1])cc1,COCCNC(=O)[*:1],-0.6076679352083227,0.3255594170930711,-0.0612415605609455,0.0292489113688624,-0.5464263746473772,0.5464263746473772,0.3268706668917292,0.09458549754772311,0.11778662213703738,False
CC(=O)Nc1ccc(S(=O)(=O)N2CCC(CC(=O)N[*:1])CC2)cc1,OCNT-0457529-AA-001,OCNT-0457715-AA-001,CCc1ccc(C[*:1])cc1,COCC[*:1],-0.6076679352083227,0.3255594170930711,-0.0612415605609455,0.0292489113688624,-0.5464263746473772,0.5464263746473772,0.3268706668917292,0.09458549754772311,0.11778662213703738,False
O=C(N[*:1])C12CC3CC(CC(C3)C1)C2,OCNT-0494150-AA-001,OCNT-0494156-AA-001,c1cc(C[*:1])ccn1,c1ccc2[nH]c([*:1])nc2c1,-0.2366470451824585,0.0269711258634133,-0.7814596673014416,0.0324909640535928,0.5448126221189831,0.5448126221189831,0.04222682057024826,4.3827093888377087e-38,1.502114977010352e-37,True
O=C(CN1C(=O)C2CCCCN2c2ccc(C(=O)N3CCCC3)cc21)N[*:1],OCNT-0460757-AA-001,OCNT-0460713-AA-001,COc1ccc(C[*:1])cc1,Clc1cccc(C[*:1])c1,-0.6261491346875734,0.0495815169225266,-1.1703615681468291,0.0498441774390733,0.5442124334592557,0.5442124334592557,0.07030482803418707,9.882834915004455e-15,2.0776028382316067e-14,True
O=C(c1ccc2c(c1)N([*:1])C(=O)C1CCCCN21)N1CCCC1,OCNT-0460757-AA-001,OCNT-0460713-AA-001,COc1ccc(CNC(=O)C[*:1])cc1,O=C(C[*:1])NCc1cccc(Cl)c1,-0.6261491346875734,0.0495815169225266,-1.1703615681468291,0.0498441774390733,0.5442124334592557,0.5442124334592557,0.07030482803418707,9.882834915004455e-15,2.0776028382316067e-14,True
O=C(c1ccc2c(c1)N(C[*:1])C(=O)C1CCCCN21)N1CCCC1,OCNT-0460757-AA-001,OCNT-0460713-AA-001,COc1ccc(CNC(=O)[*:1])cc1,O=C(NCc1cccc(Cl)c1)[*:1],-0.6261491346875734,0.0495815169225266,-1.1703615681468291,0.0498441774390733,0.5442124334592557,0.5442124334592557,0.07030482803418707,9.882834915004455e-15,2.0776028382316067e-14,True
O=C(CN1C(=O)C2CCCCN2c2ccc(C(=O)N3CCCC3)cc21)NC[*:1],OCNT-0460757-AA-001,OCNT-0460713-AA-001,COc1ccc([*:1])cc1,Clc1cccc([*:1])c1,-0.6261491346875734,0.0495815169225266,-1.1703615681468291,0.0498441774390733,0.5442124334592557,0.5442124334592557,0.07030482803418707,9.882834915004455e-15,2.0776028382316067e-14,True
CC(=O)Nc1ccc(S(=O)(=O)N2CCC(C[*:1])CC2)cc1,OCNT-0457529-AA-001,OCNT-0457647-AA-001,CCc1ccc(CNC(=O)[*:1])cc1,CCN(CC)CCCNC(=O)[*:1],-0.6076679352083227,0.3255594170930711,-0.0637547526478389,0.0251026923809225,-0.5439131825604838,0.5439131825604838,0.32652577114640047,0.09576146163085403,0.11882773661800193,False
CC(=O)Nc1ccc(S(=O)(=O)N2CCC(CC(=O)NC[*:1])CC2)cc1,OCNT-0457529-AA-001,OCNT-0457647-AA-001,CCc1ccc([*:1])cc1,CCN(CC)CC[*:1],-0.6076679352083227,0.3255594170930711,-0.0637547526478389,0.0251026923809225,-0.5439131825604838,0.5439131825604838,0.32652577114640047,0.09576146163085403,0.11882773661800193,False
CC(=O)Nc1ccc(S(=O)(=O)N2CCC([*:1])CC2)cc1,OCNT-0457529-AA-001,OCNT-0457647-AA-001,CCc1ccc(CNC(=O)C[*:1])cc1,CCN(CC)CCCNC(=O)C[*:1],-0.6076679352083227,0.3255594170930711,-0.0637547526478389,0.0251026923809225,-0.5439131825604838,0.5439131825604838,0.32652577114640047,0.09576146163085403,0.11882773661800193,False
CC(=O)Nc1ccc(S(=O)(=O)N2CCC(CC(=O)N[*:1])CC2)cc1,OCNT-0457529-AA-001,OCNT-0457647-AA-001,CCc1ccc(C[*:1])cc1,CCN(CC)CCC[*:1],-0.6076679352083227,0.3255594170930711,-0.0637547526478389,0.0251026923809225,-0.5439131825604838,0.5439131825604838,0.32652577114640047,0.09576146163085403,0.11882773661800193,False
c1ccc(-c2nc(NC[*:1])c3ccccc3n2)cc1,OCNT-0497584-AA-001,OCNT-0497566-AA-001,Clc1ccc([*:1])cc1,c1ccc([*:1])cc1,-0.0900236864755588,0.0371652085828673,-0.6314103091015513,0.0338474008465294,0.5413866226259925,0.5413866226259925,0.05026827302656888,4.7727726780298815e-27,1.3455040026657972e-26,True
c1ccc(-c2nc(N[*:1])c3ccccc3n2)cc1,OCNT-0497584-AA-001,OCNT-0497566-AA-001,Clc1ccc(C[*:1])cc1,c1ccc(C[*:1])cc1,-0.0900236864755588,0.0371652085828673,-0.6314103091015513,0.0338474008465294,0.5413866226259925,0.5413866226259925,0.05026827302656888,4.7727726780298815e-27,1.3455040026657972e-26,True
c1ccc(-c2nc([*:1])c3ccccc3n2)cc1,OCNT-0497584-AA-001,OCNT-0497566-AA-001,Clc1ccc(CN[*:1])cc1,c1ccc(CN[*:1])cc1,-0.0900236864755588,0.0371652085828673,-0.6314103091015513,0.0338474008465294,0.5413866226259925,0.5413866226259925,0.05026827302656888,4.7727726780298815e-27,1.3455040026657972e-26,True
O=C(N1CCN(Cc2ccccc2)CC1)[*:1],OCNT-0454626-AA-001,OCNT-0461480-AA-001,Oc1ccc(-c2cc([*:1])no2)cc1,O=c1cc2c(nn1C[*:1])CCCC2,-0.6837881974227381,0.0317742966087386,-0.1449811688131563,0.0306487196100575,-0.5388070286095819,0.5388070286095819,0.04414691312782832,2.9280075728874278e-34,9.682208825480454e-34,True
O=C(c1ccc2c(c1)N(C[*:1])C(=O)CS2)N1CCCC1,OCNT-0457992-AA-001,OCNT-0457930-AA-001,COc1cccc(CNC(=O)[*:1])c1,O=C(NCc1ccc2c(c1)OCO2)[*:1],-0.5830047708859403,0.0426096643478921,-0.0448879507799361,0.033181543757535,-0.5381168201060041,0.5381168201060041,0.054005539919282704,2.188379811905139e-23,5.67263283869902e-23,True
O=C(CN1C(=O)CSc2ccc(C(=O)N3CCCC3)cc21)NC[*:1],OCNT-0457992-AA-001,OCNT-0457930-AA-001,COc1cccc([*:1])c1,c1cc2c(cc1[*:1])OCO2,-0.5830047708859403,0.0426096643478921,-0.0448879507799361,0.033181543757535,-0.5381168201060041,0.5381168201060041,0.054005539919282704,2.188379811905139e-23,5.67263283869902e-23,True
O=C(CN1C(=O)CSc2ccc(C(=O)N3CCCC3)cc21)N[*:1],OCNT-0457992-AA-001,OCNT-0457930-AA-001,COc1cccc(C[*:1])c1,c1cc2c(cc1C[*:1])OCO2,-0.5830047708859403,0.0426096643478921,-0.0448879507799361,0.033181543757535,-0.5381168201060041,0.5381168201060041,0.054005539919282704,2.188379811905139e-23,5.67263283869902e-23,True
O=C(Nc1ccc([*:1])cc1)C(=O)c1cn(CC(=O)N2CCCC2)c2ccccc12,OCNT-0456008-AA-001,OCNT-0456014-AA-001,CC(C)[*:1],CO[*:1],-0.6108220392005719,0.0559616670494593,-0.076172826190163,0.0278280008169719,-0.5346492130104089,0.5346492130104089,0.062498846456746124,1.1833424956651003e-17,2.6836321472590363e-17,True
O=C(N[*:1])C(=O)c1cn(CC(=O)N2CCCC2)c2ccccc12,OCNT-0456008-AA-001,OCNT-0456014-AA-001,CC(C)c1ccc([*:1])cc1,COc1ccc([*:1])cc1,-0.6108220392005719,0.0559616670494593,-0.076172826190163,0.0278280008169719,-0.5346492130104089,0.5346492130104089,0.062498846456746124,1.1833424956651003e-17,2.6836321472590363e-17,True
O=C(Nc1ccc2c(c1)N(S(=O)(=O)c1ccc(F)cc1)CCC2)[*:1],OCNT-0482326-AA-001,OCNT-0482322-AA-001,Fc1cccc(Cl)c1[*:1],Clc1ccccc1[*:1],-0.7775722821309727,0.2641734417489492,-0.2445058636368789,0.0496972007114234,-0.5330664184940939,0.5330664184940939,0.26880740146810866,0.04735856203296307,0.0609607581770966,False
O=S(=O)(c1ccc(F)cc1)N1CCCc2ccc([*:1])cc21,OCNT-0482326-AA-001,OCNT-0482322-AA-001,O=C(N[*:1])c1c(F)cccc1Cl,O=C(N[*:1])c1ccccc1Cl,-0.7775722821309727,0.2641734417489492,-0.2445058636368789,0.0496972007114234,-0.5330664184940939,0.5330664184940939,0.26880740146810866,0.04735856203296307,0.0609607581770966,False
O=C(N1CCCC(c2nc(CCOCC3CC3)no2)C1)[*:1],OCNT-0475070-AA-001,OCNT-0475068-AA-001,CC[*:1],CC(C)[*:1],-0.2173476950930789,0.0221202705732584,-0.7486105476154498,0.0338722577121293,0.5312628525223708,0.5312628525223708,0.04045536074182338,2.1566342461455558e-39,7.57142611236467e-39,True
C(Cc1noc([*:1])n1)OCC1CC1,OCNT-0475070-AA-001,OCNT-0475068-AA-001,CCC(=O)N1CCCC([*:1])C1,CC(C)C(=O)N1CCCC([*:1])C1,-0.2173476950930789,0.0221202705732584,-0.7486105476154498,0.0338722577121293,0.5312628525223708,0.5312628525223708,0.04045536074182338,2.1566342461455558e-39,7.57142611236467e-39,True
COc1ccccc1Nc1nc(C(=O)NC(Cc2ccccc2)C(=O)NC(C)[*:1])cs1,OCNT-0475115-AA-001,OCNT-0475159-AA-001,C[*:1],CC[*:1],-0.513906536445129,0.0395698399508618,-1.0451480628343903,0.090404171356415,0.5312415263892614,0.5312415263892614,0.09868478318553912,7.316655647868065e-08,1.288974540700731e-07,True
COc1ccccc1Nc1nc(C(=O)NC(Cc2ccccc2)C(=O)N[*:1])cs1,OCNT-0475115-AA-001,OCNT-0475159-AA-001,CC(C)[*:1],CCC(C)[*:1],-0.513906536445129,0.0395698399508618,-1.0451480628343903,0.090404171356415,0.5312415263892614,0.5312415263892614,0.09868478318553912,7.316655647868065e-08,1.288974540700731e-07,True
COc1ccccc1Nc1nc(C(=O)NC(Cc2ccccc2)[*:1])cs1,OCNT-0475115-AA-001,OCNT-0475159-AA-001,CC(C)NC(=O)[*:1],CCC(C)NC(=O)[*:1],-0.513906536445129,0.0395698399508618,-1.0451480628343903,0.090404171356415,0.5312415263892614,0.5312415263892614,0.09868478318553912,7.316655647868065e-08,1.288974540700731e-07,True
O=C(CC1CCN(C(=O)c2cc3ccccc3[nH]2)CC1)NCC[*:1],OCNT-0461815-AA-001,OCNT-0461813-AA-001,CC(C)OC[*:1],CCOC[*:1],-0.8895454480567779,0.0415387551062323,-0.359572686554181,0.0195392934557144,-0.5299727615025969,0.5299727615025969,0.04590481635432238,7.820863889683866e-31,2.3892202169858204e-30,True
O=C(c1cc2ccccc2[nH]1)N1CCC([*:1])CC1,OCNT-0461815-AA-001,OCNT-0461813-AA-001,CC(C)OCCCNC(=O)C[*:1],CCOCCCNC(=O)C[*:1],-0.8895454480567779,0.0415387551062323,-0.359572686554181,0.0195392934557144,-0.5299727615025969,0.5299727615025969,0.04590481635432238,7.820863889683866e-31,2.3892202169858204e-30,True
O=C(CC1CCN(C(=O)c2cc3ccccc3[nH]2)CC1)N[*:1],OCNT-0461815-AA-001,OCNT-0461813-AA-001,CC(C)OCCC[*:1],CCOCCC[*:1],-0.8895454480567779,0.0415387551062323,-0.359572686554181,0.0195392934557144,-0.5299727615025969,0.5299727615025969,0.04590481635432238,7.820863889683866e-31,2.3892202169858204e-30,True
O=C(CC1CCN(C(=O)c2cc3ccccc3[nH]2)CC1)NCCC[*:1],OCNT-0461815-AA-001,OCNT-0461813-AA-001,CC(C)O[*:1],CCO[*:1],-0.8895454480567779,0.0415387551062323,-0.359572686554181,0.0195392934557144,-0.5299727615025969,0.5299727615025969,0.04590481635432238,7.820863889683866e-31,2.3892202169858204e-30,True
O=C(CC1CCN(C(=O)c2cc3ccccc3[nH]2)CC1)NC[*:1],OCNT-0461815-AA-001,OCNT-0461813-AA-001,CC(C)OCC[*:1],CCOCC[*:1],-0.8895454480567779,0.0415387551062323,-0.359572686554181,0.0195392934557144,-0.5299727615025969,0.5299727615025969,0.04590481635432238,7.820863889683866e-31,2.3892202169858204e-30,True
O=C(c1cc2ccccc2[nH]1)N1CCC(C[*:1])CC1,OCNT-0461815-AA-001,OCNT-0461813-AA-001,CC(C)OCCCNC(=O)[*:1],CCOCCCNC(=O)[*:1],-0.8895454480567779,0.0415387551062323,-0.359572686554181,0.0195392934557144,-0.5299727615025969,0.5299727615025969,0.04590481635432238,7.820863889683866e-31,2.3892202169858204e-30,True
O=C(CC1CCN(C(=O)c2cc3ccccc3[nH]2)CC1)NCCCO[*:1],OCNT-0461815-AA-001,OCNT-0461813-AA-001,CC(C)[*:1],CC[*:1],-0.8895454480567779,0.0415387551062323,-0.359572686554181,0.0195392934557144,-0.5299727615025969,0.5299727615025969,0.04590481635432238,7.820863889683866e-31,2.3892202169858204e-30,True
COc1cc(-c2nc3cnccn3c2N[*:1])ccc1O,OCNT-0454283-AA-001,OCNT-0454263-AA-001,COc1ccc([*:1])cc1OC,CCc1cccc(C)c1[*:1],0.0113062312878623,0.0492205893054274,-0.5136170554661863,0.0198756947809573,0.5249232867540486,0.5249232867540486,0.0530821029594658,4.651384256623233e-23,1.1980986606270581e-22,True
COc1cc(-c2nc3cnccn3c2[*:1])ccc1O,OCNT-0454283-AA-001,OCNT-0454263-AA-001,COc1ccc(N[*:1])cc1OC,CCc1cccc(C)c1N[*:1],0.0113062312878623,0.0492205893054274,-0.5136170554661863,0.0198756947809573,0.5249232867540486,0.5249232867540486,0.0530821029594658,4.651384256623233e-23,1.1980986606270581e-22,True
CC(C)CCN1CCC(N2CCN(S(=O)(=O)[*:1])CC2)C1=O,OCNT-0475266-AA-001,OCNT-0475236-AA-001,FC(F)(F)c1cccc([*:1])c1,Cc1cc(Cl)ccc1[*:1],-2.938661928808208,0.4136834722369357,-3.4617719081787395,0.0318623970206539,0.5231099793705316,0.5231099793705316,0.41490869784316325,0.20738691300306356,0.24374436893299545,False
O=C(c1cccs1)N1CCCc2cc(NC(=O)[*:1])ccc21,OCNT-0482298-AA-001,OCNT-0482294-AA-001,COc1ccccc1[*:1],COc1cccc([*:1])c1OC,-0.9229181161378048,0.0312792983914407,-0.402925640797401,0.0353628082141666,-0.5199924753404038,0.5199924753404038,0.04721146802052139,3.267364897479234e-28,9.329337111005467e-28,True
O=C(c1cccs1)N1CCCc2cc([*:1])ccc21,OCNT-0482298-AA-001,OCNT-0482294-AA-001,COc1ccccc1C(=O)N[*:1],COc1cccc(C(=O)N[*:1])c1OC,-0.9229181161378048,0.0312792983914407,-0.402925640797401,0.0353628082141666,-0.5199924753404038,0.5199924753404038,0.04721146802052139,3.267364897479234e-28,9.329337111005467e-28,True
O=C(CC1Oc2ccccc2NC1=O)NC[*:1],OCNT-0454901-AA-001,OCNT-0454897-AA-001,CCCCN(CCCC)C[*:1],CCN(CC)CC[*:1],-0.4600244325640442,0.0255080058768184,0.0599617506446214,0.0352022085379771,-0.5199861832086656,0.5199861832086656,0.04347244931865503,5.6680696496774545e-33,1.8419344532218766e-32,True
O=C(CC1Oc2ccccc2NC1=O)N[*:1],OCNT-0454901-AA-001,OCNT-0454897-AA-001,CCCCN(CCCC)CC[*:1],CCN(CC)CCC[*:1],-0.4600244325640442,0.0255080058768184,0.0599617506446214,0.0352022085379771,-0.5199861832086656,0.5199861832086656,0.04347244931865503,5.6680696496774545e-33,1.8419344532218766e-32,True
O=C(CC1Oc2ccccc2NC1=O)NCC[*:1],OCNT-0454901-AA-001,OCNT-0454897-AA-001,CCCCN(CCCC)[*:1],CCN(CC)C[*:1],-0.4600244325640442,0.0255080058768184,0.0599617506446214,0.0352022085379771,-0.5199861832086656,0.5199861832086656,0.04347244931865503,5.6680696496774545e-33,1.8419344532218766e-32,True
O=C(NCCC[*:1])c1nc(Cn2c(=O)oc3ccccc32)no1,OCNT-0463205-AA-001,OCNT-0463259-AA-001,CCN(c1ccccc1)[*:1],c1ccc(N2CCN([*:1])CC2)cc1,-3.6376324137526694,0.4337222194126903,-3.120267673566193,0.0307278792625761,-0.5173647401864763,0.5173647401864763,0.4348093446284766,0.23409916813292542,0.27213333226663583,False
O=C(NCC[*:1])c1nc(Cn2c(=O)oc3ccccc32)no1,OCNT-0463205-AA-001,OCNT-0463259-AA-001,CCN(C[*:1])c1ccccc1,c1ccc(N2CCN(C[*:1])CC2)cc1,-3.6376324137526694,0.4337222194126903,-3.120267673566193,0.0307278792625761,-0.5173647401864763,0.5173647401864763,0.4348093446284766,0.23409916813292542,0.27213333226663583,False
O=C(Cn1cc([*:1])c2ccccc21)N1CCCC1,OCNT-0456012-AA-001,OCNT-0456010-AA-001,COc1cccc(NC(=O)C(=O)[*:1])c1,COc1ccccc1NC(=O)C(=O)[*:1],-0.3366699997867913,0.0311077716392245,-0.8495394797928282,0.0344590162654061,0.5128694800060369,0.5128694800060369,0.04642324049802709,2.249330051910615e-28,6.4754242788532635e-28,True
O=C(N[*:1])C(=O)c1cn(CC(=O)N2CCCC2)c2ccccc12,OCNT-0456012-AA-001,OCNT-0456010-AA-001,COc1cccc([*:1])c1,COc1ccccc1[*:1],-0.3366699997867913,0.0311077716392245,-0.8495394797928282,0.0344590162654061,0.5128694800060369,0.5128694800060369,0.04642324049802709,2.249330051910615e-28,6.4754242788532635e-28,True
COc1cc(C=C(C#N)c2nc3ccccc3[nH]2)ccc1[*:1],OCNT-0495877-AA-001,OCNT-0496035-AA-001,c1ccc(CO[*:1])cc1,CCO[*:1],-0.2302743339711031,0.1070602041911369,-0.7424990278652497,0.0281937783397487,0.5122246938941466,0.5122246938941466,0.11071032679257527,3.715182383996171e-06,6.175985933178417e-06,True
COc1cc(C=C(C#N)c2nc3ccccc3[nH]2)ccc1O[*:1],OCNT-0495877-AA-001,OCNT-0496035-AA-001,c1ccc(C[*:1])cc1,CC[*:1],-0.2302743339711031,0.1070602041911369,-0.7424990278652497,0.0281937783397487,0.5122246938941466,0.5122246938941466,0.11071032679257527,3.715182383996171e-06,6.175985933178417e-06,True
COc1cc(C=C(C#N)c2nc3ccccc3[nH]2)ccc1OC[*:1],OCNT-0495877-AA-001,OCNT-0496035-AA-001,c1ccc([*:1])cc1,C[*:1],-0.2302743339711031,0.1070602041911369,-0.7424990278652497,0.0281937783397487,0.5122246938941466,0.5122246938941466,0.11071032679257527,3.715182383996171e-06,6.175985933178417e-06,True
CC(C(=O)N[*:1])C1CCN(C(=O)c2cc3ccccc3[nH]2)CC1,OCNT-0461839-AA-001,OCNT-0461843-AA-001,CCOCCC[*:1],CCN1CCN(CCC[*:1])CC1,-1.4471911098822332,0.0444881630261103,-0.9363437297335566,0.0404941224171097,-0.5108473801486766,0.5108473801486766,0.06015788061234898,2.0349908105701228e-17,4.572656118884381e-17,True
CC(C(=O)NCC[*:1])C1CCN(C(=O)c2cc3ccccc3[nH]2)CC1,OCNT-0461839-AA-001,OCNT-0461843-AA-001,CCOC[*:1],CCN1CCN(C[*:1])CC1,-1.4471911098822332,0.0444881630261103,-0.9363437297335566,0.0404941224171097,-0.5108473801486766,0.5108473801486766,0.06015788061234898,2.0349908105701228e-17,4.572656118884381e-17,True
CC(C(=O)NC[*:1])C1CCN(C(=O)c2cc3ccccc3[nH]2)CC1,OCNT-0461839-AA-001,OCNT-0461843-AA-001,CCOCC[*:1],CCN1CCN(CC[*:1])CC1,-1.4471911098822332,0.0444881630261103,-0.9363437297335566,0.0404941224171097,-0.5108473801486766,0.5108473801486766,0.06015788061234898,2.0349908105701228e-17,4.572656118884381e-17,True
CC(C(=O)NCCC[*:1])C1CCN(C(=O)c2cc3ccccc3[nH]2)CC1,OCNT-0461839-AA-001,OCNT-0461843-AA-001,CCO[*:1],CCN1CCN([*:1])CC1,-1.4471911098822332,0.0444881630261103,-0.9363437297335566,0.0404941224171097,-0.5108473801486766,0.5108473801486766,0.06015788061234898,2.0349908105701228e-17,4.572656118884381e-17,True
COc1ccc(CCNC(=O)C[*:1])cc1OC,OCNT-0461738-AA-001,OCNT-0493980-AA-001,CCC1Sc2ccccc2N([*:1])C1=O,CNC(=O)c1cccc(N[*:1])c1,-0.9317152978582928,0.0571475809285656,-0.4240300203810211,0.0321561692422688,-0.5076852774772717,0.5076852774772717,0.06557335759532516,9.767328582511063e-15,2.0604011242590148e-14,True
CC(C)N1C(=O)C2(CCCC2)C1C(=O)N[*:1],OCNT-0475102-AA-001,OCNT-0475106-AA-001,Cn1c(C[*:1])nc2ccccc21,c1cnn(CCC[*:1])c1,-0.7534599639940108,0.0511913986795388,-0.24634901125949,0.028779939459426,-0.5071109527345208,0.5071109527345208,0.058726861094866224,5.86876222265058e-18,1.3497049961302604e-17,True
CC(C)N1C(=O)C2(CCCC2)C1C(=O)NC[*:1],OCNT-0475102-AA-001,OCNT-0475106-AA-001,Cn1c([*:1])nc2ccccc21,c1cnn(CC[*:1])c1,-0.7534599639940108,0.0511913986795388,-0.24634901125949,0.028779939459426,-0.5071109527345208,0.5071109527345208,0.058726861094866224,5.86876222265058e-18,1.3497049961302604e-17,True
Cc1nc(-c2ccc(F)cc2)sc1CC[*:1],OCNT-0482088-AA-001,OCNT-0482096-AA-001,O=C(N[*:1])c1ccc(Cl)cc1,COc1ccc(C(=O)N[*:1])cc1,-0.560495776536683,0.221418705590268,-0.0534659291823882,0.0520672660222867,-0.5070298473542948,0.5070298473542948,0.22745822336487495,0.02580645597583297,0.034413295789026306,True
Cc1nc(-c2ccc(F)cc2)sc1CCNC(=O)c1ccc([*:1])cc1,OCNT-0482088-AA-001,OCNT-0482096-AA-001,Cl[*:1],CO[*:1],-0.560495776536683,0.221418705590268,-0.0534659291823882,0.0520672660222867,-0.5070298473542948,0.5070298473542948,0.22745822336487495,0.02580645597583297,0.034413295789026306,True
Cc1nc(-c2ccc(F)cc2)sc1CCNC(=O)[*:1],OCNT-0482088-AA-001,OCNT-0482096-AA-001,Clc1ccc([*:1])cc1,COc1ccc([*:1])cc1,-0.560495776536683,0.221418705590268,-0.0534659291823882,0.0520672660222867,-0.5070298473542948,0.5070298473542948,0.22745822336487495,0.02580645597583297,0.034413295789026306,True
Cc1nc(-c2ccc(F)cc2)sc1C[*:1],OCNT-0482088-AA-001,OCNT-0482096-AA-001,O=C(NC[*:1])c1ccc(Cl)cc1,COc1ccc(C(=O)NC[*:1])cc1,-0.560495776536683,0.221418705590268,-0.0534659291823882,0.0520672660222867,-0.5070298473542948,0.5070298473542948,0.22745822336487495,0.02580645597583297,0.034413295789026306,True
Cn1nc(-c2ccccc2F)c2cc(C(=O)N3CCN([*:1])CC3)sc21,OCNT-0479165-AA-001,OCNT-0479187-AA-001,Fc1ccccc1[*:1],c1ccc([*:1])nc1,-0.0054566589983642,0.0426652476758079,-0.5095980471562491,0.0299122016965108,0.5041413881578849,0.5041413881578849,0.05210626804493654,3.841358661262729e-22,9.77110669865894e-22,True
COC(=O)CCNC(=O)C1c2ccccc2C(=O)N([*:1])C12CCCCC2,OCNT-0461558-AA-001,OCNT-0461297-AA-001,c1ccc([*:1])cc1,CC(C)C[*:1],-0.151564174843948,0.0232335795795323,-0.653116454262711,0.0378227345756047,0.501552279418763,0.501552279418763,0.04438872008579549,1.325801045745591e-29,3.923975723016461e-29,True
Cc1nn(-c2ccccc2)c(N2CCC([*:1])CC2)c1-n1c(C)ccc1C,OCNT-0460829-AA-001,OCNT-0460831-AA-001,O=C(N1CCCC1)[*:1],O=C(N1CCc2ccccc2C1)[*:1],-2.659834837775606,0.0594225247297275,-3.1545235697148373,0.4113500926909636,0.49468873193923146,0.49468873193923146,0.41561994081386355,0.2339508905346137,0.27213333226663583,False
Cc1nc(-c2ccc(F)cc2)sc1CCNC(=O)c1ccc([*:1])cc1,OCNT-0482086-AA-001,OCNT-0482114-AA-001,CC(C)(C)[*:1],C[*:1],-0.604848069760632,0.0684095330513385,-0.115190389000082,0.0274200662084502,-0.48965768076055,0.48965768076055,0.07370023231427407,3.0546997798037946e-11,5.904305182606544e-11,True
Cc1nc(-c2ccc(F)cc2)sc1CC[*:1],OCNT-0482086-AA-001,OCNT-0482114-AA-001,CC(C)(C)c1ccc(C(=O)N[*:1])cc1,Cc1ccc(C(=O)N[*:1])cc1,-0.604848069760632,0.0684095330513385,-0.115190389000082,0.0274200662084502,-0.48965768076055,0.48965768076055,0.07370023231427407,3.0546997798037946e-11,5.904305182606544e-11,True
Cc1nc(-c2ccc(F)cc2)sc1CCNC(=O)[*:1],OCNT-0482086-AA-001,OCNT-0482114-AA-001,CC(C)(C)c1ccc([*:1])cc1,Cc1ccc([*:1])cc1,-0.604848069760632,0.0684095330513385,-0.115190389000082,0.0274200662084502,-0.48965768076055,0.48965768076055,0.07370023231427407,3.0546997798037946e-11,5.904305182606544e-11,True
Cc1ccc(Cn2cc(C(=O)c3ccc([*:1])cc3)c(=O)c3cc4c(cc32)OCCO4)cc1,OCNT-0479175-AA-001,OCNT-0479203-AA-001,C[*:1],Cl[*:1],-0.070969503570565,0.0520004224896445,-0.5566738988662934,0.0497641693643522,0.4857043952957284,0.4857043952957284,0.07197580490432501,1.4972966661110592e-11,2.926425672503005e-11,True
Cc1ccc(Cn2cc([*:1])c(=O)c3cc4c(cc32)OCCO4)cc1,OCNT-0479175-AA-001,OCNT-0479203-AA-001,Cc1ccc(C(=O)[*:1])cc1,O=C(c1ccc(Cl)cc1)[*:1],-0.070969503570565,0.0520004224896445,-0.5566738988662934,0.0497641693643522,0.4857043952957284,0.4857043952957284,0.07197580490432501,1.4972966661110592e-11,2.926425672503005e-11,True
Cc1ccc(Cn2cc(C(=O)[*:1])c(=O)c3cc4c(cc32)OCCO4)cc1,OCNT-0479175-AA-001,OCNT-0479203-AA-001,Cc1ccc([*:1])cc1,Clc1ccc([*:1])cc1,-0.070969503570565,0.0520004224896445,-0.5566738988662934,0.0497641693643522,0.4857043952957284,0.4857043952957284,0.07197580490432501,1.4972966661110592e-11,2.926425672503005e-11,True
c1ccc(CNc2nc([*:1])nc3ccccc23)cc1,OCNT-0482336-AA-001,OCNT-0497566-AA-001,COc1ccc([*:1])cc1,c1ccc([*:1])cc1,-0.1468022946462704,0.0464296868135248,-0.6314103091015513,0.0338474008465294,0.4846080144552809,0.4846080144552809,0.05745748307807816,3.334705188435596e-17,7.40474010535563e-17,True
FC(F)(F)c1cccc(N2CCN(c3cc([*:1])c4ccccc4n3)CC2)c1,OCNT-0475129-AA-001,OCNT-0475057-AA-001,CC(C)OCCCNC(=O)[*:1],CCN(CC)CCCNC(=O)[*:1],-0.1755693552449984,0.0627542110026168,-0.6587407133871337,0.0327869861741011,0.4831713581421353,0.4831713581421353,0.07080308934602818,8.844346185145106e-12,1.743925472606775e-11,True
O=C(N[*:1])c1cc(N2CCN(c3cccc(C(F)(F)F)c3)CC2)nc2ccccc12,OCNT-0475129-AA-001,OCNT-0475057-AA-001,CC(C)OCCC[*:1],CCN(CC)CCC[*:1],-0.1755693552449984,0.0627542110026168,-0.6587407133871337,0.0327869861741011,0.4831713581421353,0.4831713581421353,0.07080308934602818,8.844346185145106e-12,1.743925472606775e-11,True
O=C(NCC[*:1])c1cc(N2CCN(c3cccc(C(F)(F)F)c3)CC2)nc2ccccc12,OCNT-0475129-AA-001,OCNT-0475057-AA-001,CC(C)OC[*:1],CCN(CC)C[*:1],-0.1755693552449984,0.0627542110026168,-0.6587407133871337,0.0327869861741011,0.4831713581421353,0.4831713581421353,0.07080308934602818,8.844346185145106e-12,1.743925472606775e-11,True
O=C(NC[*:1])c1cc(N2CCN(c3cccc(C(F)(F)F)c3)CC2)nc2ccccc12,OCNT-0475129-AA-001,OCNT-0475057-AA-001,CC(C)OCC[*:1],CCN(CC)CC[*:1],-0.1755693552449984,0.0627542110026168,-0.6587407133871337,0.0327869861741011,0.4831713581421353,0.4831713581421353,0.07080308934602818,8.844346185145106e-12,1.743925472606775e-11,True
O=C(NCCC[*:1])c1cc(N2CCN(c3cccc(C(F)(F)F)c3)CC2)nc2ccccc12,OCNT-0475129-AA-001,OCNT-0475057-AA-001,CC(C)O[*:1],CCN(CC)[*:1],-0.1755693552449984,0.0627542110026168,-0.6587407133871337,0.0327869861741011,0.4831713581421353,0.4831713581421353,0.07080308934602818,8.844346185145106e-12,1.743925472606775e-11,True
O=C(CN1C(=O)COc2ccccc21)NCCC[*:1],OCNT-0461718-AA-001,OCNT-0461714-AA-001,CCN(c1ccccc1)[*:1],CCCCN(Cc1ccccc1)[*:1],-3.338075236812947,0.0678679245779958,-2.8574946508151533,0.3176947807233358,-0.48058058599779363,0.48058058599779363,0.3248630925257176,0.13905142543405782,0.1678632649418547,False
O=C(CN1C(=O)COc2ccccc21)NCC[*:1],OCNT-0461718-AA-001,OCNT-0461714-AA-001,CCN(C[*:1])c1ccccc1,CCCCN(Cc1ccccc1)C[*:1],-3.338075236812947,0.0678679245779958,-2.8574946508151533,0.3176947807233358,-0.48058058599779363,0.48058058599779363,0.3248630925257176,0.13905142543405782,0.1678632649418547,False
CCN(CC)C(=O)c1ccc2c(c1)N([*:1])C(=O)C1CCCCN21,OCNT-0460691-AA-001,OCNT-0460689-AA-001,Cc1cccc(CNC(=O)C[*:1])c1,Cc1ccc(CNC(=O)C[*:1])cc1,-0.0423762197169799,0.0335773984194227,-0.5205370942936143,0.0370734965364566,0.47816087457663436,0.47816087457663436,0.0500188547455388,1.1819829989537946e-21,2.9786945401029203e-21,True
CCN(CC)C(=O)c1ccc2c(c1)N(CC(=O)N[*:1])C(=O)C1CCCCN21,OCNT-0460691-AA-001,OCNT-0460689-AA-001,Cc1cccc(C[*:1])c1,Cc1ccc(C[*:1])cc1,-0.0423762197169799,0.0335773984194227,-0.5205370942936143,0.0370734965364566,0.47816087457663436,0.47816087457663436,0.0500188547455388,1.1819829989537946e-21,2.9786945401029203e-21,True
CCN(CC)C(=O)c1ccc2c(c1)N(CC(=O)NC[*:1])C(=O)C1CCCCN21,OCNT-0460691-AA-001,OCNT-0460689-AA-001,Cc1cccc([*:1])c1,Cc1ccc([*:1])cc1,-0.0423762197169799,0.0335773984194227,-0.5205370942936143,0.0370734965364566,0.47816087457663436,0.47816087457663436,0.0500188547455388,1.1819829989537946e-21,2.9786945401029203e-21,True
CCN(CC)C(=O)c1ccc2c(c1)N(C[*:1])C(=O)C1CCCCN21,OCNT-0460691-AA-001,OCNT-0460689-AA-001,Cc1cccc(CNC(=O)[*:1])c1,Cc1ccc(CNC(=O)[*:1])cc1,-0.0423762197169799,0.0335773984194227,-0.5205370942936143,0.0370734965364566,0.47816087457663436,0.47816087457663436,0.0500188547455388,1.1819829989537946e-21,2.9786945401029203e-21,True
CCN(CCCNC(=O)CC1Oc2ccccc2NC1=O)C[*:1],OCNT-0454899-AA-001,OCNT-0454897-AA-001,c1ccc([*:1])cc1,C[*:1],-0.414893932575603,0.0241952026515326,0.0599617506446214,0.0352022085379771,-0.47485568322022437,0.47485568322022437,0.042715375654440384,1.0400426984314683e-28,3.018961427119577e-28,True
O=C(CC1Oc2ccccc2NC1=O)NCCC[*:1],OCNT-0454899-AA-001,OCNT-0454897-AA-001,CCN(Cc1ccccc1)[*:1],CCN(CC)[*:1],-0.414893932575603,0.0241952026515326,0.0599617506446214,0.0352022085379771,-0.47485568322022437,0.47485568322022437,0.042715375654440384,1.0400426984314683e-28,3.018961427119577e-28,True
O=C(CC1Oc2ccccc2NC1=O)NC[*:1],OCNT-0454899-AA-001,OCNT-0454897-AA-001,CCN(CC[*:1])Cc1ccccc1,CCN(CC)CC[*:1],-0.414893932575603,0.0241952026515326,0.0599617506446214,0.0352022085379771,-0.47485568322022437,0.47485568322022437,0.042715375654440384,1.0400426984314683e-28,3.018961427119577e-28,True
O=C(CC1Oc2ccccc2NC1=O)NCC[*:1],OCNT-0454899-AA-001,OCNT-0454897-AA-001,CCN(Cc1ccccc1)C[*:1],CCN(CC)C[*:1],-0.414893932575603,0.0241952026515326,0.0599617506446214,0.0352022085379771,-0.47485568322022437,0.47485568322022437,0.042715375654440384,1.0400426984314683e-28,3.018961427119577e-28,True
O=C(CC1Oc2ccccc2NC1=O)N[*:1],OCNT-0454899-AA-001,OCNT-0454897-AA-001,CCN(CCC[*:1])Cc1ccccc1,CCN(CC)CCC[*:1],-0.414893932575603,0.0241952026515326,0.0599617506446214,0.0352022085379771,-0.47485568322022437,0.47485568322022437,0.042715375654440384,1.0400426984314683e-28,3.018961427119577e-28,True
CCN(CCCNC(=O)CC1Oc2ccccc2NC1=O)[*:1],OCNT-0454899-AA-001,OCNT-0454897-AA-001,c1ccc(C[*:1])cc1,CC[*:1],-0.414893932575603,0.0241952026515326,0.0599617506446214,0.0352022085379771,-0.47485568322022437,0.47485568322022437,0.042715375654440384,1.0400426984314683e-28,3.018961427119577e-28,True
O=C(c1ccc2c(c1)N(C[*:1])C(=O)C1CCCCN21)N1CCCC1,OCNT-0460815-AA-001,OCNT-0460757-AA-001,Cc1cc(C)cc(NC(=O)[*:1])c1,COc1ccc(CNC(=O)[*:1])cc1,-1.0996566169787236,0.3324528816858893,-0.6261491346875734,0.0495815169225266,-0.47350748229115025,0.47350748229115025,0.33612980433396666,0.15892263913786486,0.1901631774916163,False
O=C(c1ccc2c(c1)N([*:1])C(=O)C1CCCCN21)N1CCCC1,OCNT-0460815-AA-001,OCNT-0460757-AA-001,Cc1cc(C)cc(NC(=O)C[*:1])c1,COc1ccc(CNC(=O)C[*:1])cc1,-1.0996566169787236,0.3324528816858893,-0.6261491346875734,0.0495815169225266,-0.47350748229115025,0.47350748229115025,0.33612980433396666,0.15892263913786486,0.1901631774916163,False
O=C(CN1C(=O)C2CCCCN2c2ccc(C(=O)N3CCCC3)cc21)N[*:1],OCNT-0460815-AA-001,OCNT-0460757-AA-001,Cc1cc(C)cc([*:1])c1,COc1ccc(C[*:1])cc1,-1.0996566169787236,0.3324528816858893,-0.6261491346875734,0.0495815169225266,-0.47350748229115025,0.47350748229115025,0.33612980433396666,0.15892263913786486,0.1901631774916163,False
Cc1nc2c3cccnc3nn2c(C)c1CC[*:1],OCNT-0479403-AA-001,OCNT-0479377-AA-001,Cc1cccc(NC(=O)[*:1])c1,COc1cc(NC(=O)[*:1])cc(OC)c1,-0.9684726915212082,0.0400645596496861,-0.4966040960906642,0.0343030534152719,-0.471868595430544,0.471868595430544,0.05274342057104614,3.669582081049694e-19,8.800883176739822e-19,True
Cc1nc2c3cccnc3nn2c(C)c1CCC(=O)N[*:1],OCNT-0479403-AA-001,OCNT-0479377-AA-001,Cc1cccc([*:1])c1,COc1cc(OC)cc([*:1])c1,-0.9684726915212082,0.0400645596496861,-0.4966040960906642,0.0343030534152719,-0.471868595430544,0.471868595430544,0.05274342057104614,3.669582081049694e-19,8.800883176739822e-19,True
Cc1nc(-c2ccc(F)cc2)sc1CCNC(=O)[*:1],OCNT-0482094-AA-001,OCNT-0482064-AA-001,c1csc([*:1])c1,c1ccc([*:1])cc1,-1.337473437484487,0.0360349541281914,-0.8686511686198524,0.0258349240564996,-0.46882226886463463,0.46882226886463463,0.04433916124630641,3.9525049912236285e-26,1.0891643821536281e-25,True
Cc1nc(-c2ccc(F)cc2)sc1CC[*:1],OCNT-0482094-AA-001,OCNT-0482064-AA-001,O=C(N[*:1])c1cccs1,O=C(N[*:1])c1ccccc1,-1.337473437484487,0.0360349541281914,-0.8686511686198524,0.0258349240564996,-0.46882226886463463,0.46882226886463463,0.04433916124630641,3.9525049912236285e-26,1.0891643821536281e-25,True
Cc1nc(-c2ccc(F)cc2)sc1[*:1],OCNT-0482094-AA-001,OCNT-0482064-AA-001,O=C(NCC[*:1])c1cccs1,O=C(NCC[*:1])c1ccccc1,-1.337473437484487,0.0360349541281914,-0.8686511686198524,0.0258349240564996,-0.46882226886463463,0.46882226886463463,0.04433916124630641,3.9525049912236285e-26,1.0891643821536281e-25,True
Cc1nc(-c2ccc(F)cc2)sc1C[*:1],OCNT-0482094-AA-001,OCNT-0482064-AA-001,O=C(NC[*:1])c1cccs1,O=C(NC[*:1])c1ccccc1,-1.337473437484487,0.0360349541281914,-0.8686511686198524,0.0258349240564996,-0.46882226886463463,0.46882226886463463,0.04433916124630641,3.9525049912236285e-26,1.0891643821536281e-25,True
O=S(=O)(c1ccc2c(c1)CCCC2)N1CCC2(CC1)NCCN=C2N[*:1],OCNT-0462817-AQ-001,OCNT-0462815-AQ-001,Fc1ccc(C[*:1])cc1,Cc1ccccc1C[*:1],-2.3164007671073112,0.0633014723721093,-2.7850230189478795,0.1263462086693507,0.46862225184056827,0.46862225184056827,0.14131681021589762,0.0009127951268714877,0.001368633379567727,True
O=S(=O)(c1ccc2c(c1)CCCC2)N1CCC2(CC1)NCCN=C2NC[*:1],OCNT-0462817-AQ-001,OCNT-0462815-AQ-001,Fc1ccc([*:1])cc1,Cc1ccccc1[*:1],-2.3164007671073112,0.0633014723721093,-2.7850230189478795,0.1263462086693507,0.46862225184056827,0.46862225184056827,0.14131681021589762,0.0009127951268714877,0.001368633379567727,True
O=C(N[*:1])c1cccc(CN2C(=O)C3CCCN3C(=O)c3ccccc32)c1,OCNT-0462732-AA-001,OCNT-0462696-AA-001,COc1ccc(OC)c(C[*:1])c1,c1cncc(C[*:1])c1,-1.590567985199849,0.0862476576434575,-2.0572069531953656,0.0599861827990841,0.4666389679955165,0.4666389679955165,0.10505713005687994,8.92244297665732e-06,1.4574911858398173e-05,True
O=C(NC[*:1])c1cccc(CN2C(=O)C3CCCN3C(=O)c3ccccc32)c1,OCNT-0462732-AA-001,OCNT-0462696-AA-001,COc1ccc(OC)c([*:1])c1,c1cncc([*:1])c1,-1.590567985199849,0.0862476576434575,-2.0572069531953656,0.0599861827990841,0.4666389679955165,0.4666389679955165,0.10505713005687994,8.92244297665732e-06,1.4574911858398173e-05,True
CCN(CCNC(=O)C[*:1])c1ccccc1,OCNT-0461736-AA-001,OCNT-0461704-AA-001,O=C1COc2ccccc2N1[*:1],O=C1COc2ccccc2N1C[*:1],-4.05068818579421,0.182017002574915,-3.5842363820657708,0.0993792173194143,-0.46645180372843953,0.46645180372843953,0.2073798882760235,0.024495800838640166,0.032862513515434476,True
CCN(CCNC(=O)[*:1])c1ccccc1,OCNT-0461736-AA-001,OCNT-0461704-AA-001,O=C1COc2ccccc2N1C[*:1],O=C1COc2ccccc2N1CC[*:1],-4.05068818579421,0.182017002574915,-3.5842363820657708,0.0993792173194143,-0.46645180372843953,0.46645180372843953,0.2073798882760235,0.024495800838640166,0.032862513515434476,True
Cc1ccc(S(=O)(=O)c2cnc3ccccc3c2[*:1])cc1C,OCNT-0479499-AA-001,OCNT-0479523-AA-001,C1CCN([*:1])C1,CN1CCN([*:1])CC1,-3.840497345926049,0.0490692136463822,-3.3746549821690697,0.2718692885548833,-0.4658423637569795,0.4658423637569795,0.27626200930857775,0.09175075795989654,0.11454801261625858,False
CCN(CC)C(=O)c1nc([*:1])oc1C,OCNT-0475312-AA-001,OCNT-0475286-AA-001,Cc1cc(C)cc(C(=O)NC[*:1])c1,O=C(NC[*:1])c1ccc(Cl)cc1,-0.930568300665418,0.0347267595039536,-0.4664719183313769,0.0270629392458657,-0.46409638233404105,0.46409638233404105,0.04402670219617692,5.575410770009062e-26,1.5260660127754111e-25,True
CCN(CC)C(=O)c1nc(C[*:1])oc1C,OCNT-0475312-AA-001,OCNT-0475286-AA-001,Cc1cc(C)cc(C(=O)N[*:1])c1,O=C(N[*:1])c1ccc(Cl)cc1,-0.930568300665418,0.0347267595039536,-0.4664719183313769,0.0270629392458657,-0.46409638233404105,0.46409638233404105,0.04402670219617692,5.575410770009062e-26,1.5260660127754111e-25,True
CCN(CC)C(=O)c1nc(CNC(=O)[*:1])oc1C,OCNT-0475312-AA-001,OCNT-0475286-AA-001,Cc1cc(C)cc([*:1])c1,Clc1ccc([*:1])cc1,-0.930568300665418,0.0347267595039536,-0.4664719183313769,0.0270629392458657,-0.46409638233404105,0.46409638233404105,0.04402670219617692,5.575410770009062e-26,1.5260660127754111e-25,True
CCN(CC)C(=O)c1nc(CNC(=O)[*:1])oc1C,OCNT-0475310-AA-001,OCNT-0475286-AA-001,c1ccc2c([*:1])nccc2c1,Clc1ccc([*:1])cc1,-0.9274363523582488,0.0475598311244969,-0.4664719183313769,0.0270629392458657,-0.4609644340268719,0.4609644340268719,0.05472056484737783,3.639353758326954e-17,8.051987926425005e-17,True
CCN(CC)C(=O)c1nc(C[*:1])oc1C,OCNT-0475310-AA-001,OCNT-0475286-AA-001,O=C(N[*:1])c1nccc2ccccc12,O=C(N[*:1])c1ccc(Cl)cc1,-0.9274363523582488,0.0475598311244969,-0.4664719183313769,0.0270629392458657,-0.4609644340268719,0.4609644340268719,0.05472056484737783,3.639353758326954e-17,8.051987926425005e-17,True
O=C(Nc1nc(-c2ccccn2)cs1)[*:1],OCNT-0498143-AA-001,OCNT-0494222-AA-001,CCc1ccc([*:1])cc1,Cc1ccc([*:1])cc1,-0.6010145979995337,0.0520575260313971,-0.1459824628362381,0.0324488807631127,-0.4550321351632956,0.4550321351632956,0.061342610633134065,1.1900969471200034e-13,2.4369600247720906e-13,True
O=C(Nc1nc(-c2ccccn2)cs1)c1ccc([*:1])cc1,OCNT-0498143-AA-001,OCNT-0494222-AA-001,CC[*:1],C[*:1],-0.6010145979995337,0.0520575260313971,-0.1459824628362381,0.0324488807631127,-0.4550321351632956,0.4550321351632956,0.061342610633134065,1.1900969471200034e-13,2.4369600247720906e-13,True
CC(=O)Nc1ccc(S(=O)(=O)N2CCC(CC(=O)NC[*:1])CC2)cc1,OCNT-0457529-AA-001,OCNT-0457413-AA-001,CCc1ccc([*:1])cc1,COCC[*:1],-0.6076679352083227,0.3255594170930711,-0.1537772578500384,0.0224530137478095,-0.45389067735828437,0.45389067735828437,0.3263327625052985,0.16426092201842457,0.19568961839293325,False
CC(=O)Nc1ccc(S(=O)(=O)N2CCC([*:1])CC2)cc1,OCNT-0457529-AA-001,OCNT-0457413-AA-001,CCc1ccc(CNC(=O)C[*:1])cc1,COCCCNC(=O)C[*:1],-0.6076679352083227,0.3255594170930711,-0.1537772578500384,0.0224530137478095,-0.45389067735828437,0.45389067735828437,0.3263327625052985,0.16426092201842457,0.19568961839293325,False
CC(=O)Nc1ccc(S(=O)(=O)N2CCC(CC(=O)N[*:1])CC2)cc1,OCNT-0457529-AA-001,OCNT-0457413-AA-001,CCc1ccc(C[*:1])cc1,COCCC[*:1],-0.6076679352083227,0.3255594170930711,-0.1537772578500384,0.0224530137478095,-0.45389067735828437,0.45389067735828437,0.3263327625052985,0.16426092201842457,0.19568961839293325,False
CC(=O)Nc1ccc(S(=O)(=O)N2CCC(C[*:1])CC2)cc1,OCNT-0457529-AA-001,OCNT-0457413-AA-001,CCc1ccc(CNC(=O)[*:1])cc1,COCCCNC(=O)[*:1],-0.6076679352083227,0.3255594170930711,-0.1537772578500384,0.0224530137478095,-0.45389067735828437,0.45389067735828437,0.3263327625052985,0.16426092201842457,0.19568961839293325,False
CCSc1nnc(-c2nn(C)c3c2CN(C(=O)[*:1])CC3)n1C,OCNT-0462941-AA-001,OCNT-0462917-AA-001,CC[*:1],c1csc([*:1])c1,0.038012584065901,0.0211334314752665,-0.411564122957142,0.0240472548349408,0.44957670702304303,0.44957670702304303,0.032013940573074856,8.485030806687336e-45,3.219049671932389e-44,True
O=C(CNC(=O)Cn1cnc2ccccc2c1=O)NC[*:1],OCNT-0461679-AA-001,OCNT-0461685-AA-001,CCN(CC[*:1])Cc1ccccc1,CCCCN(CC)C[*:1],-0.4226014974175897,0.0231079206260626,0.0268213118362738,0.0353060662111731,-0.44942280925386346,0.44942280925386346,0.04219590391220631,1.7275522256324196e-26,4.787452203989276e-26,True
O=C(CNC(=O)Cn1cnc2ccccc2c1=O)NCC[*:1],OCNT-0461679-AA-001,OCNT-0461685-AA-001,CCN(Cc1ccccc1)C[*:1],CCCCN(CC)[*:1],-0.4226014974175897,0.0231079206260626,0.0268213118362738,0.0353060662111731,-0.44942280925386346,0.44942280925386346,0.04219590391220631,1.7275522256324196e-26,4.787452203989276e-26,True
O=C(Cn1cnc2ccccc2c1=O)NCC(=O)N[*:1],OCNT-0461679-AA-001,OCNT-0461685-AA-001,CCN(CCC[*:1])Cc1ccccc1,CCCCN(CC)CC[*:1],-0.4226014974175897,0.0231079206260626,0.0268213118362738,0.0353060662111731,-0.44942280925386346,0.44942280925386346,0.04219590391220631,1.7275522256324196e-26,4.787452203989276e-26,True
CC(=O)Nc1ccc(-c2noc(C3CCN(C(=O)C[*:1])CC3)n2)cc1,OCNT-0463322-AA-001,OCNT-0463418-AA-001,COc1ccc(C[*:1])cc1,Fc1cccc(Cl)c1[*:1],-0.3209604339752812,0.0449366477554425,-0.7677164705801969,0.060361300062796,0.4467560366049157,0.4467560366049157,0.07525150401664815,2.9057039372925897e-09,5.239688676901228e-09,True
CC(=O)Nc1ccc(-c2noc(C3CCN(C(=O)[*:1])CC3)n2)cc1,OCNT-0463322-AA-001,OCNT-0463418-AA-001,COc1ccc(CC[*:1])cc1,Fc1cccc(Cl)c1C[*:1],-0.3209604339752812,0.0449366477554425,-0.7677164705801969,0.060361300062796,0.4467560366049157,0.4467560366049157,0.07525150401664815,2.9057039372925897e-09,5.239688676901228e-09,True
CCCc1ccc(S(=O)(=O)N2CCC3(CC2)NCCN=C3N[*:1])cc1,OCNT-0462787-AQ-001,OCNT-0462789-AQ-001,Fc1cc(F)cc(C[*:1])c1,Fc1ccc(C[*:1])cc1,-0.7448969002671524,0.0258655671445703,-0.2986372105016869,0.0309653305372467,-0.4462596897654655,0.4462596897654655,0.040346985748519276,1.9490751864297607e-28,5.62427710046418e-28,True
CCCc1ccc(S(=O)(=O)N2CCC3(CC2)NCCN=C3NC[*:1])cc1,OCNT-0462787-AQ-001,OCNT-0462789-AQ-001,Fc1cc(F)cc([*:1])c1,Fc1ccc([*:1])cc1,-0.7448969002671524,0.0258655671445703,-0.2986372105016869,0.0309653305372467,-0.4462596897654655,0.4462596897654655,0.040346985748519276,1.9490751864297607e-28,5.62427710046418e-28,True
Cc1nc(-c2ccc(F)cc2)sc1CC[*:1],OCNT-0482088-AA-001,OCNT-0482114-AA-001,O=C(N[*:1])c1ccc(Cl)cc1,Cc1ccc(C(=O)N[*:1])cc1,-0.560495776536683,0.221418705590268,-0.115190389000082,0.0274200662084502,-0.44530538753660104,0.44530538753660104,0.2231100697327343,0.04594480903545389,0.05939088627034109,False
Cc1nc(-c2ccc(F)cc2)sc1C[*:1],OCNT-0482088-AA-001,OCNT-0482114-AA-001,O=C(NC[*:1])c1ccc(Cl)cc1,Cc1ccc(C(=O)NC[*:1])cc1,-0.560495776536683,0.221418705590268,-0.115190389000082,0.0274200662084502,-0.44530538753660104,0.44530538753660104,0.2231100697327343,0.04594480903545389,0.05939088627034109,False
Cc1nc(-c2ccc(F)cc2)sc1[*:1],OCNT-0482088-AA-001,OCNT-0482114-AA-001,O=C(NCC[*:1])c1ccc(Cl)cc1,Cc1ccc(C(=O)NCC[*:1])cc1,-0.560495776536683,0.221418705590268,-0.115190389000082,0.0274200662084502,-0.44530538753660104,0.44530538753660104,0.2231100697327343,0.04594480903545389,0.05939088627034109,False
Cc1nc(-c2ccc(F)cc2)sc1CCNC(=O)[*:1],OCNT-0482088-AA-001,OCNT-0482114-AA-001,Clc1ccc([*:1])cc1,Cc1ccc([*:1])cc1,-0.560495776536683,0.221418705590268,-0.115190389000082,0.0274200662084502,-0.44530538753660104,0.44530538753660104,0.2231100697327343,0.04594480903545389,0.05939088627034109,False
Cc1nc(-c2ccc(F)cc2)sc1CCNC(=O)c1ccc([*:1])cc1,OCNT-0482088-AA-001,OCNT-0482114-AA-001,Cl[*:1],C[*:1],-0.560495776536683,0.221418705590268,-0.115190389000082,0.0274200662084502,-0.44530538753660104,0.44530538753660104,0.2231100697327343,0.04594480903545389,0.05939088627034109,False
O=C(Nc1nc(-c2ccccn2)cs1)[*:1],OCNT-0494165-AA-001,OCNT-0494126-AA-001,Fc1ccc([*:1])cc1,c1ccc2oc([*:1])cc2c1,-0.0449893048493248,0.0339530154945917,-0.4866858582982314,0.0444197292878275,0.4416965534489066,0.4416965534489066,0.055909924084905215,2.7857731593141826e-15,5.958729825910669e-15,True
CCCN1CCN(c2ncnc3sc([*:1])c(C)c23)CC1,OCNT-0482072-AA-001,OCNT-0482076-AA-001,Cc1ccc(C)c(NC(=O)[*:1])c1,Cc1cc(F)ccc1NC(=O)[*:1],-0.8626232142956516,0.0366682485638504,-0.4231938144304083,0.0422347979193013,-0.43942939986524326,0.43942939986524326,0.05593155288407907,3.948381160612242e-15,8.394169157270336e-15,True
CCCN1CCN(c2ncnc3sc(C(=O)N[*:1])c(C)c23)CC1,OCNT-0482072-AA-001,OCNT-0482076-AA-001,Cc1ccc(C)c([*:1])c1,Cc1cc(F)ccc1[*:1],-0.8626232142956516,0.0366682485638504,-0.4231938144304083,0.0422347979193013,-0.43942939986524326,0.43942939986524326,0.05593155288407907,3.948381160612242e-15,8.394169157270336e-15,True
Cc1ccc(C(=O)N/C(=N/[*:1])NCCc2c[nH]c3ccccc23)cc1F,OCNT-0456990-AA-001,OCNT-0456962-AA-001,c1cc2c(cc1[*:1])OCCO2,COc1cc(OC)cc([*:1])c1,-0.6849781213020756,0.1927356109364257,-0.252478512118301,0.0346391698416147,-0.43249960918377456,0.43249960918377456,0.19582361402638213,0.027201204353026157,0.03617464513687772,True
O=C(N1CCCC(c2nc(CCOCc3ccccc3)no2)C1)[*:1],OCNT-0475066-AA-001,OCNT-0475044-AA-001,CC[*:1],CCOC[*:1],-1.6076253345544285,0.036983183920407,-1.1753393132273071,0.043618050899963,-0.43228602132712135,0.43228602132712135,0.0571864516927079,4.054362280545371e-14,8.35103072432199e-14,True
c1ccc(COCCc2noc([*:1])n2)cc1,OCNT-0475066-AA-001,OCNT-0475044-AA-001,CCC(=O)N1CCCC([*:1])C1,CCOCC(=O)N1CCCC([*:1])C1,-1.6076253345544285,0.036983183920407,-1.1753393132273071,0.043618050899963,-0.43228602132712135,0.43228602132712135,0.0571864516927079,4.054362280545371e-14,8.35103072432199e-14,True
O=C(C[*:1])N1CCCC(c2nc(CCOCc3ccccc3)no2)C1,OCNT-0475066-AA-001,OCNT-0475044-AA-001,C[*:1],CCO[*:1],-1.6076253345544285,0.036983183920407,-1.1753393132273071,0.043618050899963,-0.43228602132712135,0.43228602132712135,0.0571864516927079,4.054362280545371e-14,8.35103072432199e-14,True
COc1ccc(-c2cn3c(C)c(C(=O)N[*:1])sc3n2)cc1,OCNT-0482557-AA-001,OCNT-0482553-AA-001,Cc1cc(C)c([*:1])c(C)c1,Cc1cccc(C)c1[*:1],-1.773284479268281,0.3300809505206441,-1.3434916229256997,0.1000194461391043,-0.42979285634258124,0.42979285634258124,0.34490190417361444,0.21271641029435062,0.24881312427833457,False
COc1ccc(-c2cn3c(C)c([*:1])sc3n2)cc1,OCNT-0482557-AA-001,OCNT-0482553-AA-001,Cc1cc(C)c(NC(=O)[*:1])c(C)c1,Cc1cccc(C)c1NC(=O)[*:1],-1.773284479268281,0.3300809505206441,-1.3434916229256997,0.1000194461391043,-0.42979285634258124,0.42979285634258124,0.34490190417361444,0.21271641029435062,0.24881312427833457,False
Cc1cc2c(C)c(C(=O)N3CCCC3)oc2c([*:1])c1C,OCNT-0461851-AA-001,OCNT-0461857-AA-001,CCc1ccccc1NS(=O)(=O)[*:1],CCOc1ccc(NS(=O)(=O)[*:1])cc1,-0.3981602756633787,0.043474736231189,0.0301426221140571,0.0382816725496159,-0.4283028977774358,0.4283028977774358,0.057927015662534116,1.426515261394249e-13,2.9161928526580846e-13,True
Cc1cc2c(C)c(C(=O)N3CCCC3)oc2c(S(=O)(=O)N[*:1])c1C,OCNT-0461851-AA-001,OCNT-0461857-AA-001,CCc1ccccc1[*:1],CCOc1ccc([*:1])cc1,-0.3981602756633787,0.043474736231189,0.0301426221140571,0.0382816725496159,-0.4283028977774358,0.4283028977774358,0.057927015662534116,1.426515261394249e-13,2.9161928526580846e-13,True
CCSc1nnc(-c2nn(C)c3c2CN(C(=O)C[*:1])CC3)n1C,OCNT-0462941-AA-001,OCNT-0462939-AA-001,C[*:1],Clc1ccc(O[*:1])cc1,0.038012584065901,0.0211334314752665,-0.3902652655445529,0.1163143279529879,0.4282778496104539,0.4282778496104539,0.11821863141262891,0.0002914750927721765,0.00045084674589982045,True
CCSc1nnc(-c2nn(C)c3c2CN(C(=O)[*:1])CC3)n1C,OCNT-0462941-AA-001,OCNT-0462939-AA-001,CC[*:1],Clc1ccc(OC[*:1])cc1,0.038012584065901,0.0211334314752665,-0.3902652655445529,0.1163143279529879,0.4282778496104539,0.4282778496104539,0.11821863141262891,0.0002914750927721765,0.00045084674589982045,True
CC(C)CN1C(=O)c2ccccc2C(C(=O)NC[*:1])C12CCCCC2,OCNT-0461295-AA-001,OCNT-0461297-AA-001,COC(=O)[*:1],COC(=O)C[*:1],-1.0800266557878238,0.1467251806888117,-0.653116454262711,0.0378227345756047,-0.4269102015251127,0.4269102015251127,0.15152174068080493,0.004840140532255434,0.006842185951720998,True
CC(C)CN1C(=O)c2ccccc2C(C(=O)N[*:1])C12CCCCC2,OCNT-0461295-AA-001,OCNT-0461297-AA-001,COC(=O)C[*:1],COC(=O)CC[*:1],-1.0800266557878238,0.1467251806888117,-0.653116454262711,0.0378227345756047,-0.4269102015251127,0.4269102015251127,0.15152174068080493,0.004840140532255434,0.006842185951720998,True
CC(C)CN1C(=O)c2ccccc2C([*:1])C12CCCCC2,OCNT-0461295-AA-001,OCNT-0461297-AA-001,COC(=O)CNC(=O)[*:1],COC(=O)CCNC(=O)[*:1],-1.0800266557878238,0.1467251806888117,-0.653116454262711,0.0378227345756047,-0.4269102015251127,0.4269102015251127,0.15152174068080493,0.004840140532255434,0.006842185951720998,True
CCOC(=O)c1[nH]c(C)c(C(=O)C[*:1])c1C,OCNT-0475213-AA-001,OCNT-0475081-AA-001,CC(C)C(=O)N(Cc1ccccn1)[*:1],CCOCCCN(C(=O)CC)[*:1],-0.0791199522710943,0.0331033988119051,-0.5057842986137615,0.0366980488082207,0.4266643463426672,0.4266643463426672,0.049422482730338314,5.976287615664098e-18,1.37314326718592e-17,True
O=C(N[*:1])C(=O)c1cn(CC(=O)N2CCCC2)c2ccccc12,OCNT-0455990-AA-001,OCNT-0456008-AA-001,CCc1ccc([*:1])cc1,CC(C)c1ccc([*:1])cc1,-0.185020011673387,0.0651765751422017,-0.6108220392005719,0.0559616670494593,0.4258020275271849,0.4258020275271849,0.08590514609859878,7.171777760465547e-07,1.220399178015243e-06,True
O=C(Nc1ccc([*:1])cc1)C(=O)c1cn(CC(=O)N2CCCC2)c2ccccc12,OCNT-0455990-AA-001,OCNT-0456008-AA-001,CC[*:1],CC(C)[*:1],-0.185020011673387,0.0651765751422017,-0.6108220392005719,0.0559616670494593,0.4258020275271849,0.4258020275271849,0.08590514609859878,7.171777760465547e-07,1.220399178015243e-06,True
COc1cc(-c2nc3cnccn3c2[*:1])ccc1O,OCNT-0454281-AA-001,OCNT-0454263-AA-001,FC(F)(F)c1cccc(N[*:1])c1,CCc1cccc(C)c1N[*:1],-0.0906180252143209,0.0425954317007336,-0.5136170554661863,0.0198756947809573,0.4229990302518654,0.4229990302518654,0.04700440452550839,2.275008916760339e-19,5.468513574963212e-19,True
COc1cc(-c2nc3cnccn3c2N[*:1])ccc1O,OCNT-0454281-AA-001,OCNT-0454263-AA-001,FC(F)(F)c1cccc([*:1])c1,CCc1cccc(C)c1[*:1],-0.0906180252143209,0.0425954317007336,-0.5136170554661863,0.0198756947809573,0.4229990302518654,0.4229990302518654,0.04700440452550839,2.275008916760339e-19,5.468513574963212e-19,True
COc1cccc(-c2nc(SC[*:1])c(-c3ccc(C)cc3)[nH]2)c1,OCNT-0479300-AA-001,OCNT-0479338-AA-001,O=C(Nc1ccc2c(c1)OCO2)[*:1],O=C(Nc1ccc2c(c1)OCCO2)[*:1],-0.134988582545113,0.0593518819171648,-0.5560866639030855,0.027269735498461,0.42109808135797244,0.42109808135797244,0.06531679999253713,1.1407804889409308e-10,2.144001425835989e-10,True
COc1cccc(-c2nc(SCC(=O)N[*:1])c(-c3ccc(C)cc3)[nH]2)c1,OCNT-0479300-AA-001,OCNT-0479338-AA-001,c1cc2c(cc1[*:1])OCO2,c1cc2c(cc1[*:1])OCCO2,-0.134988582545113,0.0593518819171648,-0.5560866639030855,0.027269735498461,0.42109808135797244,0.42109808135797244,0.06531679999253713,1.1407804889409308e-10,2.144001425835989e-10,True
Cc1nc2c3cccnc3nn2c(C)c1CCC(=O)Nc1cccc([*:1])c1,OCNT-0479407-AA-001,OCNT-0479395-AA-001,Br[*:1],CC(=O)[*:1],-0.6936127316628277,0.1415553546274855,-0.2727367008478492,0.0678812211081742,-0.4208760308149785,0.4208760308149785,0.1569897404381892,0.007342132936286339,0.010272269465461791,True
Cc1nc2c3cccnc3nn2c(C)c1CCC(=O)N[*:1],OCNT-0479407-AA-001,OCNT-0479395-AA-001,Brc1cccc([*:1])c1,CC(=O)c1cccc([*:1])c1,-0.6936127316628277,0.1415553546274855,-0.2727367008478492,0.0678812211081742,-0.4208760308149785,0.4208760308149785,0.1569897404381892,0.007342132936286339,0.010272269465461791,True
Cc1nc2c3cccnc3nn2c(C)c1CC[*:1],OCNT-0479407-AA-001,OCNT-0479395-AA-001,O=C(Nc1cccc(Br)c1)[*:1],CC(=O)c1cccc(NC(=O)[*:1])c1,-0.6936127316628277,0.1415553546274855,-0.2727367008478492,0.0678812211081742,-0.4208760308149785,0.4208760308149785,0.1569897404381892,0.007342132936286339,0.010272269465461791,True
Cc1nc2c3cccnc3nn2c(C)c1C[*:1],OCNT-0479407-AA-001,OCNT-0479395-AA-001,O=C(C[*:1])Nc1cccc(Br)c1,CC(=O)c1cccc(NC(=O)C[*:1])c1,-0.6936127316628277,0.1415553546274855,-0.2727367008478492,0.0678812211081742,-0.4208760308149785,0.4208760308149785,0.1569897404381892,0.007342132936286339,0.010272269465461791,True
COC(=O)CCNC(=O)C1c2ccccc2C(=O)N([*:1])C12CCCCC2,OCNT-0461271-AA-001,OCNT-0461289-AA-001,C1CCC([*:1])C1,C1CCC([*:1])CC1,-3.159644521300579,0.1915115362433011,-2.740840406036834,0.1112262189450318,-0.41880411526374495,0.41880411526374495,0.22146769582735398,0.05861909902204633,0.07511743482171318,False
Cc1cc2c(C)c(C(=O)N3CCCC3)oc2c([*:1])c1C,OCNT-0461851-AA-001,OCNT-0461861-AA-001,CCc1ccccc1NS(=O)(=O)[*:1],CCc1cccc(C)c1NS(=O)(=O)[*:1],-0.3981602756633787,0.043474736231189,0.0193094064979323,0.026635363911144,-0.417469682161311,0.417469682161311,0.05098524591536781,2.654951556474649e-16,5.816174090146344e-16,True
Cc1cc2c(C)c(C(=O)N3CCCC3)oc2c(S(=O)(=O)N[*:1])c1C,OCNT-0461851-AA-001,OCNT-0461861-AA-001,CCc1ccccc1[*:1],CCc1cccc(C)c1[*:1],-0.3981602756633787,0.043474736231189,0.0193094064979323,0.026635363911144,-0.417469682161311,0.417469682161311,0.05098524591536781,2.654951556474649e-16,5.816174090146344e-16,True
CC(=O)Nc1ccc(-c2noc(C3CCN(C(=O)C[*:1])CC3)n2)cc1,OCNT-0463320-AA-001,OCNT-0463200-AA-001,COc1ccc([*:1])cc1,CC(=O)Nc1ccc([*:1])cc1,-0.5596271928663263,0.0496046515223043,-0.1430392761992509,0.029737299525165,-0.41658791666707545,0.41658791666707545,0.05783535627709597,5.890312810886771e-13,1.1824114395602894e-12,True
CC(=O)Nc1ccc(-c2noc(C3CCN(C(=O)[*:1])CC3)n2)cc1,OCNT-0463320-AA-001,OCNT-0463200-AA-001,COc1ccc(C[*:1])cc1,CC(=O)Nc1ccc(C[*:1])cc1,-0.5596271928663263,0.0496046515223043,-0.1430392761992509,0.029737299525165,-0.41658791666707545,0.41658791666707545,0.05783535627709597,5.890312810886771e-13,1.1824114395602894e-12,True
CC(=O)Nc1ccc(-c2noc(C3CCN(C(=O)Cc4ccc([*:1])cc4)CC3)n2)cc1,OCNT-0463320-AA-001,OCNT-0463200-AA-001,CO[*:1],CC(=O)N[*:1],-0.5596271928663263,0.0496046515223043,-0.1430392761992509,0.029737299525165,-0.41658791666707545,0.41658791666707545,0.05783535627709597,5.890312810886771e-13,1.1824114395602894e-12,True
Cc1nc2c3cccnc3nn2c(C)c1CCC(=O)N[*:1],OCNT-0479405-AA-001,OCNT-0479377-AA-001,COc1ccc(OC)c([*:1])c1,COc1cc(OC)cc([*:1])c1,-0.912631644188896,0.0353219536512953,-0.4966040960906642,0.0343030534152719,-0.4160275480982318,0.4160275480982318,0.04923758608375567,2.928297367850654e-17,6.514130599209591e-17,True
Cc1nc2c3cccnc3nn2c(C)c1CC[*:1],OCNT-0479405-AA-001,OCNT-0479377-AA-001,COc1ccc(OC)c(NC(=O)[*:1])c1,COc1cc(NC(=O)[*:1])cc(OC)c1,-0.912631644188896,0.0353219536512953,-0.4966040960906642,0.0343030534152719,-0.4160275480982318,0.4160275480982318,0.04923758608375567,2.928297367850654e-17,6.514130599209591e-17,True
Clc1ccc(-c2nc3ccc(Cl)cn3c2[*:1])cc1,OCNT-0479450-AA-001,OCNT-0479446-AA-001,c1cc2c(cc1N[*:1])OCO2,c1cc2c(cc1N[*:1])OCCO2,0.1500943728802821,0.0391086719293456,-0.2603311202525296,0.1196481191397131,0.4104254931328117,0.4104254931328117,0.12587756207421624,0.0011121066475399805,0.0016543008915078008,True
Clc1ccc(-c2nc3ccc(Cl)cn3c2N[*:1])cc1,OCNT-0479450-AA-001,OCNT-0479446-AA-001,c1cc2c(cc1[*:1])OCO2,c1cc2c(cc1[*:1])OCCO2,0.1500943728802821,0.0391086719293456,-0.2603311202525296,0.1196481191397131,0.4104254931328117,0.4104254931328117,0.12587756207421624,0.0011121066475399805,0.0016543008915078008,True
CCOc1ccc2nc(N3CCCC(C(=O)Nc4ccc([*:1])cc4)C3)sc2c1,OCNT-0479723-AA-001,OCNT-0479721-AA-001,CO[*:1],c1cc(C[*:1])ccn1,0.154411384288679,0.0389097714136462,-0.2528918328410965,0.0282159859848961,0.4073032171297755,0.4073032171297755,0.04806362633595235,2.3659750711039146e-17,5.296926806030448e-17,True
CCOc1ccc2nc(N3CCCC(C(=O)N[*:1])C3)sc2c1,OCNT-0479723-AA-001,OCNT-0479721-AA-001,COc1ccc([*:1])cc1,c1cc(Cc2ccc([*:1])cc2)ccn1,0.154411384288679,0.0389097714136462,-0.2528918328410965,0.0282159859848961,0.4073032171297755,0.4073032171297755,0.04806362633595235,2.3659750711039146e-17,5.296926806030448e-17,True
O=C(N[*:1])c1ccc(CN2C(=O)C3CCCN3C(=O)c3ccccc32)cc1,OCNT-0462828-AA-001,OCNT-0462547-AA-001,CN(CC[*:1])Cc1ccccc1,CCc1ccc(C[*:1])cc1,-3.021899087066743,0.0286305297620653,-3.4291076642516174,0.0261585450106912,0.40720857718487435,0.40720857718487435,0.038781138605420866,8.622401847649347e-26,2.3443352579108837e-25,True
O=C(NC[*:1])c1ccc(CN2C(=O)C3CCCN3C(=O)c3ccccc32)cc1,OCNT-0462828-AA-001,OCNT-0462547-AA-001,CN(Cc1ccccc1)C[*:1],CCc1ccc([*:1])cc1,-3.021899087066743,0.0286305297620653,-3.4291076642516174,0.0261585450106912,0.40720857718487435,0.40720857718487435,0.038781138605420866,8.622401847649347e-26,2.3443352579108837e-25,True
CCSc1nnc(-c2nn(C)c3c2CN(C(=O)[*:1])CC3)n1C,OCNT-0462917-AA-001,OCNT-0462943-AA-001,c1csc([*:1])c1,CC(C)[*:1],-0.411564122957142,0.0240472548349408,-0.0082473364048736,0.0196517985913867,-0.40331678655226844,0.40331678655226844,0.031055815123306813,1.4531068303296766e-38,5.015165604819067e-38,True
O=S(=O)(c1ccc2c(c1)CCCC2)N1CCC2(CC1)NCCN=C2N[*:1],OCNT-0462811-AQ-001,OCNT-0462823-AQ-001,Fc1cc(F)cc(C[*:1])c1,Fc1cccc(C[*:1])c1,-2.0973200154924765,0.0523161304260004,-2.49951547943887,0.0648555115746662,0.4021954639463936,0.4021954639463936,0.08332595564625674,1.3876320802161503e-06,2.3482266253726968e-06,True
O=S(=O)(c1ccc2c(c1)CCCC2)N1CCC2(CC1)NCCN=C2NC[*:1],OCNT-0462811-AQ-001,OCNT-0462823-AQ-001,Fc1cc(F)cc([*:1])c1,Fc1cccc([*:1])c1,-2.0973200154924765,0.0523161304260004,-2.49951547943887,0.0648555115746662,0.4021954639463936,0.4021954639463936,0.08332595564625674,1.3876320802161503e-06,2.3482266253726968e-06,True
Cc1nc2c3cccnc3nn2c(C)c1CC[*:1],OCNT-0479401-AA-001,OCNT-0479395-AA-001,Cc1cc(C)cc(NC(=O)[*:1])c1,CC(=O)c1cccc(NC(=O)[*:1])c1,-0.6732081034548456,0.2604500490322248,-0.2727367008478492,0.0678812211081742,-0.40047140260699643,0.40047140260699643,0.26915067939729437,0.1367752031723215,0.16544187946745958,False
Cc1nc2c3cccnc3nn2c(C)c1CCC(=O)N[*:1],OCNT-0479401-AA-001,OCNT-0479395-AA-001,Cc1cc(C)cc([*:1])c1,CC(=O)c1cccc([*:1])c1,-0.6732081034548456,0.2604500490322248,-0.2727367008478492,0.0678812211081742,-0.40047140260699643,0.40047140260699643,0.26915067939729437,0.1367752031723215,0.16544187946745958,False
Cc1nc2c3cccnc3nn2c(C)c1C[*:1],OCNT-0479401-AA-001,OCNT-0479395-AA-001,Cc1cc(C)cc(NC(=O)C[*:1])c1,CC(=O)c1cccc(NC(=O)C[*:1])c1,-0.6732081034548456,0.2604500490322248,-0.2727367008478492,0.0678812211081742,-0.40047140260699643,0.40047140260699643,0.26915067939729437,0.1367752031723215,0.16544187946745958,False
O=C(NCCCN1CCN([*:1])CC1)C1Cc2ccccc2N1C(=O)c1ccccc1,OCNT-0460167-AA-001,OCNT-0460165-AA-001,CCC[*:1],c1ccc([*:1])cc1,-0.5918488975491913,0.0364046926060617,-0.9910659902832482,0.049138595855508,0.3992170927340568,0.3992170927340568,0.061154748355240506,6.666173275813901e-11,1.26352641409114e-10,True
O=C(NCC[*:1])C1Cc2ccccc2N1C(=O)c1ccccc1,OCNT-0460167-AA-001,OCNT-0460165-AA-001,CCCN1CCN(C[*:1])CC1,c1ccc(N2CCN(C[*:1])CC2)cc1,-0.5918488975491913,0.0364046926060617,-0.9910659902832482,0.049138595855508,0.3992170927340568,0.3992170927340568,0.061154748355240506,6.666173275813901e-11,1.26352641409114e-10,True
O=C(NCCC[*:1])C1Cc2ccccc2N1C(=O)c1ccccc1,OCNT-0460167-AA-001,OCNT-0460165-AA-001,CCCN1CCN([*:1])CC1,c1ccc(N2CCN([*:1])CC2)cc1,-0.5918488975491913,0.0364046926060617,-0.9910659902832482,0.049138595855508,0.3992170927340568,0.3992170927340568,0.061154748355240506,6.666173275813901e-11,1.26352641409114e-10,True
COc1ccc(-c2[nH]c(-c3ccc([*:1])cc3)nc2SCC(=O)Nc2ccc3c(c2)OCCO3)cc1,OCNT-0479376-AA-001,OCNT-0479366-AA-001,Cl[*:1],C[*:1],0.158886518010742,0.0955222708421307,-0.2373722918053398,0.0638202839696631,0.3962588098160818,0.3962588098160818,0.11488051563605471,0.0005620156813238753,0.0008557886572492363,True
COc1ccc(-c2[nH]c([*:1])nc2SCC(=O)Nc2ccc3c(c2)OCCO3)cc1,OCNT-0479376-AA-001,OCNT-0479366-AA-001,Clc1ccc([*:1])cc1,Cc1ccc([*:1])cc1,0.158886518010742,0.0955222708421307,-0.2373722918053398,0.0638202839696631,0.3962588098160818,0.3962588098160818,0.11488051563605471,0.0005620156813238753,0.0008557886572492363,True
CCN(CCCNC(=O)[*:1])c1ccccc1,OCNT-0454315-AA-001,OCNT-0461718-AA-001,O=c1[nH]c2ccsc2c(=O)n1CC[*:1],O=C1COc2ccccc2N1C[*:1],-2.9503144827724954,0.1952860424926096,-3.338075236812947,0.0678679245779958,0.3877607540404515,0.3877607540404515,0.20674306174319335,0.06071456860761682,0.07754099654636658,False
CCN(CCCNC(=O)C[*:1])c1ccccc1,OCNT-0454315-AA-001,OCNT-0461718-AA-001,O=c1[nH]c2ccsc2c(=O)n1C[*:1],O=C1COc2ccccc2N1[*:1],-2.9503144827724954,0.1952860424926096,-3.338075236812947,0.0678679245779958,0.3877607540404515,0.3877607540404515,0.20674306174319335,0.06071456860761682,0.07754099654636658,False
O=C(CSc1nc(-c2ccccc2)[nH]c1[*:1])Nc1ccc2c(c1)OCO2,OCNT-0479276-AA-001,OCNT-0479302-AA-001,c1ccc([*:1])cc1,Fc1ccc([*:1])cc1,-0.0113365201624751,0.022503471682081,-0.398452442561528,0.0385316437466187,0.3871159223990529,0.3871159223990529,0.044621674190493586,4.116897252824511e-18,9.61264081837937e-18,True
CCOc1cccc(CNC(=O)[C@H]2CCC[C@H]2[*:1])c1,OCNT-0475198-AA-001,OCNT-0475224-AA-001,COc1ccc(C(=O)N[*:1])cn1,COc1ccc(C(=O)N[*:1])cc1,-2.628169977221224,0.1976383244034274,-3.0143548016841732,0.1293100958408555,0.3861848244629491,0.3861848244629491,0.23618215038263507,0.10202507746844097,0.12615228123561145,False
CCOc1cccc(CNC(=O)[C@H]2CCC[C@H]2NC(=O)[*:1])c1,OCNT-0475198-AA-001,OCNT-0475224-AA-001,COc1ccc([*:1])cn1,COc1ccc([*:1])cc1,-2.628169977221224,0.1976383244034274,-3.0143548016841732,0.1293100958408555,0.3861848244629491,0.3861848244629491,0.23618215038263507,0.10202507746844097,0.12615228123561145,False
Cc1ccc(Cl)cc1N1CCN(C(=O)CSCc2nc([*:1])oc2C)CC1,OCNT-0479287-AA-001,OCNT-0479285-AA-001,COc1ccc([*:1])cc1OC,COc1ccc([*:1])cc1,-0.1822413578922151,0.0878572992781725,-0.5680066712455689,0.0854900564826258,0.38576531335335384,0.38576531335335384,0.12258651962535244,0.0016502153851433064,0.002426728994859177,True
C=CCN1CCN(C2CCN(S(=O)(=O)[*:1])CC2)C(=O)C1=O,OCNT-0456811-AA-001,OCNT-0456809-AA-001,Cc1cccc([*:1])c1,Cc1ccc([*:1])cc1C,-0.3484184911169011,0.0411919483351535,-0.731794768306089,0.0502604115097829,0.38337627718918793,0.38337627718918793,0.06498373313975331,3.644435143727316e-09,6.56696082231277e-09,True
Cc1nc(-c2cccc(F)c2)sc1CC[*:1],OCNT-0482222-AA-001,OCNT-0482148-AA-001,COc1ccc(OCC(=O)N[*:1])cc1,COc1cc(OC)cc(C(=O)N[*:1])c1,-0.1454733468903478,0.0499907316215237,-0.5281741006834317,0.053290845849535,0.38270075379308394,0.38270075379308394,0.07306837550824646,1.6270432902623928e-07,2.825674188269748e-07,True
Cc1nc(-c2cccc(F)c2)sc1CCNC(=O)[*:1],OCNT-0482222-AA-001,OCNT-0482148-AA-001,COc1ccc(OC[*:1])cc1,COc1cc(OC)cc([*:1])c1,-0.1454733468903478,0.0499907316215237,-0.5281741006834317,0.053290845849535,0.38270075379308394,0.38270075379308394,0.07306837550824646,1.6270432902623928e-07,2.825674188269748e-07,True
CCSc1nnc(-c2nn(C)c3c2CN(C(=O)[*:1])CC3)n1C,OCNT-0462943-AA-001,OCNT-0462939-AA-001,CC(C)[*:1],Clc1ccc(OC[*:1])cc1,-0.0082473364048736,0.0196517985913867,-0.3902652655445529,0.1163143279529879,0.3820179291396793,0.3820179291396793,0.11796277410705316,0.001201761439952408,0.0017811691360166823,True
C=CCn1c(=O)c2sc(N(CC)CC)nc2n([*:1])c1=O,OCNT-0463145-AA-001,OCNT-0463149-AA-001,O=C(C[*:1])NCc1ccccc1,O=C(C[*:1])NCCc1ccc(Cl)cc1,-0.3768197544436603,0.062304005599688,0.0034606881431684,0.0559152114880107,-0.3802804425868287,0.3802804425868287,0.08371558988333605,5.558351166712707e-06,9.140648726442201e-06,True
C=CCn1c(=O)c2sc(N(CC)CC)nc2n(C[*:1])c1=O,OCNT-0463145-AA-001,OCNT-0463149-AA-001,O=C(NCc1ccccc1)[*:1],O=C(NCCc1ccc(Cl)cc1)[*:1],-0.3768197544436603,0.062304005599688,0.0034606881431684,0.0559152114880107,-0.3802804425868287,0.3802804425868287,0.08371558988333605,5.558351166712707e-06,9.140648726442201e-06,True
C=CCn1c(=O)c2sc(N(CC)CC)nc2n(CC(=O)N[*:1])c1=O,OCNT-0463145-AA-001,OCNT-0463149-AA-001,c1ccc(C[*:1])cc1,Clc1ccc(CC[*:1])cc1,-0.3768197544436603,0.062304005599688,0.0034606881431684,0.0559152114880107,-0.3802804425868287,0.3802804425868287,0.08371558988333605,5.558351166712707e-06,9.140648726442201e-06,True
C=CCn1c(=O)c2sc(N(CC)CC)nc2n(CC(=O)NC[*:1])c1=O,OCNT-0463145-AA-001,OCNT-0463149-AA-001,c1ccc([*:1])cc1,Clc1ccc(C[*:1])cc1,-0.3768197544436603,0.062304005599688,0.0034606881431684,0.0559152114880107,-0.3802804425868287,0.3802804425868287,0.08371558988333605,5.558351166712707e-06,9.140648726442201e-06,True
Cn1nc(-c2ccccc2F)c2cc(C(=O)N3CCN([*:1])CC3)sc21,OCNT-0479163-AA-001,OCNT-0479187-AA-001,COc1ccccc1[*:1],c1ccc([*:1])nc1,-0.888502398049321,0.0420248442460132,-0.5095980471562491,0.0299122016965108,-0.37890435089307184,0.37890435089307184,0.05158320796765564,2.0499439693184691e-13,4.177770034594949e-13,True
O=C(N[*:1])c1ccc(CN2C(=O)C3CCCN3C(=O)c3ccccc32)cc1,OCNT-0462804-AA-001,OCNT-0462547-AA-001,Cc1ccc(C(C)[*:1])c(C)c1,CCc1ccc(C[*:1])cc1,-3.050335981495316,0.0441556475659202,-3.4291076642516174,0.0261585450106912,0.37877168275630124,0.37877168275630124,0.05132241897107064,1.5800645193097667e-13,3.224702150751459e-13,True
O=C1C2CCCN2C(=O)c2ccccc2N1Cc1ccc([*:1])cc1,OCNT-0462804-AA-001,OCNT-0462547-AA-001,Cc1ccc(C(C)NC(=O)[*:1])c(C)c1,CCc1ccc(CNC(=O)[*:1])cc1,-3.050335981495316,0.0441556475659202,-3.4291076642516174,0.0261585450106912,0.37877168275630124,0.37877168275630124,0.05132241897107064,1.5800645193097667e-13,3.224702150751459e-13,True
CC(=O)Nc1ccc(-c2noc(C3CCN(C(=O)[*:1])CC3)n2)cc1,OCNT-0463322-AA-001,OCNT-0463426-AA-001,COc1ccc(CC[*:1])cc1,CC(=O)Nc1cccc([*:1])c1,-0.3209604339752812,0.0449366477554425,0.0563680237894956,0.0304623928930376,-0.37732845776477675,0.37732845776477675,0.054288670017476975,3.6422882395853744e-12,7.24019441288823e-12,True
O=C(CSc1cn(CC(=O)N2CCCC2)c2ccccc12)N[*:1],OCNT-0456162-AA-001,OCNT-0456158-AA-001,c1cc2c(cc1[*:1])OCCO2,CCOc1ccccc1[*:1],-3.5457601406308084,0.0395029594593202,-3.922133557101257,0.1385565058847375,0.37637341647044886,0.37637341647044886,0.1440777190582638,0.008993677373224774,0.012398607623820295,True
O=C(Cn1cc(SC[*:1])c2ccccc21)N1CCCC1,OCNT-0456162-AA-001,OCNT-0456158-AA-001,O=C(Nc1ccc2c(c1)OCCO2)[*:1],CCOc1ccccc1NC(=O)[*:1],-3.5457601406308084,0.0395029594593202,-3.922133557101257,0.1385565058847375,0.37637341647044886,0.37637341647044886,0.1440777190582638,0.008993677373224774,0.012398607623820295,True
CCc1nn(CC(=O)NCC[*:1])c(=O)c2cc3sccc3n12,OCNT-0454989-AA-001,OCNT-0454987-AA-001,CCCCN(Cc1ccccc1)C[*:1],CCN(Cc1ccccc1)C[*:1],-2.953675111395205,0.0302362596542205,-3.3287693090854775,0.0443513968727855,0.3750941976902724,0.3750941976902724,0.05367753536112449,2.789960229242633e-12,5.559472867228602e-12,True
CCc1nn(CC(=O)NCCCN(Cc2ccccc2)C[*:1])c(=O)c2cc3sccc3n12,OCNT-0454989-AA-001,OCNT-0454987-AA-001,CCC[*:1],C[*:1],-2.953675111395205,0.0302362596542205,-3.3287693090854775,0.0443513968727855,0.3750941976902724,0.3750941976902724,0.05367753536112449,2.789960229242633e-12,5.559472867228602e-12,True
CCc1nn(CC(=O)NCCC[*:1])c(=O)c2cc3sccc3n12,OCNT-0454989-AA-001,OCNT-0454987-AA-001,CCCCN(Cc1ccccc1)[*:1],CCN(Cc1ccccc1)[*:1],-2.953675111395205,0.0302362596542205,-3.3287693090854775,0.0443513968727855,0.3750941976902724,0.3750941976902724,0.05367753536112449,2.789960229242633e-12,5.559472867228602e-12,True
CCc1nn(CC(=O)NCCCN(Cc2ccccc2)[*:1])c(=O)c2cc3sccc3n12,OCNT-0454989-AA-001,OCNT-0454987-AA-001,CCCC[*:1],CC[*:1],-2.953675111395205,0.0302362596542205,-3.3287693090854775,0.0443513968727855,0.3750941976902724,0.3750941976902724,0.05367753536112449,2.789960229242633e-12,5.559472867228602e-12,True
O=C(CC1Oc2ccccc2NC1=O)NCC[*:1],OCNT-0454899-AA-001,OCNT-0454903-AA-001,CCN(Cc1ccccc1)C[*:1],CC(C)N(Cc1ccccc1)C[*:1],-0.414893932575603,0.0241952026515326,-0.7883320456784422,0.0343698808069134,0.3734381131028392,0.3734381131028392,0.04203208938454243,6.415374611805282e-19,1.5300605921137938e-18,True
O=C(CC1Oc2ccccc2NC1=O)NCCC[*:1],OCNT-0454899-AA-001,OCNT-0454903-AA-001,CCN(Cc1ccccc1)[*:1],CC(C)N(Cc1ccccc1)[*:1],-0.414893932575603,0.0241952026515326,-0.7883320456784422,0.0343698808069134,0.3734381131028392,0.3734381131028392,0.04203208938454243,6.415374611805282e-19,1.5300605921137938e-18,True
O=C(CC1Oc2ccccc2NC1=O)NCCCN(Cc1ccccc1)[*:1],OCNT-0454899-AA-001,OCNT-0454903-AA-001,CC[*:1],CC(C)[*:1],-0.414893932575603,0.0241952026515326,-0.7883320456784422,0.0343698808069134,0.3734381131028392,0.3734381131028392,0.04203208938454243,6.415374611805282e-19,1.5300605921137938e-18,True
O=C(CC1Oc2ccccc2NC1=O)NC[*:1],OCNT-0454899-AA-001,OCNT-0454903-AA-001,CCN(CC[*:1])Cc1ccccc1,CC(C)N(CC[*:1])Cc1ccccc1,-0.414893932575603,0.0241952026515326,-0.7883320456784422,0.0343698808069134,0.3734381131028392,0.3734381131028392,0.04203208938454243,6.415374611805282e-19,1.5300605921137938e-18,True
CC1CCn2c(nc3cc(C(=O)NC[*:1])ccc32)C1,OCNT-0482582-AA-001,OCNT-0482578-AA-001,Cc1ccccc1[*:1],COc1ccc([*:1])cc1OC,-0.4776549426277766,0.0292578986426453,-0.1063165736029776,0.0422678420801153,-0.371338369024799,0.371338369024799,0.051406177713314495,5.062393838775321e-13,1.0212430110043865e-12,True
CC1CCn2c(nc3cc(C(=O)N[*:1])ccc32)C1,OCNT-0482582-AA-001,OCNT-0482578-AA-001,Cc1ccccc1C[*:1],COc1ccc(C[*:1])cc1OC,-0.4776549426277766,0.0292578986426453,-0.1063165736029776,0.0422678420801153,-0.371338369024799,0.371338369024799,0.051406177713314495,5.062393838775321e-13,1.0212430110043865e-12,True
CC(=O)Nc1ccc(-c2noc(C3CCCN(C(=O)[*:1])C3)n2)cc1,OCNT-0463436-AA-001,OCNT-0463304-AA-001,CCOc1ccc(C[*:1])cc1OCC,Fc1ccc(C[*:1])cc1,-3.3179862513620795,0.037503354897556,-2.947018477610667,0.0459010610898781,-0.37096777375141254,0.37096777375141254,0.059274016548136486,3.8864151645353655e-10,7.226487771746231e-10,True
CC(=O)Nc1ccc(-c2noc(C3CCCN(C(=O)C[*:1])C3)n2)cc1,OCNT-0463436-AA-001,OCNT-0463304-AA-001,CCOc1ccc([*:1])cc1OCC,Fc1ccc([*:1])cc1,-3.3179862513620795,0.037503354897556,-2.947018477610667,0.0459010610898781,-0.37096777375141254,0.37096777375141254,0.059274016548136486,3.8864151645353655e-10,7.226487771746231e-10,True
O=C(N[*:1])c1ccc2nc(Cc3ccccc3)oc2c1,OCNT-0482364-AA-001,OCNT-0482390-AA-001,Cc1cccc([*:1])c1C,CCOc1cc(C[*:1])ccc1OC,-1.4824378870855883,0.0274378351161866,-1.1128309406139456,0.033938000291661,-0.3696069464716427,0.3696069464716427,0.04364198276499161,2.4736294247727318e-17,5.5328804409678926e-17,True
O=C(COCc1nnc([*:1])s1)N1CCN(c2ccccn2)CC1,OCNT-0457748-AA-001,OCNT-0457772-AA-001,COc1ccc(NC(=O)[*:1])cc1,Cc1ccc(NC(=O)[*:1])cc1,0.0785999895683794,0.0249482575715334,-0.2894249878929882,0.0334766689661984,0.3680249774613676,0.3680249774613676,0.04175048408016372,1.198268894778727e-18,2.830274117300719e-18,True
O=C(N[*:1])c1nnc(COCC(=O)N2CCN(c3ccccn3)CC2)s1,OCNT-0457748-AA-001,OCNT-0457772-AA-001,COc1ccc([*:1])cc1,Cc1ccc([*:1])cc1,0.0785999895683794,0.0249482575715334,-0.2894249878929882,0.0334766689661984,0.3680249774613676,0.3680249774613676,0.04175048408016372,1.198268894778727e-18,2.830274117300719e-18,True
O=C(Nc1ccc([*:1])cc1)c1nnc(COCC(=O)N2CCN(c3ccccn3)CC2)s1,OCNT-0457748-AA-001,OCNT-0457772-AA-001,CO[*:1],C[*:1],0.0785999895683794,0.0249482575715334,-0.2894249878929882,0.0334766689661984,0.3680249774613676,0.3680249774613676,0.04175048408016372,1.198268894778727e-18,2.830274117300719e-18,True
Cc1nc(CCNC(=O)C2CCCN2S(=O)(=O)[*:1])cs1,OCNT-0462988-AA-001,OCNT-0462990-AA-001,COc1ccc([*:1])cc1Cl,CCC(=O)Nc1ccc([*:1])cc1,-0.4519299710587854,0.02641726909584,-0.8190163246923794,0.0379838505427046,0.367086353633594,0.367086353633594,0.04626710503729992,2.120820231257413e-15,4.5403736709421604e-15,True
O=C1C2CCCN2C(=O)c2ccccc2N1Cc1cccc([*:1])c1,OCNT-0462601-AA-001,OCNT-0462633-AA-001,Cc1ccc(C(C)NC(=O)[*:1])c(C)c1,CCOc1cccc(CNC(=O)[*:1])c1,-3.4436648686768057,0.0344948645116666,-3.809867752683608,0.026236984595034,0.36620288400680234,0.36620288400680234,0.04333907057515524,2.920096243750147e-17,6.50771904231021e-17,True
O=C(N[*:1])c1cccc(CN2C(=O)C3CCCN3C(=O)c3ccccc32)c1,OCNT-0462601-AA-001,OCNT-0462633-AA-001,Cc1ccc(C(C)[*:1])c(C)c1,CCOc1cccc(C[*:1])c1,-3.4436648686768057,0.0344948645116666,-3.809867752683608,0.026236984595034,0.36620288400680234,0.36620288400680234,0.04333907057515524,2.920096243750147e-17,6.50771904231021e-17,True
O=C(CN1C(=O)C2CCCCN2c2ccc(C(=O)N3CCCC3)cc21)NC[*:1],OCNT-0460745-AA-001,OCNT-0460757-AA-001,Clc1ccc([*:1])cc1,COc1ccc([*:1])cc1,-0.9915924067710452,0.0248304287620565,-0.6261491346875734,0.0495815169225266,-0.3654432720834718,0.3654432720834718,0.055451573583139686,4.3889784818143956e-11,8.436630278868678e-11,True
O=C(CN1C(=O)C2CCCCN2c2ccc(C(=O)N3CCCC3)cc21)NCc1ccc([*:1])cc1,OCNT-0460745-AA-001,OCNT-0460757-AA-001,Cl[*:1],CO[*:1],-0.9915924067710452,0.0248304287620565,-0.6261491346875734,0.0495815169225266,-0.3654432720834718,0.3654432720834718,0.055451573583139686,4.3889784818143956e-11,8.436630278868678e-11,True
O=C(CN1C(=O)C2CCCCN2c2ccc(C(=O)N3CCCC3)cc21)N[*:1],OCNT-0460745-AA-001,OCNT-0460757-AA-001,Clc1ccc(C[*:1])cc1,COc1ccc(C[*:1])cc1,-0.9915924067710452,0.0248304287620565,-0.6261491346875734,0.0495815169225266,-0.3654432720834718,0.3654432720834718,0.055451573583139686,4.3889784818143956e-11,8.436630278868678e-11,True
O=C(c1ccc2c(c1)N(C[*:1])C(=O)C1CCCCN21)N1CCCC1,OCNT-0460745-AA-001,OCNT-0460757-AA-001,O=C(NCc1ccc(Cl)cc1)[*:1],COc1ccc(CNC(=O)[*:1])cc1,-0.9915924067710452,0.0248304287620565,-0.6261491346875734,0.0495815169225266,-0.3654432720834718,0.3654432720834718,0.055451573583139686,4.3889784818143956e-11,8.436630278868678e-11,True
O=C(c1ccc2c(c1)N([*:1])C(=O)C1CCCCN21)N1CCCC1,OCNT-0460745-AA-001,OCNT-0460757-AA-001,O=C(C[*:1])NCc1ccc(Cl)cc1,COc1ccc(CNC(=O)C[*:1])cc1,-0.9915924067710452,0.0248304287620565,-0.6261491346875734,0.0495815169225266,-0.3654432720834718,0.3654432720834718,0.055451573583139686,4.3889784818143956e-11,8.436630278868678e-11,True
CC(=O)Nc1ccc(-c2noc(C3CCCN(C(=O)C[*:1])C3)n2)cc1,OCNT-0463436-AA-001,OCNT-0463446-AA-001,CCOc1ccc([*:1])cc1OCC,Cc1ccc([*:1])cc1,-3.3179862513620795,0.037503354897556,-2.9560283016638,0.1048029496928386,-0.36195794969827944,0.36195794969827944,0.11131109510238274,0.0011468925915349333,0.0017008764675672616,True
CC(=O)Nc1ccc(-c2noc(C3CCCN(C(=O)[*:1])C3)n2)cc1,OCNT-0463436-AA-001,OCNT-0463446-AA-001,CCOc1ccc(C[*:1])cc1OCC,Cc1ccc(C[*:1])cc1,-3.3179862513620795,0.037503354897556,-2.9560283016638,0.1048029496928386,-0.36195794969827944,0.36195794969827944,0.11131109510238274,0.0011468925915349333,0.0017008764675672616,True
Cn1cc(CN(CCCN2CCOCC2)C(=S)N[*:1])c2ccccc21,OCNT-0461796-AA-001,OCNT-0461794-AA-001,COc1ccc(Cl)cc1[*:1],COc1ccc([*:1])cc1Cl,-0.868396932539779,0.0924645538579433,-0.5068047996757894,0.0287025579625714,-0.3615921328639896,0.3615921328639896,0.09681699516997659,0.00018786427637943997,0.0002937405011504726,True
O=C(CN1C(=O)CSc2ccc(C(=O)N3CCCC3)cc21)N[*:1],OCNT-0457842-AA-001,OCNT-0457966-AA-001,COc1ccc([*:1])cc1,Cc1cccc(C[*:1])c1,-0.6970071155880888,0.0610641591507044,-0.3361929884030767,0.0463436843091245,-0.3608141271850121,0.3608141271850121,0.07665878037202489,2.5169062165134274e-06,4.218403775211203e-06,True
O=C(c1ccc2c(c1)N([*:1])C(=O)CS2)N1CCCC1,OCNT-0457842-AA-001,OCNT-0457966-AA-001,COc1ccc(NC(=O)C[*:1])cc1,Cc1cccc(CNC(=O)C[*:1])c1,-0.6970071155880888,0.0610641591507044,-0.3361929884030767,0.0463436843091245,-0.3608141271850121,0.3608141271850121,0.07665878037202489,2.5169062165134274e-06,4.218403775211203e-06,True
O=C(c1ccc2c(c1)N(C[*:1])C(=O)CS2)N1CCCC1,OCNT-0457842-AA-001,OCNT-0457966-AA-001,COc1ccc(NC(=O)[*:1])cc1,Cc1cccc(CNC(=O)[*:1])c1,-0.6970071155880888,0.0610641591507044,-0.3361929884030767,0.0463436843091245,-0.3608141271850121,0.3608141271850121,0.07665878037202489,2.5169062165134274e-06,4.218403775211203e-06,True
Cc1nc(-c2cccc(F)c2)sc1CCNC(=O)[*:1],OCNT-0482212-AA-001,OCNT-0482222-AA-001,COc1ccc([*:1])c(OC)c1,COc1ccc(OC[*:1])cc1,-0.5054091437111993,0.0598111702641195,-0.1454733468903478,0.0499907316215237,-0.3599357968208515,0.3599357968208515,0.0779515832835915,3.885260529197528e-06,6.449954216381515e-06,True
Cc1nc(-c2cccc(F)c2)sc1CC[*:1],OCNT-0482212-AA-001,OCNT-0482222-AA-001,COc1ccc(C(=O)N[*:1])c(OC)c1,COc1ccc(OCC(=O)N[*:1])cc1,-0.5054091437111993,0.0598111702641195,-0.1454733468903478,0.0499907316215237,-0.3599357968208515,0.3599357968208515,0.0779515832835915,3.885260529197528e-06,6.449954216381515e-06,True
O=C(CSc1nc2ccccc2c(=O)n1CCCC(=O)N1CCCC1)N[*:1],OCNT-0461511-AA-001,OCNT-0461509-AA-001,CCc1ccc([*:1])cc1,COc1cccc([*:1])c1,-1.0049016382204228,0.0432635571795082,-1.3636112364420097,0.0557187689948438,0.3587095982215869,0.3587095982215869,0.07054301239758154,3.6767054793664684e-07,6.309185349235448e-07,True
O=C(CCCn1c([*:1])nc2ccccc2c1=O)N1CCCC1,OCNT-0461511-AA-001,OCNT-0461509-AA-001,CCc1ccc(NC(=O)CS[*:1])cc1,COc1cccc(NC(=O)CS[*:1])c1,-1.0049016382204228,0.0432635571795082,-1.3636112364420097,0.0557187689948438,0.3587095982215869,0.3587095982215869,0.07054301239758154,3.6767054793664684e-07,6.309185349235448e-07,True
O=C(CCCn1c(S[*:1])nc2ccccc2c1=O)N1CCCC1,OCNT-0461511-AA-001,OCNT-0461509-AA-001,CCc1ccc(NC(=O)C[*:1])cc1,COc1cccc(NC(=O)C[*:1])c1,-1.0049016382204228,0.0432635571795082,-1.3636112364420097,0.0557187689948438,0.3587095982215869,0.3587095982215869,0.07054301239758154,3.6767054793664684e-07,6.309185349235448e-07,True
O=C(CCCn1c(SC[*:1])nc2ccccc2c1=O)N1CCCC1,OCNT-0461511-AA-001,OCNT-0461509-AA-001,CCc1ccc(NC(=O)[*:1])cc1,COc1cccc(NC(=O)[*:1])c1,-1.0049016382204228,0.0432635571795082,-1.3636112364420097,0.0557187689948438,0.3587095982215869,0.3587095982215869,0.07054301239758154,3.6767054793664684e-07,6.309185349235448e-07,True
CC(C)CCN1CCC(N2CCN(S(=O)(=O)[*:1])CC2)C1=O,OCNT-0475266-AA-001,OCNT-0475264-AA-001,FC(F)(F)c1cccc([*:1])c1,CC(C)Cc1ccc([*:1])cc1,-2.938661928808208,0.4136834722369357,-3.296285221045826,0.2707502576389818,0.35762329223761835,0.35762329223761835,0.4944084518023358,0.469473654028869,0.5170126153954286,False
CC(C)C(=O)N1CCc2c(c([*:1])nn2C)C1,OCNT-0463093-AA-001,OCNT-0462943-AA-001,Clc1ccccc1-c1nnc([*:1])o1,CCSc1nnc([*:1])n1C,-0.3639337710029438,0.061682932583834,-0.0082473364048736,0.0196517985913867,-0.3556864345980702,0.3556864345980702,0.06473775837962138,3.923397937757471e-08,6.936817018563968e-08,True
CC1CCn2c(nc3cc(C(=O)NC[*:1])ccc32)C1,OCNT-0482582-AA-001,OCNT-0482560-AA-001,Cc1ccccc1[*:1],CCOc1cc([*:1])ccc1OC,-0.4776549426277766,0.0292578986426453,-0.1238268595691373,0.0346232774046693,-0.3538280830586393,0.3538280830586393,0.045329857392495614,5.92051610155548e-15,1.2543292554550874e-14,True
CC1CCn2c(nc3cc(C(=O)N[*:1])ccc32)C1,OCNT-0482582-AA-001,OCNT-0482560-AA-001,Cc1ccccc1C[*:1],CCOc1cc(C[*:1])ccc1OC,-0.4776549426277766,0.0292578986426453,-0.1238268595691373,0.0346232774046693,-0.3538280830586393,0.3538280830586393,0.045329857392495614,5.92051610155548e-15,1.2543292554550874e-14,True
O=S(=O)(c1ccc2c(c1)CCCC2)N1CCC2(CC1)NCCN=C2N[*:1],OCNT-0462819-AQ-001,OCNT-0462823-AQ-001,Cc1cccc(C[*:1])c1,Fc1cccc(C[*:1])c1,-2.1477189085101727,0.0959006459431612,-2.49951547943887,0.0648555115746662,0.3517965709286974,0.3517965709286974,0.11577206603463212,0.0023760137451824667,0.003458718402416119,True
O=S(=O)(c1ccc2c(c1)CCCC2)N1CCC2(CC1)NCCN=C2NCc1cccc([*:1])c1,OCNT-0462819-AQ-001,OCNT-0462823-AQ-001,C[*:1],F[*:1],-2.1477189085101727,0.0959006459431612,-2.49951547943887,0.0648555115746662,0.3517965709286974,0.3517965709286974,0.11577206603463212,0.0023760137451824667,0.003458718402416119,True
O=S(=O)(c1ccc2c(c1)CCCC2)N1CCC2(CC1)NCCN=C2NC[*:1],OCNT-0462819-AQ-001,OCNT-0462823-AQ-001,Cc1cccc([*:1])c1,Fc1cccc([*:1])c1,-2.1477189085101727,0.0959006459431612,-2.49951547943887,0.0648555115746662,0.3517965709286974,0.3517965709286974,0.11577206603463212,0.0023760137451824667,0.003458718402416119,True
CC(C)CCN1CCC(N2CCN(S(=O)(=O)[*:1])CC2)C1=O,OCNT-0475266-AA-001,OCNT-0475288-AA-001,FC(F)(F)c1cccc([*:1])c1,CCCc1ccc([*:1])cc1,-2.938661928808208,0.4136834722369357,-3.2894225232601055,0.0468451308334928,0.35076059445189767,0.35076059445189767,0.4163273729708564,0.39950171214424235,0.44516424845945407,False
c1ccc(-c2nc(N[*:1])c3ccccc3n2)cc1,OCNT-0497584-AA-001,OCNT-0497334-AA-001,Clc1ccc(C[*:1])cc1,C1CCC([*:1])C1,-0.0900236864755588,0.0371652085828673,-0.4404411353083665,0.0371308831859195,0.3504174488328077,0.3504174488328077,0.052535275912232844,2.5556602975849367e-11,4.951465358820539e-11,True
c1ccc(-c2nc([*:1])c3ccccc3n2)cc1,OCNT-0497584-AA-001,OCNT-0497334-AA-001,Clc1ccc(CN[*:1])cc1,C1CCC(N[*:1])C1,-0.0900236864755588,0.0371652085828673,-0.4404411353083665,0.0371308831859195,0.3504174488328077,0.3504174488328077,0.052535275912232844,2.5556602975849367e-11,4.951465358820539e-11,True
CNCc1cc(F)ccc1[*:1],OCNT-0498020-AA-001,OCNT-0494134-AA-001,Clc1ccc(O[*:1])cc1Cl,Fc1cc(O[*:1])ccc1Cl,-0.0952171612561368,0.0330994354051436,-0.4451687466263325,0.0543924276186819,0.34995158537019566,0.34995158537019566,0.06367188395510866,3.881253642362446e-08,6.86726512137448e-08,True
CNCc1cc(F)ccc1O[*:1],OCNT-0498020-AA-001,OCNT-0494134-AA-001,Clc1ccc([*:1])cc1Cl,Fc1cc([*:1])ccc1Cl,-0.0952171612561368,0.0330994354051436,-0.4451687466263325,0.0543924276186819,0.34995158537019566,0.34995158537019566,0.06367188395510866,3.881253642362446e-08,6.86726512137448e-08,True
CNCc1cc(F)ccc1Oc1ccc(Cl)c([*:1])c1,OCNT-0498020-AA-001,OCNT-0494134-AA-001,Cl[*:1],F[*:1],-0.0952171612561368,0.0330994354051436,-0.4451687466263325,0.0543924276186819,0.34995158537019566,0.34995158537019566,0.06367188395510866,3.881253642362446e-08,6.86726512137448e-08,True
C=CCn1c(=O)c2sc(N(CC)CC)nc2n([*:1])c1=O,OCNT-0463145-AA-001,OCNT-0463147-AA-001,O=C(C[*:1])NCc1ccccc1,O=C(C[*:1])NCc1ccc(Cl)cc1,-0.3768197544436603,0.062304005599688,-0.0281765484770518,0.0263269873624851,-0.34864320596660847,0.34864320596660847,0.06763800246422425,2.542459267669505e-07,4.3905418687277904e-07,True
C=CCn1c(=O)c2sc(N(CC)CC)nc2n(CC(=O)NC[*:1])c1=O,OCNT-0463145-AA-001,OCNT-0463147-AA-001,c1ccc([*:1])cc1,Clc1ccc([*:1])cc1,-0.3768197544436603,0.062304005599688,-0.0281765484770518,0.0263269873624851,-0.34864320596660847,0.34864320596660847,0.06763800246422425,2.542459267669505e-07,4.3905418687277904e-07,True
C=CCn1c(=O)c2sc(N(CC)CC)nc2n(C[*:1])c1=O,OCNT-0463145-AA-001,OCNT-0463147-AA-001,O=C(NCc1ccccc1)[*:1],O=C(NCc1ccc(Cl)cc1)[*:1],-0.3768197544436603,0.062304005599688,-0.0281765484770518,0.0263269873624851,-0.34864320596660847,0.34864320596660847,0.06763800246422425,2.542459267669505e-07,4.3905418687277904e-07,True
C=CCn1c(=O)c2sc(N(CC)CC)nc2n(CC(=O)N[*:1])c1=O,OCNT-0463145-AA-001,OCNT-0463147-AA-001,c1ccc(C[*:1])cc1,Clc1ccc(C[*:1])cc1,-0.3768197544436603,0.062304005599688,-0.0281765484770518,0.0263269873624851,-0.34864320596660847,0.34864320596660847,0.06763800246422425,2.542459267669505e-07,4.3905418687277904e-07,True
Cc1nc2c3cccnc3nn2c(C)c1CCC(=O)N[*:1],OCNT-0479397-AA-001,OCNT-0479395-AA-001,Fc1ccc([*:1])cc1F,CC(=O)c1cccc([*:1])c1,0.0754986025858363,0.0259927505554285,-0.2727367008478492,0.0678812211081742,0.3482353034336855,0.3482353034336855,0.07268757294457948,1.6607574367552106e-06,2.798810914421488e-06,True
Cc1nc2c3cccnc3nn2c(C)c1CC[*:1],OCNT-0479397-AA-001,OCNT-0479395-AA-001,O=C(Nc1ccc(F)c(F)c1)[*:1],CC(=O)c1cccc(NC(=O)[*:1])c1,0.0754986025858363,0.0259927505554285,-0.2727367008478492,0.0678812211081742,0.3482353034336855,0.3482353034336855,0.07268757294457948,1.6607574367552106e-06,2.798810914421488e-06,True
Cc1nc2c3cccnc3nn2c(C)c1C[*:1],OCNT-0479397-AA-001,OCNT-0479395-AA-001,O=C(C[*:1])Nc1ccc(F)c(F)c1,CC(=O)c1cccc(NC(=O)C[*:1])c1,0.0754986025858363,0.0259927505554285,-0.2727367008478492,0.0678812211081742,0.3482353034336855,0.3482353034336855,0.07268757294457948,1.6607574367552106e-06,2.798810914421488e-06,True
CCOc1ccc2nc(N3CCC(C(=O)N[*:1])CC3)sc2c1,OCNT-0479685-AA-001,OCNT-0479693-AA-001,COc1ccc([*:1])cc1,Cc1ccc([*:1])cc1Cl,0.239645285979068,0.0309343608558545,-0.1082863695732268,0.0467704811461373,0.3479316555522948,0.3479316555522948,0.05607506208825281,5.478445443198587e-10,1.0102302938588503e-09,True
CCOc1ccc2nc(N3CCC([*:1])CC3)sc2c1,OCNT-0479685-AA-001,OCNT-0479693-AA-001,COc1ccc(NC(=O)[*:1])cc1,Cc1ccc(NC(=O)[*:1])cc1Cl,0.239645285979068,0.0309343608558545,-0.1082863695732268,0.0467704811461373,0.3479316555522948,0.3479316555522948,0.05607506208825281,5.478445443198587e-10,1.0102302938588503e-09,True
O=C(N/C(=N/c1ccc2c(c1)OCCO2)NCCc1c[nH]c2ccccc12)[*:1],OCNT-0456990-AA-001,OCNT-0456984-AA-001,Cc1ccc([*:1])cc1F,c1cc2c(cc1[*:1])OCO2,-0.6849781213020756,0.1927356109364257,-0.3386132139313496,0.0247388396423856,-0.346364907370726,0.346364907370726,0.19431681839174117,0.0746717739155533,0.09404108634655632,False
CC(C)Cc1nn2c(=O)cc(COC(=O)c3cccc(NC(=O)[*:1])c3)nc2s1,OCNT-0481962-AA-001,OCNT-0481958-AA-001,c1ccc(CC[*:1])cc1,COc1ccccc1[*:1],0.0472535586386412,0.062749474753313,0.393231967743576,0.0566746205476188,-0.3459784091049348,0.3459784091049348,0.08455477039193732,4.28098892102444e-05,6.815601749997921e-05,True
CC(C)Cc1nn2c(=O)cc(COC(=O)c3cccc([*:1])c3)nc2s1,OCNT-0481962-AA-001,OCNT-0481958-AA-001,O=C(CCc1ccccc1)N[*:1],COc1ccccc1C(=O)N[*:1],0.0472535586386412,0.062749474753313,0.393231967743576,0.0566746205476188,-0.3459784091049348,0.3459784091049348,0.08455477039193732,4.28098892102444e-05,6.815601749997921e-05,True
CC(C)C(=O)N1CCc2c(c([*:1])nn2C)C1,OCNT-0457919-AA-001,OCNT-0463093-AA-001,O=C(NCc1ccc2c(c1)OCO2)[*:1],Clc1ccccc1-c1nnc([*:1])o1,-0.0188225533633495,0.0297481954243463,-0.3639337710029438,0.061682932583834,0.3451112176395943,0.3451112176395943,0.06848167129347026,4.6682672577126663e-07,7.988286699036989e-07,True
O=S(=O)(NCCCn1ccnc1)[*:1],OCNT-0493974-AA-001,OCNT-0495943-AA-001,COc1cc(Cl)c([*:1])cc1Cl,COc1ccc([*:1])cc1C,-0.4288702937555116,0.0443073354676542,-0.0840494061372905,0.0264028067115405,-0.3448208876182211,0.3448208876182211,0.05157759376405821,2.3017151370998054e-11,4.466532070169091e-11,True
COc1ccc2cc(C(=O)N3CCC(CC(=O)NCC[*:1])CC3)[nH]c2c1,OCNT-0461867-AA-001,OCNT-0461847-AA-001,CC(N1CCCCCC1)[*:1],C1CCCN(C[*:1])CC1,-0.3814221375887413,0.0220731306012477,-0.0380016945051616,0.0319741478667563,-0.34342044308357966,0.34342044308357966,0.03885317524147717,9.6640824656172e-19,2.2981544988693186e-18,True
COc1ccc2cc(C(=O)N3CCC(CC(=O)N[*:1])CC3)[nH]c2c1,OCNT-0461867-AA-001,OCNT-0461847-AA-001,CC(CC[*:1])N1CCCCCC1,C1CCCN(CCC[*:1])CC1,-0.3814221375887413,0.0220731306012477,-0.0380016945051616,0.0319741478667563,-0.34342044308357966,0.34342044308357966,0.03885317524147717,9.6640824656172e-19,2.2981544988693186e-18,True
COc1ccc2cc(C(=O)N3CCC(CC(=O)NC[*:1])CC3)[nH]c2c1,OCNT-0461867-AA-001,OCNT-0461847-AA-001,CC(C[*:1])N1CCCCCC1,C1CCCN(CC[*:1])CC1,-0.3814221375887413,0.0220731306012477,-0.0380016945051616,0.0319741478667563,-0.34342044308357966,0.34342044308357966,0.03885317524147717,9.6640824656172e-19,2.2981544988693186e-18,True
O=C(Nc1ccccc1N1CCCC1)[*:1],OCNT-0495880-AA-001,OCNT-0497581-AA-001,Fc1cccc(C[*:1])c1,c1ccc2nc([*:1])ccc2c1,-1.903592830279725,0.1227944744239737,-1.5621294532659815,0.2669766524058327,-0.3414633770137434,0.3414633770137434,0.29386223962749064,0.24524174802898835,0.28400688945903196,False
CCSc1nnc(-c2nn(C)c3c2CN(C(=O)[*:1])CC3)n1C,OCNT-0462941-AA-001,OCNT-0462937-AA-001,CC[*:1],CC(C)C[*:1],0.038012584065901,0.0211334314752665,-0.3026964597033359,0.0215559555204318,0.34070904376923694,0.34070904376923694,0.030187433549717653,1.53091101099299e-29,4.518865191676534e-29,True
CCSc1nnc(-c2nn(C)c3c2CN(C(=O)C[*:1])CC3)n1C,OCNT-0462941-AA-001,OCNT-0462937-AA-001,C[*:1],CC(C)[*:1],0.038012584065901,0.0211334314752665,-0.3026964597033359,0.0215559555204318,0.34070904376923694,0.34070904376923694,0.030187433549717653,1.53091101099299e-29,4.518865191676534e-29,True
O=C(Nc1nc(-c2ccccn2)cs1)[*:1],OCNT-0494222-AA-001,OCNT-0494126-AA-001,Cc1ccc([*:1])cc1,c1ccc2oc([*:1])cc2c1,-0.1459824628362381,0.0324488807631127,-0.4866858582982314,0.0444197292878275,0.3407033954619933,0.3407033954619933,0.05500947384571667,5.882762270320299e-10,1.0823397951484039e-09,True
COc1ccc(CC(=O)N[*:1])cc1OC,OCNT-0482054-AA-001,OCNT-0497440-AA-001,COc1ccc2nc([*:1])sc2c1,CSc1cccc([*:1])c1,-0.0441360980526269,0.0263678353693178,-0.3846144709476302,0.0423865662683671,0.34047837289500327,0.34047837289500327,0.049918771440071744,9.06307085523218e-12,1.7856146846017023e-11,True
CCOc1ccc2nc(N3CCCC(C(=O)N[*:1])C3)sc2c1,OCNT-0479725-AA-001,OCNT-0479721-AA-001,Cc1cccc(C)c1[*:1],c1cc(Cc2ccc([*:1])cc2)ccn1,0.0865714304340216,0.0576970352485848,-0.2528918328410965,0.0282159859848961,0.3394632632751181,0.3394632632751181,0.06422686152674978,1.2544521459071615e-07,2.1910381163703241e-07,True
O=C(c1ccc2c(c1)N(C[*:1])C(=O)CS2)N1CCCC1,OCNT-0457878-AA-001,OCNT-0457930-AA-001,COc1cc(NC(=O)[*:1])cc(OC)c1,O=C(NCc1ccc2c(c1)OCO2)[*:1],-0.3774064649295964,0.040294140229602,-0.0448879507799361,0.033181543757535,-0.33251851414966027,0.33251851414966027,0.052198013209087187,1.8862321449232185e-10,3.531453755644312e-10,True
O=C(CN1C(=O)CSc2ccc(C(=O)N3CCCC3)cc21)N[*:1],OCNT-0457878-AA-001,OCNT-0457930-AA-001,COc1cc(OC)cc([*:1])c1,c1cc2c(cc1C[*:1])OCO2,-0.3774064649295964,0.040294140229602,-0.0448879507799361,0.033181543757535,-0.33251851414966027,0.33251851414966027,0.052198013209087187,1.8862321449232185e-10,3.531453755644312e-10,True
Cc1nc(-c2cccc(F)c2)sc1CC[*:1],OCNT-0482146-AA-001,OCNT-0482160-AA-001,COc1ccc(CC(=O)N[*:1])cc1,O=C(N[*:1])c1ccc(F)c(F)c1,-1.8910470355604825,0.0853024065015388,-1.5589443662852402,0.0767013533741491,-0.33210266927524223,0.33210266927524223,0.1147152917634779,0.003791385313104157,0.0054222792876480845,True
Cc1nc(-c2cccc(F)c2)sc1C[*:1],OCNT-0482146-AA-001,OCNT-0482160-AA-001,COc1ccc(CC(=O)NC[*:1])cc1,O=C(NC[*:1])c1ccc(F)c(F)c1,-1.8910470355604825,0.0853024065015388,-1.5589443662852402,0.0767013533741491,-0.33210266927524223,0.33210266927524223,0.1147152917634779,0.003791385313104157,0.0054222792876480845,True
Cc1nc(-c2cccc(F)c2)sc1CCNC(=O)[*:1],OCNT-0482146-AA-001,OCNT-0482160-AA-001,COc1ccc(C[*:1])cc1,Fc1ccc([*:1])cc1F,-1.8910470355604825,0.0853024065015388,-1.5589443662852402,0.0767013533741491,-0.33210266927524223,0.33210266927524223,0.1147152917634779,0.003791385313104157,0.0054222792876480845,True
Cc1ccc(Cn2cc([*:1])c(=O)c3cc4c(cc32)OCCO4)cc1,OCNT-0479179-AA-001,OCNT-0479203-AA-001,Cc1ccc(C(=O)[*:1])cc1C,O=C(c1ccc(Cl)cc1)[*:1],-0.228273182879288,0.0743722522146837,-0.5566738988662934,0.0497641693643522,0.3284007159870054,0.3284007159870054,0.0894857779315152,0.00024267868698140698,0.0003775173217059777,True
Cc1ccc(Cn2cc(C(=O)[*:1])c(=O)c3cc4c(cc32)OCCO4)cc1,OCNT-0479179-AA-001,OCNT-0479203-AA-001,Cc1ccc([*:1])cc1C,Clc1ccc([*:1])cc1,-0.228273182879288,0.0743722522146837,-0.5566738988662934,0.0497641693643522,0.3284007159870054,0.3284007159870054,0.0894857779315152,0.00024267868698140698,0.0003775173217059777,True
O=C(CC1Oc2ccccc2NC1=O)NC[*:1],OCNT-0454903-AA-001,OCNT-0454901-AA-001,CC(C)N(CC[*:1])Cc1ccccc1,CCCCN(CCCC)C[*:1],-0.7883320456784422,0.0343698808069134,-0.4600244325640442,0.0255080058768184,-0.328307613114398,0.328307613114398,0.04280125080524209,1.713078561651658e-14,3.570616048008183e-14,True
O=C(CC1Oc2ccccc2NC1=O)NCC[*:1],OCNT-0454903-AA-001,OCNT-0454901-AA-001,CC(C)N(Cc1ccccc1)C[*:1],CCCCN(CCCC)[*:1],-0.7883320456784422,0.0343698808069134,-0.4600244325640442,0.0255080058768184,-0.328307613114398,0.328307613114398,0.04280125080524209,1.713078561651658e-14,3.570616048008183e-14,True
CC(C)N1C(=O)C2(CCCC2)C1C(=O)NCC[*:1],OCNT-0475106-AA-001,OCNT-0475100-AA-001,c1cnn(C[*:1])c1,c1ccc2[nH]c([*:1])nc2c1,-0.24634901125949,0.028779939459426,-0.5741548948546207,0.0469976523989166,0.3278058835951307,0.3278058835951307,0.05510956583296241,2.7101215951273258e-09,4.894219589133997e-09,True
CC(C)N1C(=O)C2(CCCC2)C1C(=O)NC[*:1],OCNT-0475106-AA-001,OCNT-0475100-AA-001,c1cnn(CC[*:1])c1,c1ccc2[nH]c(C[*:1])nc2c1,-0.24634901125949,0.028779939459426,-0.5741548948546207,0.0469976523989166,0.3278058835951307,0.3278058835951307,0.05510956583296241,2.7101215951273258e-09,4.894219589133997e-09,True
CC(C)N1C(=O)C2(CCCC2)C1C(=O)N[*:1],OCNT-0475106-AA-001,OCNT-0475100-AA-001,c1cnn(CCC[*:1])c1,c1ccc2[nH]c(CC[*:1])nc2c1,-0.24634901125949,0.028779939459426,-0.5741548948546207,0.0469976523989166,0.3278058835951307,0.3278058835951307,0.05510956583296241,2.7101215951273258e-09,4.894219589133997e-09,True
Cn1c(C2CCN(C(=O)C[*:1])C2)nc2ccncc21,OCNT-0475004-AA-001,OCNT-0475006-AA-001,c1ccc2c(C[*:1])c[nH]c2c1,COc1ccc([*:1])cc1Cl,-0.9636939661984526,0.0334650411557074,-1.2902252987805916,0.0415030909599074,0.32653133258213896,0.32653133258213896,0.05331430894965757,9.088476290939886e-10,1.657190870635611e-09,True
Cn1c(C2CCN(C(=O)[*:1])C2)nc2ccncc21,OCNT-0475004-AA-001,OCNT-0475006-AA-001,c1ccc2c(CC[*:1])c[nH]c2c1,COc1ccc(C[*:1])cc1Cl,-0.9636939661984526,0.0334650411557074,-1.2902252987805916,0.0415030909599074,0.32653133258213896,0.32653133258213896,0.05331430894965757,9.088476290939886e-10,1.657190870635611e-09,True
Cn1ncc2c([*:1])nc(N3CCN(C4CCCCC4)CC3)nc21,OCNT-0482102-AA-001,OCNT-0482106-AA-001,COc1cccc(N[*:1])c1,Clc1ccc(N[*:1])cc1,-0.7425040578823797,0.052974646341301,-0.4219876983272552,0.0284977627013936,-0.32051635955512453,0.32051635955512453,0.060153434099566215,9.912887260213403e-08,1.732631080410157e-07,True
Cn1ncc2c(N[*:1])nc(N3CCN(C4CCCCC4)CC3)nc21,OCNT-0482102-AA-001,OCNT-0482106-AA-001,COc1cccc([*:1])c1,Clc1ccc([*:1])cc1,-0.7425040578823797,0.052974646341301,-0.4219876983272552,0.0284977627013936,-0.32051635955512453,0.32051635955512453,0.060153434099566215,9.912887260213403e-08,1.732631080410157e-07,True
COc1ccc2nc(NC(=O)[*:1])sc2c1,OCNT-0482056-AA-001,OCNT-0482054-AA-001,c1ccc([*:1])nc1,COc1ccc(C[*:1])cc1OC,0.2758309759034624,0.0413581435965414,-0.0441360980526269,0.0263678353693178,0.3199670739560893,0.3199670739560893,0.04904853498133849,6.869516473359998e-11,1.301060898630953e-10,True
Cn1c(C2CCN(C(=O)[*:1])C2)nc2ccncc21,OCNT-0475002-AA-001,OCNT-0475008-AA-001,CCOc1ccc([*:1])cc1,Clc1ccc(OC[*:1])cc1,-0.037664508545282,0.0231399341413935,-0.3574692293853236,0.0314827594292684,0.31980472084004163,0.31980472084004163,0.03907199372119648,2.722774809789693e-16,5.959418568475294e-16,True
O=C(c1ccc2c(c1)N(C[*:1])C(=O)CS2)N1CCCC1,OCNT-0457878-AA-001,OCNT-0457842-AA-001,COc1cc(NC(=O)[*:1])cc(OC)c1,COc1ccc(NC(=O)[*:1])cc1,-0.3774064649295964,0.040294140229602,-0.6970071155880888,0.0610641591507044,0.3196006506584924,0.3196006506584924,0.0731604351382999,1.2510837746414151e-05,2.0207273904604243e-05,True
O=C(CN1C(=O)CSc2ccc(C(=O)N3CCCC3)cc21)N[*:1],OCNT-0457878-AA-001,OCNT-0457842-AA-001,COc1cc(OC)cc([*:1])c1,COc1ccc([*:1])cc1,-0.3774064649295964,0.040294140229602,-0.6970071155880888,0.0610641591507044,0.3196006506584924,0.3196006506584924,0.0731604351382999,1.2510837746414151e-05,2.0207273904604243e-05,True
C(=NNc1nc2ccccc2[nH]1)[*:1],OCNT-0495826-AA-001,OCNT-0494209-AA-001,CCCn1c([*:1])nc2ccccc21,CC(=Cc1ccccc1)[*:1],-0.5658015980190122,0.0958489228500562,-0.2467811972170177,0.020007765518215,-0.3190204008019945,0.3190204008019945,0.09791489515159528,0.0011214520953927154,0.0016651658236808099,True
CC(=O)Nc1ccc(-c2noc(C3CCN(C(=O)[*:1])CC3)n2)cc1,OCNT-0463322-AA-001,OCNT-0463268-AA-001,COc1ccc(CC[*:1])cc1,COc1cc(OC)cc([*:1])c1,-0.3209604339752812,0.0449366477554425,-0.0060200515402403,0.0316180414672034,-0.31494038243504086,0.31494038243504086,0.05494545347632058,9.9327408639191e-09,1.7819220596781553e-08,True
O=C(NC[*:1])c1ccc(CN2C(=O)C3CCCN3C(=O)c3ccccc32)cc1,OCNT-0462830-AA-001,OCNT-0462570-AA-001,COc1cc(OC)cc([*:1])c1,Cc1ccc([*:1])cc1,-0.4087700937021692,0.0471887768171994,-0.7206783276056341,0.0551913546321531,0.3119082339034649,0.3119082339034649,0.07261450463671526,1.743798129389631e-05,2.7980813263058537e-05,True
O=C(N[*:1])c1ccc(CN2C(=O)C3CCCN3C(=O)c3ccccc32)cc1,OCNT-0462830-AA-001,OCNT-0462570-AA-001,COc1cc(C[*:1])cc(OC)c1,Cc1ccc(C[*:1])cc1,-0.4087700937021692,0.0471887768171994,-0.7206783276056341,0.0551913546321531,0.3119082339034649,0.3119082339034649,0.07261450463671526,1.743798129389631e-05,2.7980813263058537e-05,True
Cn1c(=O)c2c(nc(CN3CCN(C(=O)c4ccco4)CC3)n2C[*:1])n(C)c1=O,OCNT-0479318-AA-001,OCNT-0479328-AA-001,c1ccc([*:1])cc1,Cc1ccc([*:1])cc1,-0.3322813475938903,0.0551192343324972,-0.6423692628243143,0.0387015486880976,0.310087915230424,0.310087915230424,0.06734938651730933,4.141173339410462e-06,6.865481816759757e-06,True
Cn1c(=O)c2c(nc(CN3CCN(C(=O)c4ccco4)CC3)n2[*:1])n(C)c1=O,OCNT-0479318-AA-001,OCNT-0479328-AA-001,c1ccc(C[*:1])cc1,Cc1ccc(C[*:1])cc1,-0.3322813475938903,0.0551192343324972,-0.6423692628243143,0.0387015486880976,0.310087915230424,0.310087915230424,0.06734938651730933,4.141173339410462e-06,6.865481816759757e-06,True
COC(=O)CCNC(=O)C1c2ccccc2C(=O)N([*:1])C12CCCCC2,OCNT-0461289-AA-001,OCNT-0461291-AA-001,C1CCC([*:1])CC1,CCCC[*:1],-2.740840406036834,0.1112262189450318,-3.0497775764650408,0.3538151135179319,0.3089371704282069,0.3089371704282069,0.3708859748420196,0.40486122316937034,0.4507258476321425,False
COc1ccc(-c2[nH]c(-c3ccccc3)nc2SC[*:1])cc1,OCNT-0479304-AA-001,OCNT-0479364-AA-001,O=C(Nc1ccc2c(c1)OCO2)[*:1],O=C(Nc1ccc2c(c1)OCCO2)[*:1],-0.1634304709522392,0.0403752194352743,-0.4723551372326037,0.038102136745941,0.3089246662803645,0.3089246662803645,0.05551514360111968,2.6261608678388417e-08,4.660054853953333e-08,True
COc1ccc(-c2[nH]c(-c3ccccc3)nc2SCC(=O)N[*:1])cc1,OCNT-0479304-AA-001,OCNT-0479364-AA-001,c1cc2c(cc1[*:1])OCO2,c1cc2c(cc1[*:1])OCCO2,-0.1634304709522392,0.0403752194352743,-0.4723551372326037,0.038102136745941,0.3089246662803645,0.3089246662803645,0.05551514360111968,2.6261608678388417e-08,4.660054853953333e-08,True
Cc1nc(-c2ccc(F)cc2)sc1CCNC(=O)[*:1],OCNT-0482088-AA-001,OCNT-0482064-AA-001,Clc1ccc([*:1])cc1,c1ccc([*:1])cc1,-0.560495776536683,0.221418705590268,-0.8686511686198524,0.0258349240564996,0.30815539208316933,0.30815539208316933,0.22292080765660902,0.1668631404066896,0.1984033549927937,False
Cc1nc(-c2ccc(F)cc2)sc1C[*:1],OCNT-0482088-AA-001,OCNT-0482064-AA-001,O=C(NC[*:1])c1ccc(Cl)cc1,O=C(NC[*:1])c1ccccc1,-0.560495776536683,0.221418705590268,-0.8686511686198524,0.0258349240564996,0.30815539208316933,0.30815539208316933,0.22292080765660902,0.1668631404066896,0.1984033549927937,False
Cc1nc(-c2ccc(F)cc2)sc1[*:1],OCNT-0482088-AA-001,OCNT-0482064-AA-001,O=C(NCC[*:1])c1ccc(Cl)cc1,O=C(NCC[*:1])c1ccccc1,-0.560495776536683,0.221418705590268,-0.8686511686198524,0.0258349240564996,0.30815539208316933,0.30815539208316933,0.22292080765660902,0.1668631404066896,0.1984033549927937,False
Cc1nc(-c2ccc(F)cc2)sc1CC[*:1],OCNT-0482088-AA-001,OCNT-0482064-AA-001,O=C(N[*:1])c1ccc(Cl)cc1,O=C(N[*:1])c1ccccc1,-0.560495776536683,0.221418705590268,-0.8686511686198524,0.0258349240564996,0.30815539208316933,0.30815539208316933,0.22292080765660902,0.1668631404066896,0.1984033549927937,False
COc1ccc(-c2[nH]c(-c3ccc([*:1])cc3)nc2SCC(=O)Nc2ccc3c(c2)OCCO3)cc1,OCNT-0479366-AA-001,OCNT-0479372-AA-001,C[*:1],CCO[*:1],-0.2373722918053398,0.0638202839696631,-0.5435788201153882,0.065110856463504,0.30620652831004835,0.30620652831004835,0.09117265091780241,0.0007835683143911497,0.0011850381120612754,True
COc1ccc(-c2[nH]c([*:1])nc2SCC(=O)Nc2ccc3c(c2)OCCO3)cc1,OCNT-0479366-AA-001,OCNT-0479372-AA-001,Cc1ccc([*:1])cc1,CCOc1ccc([*:1])cc1,-0.2373722918053398,0.0638202839696631,-0.5435788201153882,0.065110856463504,0.30620652831004835,0.30620652831004835,0.09117265091780241,0.0007835683143911497,0.0011850381120612754,True
Cc1cc2c(C)c(C(=O)N3CCCC3)oc2c([*:1])c1C,OCNT-0461851-AA-001,OCNT-0461853-AA-001,CCc1ccccc1NS(=O)(=O)[*:1],CCc1ccc(NS(=O)(=O)[*:1])cc1,-0.3981602756633787,0.043474736231189,-0.0935957193609369,0.133312258545629,-0.3045645563024418,0.3045645563024418,0.1402220060080018,0.02985439386281881,0.03955262684478486,True
Cc1cc2c(C)c(C(=O)N3CCCC3)oc2c(S(=O)(=O)N[*:1])c1C,OCNT-0461851-AA-001,OCNT-0461853-AA-001,CCc1ccccc1[*:1],CCc1ccc([*:1])cc1,-0.3981602756633787,0.043474736231189,-0.0935957193609369,0.133312258545629,-0.3045645563024418,0.3045645563024418,0.1402220060080018,0.02985439386281881,0.03955262684478486,True
O=C(N/C(=N/[*:1])NCCc1c[nH]c2ccccc12)c1ccc2c(c1)OCO2,OCNT-0456864-AA-001,OCNT-0456984-AA-001,Cc1ccc([*:1])c(C)c1,c1cc2c(cc1[*:1])OCCO2,-0.034820280269938,0.0310574271726098,-0.3386132139313496,0.0247388396423856,0.3037929336614116,0.3037929336614116,0.039706094865066134,1.993597796583414e-14,4.137687708430546e-14,True
O=C(Nc1ccc([*:1])cc1)c1nnc(COCC(=O)N2CCN(c3ccccn3)CC2)s1,OCNT-0457802-AA-001,OCNT-0457772-AA-001,F[*:1],C[*:1],-0.5919030310419493,0.0318451632049934,-0.2894249878929882,0.0334766689661984,-0.3024780431489611,0.3024780431489611,0.0462039152521201,5.886607596162574e-11,1.1218480364337866e-10,True
O=C(COCc1nnc([*:1])s1)N1CCN(c2ccccn2)CC1,OCNT-0457802-AA-001,OCNT-0457772-AA-001,O=C(Nc1ccc(F)cc1)[*:1],Cc1ccc(NC(=O)[*:1])cc1,-0.5919030310419493,0.0318451632049934,-0.2894249878929882,0.0334766689661984,-0.3024780431489611,0.3024780431489611,0.0462039152521201,5.886607596162574e-11,1.1218480364337866e-10,True
O=C(N[*:1])c1nnc(COCC(=O)N2CCN(c3ccccn3)CC2)s1,OCNT-0457802-AA-001,OCNT-0457772-AA-001,Fc1ccc([*:1])cc1,Cc1ccc([*:1])cc1,-0.5919030310419493,0.0318451632049934,-0.2894249878929882,0.0334766689661984,-0.3024780431489611,0.3024780431489611,0.0462039152521201,5.886607596162574e-11,1.1218480364337866e-10,True
CC(NC(=O)C(=O)NCCc1c[nH]c2ccccc12)C(c1cccs1)N1CCN([*:1])CC1,OCNT-0454902-AA-001,OCNT-0454892-AA-001,COc1ccccc1[*:1],c1ccc(C[*:1])cc1,-0.2179645948535326,0.0578812653829903,-0.5195445211863003,0.0890118515751888,0.30157992633276776,0.30157992633276776,0.10617603591761934,0.004506030482848174,0.006406889361725439,True
c1ccc2c(c1)oc1c([*:1])ncnc12,OCNT-0482391-AQ-001,OCNT-0482389-AQ-001,C1CCCN([*:1])CC1,CCOC(=O)C1CCN([*:1])CC1,-1.280793732807274,0.1100580928205272,-1.580189468694556,0.0292498548459218,0.29939573588728186,0.29939573588728186,0.1138786099484854,0.008561674767600743,0.011876654283627563,True
Cc1cc2c(C)c(C(=O)N3CCCC3)oc2c(S(=O)(=O)N[*:1])c1C,OCNT-0461857-AA-001,OCNT-0461855-AA-001,CCOc1ccc([*:1])cc1,COc1ccc(C[*:1])cc1,0.0301426221140571,0.0382816725496159,-0.2660453821160201,0.0349107309862518,0.2961880042300772,0.2961880042300772,0.051809705569424505,1.0852065967705191e-08,1.94399746873899e-08,True
Cc1cc2c(C)c(C(=O)N3CCCC3)oc2c([*:1])c1C,OCNT-0461857-AA-001,OCNT-0461855-AA-001,CCOc1ccc(NS(=O)(=O)[*:1])cc1,COc1ccc(CNS(=O)(=O)[*:1])cc1,0.0301426221140571,0.0382816725496159,-0.2660453821160201,0.0349107309862518,0.2961880042300772,0.2961880042300772,0.051809705569424505,1.0852065967705191e-08,1.94399746873899e-08,True
Cc1nc2c3cccnc3nn2c(C)c1CCC(=O)N[*:1],OCNT-0479403-AA-001,OCNT-0479401-AA-001,Cc1cccc([*:1])c1,Cc1cc(C)cc([*:1])c1,-0.9684726915212082,0.0400645596496861,-0.6732081034548456,0.2604500490322248,-0.2952645880663626,0.2952645880663626,0.26351356128444614,0.26250456264955013,0.3014306263742136,False
Cc1nc2c3cccnc3nn2c(C)c1[*:1],OCNT-0479403-AA-001,OCNT-0479401-AA-001,Cc1cccc(NC(=O)CC[*:1])c1,Cc1cc(C)cc(NC(=O)CC[*:1])c1,-0.9684726915212082,0.0400645596496861,-0.6732081034548456,0.2604500490322248,-0.2952645880663626,0.2952645880663626,0.26351356128444614,0.26250456264955013,0.3014306263742136,False
Cc1nc2c3cccnc3nn2c(C)c1C[*:1],OCNT-0479403-AA-001,OCNT-0479401-AA-001,Cc1cccc(NC(=O)C[*:1])c1,Cc1cc(C)cc(NC(=O)C[*:1])c1,-0.9684726915212082,0.0400645596496861,-0.6732081034548456,0.2604500490322248,-0.2952645880663626,0.2952645880663626,0.26351356128444614,0.26250456264955013,0.3014306263742136,False
Cc1nc2c3cccnc3nn2c(C)c1CC[*:1],OCNT-0479403-AA-001,OCNT-0479401-AA-001,Cc1cccc(NC(=O)[*:1])c1,Cc1cc(C)cc(NC(=O)[*:1])c1,-0.9684726915212082,0.0400645596496861,-0.6732081034548456,0.2604500490322248,-0.2952645880663626,0.2952645880663626,0.26351356128444614,0.26250456264955013,0.3014306263742136,False
O=C(CN1C(=O)COc2ccc(S(=O)(=O)N3CCOCC3)cc21)NC[*:1],OCNT-0455084-AA-001,OCNT-0455086-AA-001,CCN(CC[*:1])Cc1ccccc1,CC(C)N(CC[*:1])Cc1ccccc1,-3.3283021920798226,0.0346354314394184,-3.6227879041890825,0.0398554250985753,0.2944857121092599,0.2944857121092599,0.05280215924356502,2.4448705559181398e-08,4.344661038730347e-08,True
O=C(CN1C(=O)COc2ccc(S(=O)(=O)N3CCOCC3)cc21)NCC[*:1],OCNT-0455084-AA-001,OCNT-0455086-AA-001,CCN(Cc1ccccc1)C[*:1],CC(C)N(Cc1ccccc1)C[*:1],-3.3283021920798226,0.0346354314394184,-3.6227879041890825,0.0398554250985753,0.2944857121092599,0.2944857121092599,0.05280215924356502,2.4448705559181398e-08,4.344661038730347e-08,True
O=C(CN1C(=O)COc2ccc(S(=O)(=O)N3CCOCC3)cc21)NCCCN(Cc1ccccc1)[*:1],OCNT-0455084-AA-001,OCNT-0455086-AA-001,CC[*:1],CC(C)[*:1],-3.3283021920798226,0.0346354314394184,-3.6227879041890825,0.0398554250985753,0.2944857121092599,0.2944857121092599,0.05280215924356502,2.4448705559181398e-08,4.344661038730347e-08,True
O=C(CN1C(=O)COc2ccc(S(=O)(=O)N3CCOCC3)cc21)NCCC[*:1],OCNT-0455084-AA-001,OCNT-0455086-AA-001,CCN(Cc1ccccc1)[*:1],CC(C)N(Cc1ccccc1)[*:1],-3.3283021920798226,0.0346354314394184,-3.6227879041890825,0.0398554250985753,0.2944857121092599,0.2944857121092599,0.05280215924356502,2.4448705559181398e-08,4.344661038730347e-08,True
CCSc1nnc(-c2nn(C)c3c2CN(C(=O)[*:1])CC3)n1C,OCNT-0462943-AA-001,OCNT-0462937-AA-001,CC(C)[*:1],CC(C)C[*:1],-0.0082473364048736,0.0196517985913867,-0.3026964597033359,0.0215559555204318,0.29444912329846235,0.29444912329846235,0.029169374458072675,5.8451080502679925e-24,1.5346544419534096e-23,True
O=C(CN1C(=O)CSc2ccc(C(=O)N3CCCC3)cc21)NC[*:1],OCNT-0457966-AA-001,OCNT-0457930-AA-001,Cc1cccc([*:1])c1,c1cc2c(cc1[*:1])OCO2,-0.3361929884030767,0.0463436843091245,-0.0448879507799361,0.033181543757535,-0.29130503762314064,0.29130503762314064,0.05699782383106396,3.2078078271311293e-07,5.520046239795973e-07,True
O=C(CN1C(=O)CSc2ccc(C(=O)N3CCCC3)cc21)N[*:1],OCNT-0457966-AA-001,OCNT-0457930-AA-001,Cc1cccc(C[*:1])c1,c1cc2c(cc1C[*:1])OCO2,-0.3361929884030767,0.0463436843091245,-0.0448879507799361,0.033181543757535,-0.29130503762314064,0.29130503762314064,0.05699782383106396,3.2078078271311293e-07,5.520046239795973e-07,True
O=C(c1ccc2c(c1)N(C[*:1])C(=O)CS2)N1CCCC1,OCNT-0457966-AA-001,OCNT-0457930-AA-001,Cc1cccc(CNC(=O)[*:1])c1,O=C(NCc1ccc2c(c1)OCO2)[*:1],-0.3361929884030767,0.0463436843091245,-0.0448879507799361,0.033181543757535,-0.29130503762314064,0.29130503762314064,0.05699782383106396,3.2078078271311293e-07,5.520046239795973e-07,True
O=C(N[*:1])c1ccc(CN2C(=O)C3CCCN3C(=O)c3ccccc32)cc1,OCNT-0462546-AA-001,OCNT-0462830-AA-001,COc1ccc(C[*:1])cc1,COc1cc(C[*:1])cc(OC)c1,-0.1175256441848964,0.0329425594658971,-0.4087700937021692,0.0471887768171994,0.2912444495172728,0.2912444495172728,0.0575499164349317,4.1765959748129705e-07,7.15194566155867e-07,True
O=C(NC[*:1])c1ccc(CN2C(=O)C3CCCN3C(=O)c3ccccc32)cc1,OCNT-0462546-AA-001,OCNT-0462830-AA-001,COc1ccc([*:1])cc1,COc1cc(OC)cc([*:1])c1,-0.1175256441848964,0.0329425594658971,-0.4087700937021692,0.0471887768171994,0.2912444495172728,0.2912444495172728,0.0575499164349317,4.1765959748129705e-07,7.15194566155867e-07,True
Cc1ccc(Cl)cc1N1CCN(C(=O)CSCc2nc([*:1])oc2C)CC1,OCNT-0479287-AA-001,OCNT-0479293-AA-001,COc1ccc([*:1])cc1OC,CCc1ccc([*:1])cc1,-0.1822413578922151,0.0878572992781725,0.1073665363503414,0.0513802846206678,-0.2896078942425565,0.2896078942425565,0.10177838023939663,0.004434516129781102,0.006316217095212082,True
O=C(CSc1nc([*:1])[nH]c1-c1ccccc1)Nc1ccc2c(c1)OCO2,OCNT-0479276-AA-001,OCNT-0479280-AA-001,c1ccc([*:1])cc1,Fc1cccc([*:1])c1,-0.0113365201624751,0.022503471682081,-0.2995049673440721,0.0306853345638846,0.288168447181597,0.288168447181597,0.03805254255688774,3.649575840160944e-14,7.53629711466146e-14,True
O=C(CSc1nc([*:1])[nH]c1-c1ccccc1)Nc1ccc2c(c1)OCO2,OCNT-0479276-AA-001,OCNT-0479278-AA-001,c1ccc([*:1])cc1,COc1ccc([*:1])cc1,-0.0113365201624751,0.022503471682081,-0.2992953580364212,0.1150198775123749,0.2879588378739461,0.2879588378739461,0.11720059070119035,0.01401127144975577,0.01910060236075341,True
CCOc1ccc2nc(N3CCCC(C(=O)Nc4ccc([*:1])cc4)C3)sc2c1,OCNT-0479721-AA-001,OCNT-0479749-AA-001,c1cc(C[*:1])ccn1,CCOC(=O)[*:1],-0.2528918328410965,0.0282159859848961,0.0343553194549324,0.0501798895515616,-0.28724715229602893,0.28724715229602893,0.05756876914184265,6.049344834406489e-07,1.0308319505426656e-06,True
CCOc1ccc2nc(N3CCCC(C(=O)N[*:1])C3)sc2c1,OCNT-0479721-AA-001,OCNT-0479749-AA-001,c1cc(Cc2ccc([*:1])cc2)ccn1,CCOC(=O)c1ccc([*:1])cc1,-0.2528918328410965,0.0282159859848961,0.0343553194549324,0.0501798895515616,-0.28724715229602893,0.28724715229602893,0.05756876914184265,6.049344834406489e-07,1.0308319505426656e-06,True
O=S(=O)(c1ccc2c(c1)CCCC2)N1CCC2(CC1)NCCN=C2NC[*:1],OCNT-0462815-AQ-001,OCNT-0462823-AQ-001,Cc1ccccc1[*:1],Fc1cccc([*:1])c1,-2.7850230189478795,0.1263462086693507,-2.49951547943887,0.0648555115746662,-0.2855075395090094,0.2855075395090094,0.14201972337225124,0.044395507398127934,0.05760116999110236,False
O=S(=O)(c1ccc2c(c1)CCCC2)N1CCC2(CC1)NCCN=C2N[*:1],OCNT-0462815-AQ-001,OCNT-0462823-AQ-001,Cc1ccccc1C[*:1],Fc1cccc(C[*:1])c1,-2.7850230189478795,0.1263462086693507,-2.49951547943887,0.0648555115746662,-0.2855075395090094,0.2855075395090094,0.14201972337225124,0.044395507398127934,0.05760116999110236,False
Cc1cc2c(C)c(C(=O)N3CCCC3)oc2c(S(=O)(=O)N[*:1])c1C,OCNT-0461861-AA-001,OCNT-0461855-AA-001,CCc1cccc(C)c1[*:1],COc1ccc(C[*:1])cc1,0.0193094064979323,0.026635363911144,-0.2660453821160201,0.0349107309862518,0.28535478861395236,0.28535478861395236,0.04391129409017131,8.115864068971384e-11,1.5347387462730277e-10,True
Cc1cc2c(C)c(C(=O)N3CCCC3)oc2c([*:1])c1C,OCNT-0461861-AA-001,OCNT-0461855-AA-001,CCc1cccc(C)c1NS(=O)(=O)[*:1],COc1ccc(CNS(=O)(=O)[*:1])cc1,0.0193094064979323,0.026635363911144,-0.2660453821160201,0.0349107309862518,0.28535478861395236,0.28535478861395236,0.04391129409017131,8.115864068971384e-11,1.5347387462730277e-10,True
CCN(CCCNC(=O)CS[*:1])c1cccc(C)c1,OCNT-0479361-AA-001,OCNT-0479288-AA-001,Cn1c(=O)cc([*:1])c2cc(Cl)ccc21,Cn1c(=O)cc([*:1])c2ccccc21,-3.2520711699989353,0.0269132341860245,-3.5364755886455996,0.432386915412754,0.2844044186466643,0.2844044186466643,0.4332236914049229,0.5115127636601643,0.5587820235162598,False
O=S(=O)(c1ccc(Br)s1)N1CCC([*:1])CC1,OCNT-0462557-AA-001,OCNT-0462555-AA-001,CCCN1CCN(C(=O)C(C)[*:1])CC1,CC(C(=O)NCc1cccnc1)[*:1],-3.2411796773368793,0.024019313710781,-2.956798666293893,0.0329328574914646,-0.2843810110429863,0.2843810110429863,0.0407615079908733,3.0218358086175664e-12,6.011733515192833e-12,True
CC(C1CCN(S(=O)(=O)c2ccc(Br)s2)CC1)[*:1],OCNT-0462557-AA-001,OCNT-0462555-AA-001,CCCN1CCN(C(=O)[*:1])CC1,O=C(NCc1cccnc1)[*:1],-3.2411796773368793,0.024019313710781,-2.956798666293893,0.0329328574914646,-0.2843810110429863,0.2843810110429863,0.0407615079908733,3.0218358086175664e-12,6.011733515192833e-12,True
COc1ccc(C(=O)N[C@@H]2CCC[C@@H]2C(=O)N[*:1])cc1,OCNT-0475194-AA-001,OCNT-0475224-AA-001,c1ccc2c(c1)CCCN2CCC[*:1],CCOc1cccc(C[*:1])c1,-3.298404795133159,0.0609797780260943,-3.0143548016841732,0.1293100958408555,-0.28404999344898574,0.28404999344898574,0.14296724874768685,0.04694249920979596,0.06048883389487662,False
COc1ccc(C(=O)N[C@@H]2CCC[C@@H]2C(=O)NC[*:1])cc1,OCNT-0475194-AA-001,OCNT-0475224-AA-001,c1ccc2c(c1)CCCN2CC[*:1],CCOc1cccc([*:1])c1,-3.298404795133159,0.0609797780260943,-3.0143548016841732,0.1293100958408555,-0.28404999344898574,0.28404999344898574,0.14296724874768685,0.04694249920979596,0.06048883389487662,False
O=C(Nc1nc(-c2ccccn2)cs1)[*:1],OCNT-0498143-AA-001,OCNT-0497311-AA-001,CCc1ccc([*:1])cc1,C1CC2CC1CC2C[*:1],-0.6010145979995337,0.0520575260313971,-0.3175135424435469,0.0268283280533607,-0.2835010555559868,0.2835010555559868,0.0585640265235266,1.292695177327705e-06,2.1905990989756885e-06,True
Cc1nc2c3cccnc3nn2c(C)c1CCC(=O)N[*:1],OCNT-0479407-AA-001,OCNT-0479403-AA-001,Brc1cccc([*:1])c1,Cc1cccc([*:1])c1,-0.6936127316628277,0.1415553546274855,-0.9684726915212082,0.0400645596496861,0.2748599598583805,0.2748599598583805,0.14711589772569256,0.061717115191166655,0.07861623158395878,False
Cc1nc2c3cccnc3nn2c(C)c1CC[*:1],OCNT-0479407-AA-001,OCNT-0479403-AA-001,O=C(Nc1cccc(Br)c1)[*:1],Cc1cccc(NC(=O)[*:1])c1,-0.6936127316628277,0.1415553546274855,-0.9684726915212082,0.0400645596496861,0.2748599598583805,0.2748599598583805,0.14711589772569256,0.061717115191166655,0.07861623158395878,False
Cc1nc2c3cccnc3nn2c(C)c1CCC(=O)Nc1cccc([*:1])c1,OCNT-0479407-AA-001,OCNT-0479403-AA-001,Br[*:1],C[*:1],-0.6936127316628277,0.1415553546274855,-0.9684726915212082,0.0400645596496861,0.2748599598583805,0.2748599598583805,0.14711589772569256,0.061717115191166655,0.07861623158395878,False
Cc1nc2c3cccnc3nn2c(C)c1C[*:1],OCNT-0479407-AA-001,OCNT-0479403-AA-001,O=C(C[*:1])Nc1cccc(Br)c1,Cc1cccc(NC(=O)C[*:1])c1,-0.6936127316628277,0.1415553546274855,-0.9684726915212082,0.0400645596496861,0.2748599598583805,0.2748599598583805,0.14711589772569256,0.061717115191166655,0.07861623158395878,False
Cc1nc2c3cccnc3nn2c(C)c1[*:1],OCNT-0479407-AA-001,OCNT-0479403-AA-001,O=C(CC[*:1])Nc1cccc(Br)c1,Cc1cccc(NC(=O)CC[*:1])c1,-0.6936127316628277,0.1415553546274855,-0.9684726915212082,0.0400645596496861,0.2748599598583805,0.2748599598583805,0.14711589772569256,0.061717115191166655,0.07861623158395878,False
O=C(N[*:1])C(=O)c1cn(CC(=O)N2CCCC2)c2ccccc12,OCNT-0456012-AA-001,OCNT-0456008-AA-001,COc1cccc([*:1])c1,CC(C)c1ccc([*:1])cc1,-0.3366699997867913,0.0311077716392245,-0.6108220392005719,0.0559616670494593,0.2741520394137806,0.2741520394137806,0.0640265697606289,1.8534758060677933e-05,2.972120116283021e-05,True
O=C(CC(C(=O)N1CCc2ccccc21)n1ccnc1)NC[*:1],OCNT-0461644-AA-001,OCNT-0461622-AA-001,CCOc1ccccc1[*:1],CCCCN(CC[*:1])c1ccccc1,-0.9665559704708804,0.0296547061733536,-0.6935002626699458,0.0613228264207274,-0.2730557078009346,0.2730557078009346,0.06811674271759183,6.106863992392303e-05,9.672165818371499e-05,True
O=C(Nc1nc(-c2ccccn2)cs1)[*:1],OCNT-0494165-AA-001,OCNT-0497311-AA-001,Fc1ccc([*:1])cc1,C1CC2CC1CC2C[*:1],-0.0449893048493248,0.0339530154945917,-0.3175135424435469,0.0268283280533607,0.2725242375942221,0.2725242375942221,0.04327316081955101,3.019660416631869e-10,5.623370654108207e-10,True
CCSc1nnc(-c2nn(C)c3c2CN(C(=O)[*:1])CC3)n1C,OCNT-0462941-AA-001,OCNT-0462915-AA-001,CC[*:1],C1CC([*:1])C1,0.038012584065901,0.0211334314752665,-0.2338181864158035,0.0289268022399359,0.2718307704817045,0.2718307704817045,0.035824318747858214,3.251721316444924e-14,6.720407146402642e-14,True
O=C(NCCCN1CCCCCC1)c1cc([*:1])nc2ccccc12,OCNT-0461812-AA-001,OCNT-0461832-AA-001,COc1ccc(N[*:1])c(OC)c1,COc1ccc(N[*:1])cc1,-0.5152218508787518,0.0253338989909801,-0.2498859954580616,0.0437273067481446,-0.26533585542069027,0.26533585542069027,0.0505359653467856,1.5173955956719385e-07,2.646519616970231e-07,True
O=C(NCCCN1CCCCCC1)c1cc(N[*:1])nc2ccccc12,OCNT-0461812-AA-001,OCNT-0461832-AA-001,COc1ccc([*:1])c(OC)c1,COc1ccc([*:1])cc1,-0.5152218508787518,0.0253338989909801,-0.2498859954580616,0.0437273067481446,-0.26533585542069027,0.26533585542069027,0.0505359653467856,1.5173955956719385e-07,2.646519616970231e-07,True
O=C(N[*:1])c1cccc(CN2C(=O)C3CCCN3C(=O)c3ccccc32)c1,OCNT-0462676-AA-001,OCNT-0462732-AA-001,Fc1ccc(C[*:1])c(Cl)c1,COc1ccc(OC)c(C[*:1])c1,-1.8558302941902816,0.1111706837826298,-1.590567985199849,0.0862476576434575,-0.26526230899043246,0.26526230899043246,0.14070387123914013,0.059395771182831125,0.07597566758201137,False
O=C(NC[*:1])c1cccc(CN2C(=O)C3CCCN3C(=O)c3ccccc32)c1,OCNT-0462676-AA-001,OCNT-0462732-AA-001,Fc1ccc([*:1])c(Cl)c1,COc1ccc(OC)c([*:1])c1,-1.8558302941902816,0.1111706837826298,-1.590567985199849,0.0862476576434575,-0.26526230899043246,0.26526230899043246,0.14070387123914013,0.059395771182831125,0.07597566758201137,False
CCN(CCCNC(=O)C[*:1])c1cccc(C)c1,OCNT-0455007-AA-001,OCNT-0479288-AA-001,O=C1CSc2ncccc2N1[*:1],Cn1c(=O)cc(S[*:1])c2ccccc21,-3.271658445764847,0.3533659920454039,-3.5364755886455996,0.432386915412754,0.2648171428807524,0.2648171428807524,0.5584137972457239,0.6353351774408111,0.6790469870592359,False
Cc1nc(-c2ccc(F)cc2)sc1CC[*:1],OCNT-0482064-AA-001,OCNT-0482086-AA-001,O=C(N[*:1])c1ccccc1,CC(C)(C)c1ccc(C(=O)N[*:1])cc1,-0.8686511686198524,0.0258349240564996,-0.604848069760632,0.0684095330513385,-0.2638030988592204,0.2638030988592204,0.07312528641521533,0.0003091024434407314,0.00047660597296752974,True
Cc1nc(-c2ccc(F)cc2)sc1CCNC(=O)[*:1],OCNT-0482064-AA-001,OCNT-0482086-AA-001,c1ccc([*:1])cc1,CC(C)(C)c1ccc([*:1])cc1,-0.8686511686198524,0.0258349240564996,-0.604848069760632,0.0684095330513385,-0.2638030988592204,0.2638030988592204,0.07312528641521533,0.0003091024434407314,0.00047660597296752974,True
Clc1ccc2nc([*:1])c(Nc3ccc4c(c3)OCO4)n2c1,OCNT-0479450-AA-001,OCNT-0479448-AA-001,Clc1ccc([*:1])cc1,CN(C)c1ccc([*:1])cc1,0.1500943728802821,0.0391086719293456,-0.1135364031956521,0.0635988812644472,0.2636307760759342,0.2636307760759342,0.07466127455492866,0.00041395368798322486,0.0006366716998711196,True
Clc1ccc2nc(-c3ccc([*:1])cc3)c(Nc3ccc4c(c3)OCO4)n2c1,OCNT-0479450-AA-001,OCNT-0479448-AA-001,Cl[*:1],CN(C)[*:1],0.1500943728802821,0.0391086719293456,-0.1135364031956521,0.0635988812644472,0.2636307760759342,0.2636307760759342,0.07466127455492866,0.00041395368798322486,0.0006366716998711196,True
Cc1oc(C[*:1])nc1C(=O)N1CCC(C)CC1,OCNT-0475148-AA-001,OCNT-0475246-AA-001,COc1cc(OC)cc(C(=O)N[*:1])c1,O=C(NCc1cccc(F)c1)N[*:1],-0.2688544639825997,0.0357359159756999,-0.0062082064352834,0.0364175170466686,-0.2626462575473163,0.2626462575473163,0.05102245817742107,2.6375626598608905e-07,4.551562643638645e-07,True
Cc1nc(-c2cccc(F)c2)sc1CC[*:1],OCNT-0482148-AA-001,OCNT-0482180-AA-001,COc1cc(OC)cc(C(=O)N[*:1])c1,Cc1cc(C)cc(C(=O)N[*:1])c1,-0.5281741006834317,0.053290845849535,-0.2665960055742999,0.0318607418864413,-0.2615780951091318,0.2615780951091318,0.062088816423840267,2.520386091573919e-05,4.025708071854686e-05,True
Cc1nc(-c2cccc(F)c2)sc1CCNC(=O)[*:1],OCNT-0482148-AA-001,OCNT-0482180-AA-001,COc1cc(OC)cc([*:1])c1,Cc1cc(C)cc([*:1])c1,-0.5281741006834317,0.053290845849535,-0.2665960055742999,0.0318607418864413,-0.2615780951091318,0.2615780951091318,0.062088816423840267,2.520386091573919e-05,4.025708071854686e-05,True
c1ccc(COCCc2noc([*:1])n2)cc1,OCNT-0475042-AA-001,OCNT-0475066-AA-001,O=C(C1CCC1)N1CCCC([*:1])C1,CCC(=O)N1CCCC([*:1])C1,-1.8687691303209748,0.0675086418839691,-1.6076253345544285,0.036983183920407,-0.26114379576654634,0.26114379576654634,0.0769751428833272,0.0006923946548205288,0.0010503966028182481,True
O=C(N1CCCC(c2nc(CCOCc3ccccc3)no2)C1)[*:1],OCNT-0475042-AA-001,OCNT-0475066-AA-001,C1CC([*:1])C1,CC[*:1],-1.8687691303209748,0.0675086418839691,-1.6076253345544285,0.036983183920407,-0.26114379576654634,0.26114379576654634,0.0769751428833272,0.0006923946548205288,0.0010503966028182481,True
O=C(Cn1cc([*:1])c2ccccc21)N1CCCC1,OCNT-0456012-AA-001,OCNT-0456014-AA-001,COc1cccc(NC(=O)C(=O)[*:1])c1,COc1ccc(NC(=O)C(=O)[*:1])cc1,-0.3366699997867913,0.0311077716392245,-0.076172826190163,0.0278280008169719,-0.2604971735966283,0.2604971735966283,0.04173836467600915,4.342470948057024e-10,8.043926124069295e-10,True
O=C(N[*:1])C(=O)c1cn(CC(=O)N2CCCC2)c2ccccc12,OCNT-0456012-AA-001,OCNT-0456014-AA-001,COc1cccc([*:1])c1,COc1ccc([*:1])cc1,-0.3366699997867913,0.0311077716392245,-0.076172826190163,0.0278280008169719,-0.2604971735966283,0.2604971735966283,0.04173836467600915,4.342470948057024e-10,8.043926124069295e-10,True
Fc1ccc(CNc2ccc3nnc(CC[*:1])n3n2)cc1,OCNT-0460309-AA-001,OCNT-0460307-AA-001,O=C(N1CCc2ccccc2C1)[*:1],CCOC(=O)C1CCN(C(=O)[*:1])CC1,-3.1882250626833657,0.0334322318617816,-3.4484501283423965,0.1007537084585661,0.2602250656590308,0.2602250656590308,0.10615565880071424,0.014232003288680661,0.019390708266927383,True
COc1ccc(-c2cc3nc(C)c(CCC(=O)N[*:1])c(C)n3n2)c(OC)c1,OCNT-0479413-AA-001,OCNT-0479391-AA-001,CC(CCc1ccccc1)[*:1],CC(c1cccs1)[*:1],-3.368500996882944,0.0741847952921142,-3.1117946716009683,0.2145072764752086,-0.25670632528197546,0.25670632528197546,0.22697302816269704,0.25805540587974496,0.2984222959299319,False
COc1ccc(-c2cc3nc(C)c(CCC(=O)NC(C)[*:1])c(C)n3n2)c(OC)c1,OCNT-0479413-AA-001,OCNT-0479391-AA-001,c1ccc(CC[*:1])cc1,c1csc([*:1])c1,-3.368500996882944,0.0741847952921142,-3.1117946716009683,0.2145072764752086,-0.25670632528197546,0.25670632528197546,0.22697302816269704,0.25805540587974496,0.2984222959299319,False
COc1ccc(-c2cc3nc(C)c(CC[*:1])c(C)n3n2)c(OC)c1,OCNT-0479413-AA-001,OCNT-0479391-AA-001,CC(CCc1ccccc1)NC(=O)[*:1],CC(NC(=O)[*:1])c1cccs1,-3.368500996882944,0.0741847952921142,-3.1117946716009683,0.2145072764752086,-0.25670632528197546,0.25670632528197546,0.22697302816269704,0.25805540587974496,0.2984222959299319,False
COc1ccc(-c2cc3nc(C)c([*:1])c(C)n3n2)c(OC)c1,OCNT-0479391-AA-001,OCNT-0479389-AA-001,CC(NC(=O)CC[*:1])c1cccs1,CC(NC(=O)CC[*:1])c1ccccc1,-3.1117946716009683,0.2145072764752086,-3.366182552116769,0.1510809866722298,0.25438788051580064,0.25438788051580064,0.2623715613298554,0.33226032942183203,0.37432828089098663,False
COc1ccc(-c2cc3nc(C)c(CC[*:1])c(C)n3n2)c(OC)c1,OCNT-0479391-AA-001,OCNT-0479389-AA-001,CC(NC(=O)[*:1])c1cccs1,CC(NC(=O)[*:1])c1ccccc1,-3.1117946716009683,0.2145072764752086,-3.366182552116769,0.1510809866722298,0.25438788051580064,0.25438788051580064,0.2623715613298554,0.33226032942183203,0.37432828089098663,False
COc1ccc(-c2cc3nc(C)c(C[*:1])c(C)n3n2)c(OC)c1,OCNT-0479391-AA-001,OCNT-0479389-AA-001,CC(NC(=O)C[*:1])c1cccs1,CC(NC(=O)C[*:1])c1ccccc1,-3.1117946716009683,0.2145072764752086,-3.366182552116769,0.1510809866722298,0.25438788051580064,0.25438788051580064,0.2623715613298554,0.33226032942183203,0.37432828089098663,False
COc1ccc(-c2cc3nc(C)c(CCC(=O)N[*:1])c(C)n3n2)c(OC)c1,OCNT-0479391-AA-001,OCNT-0479389-AA-001,CC(c1cccs1)[*:1],CC(c1ccccc1)[*:1],-3.1117946716009683,0.2145072764752086,-3.366182552116769,0.1510809866722298,0.25438788051580064,0.25438788051580064,0.2623715613298554,0.33226032942183203,0.37432828089098663,False
COc1ccc(-c2cc3nc(C)c(CCC(=O)NC(C)[*:1])c(C)n3n2)c(OC)c1,OCNT-0479391-AA-001,OCNT-0479389-AA-001,c1csc([*:1])c1,c1ccc([*:1])cc1,-3.1117946716009683,0.2145072764752086,-3.366182552116769,0.1510809866722298,0.25438788051580064,0.25438788051580064,0.2623715613298554,0.33226032942183203,0.37432828089098663,False
O=C(CN1C(=O)COc2ccccc21)N[*:1],OCNT-0461736-AA-001,OCNT-0461740-AA-001,CCN(CC[*:1])c1ccccc1,CCN(CCC[*:1])c1cccc(C)c1,-4.05068818579421,0.182017002574915,-4.302372056472514,0.0237488714606736,0.25168387067830356,0.25168387067830356,0.18355979440501727,0.1703352329257113,0.20223693108647042,False
O=C(CN1C(=O)COc2ccccc21)NC[*:1],OCNT-0461736-AA-001,OCNT-0461740-AA-001,CCN(C[*:1])c1ccccc1,CCN(CC[*:1])c1cccc(C)c1,-4.05068818579421,0.182017002574915,-4.302372056472514,0.0237488714606736,0.25168387067830356,0.25168387067830356,0.18355979440501727,0.1703352329257113,0.20223693108647042,False
O=C(CN1C(=O)COc2ccccc21)NCC[*:1],OCNT-0461736-AA-001,OCNT-0461740-AA-001,CCN(c1ccccc1)[*:1],CCN(C[*:1])c1cccc(C)c1,-4.05068818579421,0.182017002574915,-4.302372056472514,0.0237488714606736,0.25168387067830356,0.25168387067830356,0.18355979440501727,0.1703352329257113,0.20223693108647042,False
O=C(NC[*:1])c1ccc(CN2C(=O)C3CCCN3C(=O)c3ccccc32)cc1,OCNT-0462547-AA-001,OCNT-0462537-AA-001,CCc1ccc([*:1])cc1,CCOc1ccc([*:1])cc1,-3.4291076642516174,0.0261585450106912,-3.1780792163612213,0.2539804988551076,-0.25102844789039613,0.25102844789039613,0.25532403583635765,0.3255208561856655,0.367921263319318,False
O=C(NCc1ccc([*:1])cc1)c1ccc(CN2C(=O)C3CCCN3C(=O)c3ccccc32)cc1,OCNT-0462547-AA-001,OCNT-0462537-AA-001,CC[*:1],CCO[*:1],-3.4291076642516174,0.0261585450106912,-3.1780792163612213,0.2539804988551076,-0.25102844789039613,0.25102844789039613,0.25532403583635765,0.3255208561856655,0.367921263319318,False
O=C(N[*:1])c1ccc(CN2C(=O)C3CCCN3C(=O)c3ccccc32)cc1,OCNT-0462547-AA-001,OCNT-0462537-AA-001,CCc1ccc(C[*:1])cc1,CCOc1ccc(C[*:1])cc1,-3.4291076642516174,0.0261585450106912,-3.1780792163612213,0.2539804988551076,-0.25102844789039613,0.25102844789039613,0.25532403583635765,0.3255208561856655,0.367921263319318,False
O=C1C2CCCN2C(=O)c2ccccc2N1Cc1ccc([*:1])cc1,OCNT-0462547-AA-001,OCNT-0462537-AA-001,CCc1ccc(CNC(=O)[*:1])cc1,CCOc1ccc(CNC(=O)[*:1])cc1,-3.4291076642516174,0.0261585450106912,-3.1780792163612213,0.2539804988551076,-0.25102844789039613,0.25102844789039613,0.25532403583635765,0.3255208561856655,0.367921263319318,False
CCOc1ccc2nc(N3CCC([*:1])CC3)sc2c1,OCNT-0479717-AA-001,OCNT-0479693-AA-001,O=C(Nc1c(F)c(F)cc(F)c1F)[*:1],Cc1ccc(NC(=O)[*:1])cc1Cl,0.1427366313774435,0.0320581818657348,-0.1082863695732268,0.0467704811461373,0.2510230009506703,0.2510230009506703,0.0567027771028696,9.555424187186142e-06,1.5556968054587153e-05,True
CCOc1ccc2nc(N3CCC(C(=O)N[*:1])CC3)sc2c1,OCNT-0479717-AA-001,OCNT-0479693-AA-001,Fc1cc(F)c(F)c([*:1])c1F,Cc1ccc([*:1])cc1Cl,0.1427366313774435,0.0320581818657348,-0.1082863695732268,0.0467704811461373,0.2510230009506703,0.2510230009506703,0.0567027771028696,9.555424187186142e-06,1.5556968054587153e-05,True
O=C(N[*:1])c1ccccc1CN1C(=O)C2CCCN2C(=O)c2ccccc21,OCNT-0462760-AA-001,OCNT-0462641-AA-001,CC(CCc1ccccc1)[*:1],CCOc1ccc(C[*:1])cc1,-3.427450010504309,0.161174979722322,-3.1772145584954075,0.0793394494640262,-0.2502354520089014,0.2502354520089014,0.17964443306082623,0.16363535045079414,0.1953247329527284,False
O=C1C2CCCN2C(=O)c2ccccc2N1Cc1ccccc1[*:1],OCNT-0462760-AA-001,OCNT-0462641-AA-001,CC(CCc1ccccc1)NC(=O)[*:1],CCOc1ccc(CNC(=O)[*:1])cc1,-3.427450010504309,0.161174979722322,-3.1772145584954075,0.0793394494640262,-0.2502354520089014,0.2502354520089014,0.17964443306082623,0.16363535045079414,0.1953247329527284,False
CC(C)CCN1CCC(N2CCN(S(=O)(=O)[*:1])CC2)C1=O,OCNT-0475288-AA-001,OCNT-0475270-AA-001,CCCc1ccc([*:1])cc1,CCc1ccccc1[*:1],-3.2894225232601055,0.0468451308334928,-3.539281557954759,0.1051526142755123,0.24985903469465365,0.24985903469465365,0.11511532726697055,0.029968188710102248,0.039681903557153786,True
O=C1C2CCCN2C(=O)c2ccccc2N1Cc1cccc([*:1])c1,OCNT-0462603-AA-001,OCNT-0462633-AA-001,Cc1ccc(C(C)NC(=O)[*:1])cc1C,CCOc1cccc(CNC(=O)[*:1])c1,-3.5601591024882353,0.3736645490016198,-3.809867752683608,0.026236984595034,0.2497086501953727,0.2497086501953727,0.37458453590774937,0.5050095914412344,0.5519242832767756,False
O=C(N[*:1])c1cccc(CN2C(=O)C3CCCN3C(=O)c3ccccc32)c1,OCNT-0462603-AA-001,OCNT-0462633-AA-001,Cc1ccc(C(C)[*:1])cc1C,CCOc1cccc(C[*:1])c1,-3.5601591024882353,0.3736645490016198,-3.809867752683608,0.026236984595034,0.2497086501953727,0.2497086501953727,0.37458453590774937,0.5050095914412344,0.5519242832767756,False
O=C(N[*:1])C12CC3CC(CC(C3)C1)C2,OCNT-0497512-AA-001,OCNT-0494156-AA-001,c1cncc(C[*:1])c1,c1ccc2[nH]c([*:1])nc2c1,-1.028906601817178,0.0435266442850393,-0.7814596673014416,0.0324909640535928,-0.2474469345157364,0.2474469345157364,0.054316033616679006,5.221424476611461e-06,8.609720818240057e-06,True
O=C(CN1C(=O)CSc2ccc(C(=O)N3CCCC3)cc21)NC[*:1],OCNT-0457992-AA-001,OCNT-0457966-AA-001,COc1cccc([*:1])c1,Cc1cccc([*:1])c1,-0.5830047708859403,0.0426096643478921,-0.3361929884030767,0.0463436843091245,-0.24681178248286356,0.24681178248286356,0.0629549090316539,8.838255333980977e-05,0.00013899235734094763,True
O=C(c1ccc2c(c1)N(C[*:1])C(=O)CS2)N1CCCC1,OCNT-0457992-AA-001,OCNT-0457966-AA-001,COc1cccc(CNC(=O)[*:1])c1,Cc1cccc(CNC(=O)[*:1])c1,-0.5830047708859403,0.0426096643478921,-0.3361929884030767,0.0463436843091245,-0.24681178248286356,0.24681178248286356,0.0629549090316539,8.838255333980977e-05,0.00013899235734094763,True
O=C(CN1C(=O)CSc2ccc(C(=O)N3CCCC3)cc21)N[*:1],OCNT-0457992-AA-001,OCNT-0457966-AA-001,COc1cccc(C[*:1])c1,Cc1cccc(C[*:1])c1,-0.5830047708859403,0.0426096643478921,-0.3361929884030767,0.0463436843091245,-0.24681178248286356,0.24681178248286356,0.0629549090316539,8.838255333980977e-05,0.00013899235734094763,True
O=C(CN1C(=O)CSc2ccc(C(=O)N3CCCC3)cc21)NCc1cccc([*:1])c1,OCNT-0457992-AA-001,OCNT-0457966-AA-001,CO[*:1],C[*:1],-0.5830047708859403,0.0426096643478921,-0.3361929884030767,0.0463436843091245,-0.24681178248286356,0.24681178248286356,0.0629549090316539,8.838255333980977e-05,0.00013899235734094763,True
O=C(c1ccc2c(c1)N([*:1])C(=O)CS2)N1CCCC1,OCNT-0457992-AA-001,OCNT-0457966-AA-001,COc1cccc(CNC(=O)C[*:1])c1,Cc1cccc(CNC(=O)C[*:1])c1,-0.5830047708859403,0.0426096643478921,-0.3361929884030767,0.0463436843091245,-0.24681178248286356,0.24681178248286356,0.0629549090316539,8.838255333980977e-05,0.00013899235734094763,True
O=C(CCN1C(=O)c2ccccc2C1=O)N1CCN([*:1])CC1,OCNT-0461792-AA-001,OCNT-0461784-AA-001,Cc1ccc(C)c([*:1])c1,c1ccc([*:1])nc1,-0.7779105130074762,0.0493946822922719,-0.531841661844112,0.0439414106649295,-0.2460688511633642,0.2460688511633642,0.06611113529488402,0.0001976130625192091,0.0003087861838981511,True
Cc1nc2ccccc2n1S(=O)(=O)[*:1],OCNT-0495858-AA-001,OCNT-0477307-AA-002,COc1cc([*:1])ccc1Cl,Cc1cc([*:1])ccc1Cl,-0.2638402407939365,0.0427736168014058,-0.5085833941478258,0.0954807152560587,0.24474315335388935,0.24474315335388935,0.10462384661291164,0.019321598918390775,0.026193879530915364,True
Cc1nc2ccccc2n1S(=O)(=O)c1ccc(Cl)c([*:1])c1,OCNT-0495858-AA-001,OCNT-0477307-AA-002,CO[*:1],C[*:1],-0.2638402407939365,0.0427736168014058,-0.5085833941478258,0.0954807152560587,0.24474315335388935,0.24474315335388935,0.10462384661291164,0.019321598918390775,0.026193879530915364,True
O=C(NCCCN1CCN([*:1])CC1)C1Cc2ccccc2N1C(=O)c1ccccc1,OCNT-0460161-AA-001,OCNT-0460165-AA-001,Fc1ccc([*:1])cc1,c1ccc([*:1])cc1,-0.7466751164871198,0.2122638570843159,-0.9910659902832482,0.049138595855508,0.24439087379612834,0.24439087379612834,0.21787736602722602,0.26199424819103534,0.3014104021266871,False
O=C(NCCC[*:1])C1Cc2ccccc2N1C(=O)c1ccccc1,OCNT-0460161-AA-001,OCNT-0460165-AA-001,Fc1ccc(N2CCN([*:1])CC2)cc1,c1ccc(N2CCN([*:1])CC2)cc1,-0.7466751164871198,0.2122638570843159,-0.9910659902832482,0.049138595855508,0.24439087379612834,0.24439087379612834,0.21787736602722602,0.26199424819103534,0.3014104021266871,False
CC(C)CCN1CCC(N2CCN(S(=O)(=O)[*:1])CC2)C1=O,OCNT-0475264-AA-001,OCNT-0475270-AA-001,CC(C)Cc1ccc([*:1])cc1,CCc1ccccc1[*:1],-3.296285221045826,0.2707502576389818,-3.539281557954759,0.1051526142755123,0.24299633690893296,0.24299633690893296,0.2904527057896857,0.40281047010415794,0.44864689137226876,False
Cc1c(N2CCC(C(=O)N[*:1])CC2)c(=O)n(C)c(=O)n1-c1ccccc1,OCNT-0458458-AA-001,OCNT-0458500-AA-001,Cc1ccc(C[*:1])cc1,Cc1cc(C)cc([*:1])c1,-0.3412766912149273,0.1121926408164803,-0.0993851904769135,0.0273564930606155,-0.24189150073801383,0.24189150073801383,0.11547972274798404,0.036200653757978846,0.04752306853314068,True
Cc1c(N2CCC([*:1])CC2)c(=O)n(C)c(=O)n1-c1ccccc1,OCNT-0458458-AA-001,OCNT-0458500-AA-001,Cc1ccc(CNC(=O)[*:1])cc1,Cc1cc(C)cc(NC(=O)[*:1])c1,-0.3412766912149273,0.1121926408164803,-0.0993851904769135,0.0273564930606155,-0.24189150073801383,0.24189150073801383,0.11547972274798404,0.036200653757978846,0.04752306853314068,True
COc1ccc(-c2nc3cnccn3c2[*:1])cc1,OCNT-0454257-AA-001,OCNT-0454287-AA-001,Clc1ccc(N[*:1])cc1,COc1ccc(N[*:1])cc1OC,-0.3710059119381237,0.0459850507810825,-0.1293466280332151,0.0376073095805477,-0.24165928390490862,0.24165928390490862,0.05940483674942547,4.741698407111105e-05,7.534374027403165e-05,True
COc1ccc(-c2nc3cnccn3c2N[*:1])cc1,OCNT-0454257-AA-001,OCNT-0454287-AA-001,Clc1ccc([*:1])cc1,COc1ccc([*:1])cc1OC,-0.3710059119381237,0.0459850507810825,-0.1293466280332151,0.0376073095805477,-0.24165928390490862,0.24165928390490862,0.05940483674942547,4.741698407111105e-05,7.534374027403165e-05,True
CCC(CC)C(=O)N1CCc2c(c([*:1])nn2C)C1,OCNT-0463087-AA-001,OCNT-0457895-AA-001,c1ccc(Cc2noc([*:1])n2)cc1,O=C(NCc1ccc2c(c1)OCO2)[*:1],-0.2352000558881327,0.0261862811846296,0.0062483622986846,0.0323752123222001,-0.2414484181868173,0.2414484181868173,0.041639833035064196,6.691217531682307e-09,1.2021592731297066e-08,True
Clc1ccc2c(Nc3ccc([*:1])cc3)c3c(nc2c1)CCCC3,OCNT-0479283-AA-001,OCNT-0479263-AA-001,CC[*:1],c1ccc(O[*:1])cc1,-0.5021789649388988,0.0546523483883267,-0.262695369466944,0.0343501369848384,-0.2394835954719548,0.2394835954719548,0.0645508411659848,0.0002072595676279792,0.00032324038367473876,True
Clc1ccc2c(N[*:1])c3c(nc2c1)CCCC3,OCNT-0479283-AA-001,OCNT-0479263-AA-001,CCc1ccc([*:1])cc1,c1ccc(Oc2ccc([*:1])cc2)cc1,-0.5021789649388988,0.0546523483883267,-0.262695369466944,0.0343501369848384,-0.2394835954719548,0.2394835954719548,0.0645508411659848,0.0002072595676279792,0.00032324038367473876,True
Cc1nc2c3cccnc3nn2c(C)c1CCC(=O)N[*:1],OCNT-0479405-AA-001,OCNT-0479401-AA-001,COc1ccc(OC)c([*:1])c1,Cc1cc(C)cc([*:1])c1,-0.912631644188896,0.0353219536512953,-0.6732081034548456,0.2604500490322248,-0.23942354073405037,0.23942354073405037,0.26283429846698575,0.3623324716247277,0.4063371026882258,False
Cc1nc2c3cccnc3nn2c(C)c1CC[*:1],OCNT-0479405-AA-001,OCNT-0479401-AA-001,COc1ccc(OC)c(NC(=O)[*:1])c1,Cc1cc(C)cc(NC(=O)[*:1])c1,-0.912631644188896,0.0353219536512953,-0.6732081034548456,0.2604500490322248,-0.23942354073405037,0.23942354073405037,0.26283429846698575,0.3623324716247277,0.4063371026882258,False
Cn1c(=O)c2c(nc(CN3CCN(C(=O)c4ccco4)CC3)n2[*:1])n(C)c1=O,OCNT-0479318-AA-001,OCNT-0479322-AA-001,c1ccc(C[*:1])cc1,Cc1ccccc1C[*:1],-0.3322813475938903,0.0551192343324972,-0.5716827382297809,0.0404133978468892,0.2394013906358906,0.2394013906358906,0.06834744120251823,0.00046054742617843413,0.0007047902137952648,True
Cn1c(=O)c2c(nc(CN3CCN(C(=O)c4ccco4)CC3)n2C[*:1])n(C)c1=O,OCNT-0479318-AA-001,OCNT-0479322-AA-001,c1ccc([*:1])cc1,Cc1ccccc1[*:1],-0.3322813475938903,0.0551192343324972,-0.5716827382297809,0.0404133978468892,0.2394013906358906,0.2394013906358906,0.06834744120251823,0.00046054742617843413,0.0007047902137952648,True
C=CCN1CCN(C2CCN(S(=O)(=O)[*:1])CC2)C(=O)C1=O,OCNT-0456811-AA-001,OCNT-0456791-AA-001,Cc1cccc([*:1])c1,Cc1ccc([*:1])c(C)c1,-0.3484184911169011,0.0411919483351535,-0.5873332741658674,0.0366335412641302,0.23891478304896635,0.23891478304896635,0.055125247874242576,1.4640052896094679e-05,2.3599610959646693e-05,True
Cc1nc(-c2cccc(F)c2)sc1CC[*:1],OCNT-0482212-AA-001,OCNT-0482180-AA-001,COc1ccc(C(=O)N[*:1])c(OC)c1,Cc1cc(C)cc(C(=O)N[*:1])c1,-0.5054091437111993,0.0598111702641195,-0.2665960055742999,0.0318607418864413,-0.23881313813689936,0.23881313813689936,0.06776786083327353,0.0004251032695212696,0.0006521803765006563,True
Cc1nc(-c2cccc(F)c2)sc1CCNC(=O)[*:1],OCNT-0482212-AA-001,OCNT-0482180-AA-001,COc1ccc([*:1])c(OC)c1,Cc1cc(C)cc([*:1])c1,-0.5054091437111993,0.0598111702641195,-0.2665960055742999,0.0318607418864413,-0.23881313813689936,0.23881313813689936,0.06776786083327353,0.0004251032695212696,0.0006521803765006563,True
O=C(N[*:1])C(=O)c1cn(CC(=O)N2CCCC2)c2ccccc12,OCNT-0456008-AA-001,OCNT-0456010-AA-001,CC(C)c1ccc([*:1])cc1,COc1ccccc1[*:1],-0.6108220392005719,0.0559616670494593,-0.8495394797928282,0.0344590162654061,0.2387174405922563,0.2387174405922563,0.065720103324128,0.00028086801630230004,0.00043498989613400516,True
CC(=O)Nc1ccc(-c2noc(C3CCN(C(=O)C[*:1])CC3)n2)cc1,OCNT-0463322-AA-001,OCNT-0463320-AA-001,COc1ccc(C[*:1])cc1,COc1ccc([*:1])cc1,-0.3209604339752812,0.0449366477554425,-0.5596271928663263,0.0496046515223043,0.23866675889104516,0.23866675889104516,0.06693223262484199,0.0003627519937064618,0.0005586243729387741,True
CC(=O)Nc1ccc(-c2noc(C3CCN(C(=O)[*:1])CC3)n2)cc1,OCNT-0463322-AA-001,OCNT-0463320-AA-001,COc1ccc(CC[*:1])cc1,COc1ccc(C[*:1])cc1,-0.3209604339752812,0.0449366477554425,-0.5596271928663263,0.0496046515223043,0.23866675889104516,0.23866675889104516,0.06693223262484199,0.0003627519937064618,0.0005586243729387741,True
O=S(=O)(NCc1ccncc1)[*:1],OCNT-0495828-AA-001,OCNT-0495774-AA-001,Cc1ccc([*:1])c(C)c1C,Cc1cc(C)c([*:1])c(C)c1,-2.210176529462887,0.1017526892987031,-1.9716399858101024,0.0875658579790184,-0.23853654365278465,0.23853654365278465,0.13424376806064417,0.07558617498905186,0.09514370894969645,False
O=C(CSc1cn(CC(=O)N2CCCC2)c2ccccc12)N[*:1],OCNT-0456160-AA-001,OCNT-0456162-AA-001,CCOc1ccc([*:1])cc1,c1cc2c(cc1[*:1])OCCO2,-3.78295044658547,0.1299319917545698,-3.5457601406308084,0.0395029594593202,-0.23719030595466162,0.23719030595466162,0.13580429406817107,0.08071374434653701,0.10138939035727725,False
O=C(Cn1cc(SC[*:1])c2ccccc21)N1CCCC1,OCNT-0456160-AA-001,OCNT-0456162-AA-001,CCOc1ccc(NC(=O)[*:1])cc1,O=C(Nc1ccc2c(c1)OCCO2)[*:1],-3.78295044658547,0.1299319917545698,-3.5457601406308084,0.0395029594593202,-0.23719030595466162,0.23719030595466162,0.13580429406817107,0.08071374434653701,0.10138939035727725,False
CC1CCN(C(=O)Cn2cc([*:1])c3ccccc32)CC1,OCNT-0456250-AA-001,OCNT-0456252-AA-001,COc1cccc(NC(=O)CS[*:1])c1,COc1ccc(NC(=O)CS[*:1])cc1,0.1335719303739727,0.0384722002134266,-0.103205944988708,0.1257082426383625,0.2367778753626807,0.2367778753626807,0.13146357844090278,0.07168852917843405,0.09051694060868323,False
CC1CCN(C(=O)Cn2cc(SCC(=O)N[*:1])c3ccccc32)CC1,OCNT-0456250-AA-001,OCNT-0456252-AA-001,COc1cccc([*:1])c1,COc1ccc([*:1])cc1,0.1335719303739727,0.0384722002134266,-0.103205944988708,0.1257082426383625,0.2367778753626807,0.2367778753626807,0.13146357844090278,0.07168852917843405,0.09051694060868323,False
CC1CCN(C(=O)Cn2cc(SC[*:1])c3ccccc32)CC1,OCNT-0456250-AA-001,OCNT-0456252-AA-001,COc1cccc(NC(=O)[*:1])c1,COc1ccc(NC(=O)[*:1])cc1,0.1335719303739727,0.0384722002134266,-0.103205944988708,0.1257082426383625,0.2367778753626807,0.2367778753626807,0.13146357844090278,0.07168852917843405,0.09051694060868323,False
CC1CCN(C(=O)Cn2cc(S[*:1])c3ccccc32)CC1,OCNT-0456250-AA-001,OCNT-0456252-AA-001,COc1cccc(NC(=O)C[*:1])c1,COc1ccc(NC(=O)C[*:1])cc1,0.1335719303739727,0.0384722002134266,-0.103205944988708,0.1257082426383625,0.2367778753626807,0.2367778753626807,0.13146357844090278,0.07168852917843405,0.09051694060868323,False
O=C(CN1C(=O)COc2ccc(S(=O)(=O)N3CCOCC3)cc21)NC[*:1],OCNT-0455082-AA-001,OCNT-0455086-AA-001,CCCCN(CCCC)C[*:1],CC(C)N(CC[*:1])Cc1ccccc1,-3.3876422110129747,0.2581587852239303,-3.6227879041890825,0.0398554250985753,0.23514569317610778,0.23514569317610778,0.2612171764989499,0.3680179185505962,0.41233509463979345,False
O=C(CN1C(=O)COc2ccc(S(=O)(=O)N3CCOCC3)cc21)NCC[*:1],OCNT-0455082-AA-001,OCNT-0455086-AA-001,CCCCN(CCCC)[*:1],CC(C)N(Cc1ccccc1)C[*:1],-3.3876422110129747,0.2581587852239303,-3.6227879041890825,0.0398554250985753,0.23514569317610778,0.23514569317610778,0.2612171764989499,0.3680179185505962,0.41233509463979345,False
O=C(CSc1nc(-c2ccccc2)[nH]c1[*:1])Nc1ccc2c(c1)OCO2,OCNT-0479304-AA-001,OCNT-0479302-AA-001,COc1ccc([*:1])cc1,Fc1ccc([*:1])cc1,-0.1634304709522392,0.0403752194352743,-0.398452442561528,0.0385316437466187,0.2350219716092888,0.2350219716092888,0.05581080463730022,2.54188838253474e-05,4.054759369010762e-05,True
O=C(CSc1nc(-c2ccccc2)[nH]c1-c1ccc([*:1])cc1)Nc1ccc2c(c1)OCO2,OCNT-0479304-AA-001,OCNT-0479302-AA-001,CO[*:1],F[*:1],-0.1634304709522392,0.0403752194352743,-0.398452442561528,0.0385316437466187,0.2350219716092888,0.2350219716092888,0.05581080463730022,2.54188838253474e-05,4.054759369010762e-05,True
COc1ccc(-c2[nH]c([*:1])nc2SCC(=O)Nc2ccc3c(c2)OCCO3)cc1,OCNT-0479366-AA-001,OCNT-0479364-AA-001,Cc1ccc([*:1])cc1,c1ccc([*:1])cc1,-0.2373722918053398,0.0638202839696631,-0.4723551372326037,0.038102136745941,0.2349828454272639,0.2349828454272639,0.0743290082711644,0.0015701911263758179,0.00231182772938726,True
Cc1c(N2CCC(C(=O)NCc3ccc([*:1])cc3)CC2)c(=O)n(C)c(=O)n1-c1ccccc1,OCNT-0458458-AA-001,OCNT-0458432-AA-001,C[*:1],CO[*:1],-0.3412766912149273,0.1121926408164803,-0.1064686237116803,0.0272328653572601,-0.234808067503247,0.234808067503247,0.1154504985218445,0.041967532995807647,0.05465383355015504,False
Cc1c(N2CCC([*:1])CC2)c(=O)n(C)c(=O)n1-c1ccccc1,OCNT-0458458-AA-001,OCNT-0458432-AA-001,Cc1ccc(CNC(=O)[*:1])cc1,COc1ccc(CNC(=O)[*:1])cc1,-0.3412766912149273,0.1121926408164803,-0.1064686237116803,0.0272328653572601,-0.234808067503247,0.234808067503247,0.1154504985218445,0.041967532995807647,0.05465383355015504,False
Cc1c(N2CCC(C(=O)N[*:1])CC2)c(=O)n(C)c(=O)n1-c1ccccc1,OCNT-0458458-AA-001,OCNT-0458432-AA-001,Cc1ccc(C[*:1])cc1,COc1ccc(C[*:1])cc1,-0.3412766912149273,0.1121926408164803,-0.1064686237116803,0.0272328653572601,-0.234808067503247,0.234808067503247,0.1154504985218445,0.041967532995807647,0.05465383355015504,False
Cc1c(N2CCC(C(=O)NC[*:1])CC2)c(=O)n(C)c(=O)n1-c1ccccc1,OCNT-0458458-AA-001,OCNT-0458432-AA-001,Cc1ccc([*:1])cc1,COc1ccc([*:1])cc1,-0.3412766912149273,0.1121926408164803,-0.1064686237116803,0.0272328653572601,-0.234808067503247,0.234808067503247,0.1154504985218445,0.041967532995807647,0.05465383355015504,False
COc1cccc(-c2nc(SCC(=O)N[*:1])c(-c3ccc(C)cc3)[nH]2)c1,OCNT-0479300-AA-001,OCNT-0479274-AA-001,c1cc2c(cc1[*:1])OCO2,COc1ccc([*:1])cc1OC,-0.134988582545113,0.0593518819171648,-0.3679171611844634,0.0349896443564783,0.23292857863935038,0.23292857863935038,0.06889790344634521,0.0007228067742108633,0.001095175341482342,True
COc1cccc(-c2nc(SC[*:1])c(-c3ccc(C)cc3)[nH]2)c1,OCNT-0479300-AA-001,OCNT-0479274-AA-001,O=C(Nc1ccc2c(c1)OCO2)[*:1],COc1ccc(NC(=O)[*:1])cc1OC,-0.134988582545113,0.0593518819171648,-0.3679171611844634,0.0349896443564783,0.23292857863935038,0.23292857863935038,0.06889790344634521,0.0007228067742108633,0.001095175341482342,True
c1ccc(CNc2nc([*:1])nc3ccccc23)cc1,OCNT-0495855-AA-001,OCNT-0497566-AA-001,Cc1ccc(C)c(N[*:1])c1,c1ccc([*:1])cc1,-0.8637088614580626,0.1001336287415155,-0.6314103091015513,0.0338474008465294,-0.2322985523565113,0.2322985523565113,0.10569952766691676,0.02796866981713017,0.03717508693238323,True
O=C(CC(C(=O)N1CCc2ccccc21)n1ccnc1)NC[*:1],OCNT-0461640-AA-001,OCNT-0461622-AA-001,CCCN(CCC)CC[*:1],CCCCN(CC[*:1])c1ccccc1,-0.9257673076713396,0.0500973436915712,-0.6935002626699458,0.0613228264207274,-0.23226704500139383,0.23226704500139383,0.07918480210986241,0.0033545790548674963,0.004840008813243374,True
O=C(CC(C(=O)N1CCc2ccccc21)n1ccnc1)NCC[*:1],OCNT-0461640-AA-001,OCNT-0461622-AA-001,CCCN(CCC)C[*:1],CCCCN(C[*:1])c1ccccc1,-0.9257673076713396,0.0500973436915712,-0.6935002626699458,0.0613228264207274,-0.23226704500139383,0.23226704500139383,0.07918480210986241,0.0033545790548674963,0.004840008813243374,True
O=C(CC(C(=O)N1CCc2ccccc21)n1ccnc1)NCCC[*:1],OCNT-0461640-AA-001,OCNT-0461622-AA-001,CCCN(CCC)[*:1],CCCCN(c1ccccc1)[*:1],-0.9257673076713396,0.0500973436915712,-0.6935002626699458,0.0613228264207274,-0.23226704500139383,0.23226704500139383,0.07918480210986241,0.0033545790548674963,0.004840008813243374,True
COc1ccc(-c2nc(N[*:1])c3ccccc3n2)cc1,OCNT-0482334-AA-001,OCNT-0482018-AA-001,Clc1ccc(C[*:1])cc1,c1ccc([*:1])cc1,-0.0032802273483388,0.0294646828242451,-0.2353932742139827,0.0385881081445453,0.2321130468656439,0.2321130468656439,0.04855110322236239,1.7460020257093434e-06,2.9384229414792044e-06,True
COc1ccc(-c2nc([*:1])c3ccccc3n2)cc1,OCNT-0482334-AA-001,OCNT-0482018-AA-001,Clc1ccc(CN[*:1])cc1,c1ccc(N[*:1])cc1,-0.0032802273483388,0.0294646828242451,-0.2353932742139827,0.0385881081445453,0.2321130468656439,0.2321130468656439,0.04855110322236239,1.7460020257093434e-06,2.9384229414792044e-06,True
CCOC(=O)c1[nH]c(C)c(C(=O)[*:1])c1C,OCNT-0475245-AA-001,OCNT-0475081-AA-001,CCC(=O)N(Cc1cccnc1)C[*:1],CCOCCCN(C[*:1])C(=O)CC,-0.7362434658020025,0.0616144726207958,-0.5057842986137615,0.0366980488082207,-0.230459167188241,0.230459167188241,0.07171534021859859,0.0013111556489629897,0.0019374383291137897,True
CCOC(=O)c1[nH]c(C)c(C(=O)C[*:1])c1C,OCNT-0475245-AA-001,OCNT-0475081-AA-001,CCC(=O)N(Cc1cccnc1)[*:1],CCOCCCN(C(=O)CC)[*:1],-0.7362434658020025,0.0616144726207958,-0.5057842986137615,0.0366980488082207,-0.230459167188241,0.230459167188241,0.07171534021859859,0.0013111556489629897,0.0019374383291137897,True
CCOC(=O)c1[nH]c(C)c(C(=O)CN(C(=O)CC)[*:1])c1C,OCNT-0475245-AA-001,OCNT-0475081-AA-001,c1cncc(C[*:1])c1,CCOCCC[*:1],-0.7362434658020025,0.0616144726207958,-0.5057842986137615,0.0366980488082207,-0.230459167188241,0.230459167188241,0.07171534021859859,0.0013111556489629897,0.0019374383291137897,True
CCOC(=O)c1[nH]c(C)c(C(=O)CN(C[*:1])C(=O)CC)c1C,OCNT-0475245-AA-001,OCNT-0475081-AA-001,c1cncc([*:1])c1,CCOCC[*:1],-0.7362434658020025,0.0616144726207958,-0.5057842986137615,0.0366980488082207,-0.230459167188241,0.230459167188241,0.07171534021859859,0.0013111556489629897,0.0019374383291137897,True
O=C(c1csc(S(=O)(=O)N2CCC([*:1])CC2)c1)N1CCCCC1,OCNT-0458485-AA-001,OCNT-0458447-AA-001,Cc1ccc(N(C)C(=O)[*:1])cc1,Cc1ccc(CNC(=O)[*:1])cc1,-0.9403952104699704,0.0459843768773117,-1.1706094933326163,0.0556278760283648,0.2302142828626459,0.2302142828626459,0.07217356516219607,0.0014240511019332606,0.002097924772083497,True
Cc1nc(-c2ccc(F)cc2)sc1CCNC(=O)[*:1],OCNT-0482092-AA-001,OCNT-0482114-AA-001,CCOc1ccc([*:1])cc1OCC,Cc1ccc([*:1])cc1,0.1116780811467134,0.024505643971033,-0.115190389000082,0.0274200662084502,0.2268684701467954,0.2268684701467954,0.036774809548260325,6.866806317938031e-10,1.2596008290850345e-09,True
CCSc1nnc(-c2nn(C)c3c2CN(C(=O)[*:1])CC3)n1C,OCNT-0462915-AA-001,OCNT-0462943-AA-001,C1CC([*:1])C1,CC(C)[*:1],-0.2338181864158035,0.0289268022399359,-0.0082473364048736,0.0196517985913867,-0.22557085001092989,0.22557085001092989,0.03497074599868852,1.1164903072771224e-10,2.1015782937747067e-10,True
CCOC(=O)c1nc(NCC[*:1])c2ccccc2n1,OCNT-0460612-AA-001,OCNT-0460634-AA-001,CCOc1ccc([*:1])cc1OCC,CCCCN(C[*:1])c1ccccc1,-4.114985030373786,0.4154531718815901,-3.89031320618048,0.0253186303993832,-0.2246718241933059,0.2246718241933059,0.4162239434148096,0.5893446782876289,0.6350182420827072,False
CCOC(=O)c1nc(NC[*:1])c2ccccc2n1,OCNT-0460612-AA-001,OCNT-0460634-AA-001,CCOc1ccc(C[*:1])cc1OCC,CCCCN(CC[*:1])c1ccccc1,-4.114985030373786,0.4154531718815901,-3.89031320618048,0.0253186303993832,-0.2246718241933059,0.2246718241933059,0.4162239434148096,0.5893446782876289,0.6350182420827072,False
O=C(CC[C@H]1NC(=O)c2ccccc2NC1=O)N[*:1],OCNT-0461538-AA-001,OCNT-0461364-AA-001,c1cc(-c2csc([*:1])n2)ccn1,c1ccc2[nH]c(CCC[*:1])nc2c1,-0.0039072201111988,0.0424114968270257,-0.227897561187282,0.042706685610717,0.2239903410760832,0.2239903410760832,0.060188005939401525,0.0001980340432101631,0.00030924652440029933,True
Cc1nc2c3cccnc3nn2c(C)c1CC[*:1],OCNT-0479377-AA-001,OCNT-0479395-AA-001,COc1cc(NC(=O)[*:1])cc(OC)c1,CC(=O)c1cccc(NC(=O)[*:1])c1,-0.4966040960906642,0.0343030534152719,-0.2727367008478492,0.0678812211081742,-0.22386739524281501,0.22386739524281501,0.07605629265713543,0.0032458313283775958,0.004699733290260341,True
Cc1nc2c3cccnc3nn2c(C)c1CCC(=O)N[*:1],OCNT-0479377-AA-001,OCNT-0479395-AA-001,COc1cc(OC)cc([*:1])c1,CC(=O)c1cccc([*:1])c1,-0.4966040960906642,0.0343030534152719,-0.2727367008478492,0.0678812211081742,-0.22386739524281501,0.22386739524281501,0.07605629265713543,0.0032458313283775958,0.004699733290260341,True
COc1ccc(Nc2c(-c3ccc([*:1])cc3)nc3cnccn23)cc1OC,OCNT-0454291-AA-001,OCNT-0454289-AA-001,Cl[*:1],CS[*:1],0.0346196994252933,0.0437512970705596,-0.187750468882986,0.0375927835787509,0.2223701683082793,0.2223701683082793,0.05768356241213922,0.00011572934041866692,0.0001815318564131269,True
COc1ccc(Nc2c([*:1])nc3cnccn23)cc1OC,OCNT-0454291-AA-001,OCNT-0454289-AA-001,Clc1ccc([*:1])cc1,CSc1ccc([*:1])cc1,0.0346196994252933,0.0437512970705596,-0.187750468882986,0.0375927835787509,0.2223701683082793,0.2223701683082793,0.05768356241213922,0.00011572934041866692,0.0001815318564131269,True
CCNC(=O)CCc1nc2ccccc2n(CC(=O)N[*:1])c1=O,OCNT-0462881-AA-001,OCNT-0462877-AA-001,Cc1ccc([*:1])c(Br)c1,c1cc2c(cc1C[*:1])OCO2,-0.212938858025581,0.1460798748211995,0.0075275794195977,0.0318729776067406,-0.2204664374451787,0.2204664374451787,0.1495166095432113,0.14033946615536544,0.16925119452054174,False
CCNC(=O)CCc1nc2ccccc2n(C[*:1])c1=O,OCNT-0462881-AA-001,OCNT-0462877-AA-001,Cc1ccc(NC(=O)[*:1])c(Br)c1,O=C(NCc1ccc2c(c1)OCO2)[*:1],-0.212938858025581,0.1460798748211995,0.0075275794195977,0.0318729776067406,-0.2204664374451787,0.2204664374451787,0.1495166095432113,0.14033946615536544,0.16925119452054174,False
Cc1c(N2CCC([*:1])CC2)c(=O)n(C)c(=O)n1-c1ccccc1,OCNT-0458458-AA-001,OCNT-0458364-AA-001,Cc1ccc(CNC(=O)[*:1])cc1,O=C(NCc1ccc(F)cc1)[*:1],-0.3412766912149273,0.1121926408164803,-0.1219480035305583,0.0231128783170832,-0.21932868768436903,0.21932868768436903,0.11454865253452812,0.05552811942746669,0.07125186588306816,False
Cc1c(N2CCC(C(=O)N[*:1])CC2)c(=O)n(C)c(=O)n1-c1ccccc1,OCNT-0458458-AA-001,OCNT-0458364-AA-001,Cc1ccc(C[*:1])cc1,Fc1ccc(C[*:1])cc1,-0.3412766912149273,0.1121926408164803,-0.1219480035305583,0.0231128783170832,-0.21932868768436903,0.21932868768436903,0.11454865253452812,0.05552811942746669,0.07125186588306816,False
Cc1c(N2CCC(C(=O)NC[*:1])CC2)c(=O)n(C)c(=O)n1-c1ccccc1,OCNT-0458458-AA-001,OCNT-0458364-AA-001,Cc1ccc([*:1])cc1,Fc1ccc([*:1])cc1,-0.3412766912149273,0.1121926408164803,-0.1219480035305583,0.0231128783170832,-0.21932868768436903,0.21932868768436903,0.11454865253452812,0.05552811942746669,0.07125186588306816,False
Cc1c(N2CCC(C(=O)NCc3ccc([*:1])cc3)CC2)c(=O)n(C)c(=O)n1-c1ccccc1,OCNT-0458458-AA-001,OCNT-0458364-AA-001,C[*:1],F[*:1],-0.3412766912149273,0.1121926408164803,-0.1219480035305583,0.0231128783170832,-0.21932868768436903,0.21932868768436903,0.11454865253452812,0.05552811942746669,0.07125186588306816,False
O=S(=O)(c1ccc2c(c1)CCCC2)N1CCC2(CC1)NCCN=C2NC[*:1],OCNT-0462817-AQ-001,OCNT-0462811-AQ-001,Fc1ccc([*:1])cc1,Fc1cc(F)cc([*:1])c1,-2.3164007671073112,0.0633014723721093,-2.0973200154924765,0.0523161304260004,-0.21908075161483476,0.21908075161483476,0.08212218888477829,0.007636304106812144,0.01063519416583342,True
O=S(=O)(c1ccc2c(c1)CCCC2)N1CCC2(CC1)NCCN=C2N[*:1],OCNT-0462817-AQ-001,OCNT-0462811-AQ-001,Fc1ccc(C[*:1])cc1,Fc1cc(F)cc(C[*:1])c1,-2.3164007671073112,0.0633014723721093,-2.0973200154924765,0.0523161304260004,-0.21908075161483476,0.21908075161483476,0.08212218888477829,0.007636304106812144,0.01063519416583342,True
Cc1nc2c3cccnc3nn2c(C)c1CC[*:1],OCNT-0479407-AA-001,OCNT-0479405-AA-001,O=C(Nc1cccc(Br)c1)[*:1],COc1ccc(OC)c(NC(=O)[*:1])c1,-0.6936127316628277,0.1415553546274855,-0.912631644188896,0.0353219536512953,0.2190189125260683,0.2190189125260683,0.145895712183249,0.1333033625253001,0.161481845593767,False
Cc1nc2c3cccnc3nn2c(C)c1CCC(=O)N[*:1],OCNT-0479407-AA-001,OCNT-0479405-AA-001,Brc1cccc([*:1])c1,COc1ccc(OC)c([*:1])c1,-0.6936127316628277,0.1415553546274855,-0.912631644188896,0.0353219536512953,0.2190189125260683,0.2190189125260683,0.145895712183249,0.1333033625253001,0.161481845593767,False
c1ccc([*:1])c(N2CCCCC2)c1,OCNT-0497951-AA-001,OCNT-0495960-AA-001,O=C(N[*:1])c1ccco1,O=S(=O)(N[*:1])c1cccs1,-0.997639378293568,0.0952304720421896,-0.7798972591481184,0.0374157381835017,-0.2177421191454496,0.2177421191454496,0.10231705756712613,0.03332783010429876,0.04403520532679215,True
O=C(N[*:1])c1ccccc1CN1C(=O)C2CCCN2C(=O)c2ccccc21,OCNT-0462736-AA-001,OCNT-0462760-AA-001,COc1cccc(C[*:1])c1,CC(CCc1ccccc1)[*:1],-3.211370749500702,0.0761398852870449,-3.427450010504309,0.161174979722322,0.21607926100360686,0.21607926100360686,0.17825447040681833,0.22543756627234646,0.2624384988907858,False
O=C1C2CCCN2C(=O)c2ccccc2N1Cc1ccccc1[*:1],OCNT-0462736-AA-001,OCNT-0462760-AA-001,COc1cccc(CNC(=O)[*:1])c1,CC(CCc1ccccc1)NC(=O)[*:1],-3.211370749500702,0.0761398852870449,-3.427450010504309,0.161174979722322,0.21607926100360686,0.21607926100360686,0.17825447040681833,0.22543756627234646,0.2624384988907858,False
CC(=O)Nc1ccc(SCC(=O)c2cc(C)n([*:1])c2C)cc1,OCNT-0497455-AA-001,OCNT-0497608-AA-001,COC(=O)c1ccc([*:1])cc1,c1ccc2c(c1)OCC(C[*:1])O2,-3.0433181313920747,0.0355946198144179,-2.827572555166771,0.027555710161508,-0.21574557622530355,0.21574557622530355,0.045014376839383065,1.6445734313010666e-06,2.7772748008238163e-06,True
COc1ccc(-c2cc3nc(C)c(CCC(=O)N[*:1])c(C)n3n2)c(OC)c1,OCNT-0479411-AA-001,OCNT-0479393-AA-001,COC(=O)C(C(C)C)[*:1],CCC(C)[*:1],-1.4552104021517165,0.0696612379302622,-1.2414894945151969,0.024132783187415,-0.21372090763651963,0.21372090763651963,0.07372299026997875,0.0037438795265770804,0.005366885296739376,True
COc1ccc(-c2cc3nc(C)c(C[*:1])c(C)n3n2)c(OC)c1,OCNT-0479411-AA-001,OCNT-0479393-AA-001,COC(=O)C(NC(=O)C[*:1])C(C)C,CCC(C)NC(=O)C[*:1],-1.4552104021517165,0.0696612379302622,-1.2414894945151969,0.024132783187415,-0.21372090763651963,0.21372090763651963,0.07372299026997875,0.0037438795265770804,0.005366885296739376,True
COc1ccc(-c2cc3nc(C)c([*:1])c(C)n3n2)c(OC)c1,OCNT-0479411-AA-001,OCNT-0479393-AA-001,COC(=O)C(NC(=O)CC[*:1])C(C)C,CCC(C)NC(=O)CC[*:1],-1.4552104021517165,0.0696612379302622,-1.2414894945151969,0.024132783187415,-0.21372090763651963,0.21372090763651963,0.07372299026997875,0.0037438795265770804,0.005366885296739376,True
COc1ccc(-c2cc3nc(C)c(CC[*:1])c(C)n3n2)c(OC)c1,OCNT-0479411-AA-001,OCNT-0479393-AA-001,COC(=O)C(NC(=O)[*:1])C(C)C,CCC(C)NC(=O)[*:1],-1.4552104021517165,0.0696612379302622,-1.2414894945151969,0.024132783187415,-0.21372090763651963,0.21372090763651963,0.07372299026997875,0.0037438795265770804,0.005366885296739376,True
Cc1ccc(S(=O)(=O)c2cnc3ccccc3c2N2CCN([*:1])CC2)cc1C,OCNT-0479527-AA-001,OCNT-0479525-AA-001,Fc1ccc([*:1])cc1,c1ccc([*:1])cc1,-0.1386961403793382,0.035345755672708,-0.351069620301887,0.0536929816803171,0.2123734799225488,0.2123734799225488,0.06428264715922671,0.0009540253646700297,0.0014287026115958155,True
Cc1ccc(S(=O)(=O)c2cnc3ccccc3c2[*:1])cc1C,OCNT-0479527-AA-001,OCNT-0479525-AA-001,Fc1ccc(N2CCN([*:1])CC2)cc1,c1ccc(N2CCN([*:1])CC2)cc1,-0.1386961403793382,0.035345755672708,-0.351069620301887,0.0536929816803171,0.2123734799225488,0.2123734799225488,0.06428264715922671,0.0009540253646700297,0.0014287026115958155,True
Cc1cccc(-n2nc([*:1])c(=O)n(Cc3ccccc3Cl)c2=O)c1,OCNT-0475261-AA-001,OCNT-0475247-AA-001,O=C(N1CCCC1)[*:1],CCC(C)NC(=O)[*:1],-3.296959866201967,0.0269669192435628,-3.5091996690335,0.0282766031745174,0.2122398028315331,0.2122398028315331,0.03907404535721846,5.580921397666911e-08,9.853185180440787e-08,True
Cc1cc2c(=O)n(CC(=O)NCC(=O)NC[*:1])cnc2s1,OCNT-0461675-AA-001,OCNT-0461677-AA-001,CCN(CC[*:1])c1cccc(C)c1,CCN(CC[*:1])c1ccccc1,-3.462296792742233,0.535102604739297,-3.250809495803939,0.3067118424248556,-0.21148729693829393,0.21148729693829393,0.616771393534452,0.7316780999588166,0.7694096736567358,False
CCN(CCCNC(=O)CNC(=O)Cn1cnc2sc(C)cc2c1=O)[*:1],OCNT-0461675-AA-001,OCNT-0461677-AA-001,Cc1cccc([*:1])c1,c1ccc([*:1])cc1,-3.462296792742233,0.535102604739297,-3.250809495803939,0.3067118424248556,-0.21148729693829393,0.21148729693829393,0.616771393534452,0.7316780999588166,0.7694096736567358,False
Cc1cc2c(=O)n(CC(=O)NCC(=O)N[*:1])cnc2s1,OCNT-0461675-AA-001,OCNT-0461677-AA-001,CCN(CCC[*:1])c1cccc(C)c1,CCN(CCC[*:1])c1ccccc1,-3.462296792742233,0.535102604739297,-3.250809495803939,0.3067118424248556,-0.21148729693829393,0.21148729693829393,0.616771393534452,0.7316780999588166,0.7694096736567358,False
Cc1cc2c(=O)n(CC(=O)NCC(=O)NCCC[*:1])cnc2s1,OCNT-0461675-AA-001,OCNT-0461677-AA-001,CCN(c1cccc(C)c1)[*:1],CCN(c1ccccc1)[*:1],-3.462296792742233,0.535102604739297,-3.250809495803939,0.3067118424248556,-0.21148729693829393,0.21148729693829393,0.616771393534452,0.7316780999588166,0.7694096736567358,False
Cc1cc2c(=O)n(CC(=O)NCC(=O)NCC[*:1])cnc2s1,OCNT-0461675-AA-001,OCNT-0461677-AA-001,CCN(C[*:1])c1cccc(C)c1,CCN(C[*:1])c1ccccc1,-3.462296792742233,0.535102604739297,-3.250809495803939,0.3067118424248556,-0.21148729693829393,0.21148729693829393,0.616771393534452,0.7316780999588166,0.7694096736567358,False
O=C(N[*:1])c1cccc(CN2C(=O)C3CCCN3C(=O)c3ccccc32)c1,OCNT-0462672-AA-001,OCNT-0462710-AA-001,COc1ccc(C[*:1])cc1,CCC(c1ccc(OC)cc1)[*:1],-0.8301895472292733,0.0414970094290246,-0.6199193731979067,0.0579526105466695,-0.2102701740313666,0.2102701740313666,0.07127767434987274,0.0031775899920825574,0.004609106526749269,True
CC(=O)Nc1ccc(-c2noc(C3CCN(C(=O)C[*:1])CC3)n2)cc1,OCNT-0463418-AA-001,OCNT-0463320-AA-001,Fc1cccc(Cl)c1[*:1],COc1ccc([*:1])cc1,-0.7677164705801969,0.060361300062796,-0.5596271928663263,0.0496046515223043,-0.20808927771387054,0.20808927771387054,0.07812879109470555,0.007735229404434929,0.0107607199276022,True
CC(=O)Nc1ccc(-c2noc(C3CCN(C(=O)[*:1])CC3)n2)cc1,OCNT-0463418-AA-001,OCNT-0463320-AA-001,Fc1cccc(Cl)c1C[*:1],COc1ccc(C[*:1])cc1,-0.7677164705801969,0.060361300062796,-0.5596271928663263,0.0496046515223043,-0.20808927771387054,0.20808927771387054,0.07812879109470555,0.007735229404434929,0.0107607199276022,True
O=C(N/C(=N\c1ccc2c(c1)OCCO2)NCCc1c[nH]c2ccccc12)[*:1],OCNT-0456964-AA-001,OCNT-0456988-AA-001,COc1cccc([*:1])c1,CCOc1ccc([*:1])cc1,-0.71268897025068,0.2390886964305092,-0.920406700394258,0.0755364416824838,0.20771773014357797,0.20771773014357797,0.25073723054802105,0.40742818256066304,0.4529653624379566,False
Cn1cccc1Cc1nnc(SC[*:1])n1CCc1ccccc1,OCNT-0479622-AA-001,OCNT-0479618-AA-001,CC1CCN(C(=O)[*:1])CC1,O=C(N1CCCCCC1)[*:1],-3.5798128356908943,0.0335700662136544,-3.372842599662873,0.0324113128926064,-0.20697023602802123,0.20697023602802123,0.04666307479165486,9.189385963810208e-06,1.4980964326078333e-05,True
Cn1cccc1Cc1nnc(S[*:1])n1CCc1ccccc1,OCNT-0479622-AA-001,OCNT-0479618-AA-001,CC1CCN(C(=O)C[*:1])CC1,O=C(C[*:1])N1CCCCCC1,-3.5798128356908943,0.0335700662136544,-3.372842599662873,0.0324113128926064,-0.20697023602802123,0.20697023602802123,0.04666307479165486,9.189385963810208e-06,1.4980964326078333e-05,True
Cn1cccc1Cc1nnc([*:1])n1CCc1ccccc1,OCNT-0479622-AA-001,OCNT-0479618-AA-001,CC1CCN(C(=O)CS[*:1])CC1,O=C(CS[*:1])N1CCCCCC1,-3.5798128356908943,0.0335700662136544,-3.372842599662873,0.0324113128926064,-0.20697023602802123,0.20697023602802123,0.04666307479165486,9.189385963810208e-06,1.4980964326078333e-05,True
O=C(Cn1cc(SC[*:1])c2ccccc21)N1CCCCC1,OCNT-0456166-AA-001,OCNT-0456192-AA-001,CCOc1ccccc1NC(=O)[*:1],O=C(NCc1ccc2c(c1)OCO2)[*:1],-2.775599900208268,0.0330588853481182,-2.981238529379545,0.0449795854511935,0.20563862917127684,0.20563862917127684,0.05582161774636455,0.00022973483858595113,0.00035783650542318426,True
O=C(CSc1cn(CC(=O)N2CCCCC2)c2ccccc12)N[*:1],OCNT-0456166-AA-001,OCNT-0456192-AA-001,CCOc1ccccc1[*:1],c1cc2c(cc1C[*:1])OCO2,-2.775599900208268,0.0330588853481182,-2.981238529379545,0.0449795854511935,0.20563862917127684,0.20563862917127684,0.05582161774636455,0.00022973483858595113,0.00035783650542318426,True
O=C(CN1C(=O)CSc2ccc(C(=O)N3CCCC3)cc21)N[*:1],OCNT-0457878-AA-001,OCNT-0457992-AA-001,COc1cc(OC)cc([*:1])c1,COc1cccc(C[*:1])c1,-0.3774064649295964,0.040294140229602,-0.5830047708859403,0.0426096643478921,0.20559830595634387,0.20559830595634387,0.05864470336426691,0.00045518743487388817,0.0006974600207491574,True
O=C(c1ccc2c(c1)N(C[*:1])C(=O)CS2)N1CCCC1,OCNT-0457878-AA-001,OCNT-0457992-AA-001,COc1cc(NC(=O)[*:1])cc(OC)c1,COc1cccc(CNC(=O)[*:1])c1,-0.3774064649295964,0.040294140229602,-0.5830047708859403,0.0426096643478921,0.20559830595634387,0.20559830595634387,0.05864470336426691,0.00045518743487388817,0.0006974600207491574,True
COc1ccc(-c2nc([*:1])c3ccccc3n2)cc1,OCNT-0482020-AA-001,OCNT-0482018-AA-001,Cc1cccc(N[*:1])c1,c1ccc(N[*:1])cc1,-0.0312686147718196,0.0613051149841828,-0.2353932742139827,0.0385881081445453,0.2041246594421631,0.2041246594421631,0.07243865827994744,0.004833935222128479,0.006842185951720998,True
COc1ccc(-c2nc(N[*:1])c3ccccc3n2)cc1,OCNT-0482020-AA-001,OCNT-0482018-AA-001,Cc1cccc([*:1])c1,c1ccc([*:1])cc1,-0.0312686147718196,0.0613051149841828,-0.2353932742139827,0.0385881081445453,0.2041246594421631,0.2041246594421631,0.07243865827994744,0.004833935222128479,0.006842185951720998,True
N#CC(=C[*:1])c1nc2ccccc2[nH]1,OCNT-0496035-AA-001,OCNT-0494056-AA-001,CCOc1ccc([*:1])cc1OC,Cc1ccc([*:1])s1,-0.7424990278652497,0.0281937783397487,-0.5395534150737316,0.037875167267242,-0.20294561279151813,0.20294561279151813,0.04721670713415372,1.7221112089073527e-05,2.7687293877768015e-05,True
COc1ccc2nc(NC(=O)[*:1])sc2c1,OCNT-0482054-AA-001,OCNT-0494083-AA-001,COc1ccc(C[*:1])cc1OC,Cc1occc1[*:1],-0.0441360980526269,0.0263678353693178,0.1586788848868836,0.0447113833782689,-0.2028149829395105,0.2028149829395105,0.051907326512371905,9.335194457164957e-05,0.00014671304326706905,True
O=C1C2CCCN2C(=O)c2ccccc2N1Cc1cccc([*:1])c1,OCNT-0462676-AA-001,OCNT-0462696-AA-001,O=C(NCc1ccc(F)cc1Cl)[*:1],O=C(NCc1cccnc1)[*:1],-1.8558302941902816,0.1111706837826298,-2.0572069531953656,0.0599861827990841,0.20137665900508406,0.20137665900508406,0.12632206085835762,0.11090182950589421,0.13643880181041887,False
O=C(N[*:1])c1cccc(CN2C(=O)C3CCCN3C(=O)c3ccccc32)c1,OCNT-0462676-AA-001,OCNT-0462696-AA-001,Fc1ccc(C[*:1])c(Cl)c1,c1cncc(C[*:1])c1,-1.8558302941902816,0.1111706837826298,-2.0572069531953656,0.0599861827990841,0.20137665900508406,0.20137665900508406,0.12632206085835762,0.11090182950589421,0.13643880181041887,False
O=C(NC[*:1])c1cccc(CN2C(=O)C3CCCN3C(=O)c3ccccc32)c1,OCNT-0462676-AA-001,OCNT-0462696-AA-001,Fc1ccc([*:1])c(Cl)c1,c1cncc([*:1])c1,-1.8558302941902816,0.1111706837826298,-2.0572069531953656,0.0599861827990841,0.20137665900508406,0.20137665900508406,0.12632206085835762,0.11090182950589421,0.13643880181041887,False
Cc1ccc(S(=O)(=O)N2CCC(N3CCN(C[*:1])C(=O)C3=O)CC2)cc1C,OCNT-0456785-AA-001,OCNT-0456809-AA-001,c1ccc([*:1])cc1,C=C[*:1],-0.5309623494034643,0.3196484466251719,-0.731794768306089,0.0502604115097829,0.2008324189026247,0.2008324189026247,0.3235757073623082,0.5348194473286394,0.5819044853771368,False
Cc1ccc(S(=O)(=O)N2CCC(N3CCN([*:1])C(=O)C3=O)CC2)cc1C,OCNT-0456785-AA-001,OCNT-0456809-AA-001,c1ccc(C[*:1])cc1,C=CC[*:1],-0.5309623494034643,0.3196484466251719,-0.731794768306089,0.0502604115097829,0.2008324189026247,0.2008324189026247,0.3235757073623082,0.5348194473286394,0.5819044853771368,False
CCOc1ccc(C(=O)N/C(=N/[*:1])NCCc2c[nH]c3ccccc23)cc1OCC,OCNT-0456958-AA-001,OCNT-0456898-AA-001,Fc1ccccc1[*:1],Cc1cccc([*:1])c1,-0.0312955049111283,0.0527406734235897,-0.2310662550477911,0.0405105131126085,0.1997707501366628,0.1997707501366628,0.06650323530340886,0.0026652076600017583,0.003875082082010875,True
CC(=O)Nc1ccc(-c2noc(C3CCN(C(=O)[*:1])CC3)n2)cc1,OCNT-0463426-AA-001,OCNT-0463200-AA-001,CC(=O)Nc1cccc([*:1])c1,CC(=O)Nc1ccc(C[*:1])cc1,0.0563680237894956,0.0304623928930376,-0.1430392761992509,0.029737299525165,0.19940729998874648,0.19940729998874648,0.04257069841826848,2.81131726552428e-06,4.708619677438681e-06,True
COc1ccc(Nc2c([*:1])nc3cnccn23)cc1OC,OCNT-0454283-AA-001,OCNT-0454289-AA-001,COc1cc([*:1])ccc1O,CSc1ccc([*:1])cc1,0.0113062312878623,0.0492205893054274,-0.187750468882986,0.0375927835787509,0.19905670017084828,0.19905670017084828,0.06193451209763711,0.001309057218156597,0.0019374383291137897,True
O=C(c1cccs1)N1CCCc2cc([*:1])ccc21,OCNT-0482302-AA-001,OCNT-0482294-AA-001,COc1ccc(C(=O)N[*:1])c(OC)c1,COc1cccc(C(=O)N[*:1])c1OC,-0.2047349363720562,0.0420326534280468,-0.402925640797401,0.0353628082141666,0.1981907044253448,0.1981907044253448,0.05492970197438016,0.00030847256514475257,0.0004762349318039177,True
O=C(c1cccs1)N1CCCc2cc(NC(=O)[*:1])ccc21,OCNT-0482302-AA-001,OCNT-0482294-AA-001,COc1ccc([*:1])c(OC)c1,COc1cccc([*:1])c1OC,-0.2047349363720562,0.0420326534280468,-0.402925640797401,0.0353628082141666,0.1981907044253448,0.1981907044253448,0.05492970197438016,0.00030847256514475257,0.0004762349318039177,True
Cc1nc2c3cccnc3nn2c(C)c1CCC(=O)N[*:1],OCNT-0479407-AA-001,OCNT-0479377-AA-001,Brc1cccc([*:1])c1,COc1cc(OC)cc([*:1])c1,-0.6936127316628277,0.1415553546274855,-0.4966040960906642,0.0343030534152719,-0.19700863557216347,0.19700863557216347,0.14565238720091125,0.17618517157788705,0.20887844711777598,False
Cc1nc2c3cccnc3nn2c(C)c1CC[*:1],OCNT-0479407-AA-001,OCNT-0479377-AA-001,O=C(Nc1cccc(Br)c1)[*:1],COc1cc(NC(=O)[*:1])cc(OC)c1,-0.6936127316628277,0.1415553546274855,-0.4966040960906642,0.0343030534152719,-0.19700863557216347,0.19700863557216347,0.14565238720091125,0.17618517157788705,0.20887844711777598,False
CC(C)C(=O)Nc1ccc([*:1])c(C(=O)N2CCCC2)c1,OCNT-0475255-AA-001,OCNT-0475003-AA-001,O=C(C1CC1)N1CCN([*:1])CC1,O=C(C1CCCC1)N1CCN([*:1])CC1,0.0403942123843667,0.0277115172896917,-0.1543207368635499,0.0485564182621313,0.1947149492479166,0.1947149492479166,0.055907548192922214,0.0004961942589874001,0.0007583930991518852,True
CC(C)C(=O)Nc1ccc(N2CCN(C(=O)[*:1])CC2)c(C(=O)N2CCCC2)c1,OCNT-0475255-AA-001,OCNT-0475003-AA-001,C1CC1[*:1],C1CCC([*:1])C1,0.0403942123843667,0.0277115172896917,-0.1543207368635499,0.0485564182621313,0.1947149492479166,0.1947149492479166,0.055907548192922214,0.0004961942589874001,0.0007583930991518852,True
c1ccc(-c2nc([*:1])c3ccccc3n2)cc1,OCNT-0497334-AA-001,OCNT-0497566-AA-001,C1CCC(N[*:1])C1,c1ccc(CN[*:1])cc1,-0.4404411353083665,0.0371308831859195,-0.6314103091015513,0.0338474008465294,0.1909691737931848,0.1909691737931848,0.050242900296778636,0.00014416066344370324,0.00022583940041404725,True
c1ccc(-c2nc(N[*:1])c3ccccc3n2)cc1,OCNT-0497334-AA-001,OCNT-0497566-AA-001,C1CCC([*:1])C1,c1ccc(C[*:1])cc1,-0.4404411353083665,0.0371308831859195,-0.6314103091015513,0.0338474008465294,0.1909691737931848,0.1909691737931848,0.050242900296778636,0.00014416066344370324,0.00022583940041404725,True
CC(C)C(NS(=O)(=O)c1cccc2cccnc12)[*:1],OCNT-0460207-AA-001,OCNT-0460205-AA-001,O=C(NCc1ccc(Cl)cc1)[*:1],O=C(NCc1ccccc1Cl)[*:1],-3.4277126423016298,0.0304445474653799,-3.2374490205887327,0.1607413809132841,-0.190263621712897,0.190263621712897,0.16359908926482833,0.2448347578457588,0.28366981650027073,False
CC(C)C(NS(=O)(=O)c1cccc2cccnc12)C(=O)N[*:1],OCNT-0460207-AA-001,OCNT-0460205-AA-001,Clc1ccc(C[*:1])cc1,Clc1ccccc1C[*:1],-3.4277126423016298,0.0304445474653799,-3.2374490205887327,0.1607413809132841,-0.190263621712897,0.190263621712897,0.16359908926482833,0.2448347578457588,0.28366981650027073,False
CC(C)C(NS(=O)(=O)c1cccc2cccnc12)C(=O)NC[*:1],OCNT-0460207-AA-001,OCNT-0460205-AA-001,Clc1ccc([*:1])cc1,Clc1ccccc1[*:1],-3.4277126423016298,0.0304445474653799,-3.2374490205887327,0.1607413809132841,-0.190263621712897,0.190263621712897,0.16359908926482833,0.2448347578457588,0.28366981650027073,False
CCOc1ccccc1NC(=O)C(CC)n1c([*:1])nc2cccnc21,OCNT-0456142-AA-001,OCNT-0456140-AA-001,Fc1cccc(CS[*:1])c1,Cc1ccc(CS[*:1])cc1,-4.155329077405154,0.0297671364723492,-3.965844866763404,0.4898716465354578,-0.18948421064175047,0.18948421064175047,0.4907752158505194,0.699428797016562,0.7389906158460826,False
CCOc1ccccc1NC(=O)C(CC)n1c(S[*:1])nc2cccnc21,OCNT-0456142-AA-001,OCNT-0456140-AA-001,Fc1cccc(C[*:1])c1,Cc1ccc(C[*:1])cc1,-4.155329077405154,0.0297671364723492,-3.965844866763404,0.4898716465354578,-0.18948421064175047,0.18948421064175047,0.4907752158505194,0.699428797016562,0.7389906158460826,False
CCOc1ccccc1NC(=O)C(CC)n1c(SC[*:1])nc2cccnc21,OCNT-0456142-AA-001,OCNT-0456140-AA-001,Fc1cccc([*:1])c1,Cc1ccc([*:1])cc1,-4.155329077405154,0.0297671364723492,-3.965844866763404,0.4898716465354578,-0.18948421064175047,0.18948421064175047,0.4907752158505194,0.699428797016562,0.7389906158460826,False
COc1cccc(-c2nc(SC[*:1])c(-c3ccc(C)cc3)[nH]2)c1,OCNT-0479338-AA-001,OCNT-0479274-AA-001,O=C(Nc1ccc2c(c1)OCCO2)[*:1],COc1ccc(NC(=O)[*:1])cc1OC,-0.5560866639030855,0.027269735498461,-0.3679171611844634,0.0349896443564783,-0.1881695027186221,0.1881695027186221,0.044361173184992046,2.217726009696227e-05,3.551554676522688e-05,True
COc1cccc(-c2nc(SCC(=O)N[*:1])c(-c3ccc(C)cc3)[nH]2)c1,OCNT-0479338-AA-001,OCNT-0479274-AA-001,c1cc2c(cc1[*:1])OCCO2,COc1ccc([*:1])cc1OC,-0.5560866639030855,0.027269735498461,-0.3679171611844634,0.0349896443564783,-0.1881695027186221,0.1881695027186221,0.044361173184992046,2.217726009696227e-05,3.551554676522688e-05,True
COc1ccc(-c2[nH]c([*:1])nc2SCC(=O)Nc2ccc3c(c2)OCCO3)cc1,OCNT-0479366-AA-001,OCNT-0479370-AA-001,Cc1ccc([*:1])cc1,COc1ccc([*:1])cc1OC,-0.2373722918053398,0.0638202839696631,-0.4247858114843588,0.0323272522704806,0.18741351967901898,0.18741351967901898,0.07154075681265701,0.0088013646284692,0.012160891725502049,True
Cc1nc(-c2cccc(F)c2)sc1CC[*:1],OCNT-0482146-AA-001,OCNT-0482156-AA-001,COc1ccc(CC(=O)N[*:1])cc1,COc1ccc(CCC(=O)N[*:1])cc1,-1.8910470355604825,0.0853024065015388,-1.7045758857130058,0.1181515767448318,-0.1864711498474767,0.1864711498474767,0.14572678423077773,0.2006878860159309,0.23632495528439987,False
Cc1nc(-c2cccc(F)c2)sc1CCNC(=O)C[*:1],OCNT-0482146-AA-001,OCNT-0482156-AA-001,COc1ccc([*:1])cc1,COc1ccc(C[*:1])cc1,-1.8910470355604825,0.0853024065015388,-1.7045758857130058,0.1181515767448318,-0.1864711498474767,0.1864711498474767,0.14572678423077773,0.2006878860159309,0.23632495528439987,False
Cc1nc(-c2cccc(F)c2)sc1CCNC(=O)[*:1],OCNT-0482146-AA-001,OCNT-0482156-AA-001,COc1ccc(C[*:1])cc1,COc1ccc(CC[*:1])cc1,-1.8910470355604825,0.0853024065015388,-1.7045758857130058,0.1181515767448318,-0.1864711498474767,0.1864711498474767,0.14572678423077773,0.2006878860159309,0.23632495528439987,False
CCOc1ccc2nc(N3CCC(C(=O)N[*:1])CC3)sc2c1,OCNT-0479689-AA-001,OCNT-0479693-AA-001,Cc1ccccc1[*:1],Cc1ccc([*:1])cc1Cl,0.0771316973298429,0.0317067984538503,-0.1082863695732268,0.0467704811461373,0.18541806690306972,0.18541806690306972,0.05650485797552515,0.0010327353224550435,0.0015381030639363916,True
CCOc1ccc2nc(N3CCC([*:1])CC3)sc2c1,OCNT-0479689-AA-001,OCNT-0479693-AA-001,Cc1ccccc1NC(=O)[*:1],Cc1ccc(NC(=O)[*:1])cc1Cl,0.0771316973298429,0.0317067984538503,-0.1082863695732268,0.0467704811461373,0.18541806690306972,0.18541806690306972,0.05650485797552515,0.0010327353224550435,0.0015381030639363916,True
O=S(=O)(c1ccc2c(c1)CCCC2)N1CCC2(CC1)NCCN=C2NC[*:1],OCNT-0462817-AQ-001,OCNT-0462823-AQ-001,Fc1ccc([*:1])cc1,Fc1cccc([*:1])c1,-2.3164007671073112,0.0633014723721093,-2.49951547943887,0.0648555115746662,0.18311471233155885,0.18311471233155885,0.09062733465179575,0.04332905456248724,0.05627717437070397,False
O=S(=O)(c1ccc2c(c1)CCCC2)N1CCC2(CC1)NCCN=C2N[*:1],OCNT-0462817-AQ-001,OCNT-0462823-AQ-001,Fc1ccc(C[*:1])cc1,Fc1cccc(C[*:1])c1,-2.3164007671073112,0.0633014723721093,-2.49951547943887,0.0648555115746662,0.18311471233155885,0.18311471233155885,0.09062733465179575,0.04332905456248724,0.05627717437070397,False
Cn1cc(CN(CCCN2CCOCC2)C(=S)N[*:1])c2ccccc21,OCNT-0461796-AA-001,OCNT-0461798-AA-001,COc1ccc(Cl)cc1[*:1],COc1cc(Cl)ccc1[*:1],-0.868396932539779,0.0924645538579433,-0.685908341735233,0.0403371096847049,-0.18248859080454605,0.18248859080454605,0.1008800086135227,0.07045615451357809,0.08914488629510113,False
CCOc1ccc(-c2cc(CC[*:1])no2)cc1,OCNT-0479466-AA-001,OCNT-0479496-AA-001,O=C(C[*:1])NCc1cccnc1,O=C(C[*:1])NCCc1ccccc1,-0.1716877688693951,0.0349180491293988,-0.3534454642646611,0.0597340533274236,0.181757695395266,0.181757695395266,0.06919123703133652,0.008616945270497075,0.011919539331207655,True
CCOc1ccc(-c2cc(CCCC(=O)N[*:1])no2)cc1,OCNT-0479466-AA-001,OCNT-0479496-AA-001,c1cncc(C[*:1])c1,c1ccc(CC[*:1])cc1,-0.1716877688693951,0.0349180491293988,-0.3534454642646611,0.0597340533274236,0.181757695395266,0.181757695395266,0.06919123703133652,0.008616945270497075,0.011919539331207655,True
CCOc1ccc(-c2cc(CCC[*:1])no2)cc1,OCNT-0479466-AA-001,OCNT-0479496-AA-001,O=C(NCc1cccnc1)[*:1],O=C(NCCc1ccccc1)[*:1],-0.1716877688693951,0.0349180491293988,-0.3534454642646611,0.0597340533274236,0.181757695395266,0.181757695395266,0.06919123703133652,0.008616945270497075,0.011919539331207655,True
CCOc1ccc(-c2cc(C[*:1])no2)cc1,OCNT-0479466-AA-001,OCNT-0479496-AA-001,O=C(CC[*:1])NCc1cccnc1,O=C(CC[*:1])NCCc1ccccc1,-0.1716877688693951,0.0349180491293988,-0.3534454642646611,0.0597340533274236,0.181757695395266,0.181757695395266,0.06919123703133652,0.008616945270497075,0.011919539331207655,True
CCOc1ccc(-c2cc(CCCC(=O)NC[*:1])no2)cc1,OCNT-0479466-AA-001,OCNT-0479496-AA-001,c1cncc([*:1])c1,c1ccc(C[*:1])cc1,-0.1716877688693951,0.0349180491293988,-0.3534454642646611,0.0597340533274236,0.181757695395266,0.181757695395266,0.06919123703133652,0.008616945270497075,0.011919539331207655,True
CC(C)N1C(=O)C2(CCCC2)C1C(=O)N[*:1],OCNT-0475102-AA-001,OCNT-0475100-AA-001,Cn1c(C[*:1])nc2ccccc21,c1ccc2[nH]c(CC[*:1])nc2c1,-0.7534599639940108,0.0511913986795388,-0.5741548948546207,0.0469976523989166,-0.17930506913939015,0.17930506913939015,0.06949344307038527,0.009875098009907188,0.013575485859687016,True
CC(C)N1C(=O)C2(CCCC2)C1C(=O)NC[*:1],OCNT-0475102-AA-001,OCNT-0475100-AA-001,Cn1c([*:1])nc2ccccc21,c1ccc2[nH]c(C[*:1])nc2c1,-0.7534599639940108,0.0511913986795388,-0.5741548948546207,0.0469976523989166,-0.17930506913939015,0.17930506913939015,0.06949344307038527,0.009875098009907188,0.013575485859687016,True
Cn1cc(CN(CCCN2CCOCC2)C(=S)N[*:1])c2ccccc21,OCNT-0461798-AA-001,OCNT-0461794-AA-001,COc1cc(Cl)ccc1[*:1],COc1ccc([*:1])cc1Cl,-0.685908341735233,0.0403371096847049,-0.5068047996757894,0.0287025579625714,-0.17910354205944357,0.17910354205944357,0.049506759652704846,0.00029716451446646535,0.0004593566436509417,True
O=C(CN1C(=O)C2CCCCN2c2ccc(C(=O)N3CCCC3)cc21)NC[*:1],OCNT-0460745-AA-001,OCNT-0460713-AA-001,Clc1ccc([*:1])cc1,Clc1cccc([*:1])c1,-0.9915924067710452,0.0248304287620565,-1.1703615681468291,0.0498441774390733,0.1787691613757839,0.1787691613757839,0.05568655328789336,0.001326079439506194,0.0019547689087178652,True
O=C(c1ccc2c(c1)N([*:1])C(=O)C1CCCCN21)N1CCCC1,OCNT-0460745-AA-001,OCNT-0460713-AA-001,O=C(C[*:1])NCc1ccc(Cl)cc1,O=C(C[*:1])NCc1cccc(Cl)c1,-0.9915924067710452,0.0248304287620565,-1.1703615681468291,0.0498441774390733,0.1787691613757839,0.1787691613757839,0.05568655328789336,0.001326079439506194,0.0019547689087178652,True
O=C(CN1C(=O)C2CCCCN2c2ccc(C(=O)N3CCCC3)cc21)N[*:1],OCNT-0460745-AA-001,OCNT-0460713-AA-001,Clc1ccc(C[*:1])cc1,Clc1cccc(C[*:1])c1,-0.9915924067710452,0.0248304287620565,-1.1703615681468291,0.0498441774390733,0.1787691613757839,0.1787691613757839,0.05568655328789336,0.001326079439506194,0.0019547689087178652,True
O=C(c1ccc2c(c1)N(C[*:1])C(=O)C1CCCCN21)N1CCCC1,OCNT-0460745-AA-001,OCNT-0460713-AA-001,O=C(NCc1ccc(Cl)cc1)[*:1],O=C(NCc1cccc(Cl)c1)[*:1],-0.9915924067710452,0.0248304287620565,-1.1703615681468291,0.0498441774390733,0.1787691613757839,0.1787691613757839,0.05568655328789336,0.001326079439506194,0.0019547689087178652,True
O=c1c2ccccc2nc([*:1])n1Cc1ccc2c(c1)OCO2,OCNT-0461373-AA-001,OCNT-0461465-AA-001,O=C(CS[*:1])NCCc1ccccc1,CC1CCN(C(=O)CS[*:1])CC1,0.1347195843751431,0.0438994789820301,-0.043954970376884,0.0420348842615715,0.1786745547520271,0.1786745547520271,0.06077907328824136,0.0032848982282865716,0.004747871213595535,True
O=c1c2ccccc2nc(SC[*:1])n1Cc1ccc2c(c1)OCO2,OCNT-0461373-AA-001,OCNT-0461465-AA-001,O=C(NCCc1ccccc1)[*:1],CC1CCN(C(=O)[*:1])CC1,0.1347195843751431,0.0438994789820301,-0.043954970376884,0.0420348842615715,0.1786745547520271,0.1786745547520271,0.06077907328824136,0.0032848982282865716,0.004747871213595535,True
O=c1c2ccccc2nc(S[*:1])n1Cc1ccc2c(c1)OCO2,OCNT-0461373-AA-001,OCNT-0461465-AA-001,O=C(C[*:1])NCCc1ccccc1,CC1CCN(C(=O)C[*:1])CC1,0.1347195843751431,0.0438994789820301,-0.043954970376884,0.0420348842615715,0.1786745547520271,0.1786745547520271,0.06077907328824136,0.0032848982282865716,0.004747871213595535,True
COc1ccc(-c2nc([*:1])c3ccccc3n2)cc1,OCNT-0482334-AA-001,OCNT-0482328-AA-001,Clc1ccc(CN[*:1])cc1,FC(F)(F)c1cccc(N[*:1])c1,-0.0032802273483388,0.0294646828242451,-0.1815094487425414,0.0198338259501748,0.1782292213942026,0.1782292213942026,0.0355182796001607,5.222369616882091e-07,8.911533091011489e-07,True
COc1ccc(-c2nc(N[*:1])c3ccccc3n2)cc1,OCNT-0482334-AA-001,OCNT-0482328-AA-001,Clc1ccc(C[*:1])cc1,FC(F)(F)c1cccc([*:1])c1,-0.0032802273483388,0.0294646828242451,-0.1815094487425414,0.0198338259501748,0.1782292213942026,0.1782292213942026,0.0355182796001607,5.222369616882091e-07,8.911533091011489e-07,True
CC(=O)Nc1ccc(-c2noc(C3CCN(C(=O)C[*:1])CC3)n2)cc1,OCNT-0463322-AA-001,OCNT-0463200-AA-001,COc1ccc(C[*:1])cc1,CC(=O)Nc1ccc([*:1])cc1,-0.3209604339752812,0.0449366477554425,-0.1430392761992509,0.029737299525165,-0.1779211577760303,0.1779211577760303,0.05388514910943547,0.0009604638125464845,0.0014365861548296134,True
CC(=O)Nc1ccc(-c2noc(C3CCN(C(=O)[*:1])CC3)n2)cc1,OCNT-0463322-AA-001,OCNT-0463200-AA-001,COc1ccc(CC[*:1])cc1,CC(=O)Nc1ccc(C[*:1])cc1,-0.3209604339752812,0.0449366477554425,-0.1430392761992509,0.029737299525165,-0.1779211577760303,0.1779211577760303,0.05388514910943547,0.0009604638125464845,0.0014365861548296134,True
CCSc1nnc(-c2nn(C)c3c2CN(C(=O)[*:1])CC3)n1C,OCNT-0462917-AA-001,OCNT-0462915-AA-001,c1csc([*:1])c1,C1CC([*:1])C1,-0.411564122957142,0.0240472548349408,-0.2338181864158035,0.0289268022399359,-0.17774593654133852,0.17774593654133852,0.03761688919787154,2.299307432947885e-06,3.864289346444694e-06,True
O=C(N[*:1])c1cccc(CN2C(=O)C3CCCN3C(=O)c3ccccc32)c1,OCNT-0462644-AA-001,OCNT-0462710-AA-001,COc1ccc(C[*:1])c(OC)c1,CCC(c1ccc(OC)cc1)[*:1],-0.797224048602732,0.0502045357646995,-0.6199193731979067,0.0579526105466695,-0.1773046754048253,0.1773046754048253,0.07667464040034971,0.02075404416654651,0.02801166358275748,True
CCC1Oc2ccc(C)cc2N(CC(=O)NCC[*:1])C1=O,OCNT-0461672-AA-001,OCNT-0461620-AA-001,CCN(c1ccccc1)[*:1],CCN(C[*:1])c1cccc(C)c1,-3.9029603933539865,0.1547083342961152,-4.0801969749713765,0.0298481030575622,0.17723658161738998,0.17723658161738998,0.15756134664572205,0.26064264785203684,0.30027898271842474,False
CCC1Oc2ccc(C)cc2N(CC(=O)N[*:1])C1=O,OCNT-0461672-AA-001,OCNT-0461620-AA-001,CCN(CC[*:1])c1ccccc1,CCN(CCC[*:1])c1cccc(C)c1,-3.9029603933539865,0.1547083342961152,-4.0801969749713765,0.0298481030575622,0.17723658161738998,0.17723658161738998,0.15756134664572205,0.26064264785203684,0.30027898271842474,False
CCC1Oc2ccc(C)cc2N(CC(=O)NC[*:1])C1=O,OCNT-0461672-AA-001,OCNT-0461620-AA-001,CCN(C[*:1])c1ccccc1,CCN(CC[*:1])c1cccc(C)c1,-3.9029603933539865,0.1547083342961152,-4.0801969749713765,0.0298481030575622,0.17723658161738998,0.17723658161738998,0.15756134664572205,0.26064264785203684,0.30027898271842474,False
CCOC(=O)c1nc(NCCCN2CCN([*:1])CC2)c2ccccc2n1,OCNT-0460632-AA-001,OCNT-0460614-AA-001,Cc1ccc(C)c([*:1])c1,Cc1ccc(Cl)cc1[*:1],-3.4693391475608695,0.0294982710457515,-3.2925410625642013,0.0282098380892767,-0.17679808499666816,0.17679808499666816,0.04081596452017063,1.4803540389346254e-05,2.383175219258571e-05,True
CCOC(=O)c1nc(NCCCN2CCN(c3cc([*:1])ccc3C)CC2)c2ccccc2n1,OCNT-0460632-AA-001,OCNT-0460614-AA-001,C[*:1],Cl[*:1],-3.4693391475608695,0.0294982710457515,-3.2925410625642013,0.0282098380892767,-0.17679808499666816,0.17679808499666816,0.04081596452017063,1.4803540389346254e-05,2.383175219258571e-05,True
Cc1nc2c3cccnc3nn2c(C)c1CC[*:1],OCNT-0479401-AA-001,OCNT-0479377-AA-001,Cc1cc(C)cc(NC(=O)[*:1])c1,COc1cc(NC(=O)[*:1])cc(OC)c1,-0.6732081034548456,0.2604500490322248,-0.4966040960906642,0.0343030534152719,-0.17660400736418141,0.17660400736418141,0.26269931007617686,0.5014139031351668,0.5489753113967575,False
Cc1nc2c3cccnc3nn2c(C)c1CCC(=O)N[*:1],OCNT-0479401-AA-001,OCNT-0479377-AA-001,Cc1cc(C)cc([*:1])c1,COc1cc(OC)cc([*:1])c1,-0.6732081034548456,0.2604500490322248,-0.4966040960906642,0.0343030534152719,-0.17660400736418141,0.17660400736418141,0.26269931007617686,0.5014139031351668,0.5489753113967575,False
Cc1cc2c(C)c(C(=O)N3CCCC3)oc2c([*:1])c1C,OCNT-0461853-AA-001,OCNT-0461855-AA-001,CCc1ccc(NS(=O)(=O)[*:1])cc1,COc1ccc(CNS(=O)(=O)[*:1])cc1,-0.0935957193609369,0.133312258545629,-0.2660453821160201,0.0349107309862518,0.17244966275508317,0.17244966275508317,0.13780753758968003,0.21079569494521166,0.24680242369901098,False
Cc1cc2c(C)c(C(=O)N3CCCC3)oc2c(S(=O)(=O)N[*:1])c1C,OCNT-0461853-AA-001,OCNT-0461855-AA-001,CCc1ccc([*:1])cc1,COc1ccc(C[*:1])cc1,-0.0935957193609369,0.133312258545629,-0.2660453821160201,0.0349107309862518,0.17244966275508317,0.17244966275508317,0.13780753758968003,0.21079569494521166,0.24680242369901098,False
CC(C)CCN1CCC(N2CCN(S(=O)(=O)[*:1])CC2)C1=O,OCNT-0475236-AA-001,OCNT-0475288-AA-001,Cc1cc(Cl)ccc1[*:1],CCCc1ccc([*:1])cc1,-3.4617719081787395,0.0318623970206539,-3.2894225232601055,0.0468451308334928,-0.17234938491863394,0.17234938491863394,0.0566540256884613,0.002349038912255031,0.0034255650883719077,True
O=C(Nc1nc(-c2ccccn2)cs1)[*:1],OCNT-0494222-AA-001,OCNT-0497311-AA-001,Cc1ccc([*:1])cc1,C1CC2CC1CC2C[*:1],-0.1459824628362381,0.0324488807631127,-0.3175135424435469,0.0268283280533607,0.1715310796073088,0.1715310796073088,0.04210331398972587,4.6202210064433664e-05,7.350897791135838e-05,True
Cc1nc(-c2ccc(Cl)cc2)sc1CCNC(=O)C(=O)N[*:1],OCNT-0482276-AA-001,OCNT-0482286-AA-001,c1cc2c(cc1[*:1])OCCO2,Cc1cc(C)c([*:1])c(C)c1,0.2742805972963197,0.0352592519299882,0.1035187663281735,0.0267258765571682,0.1707618309681462,0.1707618309681462,0.04424350036345869,0.00011357679831451402,0.00017838409850809742,True
O=C(Nc1nc(-c2ccccn2)cs1)[*:1],OCNT-0494126-AA-001,OCNT-0497311-AA-001,c1ccc2oc([*:1])cc2c1,C1CC2CC1CC2C[*:1],-0.4866858582982314,0.0444197292878275,-0.3175135424435469,0.0268283280533607,-0.1691723158546845,0.1691723158546845,0.051892885216979615,0.0011140078375344537,0.0016561222226286806,True
O=S(=O)(c1ccc2c(c1)CCCC2)N1CCC2(CC1)NCCN=C2NC[*:1],OCNT-0462817-AQ-001,OCNT-0462819-AQ-001,Fc1ccc([*:1])cc1,Cc1cccc([*:1])c1,-2.3164007671073112,0.0633014723721093,-2.1477189085101727,0.0959006459431612,-0.16868185859713858,0.16868185859713858,0.1149087041820265,0.14211396041463678,0.1712224820948381,False
O=S(=O)(c1ccc2c(c1)CCCC2)N1CCC2(CC1)NCCN=C2N[*:1],OCNT-0462817-AQ-001,OCNT-0462819-AQ-001,Fc1ccc(C[*:1])cc1,Cc1cccc(C[*:1])c1,-2.3164007671073112,0.0633014723721093,-2.1477189085101727,0.0959006459431612,-0.16868185859713858,0.16868185859713858,0.1149087041820265,0.14211396041463678,0.1712224820948381,False
Clc1ccc2c(SC[*:1])c3c(nc2c1)CCCC3,OCNT-0454922-AA-001,OCNT-0479427-AA-001,CCOC(=O)N1CCN(C(=O)[*:1])CC1,O=C(N1CCCC1)[*:1],-3.67174610425362,0.0287800061009943,-3.839963257710554,0.0255381859865355,0.16821715345693367,0.16821715345693367,0.03847710611072703,1.231832395631967e-05,1.9935123985815827e-05,True
Cn1cccc1Cc1nnc(SCC(=O)N2CCCC2)n1[*:1],OCNT-0479598-AA-001,OCNT-0455078-AA-001,c1ccc(CC[*:1])cc1,Clc1ccc([*:1])cc1,-3.5390091326214255,0.0667881795584737,-3.372027064146664,0.0443998890302238,-0.16698206847476138,0.16698206847476138,0.08019981966707351,0.03733558671044548,0.04888185162143397,True
Cn1cccc1Cc1nnc([*:1])n1CCc1ccccc1,OCNT-0479598-AA-001,OCNT-0479618-AA-001,O=C(CS[*:1])N1CCCC1,O=C(CS[*:1])N1CCCCCC1,-3.5390091326214255,0.0667881795584737,-3.372842599662873,0.0324113128926064,-0.16616653295855244,0.16616653295855244,0.07423714792580166,0.02520015966664537,0.03371503045614064,True
Cn1cccc1Cc1nnc(SC[*:1])n1CCc1ccccc1,OCNT-0479598-AA-001,OCNT-0479618-AA-001,O=C(N1CCCC1)[*:1],O=C(N1CCCCCC1)[*:1],-3.5390091326214255,0.0667881795584737,-3.372842599662873,0.0324113128926064,-0.16616653295855244,0.16616653295855244,0.07423714792580166,0.02520015966664537,0.03371503045614064,True
Cn1cccc1Cc1nnc(S[*:1])n1CCc1ccccc1,OCNT-0479598-AA-001,OCNT-0479618-AA-001,O=C(C[*:1])N1CCCC1,O=C(C[*:1])N1CCCCCC1,-3.5390091326214255,0.0667881795584737,-3.372842599662873,0.0324113128926064,-0.16616653295855244,0.16616653295855244,0.07423714792580166,0.02520015966664537,0.03371503045614064,True
COc1ccc(Nc2cc(C(=O)N[*:1])c3ccccc3n2)c(OC)c1,OCNT-0454521-AA-001,OCNT-0461812-AA-001,CCN1CCN(CC[*:1])CC1,C1CCCN(CCC[*:1])CC1,-0.6812423797424505,0.0435616526635562,-0.5152218508787518,0.0253338989909801,-0.16602052886369867,0.16602052886369867,0.05039269809075017,0.0009858451875394518,0.0014709531548225845,True
COc1ccc(Nc2cc(C(=O)NC[*:1])c3ccccc3n2)c(OC)c1,OCNT-0454521-AA-001,OCNT-0461812-AA-001,CCN1CCN(C[*:1])CC1,C1CCCN(CC[*:1])CC1,-0.6812423797424505,0.0435616526635562,-0.5152218508787518,0.0253338989909801,-0.16602052886369867,0.16602052886369867,0.05039269809075017,0.0009858451875394518,0.0014709531548225845,True
COc1ccc(Nc2cc(C(=O)NCC[*:1])c3ccccc3n2)c(OC)c1,OCNT-0454521-AA-001,OCNT-0461812-AA-001,CCN1CCN([*:1])CC1,C1CCCN(C[*:1])CC1,-0.6812423797424505,0.0435616526635562,-0.5152218508787518,0.0253338989909801,-0.16602052886369867,0.16602052886369867,0.05039269809075017,0.0009858451875394518,0.0014709531548225845,True
COc1ccc(Nc2cc([*:1])c3ccccc3n2)c(OC)c1,OCNT-0454521-AA-001,OCNT-0461812-AA-001,CCN1CCN(CCNC(=O)[*:1])CC1,O=C(NCCCN1CCCCCC1)[*:1],-0.6812423797424505,0.0435616526635562,-0.5152218508787518,0.0253338989909801,-0.16602052886369867,0.16602052886369867,0.05039269809075017,0.0009858451875394518,0.0014709531548225845,True
Cc1oc(C[*:1])nc1C(=O)N1CCC(C)CC1,OCNT-0475148-AA-001,OCNT-0475124-AA-001,COc1cc(OC)cc(C(=O)N[*:1])c1,O=C(N[*:1])c1ccc2c(c1)OCO2,-0.2688544639825997,0.0357359159756999,-0.1029993744565173,0.0199612567873466,-0.1658550895260824,0.1658550895260824,0.04093296303900652,5.080965925660363e-05,8.062985486440278e-05,True
Cc1oc(CNC(=O)[*:1])nc1C(=O)N1CCC(C)CC1,OCNT-0475148-AA-001,OCNT-0475124-AA-001,COc1cc(OC)cc([*:1])c1,c1cc2c(cc1[*:1])OCO2,-0.2688544639825997,0.0357359159756999,-0.1029993744565173,0.0199612567873466,-0.1658550895260824,0.1658550895260824,0.04093296303900652,5.080965925660363e-05,8.062985486440278e-05,True
c1ccc2sc(-c3ccc([*:1])cc3)nc2c1,OCNT-0478597-AA-001,OCNT-0497436-AA-001,N[*:1],CN(C)[*:1],0.1193439521563682,0.031651020979941,-0.0464141038310734,0.0238230433912813,0.1657580559874416,0.1657580559874416,0.03961470087600734,2.8610136200205017e-05,4.5608471193421284e-05,True
CC(C)CCN1CCC(N2CCN(S(=O)(=O)[*:1])CC2)C1=O,OCNT-0475236-AA-001,OCNT-0475264-AA-001,Cc1cc(Cl)ccc1[*:1],CC(C)Cc1ccc([*:1])cc1,-3.4617719081787395,0.0318623970206539,-3.296285221045826,0.2707502576389818,-0.16548668713291326,0.16548668713291326,0.27261862437382517,0.5438334286907279,0.5909238010684775,False
O=C(c1cccs1)N1CCCc2cc([*:1])ccc21,OCNT-0482302-AA-001,OCNT-0482292-AA-001,COc1ccc(C(=O)N[*:1])c(OC)c1,COc1cccc(OC)c1C(=O)N[*:1],-0.2047349363720562,0.0420326534280468,-0.3700353394317102,0.0364568864756482,0.165300403059654,0.165300403059654,0.055640349798510395,0.0029695472486890866,0.004309894494390388,True
O=C(c1cccs1)N1CCCc2cc(NC(=O)[*:1])ccc21,OCNT-0482302-AA-001,OCNT-0482292-AA-001,COc1ccc([*:1])c(OC)c1,COc1cccc(OC)c1[*:1],-0.2047349363720562,0.0420326534280468,-0.3700353394317102,0.0364568864756482,0.165300403059654,0.165300403059654,0.055640349798510395,0.0029695472486890866,0.004309894494390388,True
Cc1nc(-c2ccc(F)cc2)sc1CCNC(=O)[*:1],OCNT-0482092-AA-001,OCNT-0482096-AA-001,CCOc1ccc([*:1])cc1OCC,COc1ccc([*:1])cc1,0.1116780811467134,0.024505643971033,-0.0534659291823882,0.0520672660222867,0.1651440103291016,0.1651440103291016,0.05754586672794665,0.0041075673605256175,0.005871038160751276,True
COc1ccc(Nc2c(-c3ccc([*:1])cc3)nc3cnccn23)cc1OC,OCNT-0454291-AA-001,OCNT-0454287-AA-001,Cl[*:1],CO[*:1],0.0346196994252933,0.0437512970705596,-0.1293466280332151,0.0376073095805477,0.1639663274585084,0.1639663274585084,0.05769303016174061,0.004482482394974133,0.006377113035175409,True
COc1ccc(Nc2c([*:1])nc3cnccn23)cc1OC,OCNT-0454291-AA-001,OCNT-0454287-AA-001,Clc1ccc([*:1])cc1,COc1ccc([*:1])cc1,0.0346196994252933,0.0437512970705596,-0.1293466280332151,0.0376073095805477,0.1639663274585084,0.1639663274585084,0.05769303016174061,0.004482482394974133,0.006377113035175409,True
CCOc1ccc2nc(N3CCC(C(=O)N[*:1])CC3)sc2c1,OCNT-0479685-AA-001,OCNT-0479689-AA-001,COc1ccc([*:1])cc1,Cc1ccccc1[*:1],0.239645285979068,0.0309343608558545,0.0771316973298429,0.0317067984538503,0.1625135886492251,0.1625135886492251,0.044297356013122346,0.00024378955522418643,0.00037851239828662765,True
CCOc1ccc2nc(N3CCC([*:1])CC3)sc2c1,OCNT-0479685-AA-001,OCNT-0479689-AA-001,COc1ccc(NC(=O)[*:1])cc1,Cc1ccccc1NC(=O)[*:1],0.239645285979068,0.0309343608558545,0.0771316973298429,0.0317067984538503,0.1625135886492251,0.1625135886492251,0.044297356013122346,0.00024378955522418643,0.00037851239828662765,True
CCN(CC)CCNC(=O)C(=O)NC(C)C(c1cccs1)N1CCN([*:1])CC1,OCNT-0454870-AA-001,OCNT-0454890-AA-001,c1ccc([*:1])cc1,c1ccc(C[*:1])cc1,-2.710435520398921,0.0809739152063552,-2.5480442690482437,0.1705969914935838,-0.16239125135067756,0.16239125135067756,0.1888388425364546,0.3898186813247576,0.4353657294393801,False
CCN(CC)CCNC(=O)C(=O)NC(C)C(c1cccs1)[*:1],OCNT-0454870-AA-001,OCNT-0454890-AA-001,c1ccc(N2CCN([*:1])CC2)cc1,c1ccc(CN2CCN([*:1])CC2)cc1,-2.710435520398921,0.0809739152063552,-2.5480442690482437,0.1705969914935838,-0.16239125135067756,0.16239125135067756,0.1888388425364546,0.3898186813247576,0.4353657294393801,False
O=C(CCN1C(=O)c2ccccc2C1=O)N1CCN([*:1])CC1,OCNT-0461792-AA-001,OCNT-0461766-AA-001,Cc1ccc(C)c([*:1])c1,Clc1cccc([*:1])c1,-0.7779105130074762,0.0493946822922719,-0.6168264099189291,0.0308022423562575,-0.16108410308854704,0.16108410308854704,0.05821179238717962,0.005653877213126072,0.007960320794315016,True
COc1ccc(-c2nc(SCC(=O)Nc3ccc4c(c3)OCO4)c([*:1])[nH]2)cc1,OCNT-0479278-AA-001,OCNT-0479298-AA-001,c1ccc([*:1])cc1,Cc1ccc([*:1])cc1,-0.2992953580364212,0.1150198775123749,-0.1391767912985972,0.0317593360427633,-0.16011856673782401,0.16011856673782401,0.11932404472208814,0.17963485966197912,0.212865133943275,False
CN(c1nc(-c2cccnc2)nc2ccccc12)[*:1],OCNT-0497344-AA-001,OCNT-0497323-AA-001,Fc1ccccc1C[*:1],c1csc(C[*:1])c1,-2.8397557835446947,0.0857329871065121,-2.999039290000016,0.1210282124091859,0.15928350645532108,0.15928350645532108,0.14831713750328515,0.28285017905115395,0.32357848907815506,False
CN(C[*:1])c1nc(-c2cccnc2)nc2ccccc12,OCNT-0497344-AA-001,OCNT-0497323-AA-001,Fc1ccccc1[*:1],c1csc([*:1])c1,-2.8397557835446947,0.0857329871065121,-2.999039290000016,0.1210282124091859,0.15928350645532108,0.15928350645532108,0.14831713750328515,0.28285017905115395,0.32357848907815506,False
c1cncc(-c2nc([*:1])c3ccccc3n2)c1,OCNT-0497344-AA-001,OCNT-0497323-AA-001,CN(Cc1ccccc1F)[*:1],CN(Cc1cccs1)[*:1],-2.8397557835446947,0.0857329871065121,-2.999039290000016,0.1210282124091859,0.15928350645532108,0.15928350645532108,0.14831713750328515,0.28285017905115395,0.32357848907815506,False
CCOc1ccc(C(=O)N/C(=N/[*:1])NCCc2c[nH]c3ccccc23)cc1,OCNT-0456954-AA-001,OCNT-0456890-AA-001,COc1cccc([*:1])c1,COc1ccc([*:1])cc1,-0.3360898467267818,0.0398255249456976,-0.4951252124163359,0.1015714527522324,0.15903536568955406,0.15903536568955406,0.10910010289362407,0.14492288369702122,0.17434921160600342,False
Cc1ccc(Cn2cc(C(=O)[*:1])c(=O)c3cc4c(cc32)OCCO4)cc1,OCNT-0479179-AA-001,OCNT-0479175-AA-001,Cc1ccc([*:1])cc1C,Cc1ccc([*:1])cc1,-0.228273182879288,0.0743722522146837,-0.070969503570565,0.0520004224896445,-0.157303679308723,0.157303679308723,0.09074842058452615,0.08302387916378,0.10418432426347161,False
Cc1ccc(Cn2cc([*:1])c(=O)c3cc4c(cc32)OCCO4)cc1,OCNT-0479179-AA-001,OCNT-0479175-AA-001,Cc1ccc(C(=O)[*:1])cc1C,Cc1ccc(C(=O)[*:1])cc1,-0.228273182879288,0.0743722522146837,-0.070969503570565,0.0520004224896445,-0.157303679308723,0.157303679308723,0.09074842058452615,0.08302387916378,0.10418432426347161,False
CCSc1nnc(-c2nn(C)c3c2CN(C(=O)[*:1])CC3)n1C,OCNT-0462915-AA-001,OCNT-0462939-AA-001,C1CC([*:1])C1,Clc1ccc(OC[*:1])cc1,-0.2338181864158035,0.0289268022399359,-0.3902652655445529,0.1163143279529879,0.1564470791287494,0.1564470791287494,0.11985734343369865,0.19179841379661833,0.22651096455614145,False
O=C(N[*:1])c1ccc(CN2C(=O)C3CCCN3C(=O)c3ccccc32)cc1,OCNT-0462828-AA-001,OCNT-0462537-AA-001,CN(CC[*:1])Cc1ccccc1,CCOc1ccc(C[*:1])cc1,-3.021899087066743,0.0286305297620653,-3.1780792163612213,0.2539804988551076,0.15618012929447822,0.15618012929447822,0.25558912542036255,0.5411602783194674,0.5882804091726951,False
O=C(NC[*:1])c1ccc(CN2C(=O)C3CCCN3C(=O)c3ccccc32)cc1,OCNT-0462828-AA-001,OCNT-0462537-AA-001,CN(Cc1ccccc1)C[*:1],CCOc1ccc([*:1])cc1,-3.021899087066743,0.0286305297620653,-3.1780792163612213,0.2539804988551076,0.15618012929447822,0.15618012929447822,0.25558912542036255,0.5411602783194674,0.5882804091726951,False
O=C(NCCCN1CCN([*:1])CC1)C1Cc2ccccc2N1C(=O)c1ccccc1,OCNT-0460161-AA-001,OCNT-0460167-AA-001,Fc1ccc([*:1])cc1,CCC[*:1],-0.7466751164871198,0.2122638570843159,-0.5918488975491913,0.0364046926060617,-0.15482621893792847,0.15482621893792847,0.215363057807166,0.4721976247681743,0.5195447786905227,False
O=C(NCCC[*:1])C1Cc2ccccc2N1C(=O)c1ccccc1,OCNT-0460161-AA-001,OCNT-0460167-AA-001,Fc1ccc(N2CCN([*:1])CC2)cc1,CCCN1CCN([*:1])CC1,-0.7466751164871198,0.2122638570843159,-0.5918488975491913,0.0364046926060617,-0.15482621893792847,0.15482621893792847,0.215363057807166,0.4721976247681743,0.5195447786905227,False
O=C(N/C(=N/[*:1])NCCc1c[nH]c2ccccc12)c1ccc2c(c1)OCO2,OCNT-0456864-AA-001,OCNT-0456866-AA-001,Cc1ccc([*:1])c(C)c1,CCc1cccc([*:1])c1,-0.034820280269938,0.0310574271726098,-0.1890304309510901,0.028550759002168,0.1542101506811521,0.1542101506811521,0.042186604771915916,0.00025675197285614975,0.0003978923860538305,True
O=C(CSc1nc(-c2ccccc2)[nH]c1[*:1])Nc1ccc2c(c1)OCO2,OCNT-0479276-AA-001,OCNT-0479304-AA-001,c1ccc([*:1])cc1,COc1ccc([*:1])cc1,-0.0113365201624751,0.022503471682081,-0.1634304709522392,0.0403752194352743,0.1520939507897641,0.1520939507897641,0.04622298759484044,0.0010003095907951465,0.0014916255750613795,True
CCN(CCCNC(=O)C[*:1])c1cccc(C)c1,OCNT-0461652-AA-001,OCNT-0461740-AA-001,CCC1Oc2ccccc2N([*:1])C1=O,O=C1COc2ccccc2N1[*:1],-4.15031079518917,0.0245379054779798,-4.302372056472514,0.0237488714606736,0.15206126128334407,0.15206126128334407,0.034148465571704215,8.470019926869413e-06,1.3854370829578512e-05,True
Cn1c(=O)c2cc(C(=O)NCCC[*:1])sc2c2ccccc21,OCNT-0479157-AA-001,OCNT-0479155-AA-001,CCN1CCN([*:1])CC1,CN1CCN([*:1])CC1,-0.7281472641375699,0.0325639813132331,-0.5761767310061376,0.0315894945838337,-0.15197053313143227,0.15197053313143227,0.04536859097471127,0.0008090322263380242,0.0012190282375918382,True
Cn1c(=O)c2cc(C(=O)NCCCN3CCN([*:1])CC3)sc2c2ccccc21,OCNT-0479157-AA-001,OCNT-0479155-AA-001,CC[*:1],C[*:1],-0.7281472641375699,0.0325639813132331,-0.5761767310061376,0.0315894945838337,-0.15197053313143227,0.15197053313143227,0.04536859097471127,0.0008090322263380242,0.0012190282375918382,True
Cn1c(=O)c2cc(C(=O)NCC[*:1])sc2c2ccccc21,OCNT-0479157-AA-001,OCNT-0479155-AA-001,CCN1CCN(C[*:1])CC1,CN1CCN(C[*:1])CC1,-0.7281472641375699,0.0325639813132331,-0.5761767310061376,0.0315894945838337,-0.15197053313143227,0.15197053313143227,0.04536859097471127,0.0008090322263380242,0.0012190282375918382,True
Cn1c(=O)c2cc(C(=O)NC[*:1])sc2c2ccccc21,OCNT-0479157-AA-001,OCNT-0479155-AA-001,CCN1CCN(CC[*:1])CC1,CN1CCN(CC[*:1])CC1,-0.7281472641375699,0.0325639813132331,-0.5761767310061376,0.0315894945838337,-0.15197053313143227,0.15197053313143227,0.04536859097471127,0.0008090322263380242,0.0012190282375918382,True
Cn1c(=O)c2cc(C(=O)N[*:1])sc2c2ccccc21,OCNT-0479157-AA-001,OCNT-0479155-AA-001,CCN1CCN(CCC[*:1])CC1,CN1CCN(CCC[*:1])CC1,-0.7281472641375699,0.0325639813132331,-0.5761767310061376,0.0315894945838337,-0.15197053313143227,0.15197053313143227,0.04536859097471127,0.0008090322263380242,0.0012190282375918382,True
O=C(N[*:1])C(=O)c1cn(CC(=O)N2CCCC2)c2ccccc12,OCNT-0455990-AA-001,OCNT-0456012-AA-001,CCc1ccc([*:1])cc1,COc1cccc([*:1])c1,-0.185020011673387,0.0651765751422017,-0.3366699997867913,0.0311077716392245,0.1516499881134043,0.1516499881134043,0.07221966078309426,0.03574260678611652,0.04697215832740447,True
O=C(Cn1cc([*:1])c2ccccc21)N1CCCC1,OCNT-0455990-AA-001,OCNT-0456012-AA-001,CCc1ccc(NC(=O)C(=O)[*:1])cc1,COc1cccc(NC(=O)C(=O)[*:1])c1,-0.185020011673387,0.0651765751422017,-0.3366699997867913,0.0311077716392245,0.1516499881134043,0.1516499881134043,0.07221966078309426,0.03574260678611652,0.04697215832740447,True
Cc1cc(S(=O)(=O)n2c(C)nc3ccccc32)ccc1[*:1],OCNT-0477307-AA-002,OCNT-0495792-AA-001,Cl[*:1],CO[*:1],-0.5085833941478258,0.0954807152560587,-0.35715556604157,0.0354790968060808,-0.15142782810625582,0.15142782810625582,0.10185938000981458,0.1371109565680545,0.16568420282569352,False
Cc1nc2ccccc2n1S(=O)(=O)[*:1],OCNT-0477307-AA-002,OCNT-0495792-AA-001,Cc1cc([*:1])ccc1Cl,COc1ccc([*:1])cc1C,-0.5085833941478258,0.0954807152560587,-0.35715556604157,0.0354790968060808,-0.15142782810625582,0.15142782810625582,0.10185938000981458,0.1371109565680545,0.16568420282569352,False
COc1ccc(-c2nc(N[*:1])c3ccccc3n2)cc1,OCNT-0482020-AA-001,OCNT-0482328-AA-001,Cc1cccc([*:1])c1,FC(F)(F)c1cccc([*:1])c1,-0.0312686147718196,0.0613051149841828,-0.1815094487425414,0.0198338259501748,0.1502408339707218,0.1502408339707218,0.06443366957612845,0.019715787124414328,0.02668392206495678,True
COc1ccc(-c2nc(Nc3cccc([*:1])c3)c3ccccc3n2)cc1,OCNT-0482020-AA-001,OCNT-0482328-AA-001,C[*:1],FC(F)(F)[*:1],-0.0312686147718196,0.0613051149841828,-0.1815094487425414,0.0198338259501748,0.1502408339707218,0.1502408339707218,0.06443366957612845,0.019715787124414328,0.02668392206495678,True
COc1ccc(-c2nc([*:1])c3ccccc3n2)cc1,OCNT-0482020-AA-001,OCNT-0482328-AA-001,Cc1cccc(N[*:1])c1,FC(F)(F)c1cccc(N[*:1])c1,-0.0312686147718196,0.0613051149841828,-0.1815094487425414,0.0198338259501748,0.1502408339707218,0.1502408339707218,0.06443366957612845,0.019715787124414328,0.02668392206495678,True
O=C(N/C(=N/[*:1])NCCc1c[nH]c2ccccc12)c1ccc2c(c1)OCO2,OCNT-0456866-AA-001,OCNT-0456984-AA-001,CCc1cccc([*:1])c1,c1cc2c(cc1[*:1])OCCO2,-0.1890304309510901,0.028550759002168,-0.3386132139313496,0.0247388396423856,0.14958278298025948,0.14958278298025948,0.03777771865070132,7.509098007017031e-05,0.00011847042439181609,True
O=C(c1cccs1)N1CCCc2cc([*:1])ccc21,OCNT-0482302-AA-001,OCNT-0482300-AA-001,COc1ccc(C(=O)N[*:1])c(OC)c1,COc1cccc(C(=O)N[*:1])c1,-0.2047349363720562,0.0420326534280468,-0.3541897444835638,0.0339465295248359,0.14945480811150758,0.14945480811150758,0.05402879622000522,0.0056712607266390614,0.00797561781499183,True
O=C(c1cccs1)N1CCCc2cc(NC(=O)[*:1])ccc21,OCNT-0482302-AA-001,OCNT-0482300-AA-001,COc1ccc([*:1])c(OC)c1,COc1cccc([*:1])c1,-0.2047349363720562,0.0420326534280468,-0.3541897444835638,0.0339465295248359,0.14945480811150758,0.14945480811150758,0.05402879622000522,0.0056712607266390614,0.00797561781499183,True
CSc1ccc(-c2nc3cnccn3c2[*:1])cc1,OCNT-0454261-AA-001,OCNT-0454289-AA-001,COc1ccc(N[*:1])cc1,COc1ccc(N[*:1])cc1OC,-0.0385643330075507,0.0402458517011585,-0.187750468882986,0.0375927835787509,0.14918613587543528,0.14918613587543528,0.05507218859234165,0.006750267778544746,0.009465848283151286,True
CSc1ccc(-c2nc3cnccn3c2N[*:1])cc1,OCNT-0454261-AA-001,OCNT-0454289-AA-001,COc1ccc([*:1])cc1,COc1ccc([*:1])cc1OC,-0.0385643330075507,0.0402458517011585,-0.187750468882986,0.0375927835787509,0.14918613587543528,0.14918613587543528,0.05507218859234165,0.006750267778544746,0.009465848283151286,True
COc1ccc(-c2nc3cnccn3c2N[*:1])cc1,OCNT-0454253-AA-001,OCNT-0454287-AA-001,Cc1ccccc1[*:1],COc1ccc([*:1])cc1OC,-0.277031231601191,0.1765970063213747,-0.1293466280332151,0.0376073095805477,-0.1476846035679759,0.1476846035679759,0.18055695050470588,0.4133919182906727,0.459178404020552,False
COc1ccc(-c2nc3cnccn3c2[*:1])cc1,OCNT-0454253-AA-001,OCNT-0454287-AA-001,Cc1ccccc1N[*:1],COc1ccc(N[*:1])cc1OC,-0.277031231601191,0.1765970063213747,-0.1293466280332151,0.0376073095805477,-0.1476846035679759,0.1476846035679759,0.18055695050470588,0.4133919182906727,0.459178404020552,False
Cc1nc(-c2cccc(F)c2)sc1CC[*:1],OCNT-0482156-AA-001,OCNT-0482160-AA-001,COc1ccc(CCC(=O)N[*:1])cc1,O=C(N[*:1])c1ccc(F)c(F)c1,-1.7045758857130058,0.1181515767448318,-1.5589443662852402,0.0767013533741491,-0.14563151942776553,0.14563151942776553,0.14086480290234313,0.30121146101556107,0.34154978920531875,False
Cc1nc(-c2cccc(F)c2)sc1CCNC(=O)[*:1],OCNT-0482156-AA-001,OCNT-0482160-AA-001,COc1ccc(CC[*:1])cc1,Fc1ccc([*:1])cc1F,-1.7045758857130058,0.1181515767448318,-1.5589443662852402,0.0767013533741491,-0.14563151942776553,0.14563151942776553,0.14086480290234313,0.30121146101556107,0.34154978920531875,False
O=C(c1cccs1)N1CCCc2cc(NC(=O)[*:1])ccc21,OCNT-0482272-AA-001,OCNT-0482294-AA-001,COc1ccc([*:1])cc1,COc1cccc([*:1])c1OC,-0.2578327317742982,0.0388566761808095,-0.402925640797401,0.0353628082141666,0.1450929090231028,0.1450929090231028,0.05253921857633797,0.005751687757330655,0.008079437395056323,True
O=C(c1cccs1)N1CCCc2cc([*:1])ccc21,OCNT-0482272-AA-001,OCNT-0482294-AA-001,COc1ccc(C(=O)N[*:1])cc1,COc1cccc(C(=O)N[*:1])c1OC,-0.2578327317742982,0.0388566761808095,-0.402925640797401,0.0353628082141666,0.1450929090231028,0.1450929090231028,0.05253921857633797,0.005751687757330655,0.008079437395056323,True
c1ccc2c([*:1])c3c(nc2c1)CCCC3,OCNT-0479195-AA-001,OCNT-0479588-AA-001,COc1ccc(N[*:1])cc1OC,Clc1ccc(N[*:1])cc1,-0.3275335418803851,0.0390108518059733,-0.4726140598941656,0.0308102099589159,0.14508051801378052,0.14508051801378052,0.04971031679983634,0.0035169812519897205,0.005062384190364027,True
c1ccc2c(N[*:1])c3c(nc2c1)CCCC3,OCNT-0479195-AA-001,OCNT-0479588-AA-001,COc1ccc([*:1])cc1OC,Clc1ccc([*:1])cc1,-0.3275335418803851,0.0390108518059733,-0.4726140598941656,0.0308102099589159,0.14508051801378052,0.14508051801378052,0.04971031679983634,0.0035169812519897205,0.005062384190364027,True
C=CCN1CCN(C2CCN(S(=O)(=O)[*:1])CC2)C(=O)C1=O,OCNT-0456809-AA-001,OCNT-0456791-AA-001,Cc1ccc([*:1])cc1C,Cc1ccc([*:1])c(C)c1,-0.731794768306089,0.0502604115097829,-0.5873332741658674,0.0366335412641302,-0.14446149414022158,0.14446149414022158,0.06219425464368431,0.02019276874326042,0.027284210444372303,True
O=C(CSC1=NS(=O)(=O)c2ccccc2N1C[*:1])N1CCCC1,OCNT-0461519-AA-001,OCNT-0461513-AA-001,c1ccc([*:1])cc1,CCC[*:1],-2.9679449882433597,0.0425091197619459,-3.112167907604775,0.0297781640959045,0.14422291936141507,0.14422291936141507,0.05190148668254191,0.005456312185395107,0.007694696223990772,True
O=C(CSC1=NS(=O)(=O)c2ccccc2N1[*:1])N1CCCC1,OCNT-0461519-AA-001,OCNT-0461513-AA-001,c1ccc(C[*:1])cc1,CCCC[*:1],-2.9679449882433597,0.0425091197619459,-3.112167907604775,0.0297781640959045,0.14422291936141507,0.14422291936141507,0.05190148668254191,0.005456312185395107,0.007694696223990772,True
COc1ccc(-c2nc(NC[*:1])c3ccccc3n2)cc1,OCNT-0482336-AA-001,OCNT-0482334-AA-001,c1ccc([*:1])cc1,Clc1ccc([*:1])cc1,-0.1468022946462704,0.0464296868135248,-0.0032802273483388,0.0294646828242451,-0.1435220672979316,0.1435220672979316,0.05498984771333126,0.00905491308814083,0.012461964188234313,True
COc1ccc(-c2nc([*:1])c3ccccc3n2)cc1,OCNT-0482336-AA-001,OCNT-0482334-AA-001,c1ccc(CN[*:1])cc1,Clc1ccc(CN[*:1])cc1,-0.1468022946462704,0.0464296868135248,-0.0032802273483388,0.0294646828242451,-0.1435220672979316,0.1435220672979316,0.05498984771333126,0.00905491308814083,0.012461964188234313,True
COc1ccc(-c2nc(N[*:1])c3ccccc3n2)cc1,OCNT-0482336-AA-001,OCNT-0482334-AA-001,c1ccc(C[*:1])cc1,Clc1ccc(C[*:1])cc1,-0.1468022946462704,0.0464296868135248,-0.0032802273483388,0.0294646828242451,-0.1435220672979316,0.1435220672979316,0.05498984771333126,0.00905491308814083,0.012461964188234313,True
COc1cccc(CNC(=O)CN2C(=O)C(C)(C)c3cc([*:1])ccc32)c1,OCNT-0457712-AA-001,OCNT-0457672-AA-001,CC1CCCN(S(=O)(=O)[*:1])C1,CC1CCN(S(=O)(=O)[*:1])CC1,-3.222803705696759,0.3576413259364464,-3.079397478686159,0.0458299478655396,-0.14340622701060024,0.14340622701060024,0.36056580833314955,0.6908325168196857,0.7308548070288677,False
Cc1ccc(C(=O)c2cn([*:1])c3cc4c(cc3c2=O)OCCO4)cc1,OCNT-0479239-AA-001,OCNT-0479175-AA-001,COc1ccc(C[*:1])cc1,Cc1ccc(C[*:1])cc1,-0.2137709004832174,0.0468637074971844,-0.070969503570565,0.0520004224896445,-0.1428013969126524,0.1428013969126524,0.07000179297334592,0.041353542489895714,0.053969129852146566,False
Cc1ccc(C(=O)c2cn(C[*:1])c3cc4c(cc3c2=O)OCCO4)cc1,OCNT-0479239-AA-001,OCNT-0479175-AA-001,COc1ccc([*:1])cc1,Cc1ccc([*:1])cc1,-0.2137709004832174,0.0468637074971844,-0.070969503570565,0.0520004224896445,-0.1428013969126524,0.1428013969126524,0.07000179297334592,0.041353542489895714,0.053969129852146566,False
Cc1ccc(C(=O)c2cn(Cc3ccc([*:1])cc3)c3cc4c(cc3c2=O)OCCO4)cc1,OCNT-0479239-AA-001,OCNT-0479175-AA-001,CO[*:1],C[*:1],-0.2137709004832174,0.0468637074971844,-0.070969503570565,0.0520004224896445,-0.1428013969126524,0.1428013969126524,0.07000179297334592,0.041353542489895714,0.053969129852146566,False
COc1ccc(Nc2c([*:1])nc3cnccn23)cc1OC,OCNT-0454283-AA-001,OCNT-0454287-AA-001,COc1cc([*:1])ccc1O,COc1ccc([*:1])cc1,0.0113062312878623,0.0492205893054274,-0.1293466280332151,0.0376073095805477,0.14065285932107738,0.14065285932107738,0.061943330112778965,0.023166964439951927,0.031131006032159455,True
O=C(Cn1cc(SC[*:1])c2ccccc21)N1CCCC1,OCNT-0456160-AA-001,OCNT-0456158-AA-001,CCOc1ccc(NC(=O)[*:1])cc1,CCOc1ccccc1NC(=O)[*:1],-3.78295044658547,0.1299319917545698,-3.922133557101257,0.1385565058847375,0.13918311051578725,0.13918311051578725,0.1899479607795169,0.4637149614052316,0.5109007251502033,False
O=C(CSc1cn(CC(=O)N2CCCC2)c2ccccc12)N[*:1],OCNT-0456160-AA-001,OCNT-0456158-AA-001,CCOc1ccc([*:1])cc1,CCOc1ccccc1[*:1],-3.78295044658547,0.1299319917545698,-3.922133557101257,0.1385565058847375,0.13918311051578725,0.13918311051578725,0.1899479607795169,0.4637149614052316,0.5109007251502033,False
O=C(Cn1cc(S[*:1])c2ccccc21)N1CCCC1,OCNT-0456160-AA-001,OCNT-0456158-AA-001,CCOc1ccc(NC(=O)C[*:1])cc1,CCOc1ccccc1NC(=O)C[*:1],-3.78295044658547,0.1299319917545698,-3.922133557101257,0.1385565058847375,0.13918311051578725,0.13918311051578725,0.1899479607795169,0.4637149614052316,0.5109007251502033,False
O=C(Cn1cc(SC[*:1])c2ccccc21)N1CCCCCC1,OCNT-0456226-AA-001,OCNT-0456230-AA-001,O=C(Nc1ccc2c(c1)OCCO2)[*:1],CC(=O)c1ccc(NC(=O)[*:1])cc1,-3.506829610192008,0.0767576882103069,-3.3680535833747074,0.0291629303008216,-0.1387760268173004,0.1387760268173004,0.08211101755015136,0.09100836818066006,0.11373722009094749,False
O=C(CSc1cn(CC(=O)N2CCCCCC2)c2ccccc12)N[*:1],OCNT-0456226-AA-001,OCNT-0456230-AA-001,c1cc2c(cc1[*:1])OCCO2,CC(=O)c1ccc([*:1])cc1,-3.506829610192008,0.0767576882103069,-3.3680535833747074,0.0291629303008216,-0.1387760268173004,0.1387760268173004,0.08211101755015136,0.09100836818066006,0.11373722009094749,False
CC(=O)Nc1ccc(-c2noc(C3CCN(C(=O)[*:1])CC3)n2)cc1,OCNT-0463268-AA-001,OCNT-0463200-AA-001,COc1cc(OC)cc([*:1])c1,CC(=O)Nc1ccc(C[*:1])cc1,-0.0060200515402403,0.0316180414672034,-0.1430392761992509,0.029737299525165,0.1370192246590106,0.1370192246590106,0.04340515556096041,0.001595380648801516,0.00234750237379273,True
O=C(N[*:1])C(=O)c1cn(CC(=O)N2CCCCC2)c2ccccc12,OCNT-0456072-AA-001,OCNT-0456054-AA-001,c1cc2c(cc1[*:1])OCCO2,c1cc2c(cc1[*:1])OCO2,-0.170175049813373,0.0402038216020944,-0.0343325851368699,0.0294633073098572,-0.1358424646765031,0.1358424646765031,0.04984409442499801,0.006423389465494134,0.009017804946680521,True
O=C(CCN1C(=O)c2ccccc2C1=O)N1CCN([*:1])CC1,OCNT-0461792-AA-001,OCNT-0461788-AA-001,Cc1ccc(C)c([*:1])c1,CC(=O)c1ccc([*:1])cc1,-0.7779105130074762,0.0493946822922719,-0.6420747322707825,0.0635000749650873,-0.13583578073669367,0.13583578073669367,0.08044932665551768,0.09132222051243333,0.11407119632155403,False
Cn1cc(S(=O)(=O)N2CCC(C(=O)N[*:1])CC2)cc1C(=O)N1CCCC1,OCNT-0461635-AA-001,OCNT-0461669-AA-001,Clc1ccccc1C[*:1],Cc1ccnc([*:1])c1,-0.6561267801105736,0.0221993062629462,-0.5209752335247926,0.0466063307848769,-0.135151546585781,0.135151546585781,0.05162324348377818,0.008843729018676576,0.012205642926509634,True
Cn1cc(S(=O)(=O)N2CCC([*:1])CC2)cc1C(=O)N1CCCC1,OCNT-0461635-AA-001,OCNT-0461669-AA-001,O=C(NCc1ccccc1Cl)[*:1],Cc1ccnc(NC(=O)[*:1])c1,-0.6561267801105736,0.0221993062629462,-0.5209752335247926,0.0466063307848769,-0.135151546585781,0.135151546585781,0.05162324348377818,0.008843729018676576,0.012205642926509634,True
Cc1ccc(S(=O)(=O)c2cnc3ccccc3c2[*:1])cc1C,OCNT-0479503-AA-001,OCNT-0479525-AA-001,C1CCCN([*:1])CC1,c1ccc(N2CCN([*:1])CC2)cc1,-0.2165343327582365,0.0260713964218856,-0.351069620301887,0.0536929816803171,0.1345352875436505,0.1345352875436505,0.05968797192994563,0.024197644839652695,0.03249815418366089,True
Cc1c(N2CCC([*:1])CC2)c(=O)n(C)c(=O)n1-c1ccccc1,OCNT-0458500-AA-001,OCNT-0458394-AA-001,Cc1cc(C)cc(NC(=O)[*:1])c1,O=C(NCc1cccnc1)[*:1],-0.0993851904769135,0.0273564930606155,-0.2330706647159557,0.036532460752341,0.1336854742390422,0.1336854742390422,0.04563987731356034,0.0033990407038629595,0.0048983819801841355,True
Cc1c(N2CCC(C(=O)N[*:1])CC2)c(=O)n(C)c(=O)n1-c1ccccc1,OCNT-0458500-AA-001,OCNT-0458394-AA-001,Cc1cc(C)cc([*:1])c1,c1cncc(C[*:1])c1,-0.0993851904769135,0.0273564930606155,-0.2330706647159557,0.036532460752341,0.1336854742390422,0.1336854742390422,0.04563987731356034,0.0033990407038629595,0.0048983819801841355,True
Cc1cc2c(C)c(C(=O)N3CCCC3)oc2c([*:1])c1C,OCNT-0461851-AA-001,OCNT-0461855-AA-001,CCc1ccccc1NS(=O)(=O)[*:1],COc1ccc(CNS(=O)(=O)[*:1])cc1,-0.3981602756633787,0.043474736231189,-0.2660453821160201,0.0349107309862518,-0.13211489354735861,0.13211489354735861,0.05575672002876334,0.017812720574881938,0.024175112172343926,True
Cc1cc2c(C)c(C(=O)N3CCCC3)oc2c(S(=O)(=O)N[*:1])c1C,OCNT-0461851-AA-001,OCNT-0461855-AA-001,CCc1ccccc1[*:1],COc1ccc(C[*:1])cc1,-0.3981602756633787,0.043474736231189,-0.2660453821160201,0.0349107309862518,-0.13211489354735861,0.13211489354735861,0.05575672002876334,0.017812720574881938,0.024175112172343926,True
CC(=O)Nc1ccc(S(=O)(=O)N2CCC(CC(=O)NC[*:1])CC2)cc1,OCNT-0457679-AA-001,OCNT-0457413-AA-001,CCN(CC)C[*:1],COCC[*:1],-0.0220766621832894,0.0187888867725224,-0.1537772578500384,0.0224530137478095,0.131700595666749,0.131700595666749,0.02927729653690705,6.847113281112348e-06,1.1207281738382552e-05,True
CC(=O)Nc1ccc(S(=O)(=O)N2CCC(CC(=O)N[*:1])CC2)cc1,OCNT-0457679-AA-001,OCNT-0457413-AA-001,CCN(CC)CC[*:1],COCCC[*:1],-0.0220766621832894,0.0187888867725224,-0.1537772578500384,0.0224530137478095,0.131700595666749,0.131700595666749,0.02927729653690705,6.847113281112348e-06,1.1207281738382552e-05,True
CC(=O)Nc1ccc(S(=O)(=O)N2CCC(CC(=O)NCC[*:1])CC2)cc1,OCNT-0457679-AA-001,OCNT-0457413-AA-001,CCN(CC)[*:1],COC[*:1],-0.0220766621832894,0.0187888867725224,-0.1537772578500384,0.0224530137478095,0.131700595666749,0.131700595666749,0.02927729653690705,6.847113281112348e-06,1.1207281738382552e-05,True
CC(=O)Nc1ccc(S(=O)(=O)N2CCC([*:1])CC2)cc1,OCNT-0457679-AA-001,OCNT-0457413-AA-001,CCN(CC)CCNC(=O)C[*:1],COCCCNC(=O)C[*:1],-0.0220766621832894,0.0187888867725224,-0.1537772578500384,0.0224530137478095,0.131700595666749,0.131700595666749,0.02927729653690705,6.847113281112348e-06,1.1207281738382552e-05,True
CC(=O)Nc1ccc(S(=O)(=O)N2CCC(C[*:1])CC2)cc1,OCNT-0457679-AA-001,OCNT-0457413-AA-001,CCN(CC)CCNC(=O)[*:1],COCCCNC(=O)[*:1],-0.0220766621832894,0.0187888867725224,-0.1537772578500384,0.0224530137478095,0.131700595666749,0.131700595666749,0.02927729653690705,6.847113281112348e-06,1.1207281738382552e-05,True
COc1ccc(-c2nc(NC[*:1])c3ccccc3n2)cc1,OCNT-0482334-AA-001,OCNT-0482330-AA-001,Clc1ccc([*:1])cc1,Clc1cccc([*:1])c1,-0.0032802273483388,0.0294646828242451,-0.1329091860430695,0.0393648102689575,0.1296289586947307,0.1296289586947307,0.04917068050621617,0.008381411779131138,0.011633190370694213,True
COc1ccc(-c2nc(N[*:1])c3ccccc3n2)cc1,OCNT-0482334-AA-001,OCNT-0482330-AA-001,Clc1ccc(C[*:1])cc1,Clc1cccc(C[*:1])c1,-0.0032802273483388,0.0294646828242451,-0.1329091860430695,0.0393648102689575,0.1296289586947307,0.1296289586947307,0.04917068050621617,0.008381411779131138,0.011633190370694213,True
COc1ccc(-c2nc([*:1])c3ccccc3n2)cc1,OCNT-0482334-AA-001,OCNT-0482330-AA-001,Clc1ccc(CN[*:1])cc1,Clc1cccc(CN[*:1])c1,-0.0032802273483388,0.0294646828242451,-0.1329091860430695,0.0393648102689575,0.1296289586947307,0.1296289586947307,0.04917068050621617,0.008381411779131138,0.011633190370694213,True
O=C(Nc1nc2ccccc2[nH]1)[*:1],OCNT-0494041-AA-001,OCNT-0497508-AA-001,Cc1ccc([*:1])cc1,CC(C)Oc1ccc([*:1])cc1,0.1055062430314816,0.0228761964651777,-0.023942852459998,0.0351633215981763,0.1294490954914796,0.1294490954914796,0.04194972646549892,0.002029950743276568,0.002969091134965787,True
O=C(Nc1nc2ccccc2[nH]1)c1ccc([*:1])cc1,OCNT-0494041-AA-001,OCNT-0497508-AA-001,C[*:1],CC(C)O[*:1],0.1055062430314816,0.0228761964651777,-0.023942852459998,0.0351633215981763,0.1294490954914796,0.1294490954914796,0.04194972646549892,0.002029950743276568,0.002969091134965787,True
COc1ccc(-c2nc([*:1])c3ccccc3n2)cc1,OCNT-0482334-AA-001,OCNT-0482332-AA-001,Clc1ccc(CN[*:1])cc1,Clc1ccccc1CN[*:1],-0.0032802273483388,0.0294646828242451,-0.1320491970842545,0.0249653791361721,0.1287689697359157,0.1287689697359157,0.03861913631020483,0.0008550495046460517,0.0012859902506877003,True
COc1ccc(-c2nc(NC[*:1])c3ccccc3n2)cc1,OCNT-0482334-AA-001,OCNT-0482332-AA-001,Clc1ccc([*:1])cc1,Clc1ccccc1[*:1],-0.0032802273483388,0.0294646828242451,-0.1320491970842545,0.0249653791361721,0.1287689697359157,0.1287689697359157,0.03861913631020483,0.0008550495046460517,0.0012859902506877003,True
COc1ccc(-c2nc(N[*:1])c3ccccc3n2)cc1,OCNT-0482334-AA-001,OCNT-0482332-AA-001,Clc1ccc(C[*:1])cc1,Clc1ccccc1C[*:1],-0.0032802273483388,0.0294646828242451,-0.1320491970842545,0.0249653791361721,0.1287689697359157,0.1287689697359157,0.03861913631020483,0.0008550495046460517,0.0012859902506877003,True
O=C(N[*:1])c1ccc(CN2C(=O)C3CCCN3C(=O)c3ccccc32)cc1,OCNT-0462804-AA-001,OCNT-0462537-AA-001,Cc1ccc(C(C)[*:1])c(C)c1,CCOc1ccc(C[*:1])cc1,-3.050335981495316,0.0441556475659202,-3.1780792163612213,0.2539804988551076,0.1277432348659051,0.1277432348659051,0.2577902539093654,0.6202248728177076,0.6641970519846522,False
O=C1C2CCCN2C(=O)c2ccccc2N1Cc1ccc([*:1])cc1,OCNT-0462804-AA-001,OCNT-0462537-AA-001,Cc1ccc(C(C)NC(=O)[*:1])c(C)c1,CCOc1ccc(CNC(=O)[*:1])cc1,-3.050335981495316,0.0441556475659202,-3.1780792163612213,0.2539804988551076,0.1277432348659051,0.1277432348659051,0.2577902539093654,0.6202248728177076,0.6641970519846522,False
O=C(CSc1cn(C[*:1])c2ccccc12)Nc1ccc2c(c1)OCCO2,OCNT-0456226-AA-001,OCNT-0456188-AA-001,O=C(N1CCCCCC1)[*:1],O=C(N1CCCCC1)[*:1],-3.506829610192008,0.0767576882103069,-3.634219839978549,0.0337029252802603,0.12739022978654102,0.12739022978654102,0.08383096010327865,0.12860942957539975,0.1561047986959341,False
O=C(CSc1cn([*:1])c2ccccc12)Nc1ccc2c(c1)OCCO2,OCNT-0456226-AA-001,OCNT-0456188-AA-001,O=C(C[*:1])N1CCCCCC1,O=C(C[*:1])N1CCCCC1,-3.506829610192008,0.0767576882103069,-3.634219839978549,0.0337029252802603,0.12739022978654102,0.12739022978654102,0.08383096010327865,0.12860942957539975,0.1561047986959341,False
O=C(Nc1nc2ccccc2[nH]1)[*:1],OCNT-0494041-AA-001,OCNT-0497551-AA-001,Cc1ccc([*:1])cc1,c1ccc2c(C[*:1])c[nH]c2c1,0.1055062430314816,0.0228761964651777,-0.0214772036021407,0.0379075746587863,0.1269834466336223,0.1269834466336223,0.04427532700302581,0.00413022198341774,0.005899972675670293,True
Cc1c(N2CCC(C(=O)NC[*:1])CC2)c(=O)n(C)c(=O)n1-c1ccccc1,OCNT-0458432-AA-001,OCNT-0458394-AA-001,COc1ccc([*:1])cc1,c1cncc([*:1])c1,-0.1064686237116803,0.0272328653572601,-0.2330706647159557,0.036532460752341,0.1266020410042754,0.1266020410042754,0.045565882458128606,0.005462070838198599,0.007694696223990772,True
Cc1c(N2CCC([*:1])CC2)c(=O)n(C)c(=O)n1-c1ccccc1,OCNT-0458432-AA-001,OCNT-0458394-AA-001,COc1ccc(CNC(=O)[*:1])cc1,O=C(NCc1cccnc1)[*:1],-0.1064686237116803,0.0272328653572601,-0.2330706647159557,0.036532460752341,0.1266020410042754,0.1266020410042754,0.045565882458128606,0.005462070838198599,0.007694696223990772,True
Cc1c(N2CCC(C(=O)N[*:1])CC2)c(=O)n(C)c(=O)n1-c1ccccc1,OCNT-0458432-AA-001,OCNT-0458394-AA-001,COc1ccc(C[*:1])cc1,c1cncc(C[*:1])c1,-0.1064686237116803,0.0272328653572601,-0.2330706647159557,0.036532460752341,0.1266020410042754,0.1266020410042754,0.045565882458128606,0.005462070838198599,0.007694696223990772,True
O=C(NC[*:1])c1ccc2nc(Cc3ccccc3)oc2c1,OCNT-0482368-AA-001,OCNT-0482400-AA-001,Cc1ccc([*:1])cc1,CCc1ccc([*:1])cc1,-0.4306795624190303,0.0903341446953717,-0.5560704216315617,0.2318450211387719,0.1253908592125314,0.1253908592125314,0.24882196752835536,0.6143049051253882,0.658433684994229,False
O=C(NCc1ccc([*:1])cc1)c1ccc2nc(Cc3ccccc3)oc2c1,OCNT-0482368-AA-001,OCNT-0482400-AA-001,C[*:1],CC[*:1],-0.4306795624190303,0.0903341446953717,-0.5560704216315617,0.2318450211387719,0.1253908592125314,0.1253908592125314,0.24882196752835536,0.6143049051253882,0.658433684994229,False
c1ccc(Cc2nc3ccc([*:1])cc3o2)cc1,OCNT-0482368-AA-001,OCNT-0482400-AA-001,Cc1ccc(CNC(=O)[*:1])cc1,CCc1ccc(CNC(=O)[*:1])cc1,-0.4306795624190303,0.0903341446953717,-0.5560704216315617,0.2318450211387719,0.1253908592125314,0.1253908592125314,0.24882196752835536,0.6143049051253882,0.658433684994229,False
O=C(N[*:1])c1ccc2nc(Cc3ccccc3)oc2c1,OCNT-0482368-AA-001,OCNT-0482400-AA-001,Cc1ccc(C[*:1])cc1,CCc1ccc(C[*:1])cc1,-0.4306795624190303,0.0903341446953717,-0.5560704216315617,0.2318450211387719,0.1253908592125314,0.1253908592125314,0.24882196752835536,0.6143049051253882,0.658433684994229,False
Cc1cc2c(C)c(C(=O)N3CCCC3)oc2c([*:1])c1C,OCNT-0461857-AA-001,OCNT-0461853-AA-001,CCOc1ccc(NS(=O)(=O)[*:1])cc1,CCc1ccc(NS(=O)(=O)[*:1])cc1,0.0301426221140571,0.0382816725496159,-0.0935957193609369,0.133312258545629,0.123738341474994,0.123738341474994,0.13869983681220627,0.37232303997572813,0.41658641006886454,False
Cc1cc2c(C)c(C(=O)N3CCCC3)oc2c(S(=O)(=O)Nc2ccc([*:1])cc2)c1C,OCNT-0461857-AA-001,OCNT-0461853-AA-001,CCO[*:1],CC[*:1],0.0301426221140571,0.0382816725496159,-0.0935957193609369,0.133312258545629,0.123738341474994,0.123738341474994,0.13869983681220627,0.37232303997572813,0.41658641006886454,False
Cc1cc2c(C)c(C(=O)N3CCCC3)oc2c(S(=O)(=O)N[*:1])c1C,OCNT-0461857-AA-001,OCNT-0461853-AA-001,CCOc1ccc([*:1])cc1,CCc1ccc([*:1])cc1,0.0301426221140571,0.0382816725496159,-0.0935957193609369,0.133312258545629,0.123738341474994,0.123738341474994,0.13869983681220627,0.37232303997572813,0.41658641006886454,False
CCOC(=O)C1CCN(C(=O)[*:1])CC1,OCNT-0454939-AA-001,OCNT-0457698-AA-001,c1cnc2[nH]c(SC[*:1])nc2c1,Cc1nn(C[*:1])c(=O)c2noc(C)c12,0.1425541290009159,0.0287942840366941,0.0192600294955905,0.0284032966269633,0.12329409950532541,0.12329409950532541,0.04044574208078128,0.002300767334956667,0.0033571721339528708,True
CCOC(=O)C1CCN(C(=O)C[*:1])CC1,OCNT-0454939-AA-001,OCNT-0457698-AA-001,c1cnc2[nH]c(S[*:1])nc2c1,Cc1nn([*:1])c(=O)c2noc(C)c12,0.1425541290009159,0.0287942840366941,0.0192600294955905,0.0284032966269633,0.12329409950532541,0.12329409950532541,0.04044574208078128,0.002300767334956667,0.0033571721339528708,True
CC(C)C(NS(=O)(=O)c1cccs1)C(=O)NC[*:1],OCNT-0460411-AA-001,OCNT-0460385-AA-001,CC(C)N(CC[*:1])C1CCCCC1,CCN(CC)CC[*:1],-0.1193707155271433,0.0272448601367279,0.0031095530605522,0.0551206832922314,-0.1224802685876955,0.1224802685876955,0.06148635727112432,0.04637204844132168,0.05981676464729265,False
CC(C)C(NS(=O)(=O)c1cccs1)C(=O)NCC[*:1],OCNT-0460411-AA-001,OCNT-0460385-AA-001,CC(C)N(C[*:1])C1CCCCC1,CCN(CC)C[*:1],-0.1193707155271433,0.0272448601367279,0.0031095530605522,0.0551206832922314,-0.1224802685876955,0.1224802685876955,0.06148635727112432,0.04637204844132168,0.05981676464729265,False
CC(C)C(NS(=O)(=O)c1cccs1)C(=O)NCCC[*:1],OCNT-0460411-AA-001,OCNT-0460385-AA-001,CC(C)N(C1CCCCC1)[*:1],CCN(CC)[*:1],-0.1193707155271433,0.0272448601367279,0.0031095530605522,0.0551206832922314,-0.1224802685876955,0.1224802685876955,0.06148635727112432,0.04637204844132168,0.05981676464729265,False
CC(C)C(NS(=O)(=O)c1cccs1)C(=O)N[*:1],OCNT-0460411-AA-001,OCNT-0460385-AA-001,CC(C)N(CCC[*:1])C1CCCCC1,CCN(CC)CCC[*:1],-0.1193707155271433,0.0272448601367279,0.0031095530605522,0.0551206832922314,-0.1224802685876955,0.1224802685876955,0.06148635727112432,0.04637204844132168,0.05981676464729265,False
COc1ccc(-c2nc3cnccn3c2N[*:1])cc1,OCNT-0454255-AA-001,OCNT-0454287-AA-001,CC(C)c1ccc([*:1])cc1,COc1ccc([*:1])cc1OC,-0.2510114797729196,0.0374964059510941,-0.1293466280332151,0.0376073095805477,-0.12166485173970451,0.12166485173970451,0.053106404445569466,0.0219655056866244,0.02953274308525819,True
COc1ccc(-c2nc3cnccn3c2[*:1])cc1,OCNT-0454255-AA-001,OCNT-0454287-AA-001,CC(C)c1ccc(N[*:1])cc1,COc1ccc(N[*:1])cc1OC,-0.2510114797729196,0.0374964059510941,-0.1293466280332151,0.0376073095805477,-0.12166485173970451,0.12166485173970451,0.053106404445569466,0.0219655056866244,0.02953274308525819,True
C(=NNc1nc2ccccc2[nH]1)c1nc2ccccc2n1[*:1],OCNT-0495826-AA-001,OCNT-0495824-AA-001,CCC[*:1],CCCC[*:1],-0.5658015980190122,0.0958489228500562,-0.6871088980107198,0.0621073702482654,0.12130729999170764,0.12130729999170764,0.11421182710503824,0.2881786912067478,0.3287521013440148,False
C(=NNc1nc2ccccc2[nH]1)c1nc2ccccc2n1C[*:1],OCNT-0495826-AA-001,OCNT-0495824-AA-001,CC[*:1],CCC[*:1],-0.5658015980190122,0.0958489228500562,-0.6871088980107198,0.0621073702482654,0.12130729999170764,0.12130729999170764,0.11421182710503824,0.2881786912067478,0.3287521013440148,False
C(=NNc1nc2ccccc2[nH]1)c1nc2ccccc2n1CC[*:1],OCNT-0495826-AA-001,OCNT-0495824-AA-001,C[*:1],CC[*:1],-0.5658015980190122,0.0958489228500562,-0.6871088980107198,0.0621073702482654,0.12130729999170764,0.12130729999170764,0.11421182710503824,0.2881786912067478,0.3287521013440148,False
Cc1nc(-c2cccc(F)c2)sc1CC[*:1],OCNT-0482222-AA-001,OCNT-0482180-AA-001,COc1ccc(OCC(=O)N[*:1])cc1,Cc1cc(C)cc(C(=O)N[*:1])c1,-0.1454733468903478,0.0499907316215237,-0.2665960055742999,0.0318607418864413,0.12112265868395211,0.12112265868395211,0.05928052059158762,0.041031476973852524,0.0536346282879365,False
Cc1nc(-c2cccc(F)c2)sc1CCNC(=O)[*:1],OCNT-0482222-AA-001,OCNT-0482180-AA-001,COc1ccc(OC[*:1])cc1,Cc1cc(C)cc([*:1])c1,-0.1454733468903478,0.0499907316215237,-0.2665960055742999,0.0318607418864413,0.12112265868395211,0.12112265868395211,0.05928052059158762,0.041031476973852524,0.0536346282879365,False
CCOc1ccc2nc(N3CCCC(C(=O)N[*:1])C3)sc2c1,OCNT-0479723-AA-001,OCNT-0479749-AA-001,COc1ccc([*:1])cc1,CCOC(=O)c1ccc([*:1])cc1,0.154411384288679,0.0389097714136462,0.0343553194549324,0.0501798895515616,0.12005606483374662,0.12005606483374662,0.06349796553330761,0.05866343193473391,0.07511743482171318,False
CCOc1ccc2nc(N3CCCC(C(=O)Nc4ccc([*:1])cc4)C3)sc2c1,OCNT-0479723-AA-001,OCNT-0479749-AA-001,CO[*:1],CCOC(=O)[*:1],0.154411384288679,0.0389097714136462,0.0343553194549324,0.0501798895515616,0.12005606483374662,0.12005606483374662,0.06349796553330761,0.05866343193473391,0.07511743482171318,False
COc1ccc(-c2nc3cnccn3c2N[*:1])cc1,OCNT-0454257-AA-001,OCNT-0454255-AA-001,Clc1ccc([*:1])cc1,CC(C)c1ccc([*:1])cc1,-0.3710059119381237,0.0459850507810825,-0.2510114797729196,0.0374964059510941,-0.11999443216520411,0.11999443216520411,0.059334689302194724,0.043142080044530066,0.05609387346916316,False
COc1ccc(-c2nc3cnccn3c2[*:1])cc1,OCNT-0454257-AA-001,OCNT-0454255-AA-001,Clc1ccc(N[*:1])cc1,CC(C)c1ccc(N[*:1])cc1,-0.3710059119381237,0.0459850507810825,-0.2510114797729196,0.0374964059510941,-0.11999443216520411,0.11999443216520411,0.059334689302194724,0.043142080044530066,0.05609387346916316,False
COc1ccc(-c2nc3cnccn3c2Nc2ccc([*:1])cc2)cc1,OCNT-0454257-AA-001,OCNT-0454255-AA-001,Cl[*:1],CC(C)[*:1],-0.3710059119381237,0.0459850507810825,-0.2510114797729196,0.0374964059510941,-0.11999443216520411,0.11999443216520411,0.059334689302194724,0.043142080044530066,0.05609387346916316,False
c1cncc(-c2nc([*:1])c3ccccc3n2)c1,OCNT-0497562-AA-001,OCNT-0497451-AA-001,c1cncc(CN[*:1])c1,C1COC(CN[*:1])C1,-0.5748516254311561,0.0432233106617075,-0.4549539645233829,0.0186539379969738,-0.11989766090777321,0.11989766090777321,0.0470767882013357,0.010869920054633707,0.014876227278349374,True
c1cncc(-c2nc(N[*:1])c3ccccc3n2)c1,OCNT-0497562-AA-001,OCNT-0497451-AA-001,c1cncc(C[*:1])c1,C1COC(C[*:1])C1,-0.5748516254311561,0.0432233106617075,-0.4549539645233829,0.0186539379969738,-0.11989766090777321,0.11989766090777321,0.0470767882013357,0.010869920054633707,0.014876227278349374,True
c1cncc(-c2nc(NC[*:1])c3ccccc3n2)c1,OCNT-0497562-AA-001,OCNT-0497451-AA-001,c1cncc([*:1])c1,C1COC([*:1])C1,-0.5748516254311561,0.0432233106617075,-0.4549539645233829,0.0186539379969738,-0.11989766090777321,0.11989766090777321,0.0470767882013357,0.010869920054633707,0.014876227278349374,True
O=C(CSc1cn(CC(=O)N2CCCCCC2)c2ccccc12)N[*:1],OCNT-0456226-AA-001,OCNT-0456228-AA-001,c1cc2c(cc1[*:1])OCCO2,CCOC(=O)c1ccc([*:1])cc1,-3.506829610192008,0.0767576882103069,-3.3870006953871155,0.0298162204889184,-0.11982891480489233,0.11982891480489233,0.08234530772080753,0.14561382357085773,0.17498939642053785,False
COc1ccc(-c2[nH]c([*:1])nc2SCC(=O)Nc2ccc3c(c2)OCCO3)cc1,OCNT-0479372-AA-001,OCNT-0479370-AA-001,CCOc1ccc([*:1])cc1,COc1ccc([*:1])cc1OC,-0.5435788201153882,0.065110856463504,-0.4247858114843588,0.0323272522704806,-0.11879300863102937,0.11879300863102937,0.07269439365432738,0.10222890254481047,0.12634046693290465,False
COCCN1C(=O)c2ccccc2C([*:1])C12CCCCC2,OCNT-0461293-AA-001,OCNT-0461556-AA-001,O=C(Nc1nc2c(s1)CCC2)[*:1],O=C(NC1CCCCCC1)[*:1],-3.1952388881098943,0.0503948543939408,-3.076706267540658,0.1433755038228438,-0.11853262056923652,0.11853262056923652,0.1519742624454575,0.43541916528947255,0.4823316873985239,False
COCCN1C(=O)c2ccccc2C(C(=O)N[*:1])C12CCCCC2,OCNT-0461293-AA-001,OCNT-0461556-AA-001,C1Cc2nc([*:1])sc2C1,C1CCCC([*:1])CC1,-3.1952388881098943,0.0503948543939408,-3.076706267540658,0.1433755038228438,-0.11853262056923652,0.11853262056923652,0.1519742624454575,0.43541916528947255,0.4823316873985239,False
COc1ccc2nc(NC(=O)[*:1])sc2c1,OCNT-0482056-AA-001,OCNT-0494083-AA-001,c1ccc([*:1])nc1,Cc1occc1[*:1],0.2758309759034624,0.0413581435965414,0.1586788848868836,0.0447113833782689,0.11715209101657881,0.11715209101657881,0.060906517264991265,0.05442057213329946,0.06997747767219326,False
COc1ccc2nc([*:1])sc2c1,OCNT-0482056-AA-001,OCNT-0494083-AA-001,O=C(N[*:1])c1ccccn1,Cc1occc1C(=O)N[*:1],0.2758309759034624,0.0413581435965414,0.1586788848868836,0.0447113833782689,0.11715209101657881,0.11715209101657881,0.060906517264991265,0.05442057213329946,0.06997747767219326,False
O=C(N[*:1])c1cccc(CN2C(=O)C3CCCN3C(=O)c3ccccc32)c1,OCNT-0462603-AA-001,OCNT-0462601-AA-001,Cc1ccc(C(C)[*:1])cc1C,Cc1ccc(C(C)[*:1])c(C)c1,-3.5601591024882353,0.3736645490016198,-3.4436648686768057,0.0344948645116666,-0.11649423381142965,0.11649423381142965,0.37525336888329486,0.7562252088836952,0.7881103433298134,False
O=C1C2CCCN2C(=O)c2ccccc2N1Cc1cccc([*:1])c1,OCNT-0462603-AA-001,OCNT-0462601-AA-001,Cc1ccc(C(C)NC(=O)[*:1])cc1C,Cc1ccc(C(C)NC(=O)[*:1])c(C)c1,-3.5601591024882353,0.3736645490016198,-3.4436648686768057,0.0344948645116666,-0.11649423381142965,0.11649423381142965,0.37525336888329486,0.7562252088836952,0.7881103433298134,False
CC(NC(=O)c1cccc(CN2C(=O)C3CCCN3C(=O)c3ccccc32)c1)[*:1],OCNT-0462603-AA-001,OCNT-0462601-AA-001,Cc1ccc([*:1])cc1C,Cc1ccc([*:1])c(C)c1,-3.5601591024882353,0.3736645490016198,-3.4436648686768057,0.0344948645116666,-0.11649423381142965,0.11649423381142965,0.37525336888329486,0.7562252088836952,0.7881103433298134,False
COc1ccc(-c2[nH]c(-c3ccc(C)cc3)nc2SCC(=O)N[*:1])cc1,OCNT-0479366-AA-001,OCNT-0479306-AA-001,c1cc2c(cc1[*:1])OCCO2,c1cc2c(cc1[*:1])OCO2,-0.2373722918053398,0.0638202839696631,-0.1216840380698694,0.0401536623396576,-0.11568825373547041,0.11568825373547041,0.0754012284068083,0.12495537985681578,0.15219801618199513,False
COc1ccc(-c2[nH]c(-c3ccc(C)cc3)nc2SC[*:1])cc1,OCNT-0479366-AA-001,OCNT-0479306-AA-001,O=C(Nc1ccc2c(c1)OCCO2)[*:1],O=C(Nc1ccc2c(c1)OCO2)[*:1],-0.2373722918053398,0.0638202839696631,-0.1216840380698694,0.0401536623396576,-0.11568825373547041,0.11568825373547041,0.0754012284068083,0.12495537985681578,0.15219801618199513,False
COc1ccc(-c2nc([*:1])c3ccccc3n2)cc1,OCNT-0482020-AA-001,OCNT-0482336-AA-001,Cc1cccc(N[*:1])c1,c1ccc(CN[*:1])cc1,-0.0312686147718196,0.0613051149841828,-0.1468022946462704,0.0464296868135248,0.11553367987445079,0.11553367987445079,0.07690274989118318,0.1330106571608319,0.16128695642842206,False
COc1ccc(-c2nc(N[*:1])c3ccccc3n2)cc1,OCNT-0482020-AA-001,OCNT-0482336-AA-001,Cc1cccc([*:1])c1,c1ccc(C[*:1])cc1,-0.0312686147718196,0.0613051149841828,-0.1468022946462704,0.0464296868135248,0.11553367987445079,0.11553367987445079,0.07690274989118318,0.1330106571608319,0.16128695642842206,False
O=C(Nc1nc(-c2ccccn2)cs1)[*:1],OCNT-0498143-AA-001,OCNT-0494126-AA-001,CCc1ccc([*:1])cc1,c1ccc2oc([*:1])cc2c1,-0.6010145979995337,0.0520575260313971,-0.4866858582982314,0.0444197292878275,-0.1143287397013023,0.1143287397013023,0.06843316715243762,0.09478832062120558,0.11785925841467991,False
O=C(CN1C(=O)CSc2ccc(C(=O)N3CCCC3)cc21)N[*:1],OCNT-0457842-AA-001,OCNT-0457992-AA-001,COc1ccc([*:1])cc1,COc1cccc(C[*:1])c1,-0.6970071155880888,0.0610641591507044,-0.5830047708859403,0.0426096643478921,-0.11400234470214854,0.11400234470214854,0.07446082882041123,0.12576004691729314,0.15294971908877553,False
O=C(c1ccc2c(c1)N([*:1])C(=O)CS2)N1CCCC1,OCNT-0457842-AA-001,OCNT-0457992-AA-001,COc1ccc(NC(=O)C[*:1])cc1,COc1cccc(CNC(=O)C[*:1])c1,-0.6970071155880888,0.0610641591507044,-0.5830047708859403,0.0426096643478921,-0.11400234470214854,0.11400234470214854,0.07446082882041123,0.12576004691729314,0.15294971908877553,False
O=C(c1ccc2c(c1)N(C[*:1])C(=O)CS2)N1CCCC1,OCNT-0457842-AA-001,OCNT-0457992-AA-001,COc1ccc(NC(=O)[*:1])cc1,COc1cccc(CNC(=O)[*:1])c1,-0.6970071155880888,0.0610641591507044,-0.5830047708859403,0.0426096643478921,-0.11400234470214854,0.11400234470214854,0.07446082882041123,0.12576004691729314,0.15294971908877553,False
Cn1cccc1Cc1nnc(S[*:1])n1CCc1ccccc1,OCNT-0479600-AA-001,OCNT-0479622-AA-001,O=C(C[*:1])N1CCCCC1,CC1CCN(C(=O)C[*:1])CC1,-3.465892907295342,0.2629267206006702,-3.5798128356908943,0.0335700662136544,0.1139199283955521,0.1139199283955521,0.265061143420555,0.6673503302307267,0.7069291160496052,False
Cn1cccc1Cc1nnc([*:1])n1CCc1ccccc1,OCNT-0479600-AA-001,OCNT-0479622-AA-001,O=C(CS[*:1])N1CCCCC1,CC1CCN(C(=O)CS[*:1])CC1,-3.465892907295342,0.2629267206006702,-3.5798128356908943,0.0335700662136544,0.1139199283955521,0.1139199283955521,0.265061143420555,0.6673503302307267,0.7069291160496052,False
Cn1cccc1Cc1nnc(SC[*:1])n1CCc1ccccc1,OCNT-0479600-AA-001,OCNT-0479622-AA-001,O=C(N1CCCCC1)[*:1],CC1CCN(C(=O)[*:1])CC1,-3.465892907295342,0.2629267206006702,-3.5798128356908943,0.0335700662136544,0.1139199283955521,0.1139199283955521,0.265061143420555,0.6673503302307267,0.7069291160496052,False
Clc1ccc2c(SC[*:1])c3c(nc2c1)CCCC3,OCNT-0454922-AA-001,OCNT-0479429-AA-001,CCOC(=O)N1CCN(C(=O)[*:1])CC1,O=C(N1CCCCCC1)[*:1],-3.67174610425362,0.0287800061009943,-3.7849171447025167,0.0218599141348387,0.11317104044889659,0.11317104044889659,0.03614062253414833,0.001739701870804944,0.0025567870737896086,True
O=C(c1ccc2c(c1)N(C[*:1])C(=O)C1CCCCN21)N1CCCC1,OCNT-0460907-AA-001,OCNT-0460695-AA-001,CSc1ccc(CNC(=O)[*:1])cc1,CCN(Cc1ccccc1)C(=O)[*:1],-3.0931429938728816,0.0389630921965902,-3.2062900682805795,0.2354907305228085,0.11314707440769789,0.11314707440769789,0.2386922845751115,0.6354791991686352,0.6790469870592359,False
O=C(c1ccc2c(c1)N([*:1])C(=O)C1CCCCN21)N1CCCC1,OCNT-0460907-AA-001,OCNT-0460695-AA-001,CSc1ccc(CNC(=O)C[*:1])cc1,CCN(Cc1ccccc1)C(=O)C[*:1],-3.0931429938728816,0.0389630921965902,-3.2062900682805795,0.2354907305228085,0.11314707440769789,0.11314707440769789,0.2386922845751115,0.6354791991686352,0.6790469870592359,False
Cc1cc2c(C)c(C(=O)N3CCCC3)oc2c([*:1])c1C,OCNT-0461861-AA-001,OCNT-0461853-AA-001,CCc1cccc(C)c1NS(=O)(=O)[*:1],CCc1ccc(NS(=O)(=O)[*:1])cc1,0.0193094064979323,0.026635363911144,-0.0935957193609369,0.133312258545629,0.11290512585886919,0.11290512585886919,0.13594705178567024,0.4062515776693959,0.45186255025318717,False
Cc1cc2c(C)c(C(=O)N3CCCC3)oc2c(S(=O)(=O)N[*:1])c1C,OCNT-0461861-AA-001,OCNT-0461853-AA-001,CCc1cccc(C)c1[*:1],CCc1ccc([*:1])cc1,0.0193094064979323,0.026635363911144,-0.0935957193609369,0.133312258545629,0.11290512585886919,0.11290512585886919,0.13594705178567024,0.4062515776693959,0.45186255025318717,False
O=C(c1cccs1)N1CCCc2cc([*:1])ccc21,OCNT-0482272-AA-001,OCNT-0482292-AA-001,COc1ccc(C(=O)N[*:1])cc1,COc1cccc(OC)c1C(=O)N[*:1],-0.2578327317742982,0.0388566761808095,-0.3700353394317102,0.0364568864756482,0.11220260765741197,0.11220260765741197,0.05328175912372441,0.035218663893462204,0.04645825905514933,True
O=C(c1cccs1)N1CCCc2cc(NC(=O)[*:1])ccc21,OCNT-0482272-AA-001,OCNT-0482292-AA-001,COc1ccc([*:1])cc1,COc1cccc(OC)c1[*:1],-0.2578327317742982,0.0388566761808095,-0.3700353394317102,0.0364568864756482,0.11220260765741197,0.11220260765741197,0.05328175912372441,0.035218663893462204,0.04645825905514933,True
FC(F)(F)c1cccc(N2CCN(c3cc([*:1])c4ccccc4n3)CC2)c1,OCNT-0475103-AA-001,OCNT-0475129-AA-001,CCCOCCCNC(=O)[*:1],CC(C)OCCCNC(=O)[*:1],-0.0639067100019247,0.065712885379017,-0.1755693552449984,0.0627542110026168,0.11166264524307369,0.11166264524307369,0.09086404296198126,0.21911003255164574,0.2553153569780367,False
O=C(N[*:1])c1cc(N2CCN(c3cccc(C(F)(F)F)c3)CC2)nc2ccccc12,OCNT-0475103-AA-001,OCNT-0475129-AA-001,CCCOCCC[*:1],CC(C)OCCC[*:1],-0.0639067100019247,0.065712885379017,-0.1755693552449984,0.0627542110026168,0.11166264524307369,0.11166264524307369,0.09086404296198126,0.21911003255164574,0.2553153569780367,False
O=C(NC[*:1])c1cc(N2CCN(c3cccc(C(F)(F)F)c3)CC2)nc2ccccc12,OCNT-0475103-AA-001,OCNT-0475129-AA-001,CCCOCC[*:1],CC(C)OCC[*:1],-0.0639067100019247,0.065712885379017,-0.1755693552449984,0.0627542110026168,0.11166264524307369,0.11166264524307369,0.09086404296198126,0.21911003255164574,0.2553153569780367,False
O=C(NCCCO[*:1])c1cc(N2CCN(c3cccc(C(F)(F)F)c3)CC2)nc2ccccc12,OCNT-0475103-AA-001,OCNT-0475129-AA-001,CCC[*:1],CC(C)[*:1],-0.0639067100019247,0.065712885379017,-0.1755693552449984,0.0627542110026168,0.11166264524307369,0.11166264524307369,0.09086404296198126,0.21911003255164574,0.2553153569780367,False
O=C(NCCC[*:1])c1cc(N2CCN(c3cccc(C(F)(F)F)c3)CC2)nc2ccccc12,OCNT-0475103-AA-001,OCNT-0475129-AA-001,CCCO[*:1],CC(C)O[*:1],-0.0639067100019247,0.065712885379017,-0.1755693552449984,0.0627542110026168,0.11166264524307369,0.11166264524307369,0.09086404296198126,0.21911003255164574,0.2553153569780367,False
O=C(NCC[*:1])c1cc(N2CCN(c3cccc(C(F)(F)F)c3)CC2)nc2ccccc12,OCNT-0475103-AA-001,OCNT-0475129-AA-001,CCCOC[*:1],CC(C)OC[*:1],-0.0639067100019247,0.065712885379017,-0.1755693552449984,0.0627542110026168,0.11166264524307369,0.11166264524307369,0.09086404296198126,0.21911003255164574,0.2553153569780367,False
Cc1c(N2CCC([*:1])CC2)c(=O)n(C)c(=O)n1-c1ccccc1,OCNT-0458364-AA-001,OCNT-0458394-AA-001,O=C(NCc1ccc(F)cc1)[*:1],O=C(NCc1cccnc1)[*:1],-0.1219480035305583,0.0231128783170832,-0.2330706647159557,0.036532460752341,0.11112266118539739,0.11112266118539739,0.04322991825948356,0.010155076673502265,0.013936888738115558,True
Cc1c(N2CCC(C(=O)NC[*:1])CC2)c(=O)n(C)c(=O)n1-c1ccccc1,OCNT-0458364-AA-001,OCNT-0458394-AA-001,Fc1ccc([*:1])cc1,c1cncc([*:1])c1,-0.1219480035305583,0.0231128783170832,-0.2330706647159557,0.036532460752341,0.11112266118539739,0.11112266118539739,0.04322991825948356,0.010155076673502265,0.013936888738115558,True
Cc1c(N2CCC(C(=O)N[*:1])CC2)c(=O)n(C)c(=O)n1-c1ccccc1,OCNT-0458364-AA-001,OCNT-0458394-AA-001,Fc1ccc(C[*:1])cc1,c1cncc(C[*:1])c1,-0.1219480035305583,0.0231128783170832,-0.2330706647159557,0.036532460752341,0.11112266118539739,0.11112266118539739,0.04322991825948356,0.010155076673502265,0.013936888738115558,True
O=C(CCN1C(=O)c2ccccc2C1=O)N1CCN([*:1])CC1,OCNT-0461788-AA-001,OCNT-0461784-AA-001,CC(=O)c1ccc([*:1])cc1,c1ccc([*:1])nc1,-0.6420747322707825,0.0635000749650873,-0.531841661844112,0.0439414106649295,-0.11023307042667052,0.11023307042667052,0.07722115702186602,0.1534363146392569,0.18404836368738314,False
COC(=O)CCNC(=O)C1c2ccccc2C(=O)N([*:1])C12CCCCC2,OCNT-0461271-AA-001,OCNT-0461291-AA-001,C1CCC([*:1])C1,CCCC[*:1],-3.159644521300579,0.1915115362433011,-3.0497775764650408,0.3538151135179319,-0.10986694483553805,0.10986694483553805,0.4023205228023749,0.7847893196937362,0.815101640615693,False
CCSc1nnc(-c2nn(C)c3c2CN(C(=O)[*:1])CC3)n1C,OCNT-0462917-AA-001,OCNT-0462937-AA-001,c1csc([*:1])c1,CC(C)C[*:1],-0.411564122957142,0.0240472548349408,-0.3026964597033359,0.0215559555204318,-0.10886766325380609,0.10886766325380609,0.03229442186346456,0.0007486919987732033,0.0011336938867562056,True
O=C(Nc1ccc([*:1])cc1)C(=O)c1cn(CC(=O)N2CCCC2)c2ccccc12,OCNT-0455990-AA-001,OCNT-0456014-AA-001,CC[*:1],CO[*:1],-0.185020011673387,0.0651765751422017,-0.076172826190163,0.0278280008169719,-0.108847185483224,0.108847185483224,0.07086877716411122,0.12456349437244615,0.15187188377148766,False
O=C(N[*:1])C(=O)c1cn(CC(=O)N2CCCC2)c2ccccc12,OCNT-0455990-AA-001,OCNT-0456014-AA-001,CCc1ccc([*:1])cc1,COc1ccc([*:1])cc1,-0.185020011673387,0.0651765751422017,-0.076172826190163,0.0278280008169719,-0.108847185483224,0.108847185483224,0.07086877716411122,0.12456349437244615,0.15187188377148766,False
O=C(Cn1cc([*:1])c2ccccc21)N1CCCC1,OCNT-0455990-AA-001,OCNT-0456014-AA-001,CCc1ccc(NC(=O)C(=O)[*:1])cc1,COc1ccc(NC(=O)C(=O)[*:1])cc1,-0.185020011673387,0.0651765751422017,-0.076172826190163,0.0278280008169719,-0.108847185483224,0.108847185483224,0.07086877716411122,0.12456349437244615,0.15187188377148766,False
Clc1ccc(-c2nc(NCc3ccc([*:1])cc3)c3ccccc3n2)cc1,OCNT-0482026-AA-001,OCNT-0482024-AA-001,C[*:1],CC[*:1],0.0087574244785446,0.0415483491157401,-0.1000041390173223,0.0314545535625252,0.10876156349586691,0.10876156349586691,0.052111939649769214,0.03688129125703814,0.048312912048165055,True
Clc1ccc(-c2nc([*:1])c3ccccc3n2)cc1,OCNT-0482026-AA-001,OCNT-0482024-AA-001,Cc1ccc(CN[*:1])cc1,CCc1ccc(CN[*:1])cc1,0.0087574244785446,0.0415483491157401,-0.1000041390173223,0.0314545535625252,0.10876156349586691,0.10876156349586691,0.052111939649769214,0.03688129125703814,0.048312912048165055,True
Clc1ccc(-c2nc(N[*:1])c3ccccc3n2)cc1,OCNT-0482026-AA-001,OCNT-0482024-AA-001,Cc1ccc(C[*:1])cc1,CCc1ccc(C[*:1])cc1,0.0087574244785446,0.0415483491157401,-0.1000041390173223,0.0314545535625252,0.10876156349586691,0.10876156349586691,0.052111939649769214,0.03688129125703814,0.048312912048165055,True
Clc1ccc(-c2nc(NC[*:1])c3ccccc3n2)cc1,OCNT-0482026-AA-001,OCNT-0482024-AA-001,Cc1ccc([*:1])cc1,CCc1ccc([*:1])cc1,0.0087574244785446,0.0415483491157401,-0.1000041390173223,0.0314545535625252,0.10876156349586691,0.10876156349586691,0.052111939649769214,0.03688129125703814,0.048312912048165055,True
Cc1c(N2CCC(C(=O)N[*:1])CC2)c(=O)n(C)c(=O)n1-c1ccccc1,OCNT-0458458-AA-001,OCNT-0458394-AA-001,Cc1ccc(C[*:1])cc1,c1cncc(C[*:1])c1,-0.3412766912149273,0.1121926408164803,-0.2330706647159557,0.036532460752341,-0.10820602649897162,0.10820602649897162,0.11799071718570532,0.35910471910799235,0.40308681085195286,False
Cc1c(N2CCC(C(=O)NC[*:1])CC2)c(=O)n(C)c(=O)n1-c1ccccc1,OCNT-0458458-AA-001,OCNT-0458394-AA-001,Cc1ccc([*:1])cc1,c1cncc([*:1])c1,-0.3412766912149273,0.1121926408164803,-0.2330706647159557,0.036532460752341,-0.10820602649897162,0.10820602649897162,0.11799071718570532,0.35910471910799235,0.40308681085195286,False
Cc1c(N2CCC([*:1])CC2)c(=O)n(C)c(=O)n1-c1ccccc1,OCNT-0458458-AA-001,OCNT-0458394-AA-001,Cc1ccc(CNC(=O)[*:1])cc1,O=C(NCc1cccnc1)[*:1],-0.3412766912149273,0.1121926408164803,-0.2330706647159557,0.036532460752341,-0.10820602649897162,0.10820602649897162,0.11799071718570532,0.35910471910799235,0.40308681085195286,False
O=C(c1ccc2c(c1)N(C[*:1])C(=O)C1CCCCN21)N1CCCC1,OCNT-0460745-AA-001,OCNT-0460815-AA-001,O=C(NCc1ccc(Cl)cc1)[*:1],Cc1cc(C)cc(NC(=O)[*:1])c1,-0.9915924067710452,0.0248304287620565,-1.0996566169787236,0.3324528816858893,0.10806421020767842,0.10806421020767842,0.3333788666573805,0.7458257218372235,0.7822755625387369,False
O=C(CN1C(=O)C2CCCCN2c2ccc(C(=O)N3CCCC3)cc21)N[*:1],OCNT-0460745-AA-001,OCNT-0460815-AA-001,Clc1ccc(C[*:1])cc1,Cc1cc(C)cc([*:1])c1,-0.9915924067710452,0.0248304287620565,-1.0996566169787236,0.3324528816858893,0.10806421020767842,0.10806421020767842,0.3333788666573805,0.7458257218372235,0.7822755625387369,False
O=C(c1ccc2c(c1)N([*:1])C(=O)C1CCCCN21)N1CCCC1,OCNT-0460745-AA-001,OCNT-0460815-AA-001,O=C(C[*:1])NCc1ccc(Cl)cc1,Cc1cc(C)cc(NC(=O)C[*:1])c1,-0.9915924067710452,0.0248304287620565,-1.0996566169787236,0.3324528816858893,0.10806421020767842,0.10806421020767842,0.3333788666573805,0.7458257218372235,0.7822755625387369,False
O=S(=O)(c1ccc(F)cc1)N1CCC2(CC1)NCCN=C2N[*:1],OCNT-0462791-AQ-001,OCNT-0462809-AQ-001,C1CCC([*:1])CC1,C1CCCC([*:1])CC1,-0.0818500785049819,0.0219744358919298,-0.1878622900736735,0.0335601200206474,0.1060122115686916,0.1060122115686916,0.040114305285880135,0.008223493548175531,0.011433459495673594,True
COc1ccc(C(=O)N[C@@H]2CCC[C@@H]2C(=O)N[*:1])cc1,OCNT-0475206-AA-001,OCNT-0475192-AA-001,CCCOc1ccc(C[*:1])cc1,CCN1CCN(CC[*:1])CC1,-0.2381761518551824,0.0688971322842177,-0.1332058053204012,0.02212078034005,-0.10497034653478121,0.10497034653478121,0.07236120341620733,0.14687901276468013,0.17626922228306635,False
COc1ccc(C(=O)N[C@@H]2CCC[C@@H]2C(=O)NC[*:1])cc1,OCNT-0475206-AA-001,OCNT-0475192-AA-001,CCCOc1ccc([*:1])cc1,CCN1CCN(C[*:1])CC1,-0.2381761518551824,0.0688971322842177,-0.1332058053204012,0.02212078034005,-0.10497034653478121,0.10497034653478121,0.07236120341620733,0.14687901276468013,0.17626922228306635,False
COc1ccc(-c2nc([*:1])c3ccccc3n2)cc1,OCNT-0482332-AA-001,OCNT-0482018-AA-001,Clc1ccccc1CN[*:1],c1ccc(N[*:1])cc1,-0.1320491970842545,0.0249653791361721,-0.2353932742139827,0.0385881081445453,0.1033440771297282,0.1033440771297282,0.04595989823300244,0.024539827024141935,0.032885518471016055,True
COc1ccc(-c2nc(N[*:1])c3ccccc3n2)cc1,OCNT-0482332-AA-001,OCNT-0482018-AA-001,Clc1ccccc1C[*:1],c1ccc([*:1])cc1,-0.1320491970842545,0.0249653791361721,-0.2353932742139827,0.0385881081445453,0.1033440771297282,0.1033440771297282,0.04595989823300244,0.024539827024141935,0.032885518471016055,True
O=C(Nc1nc2ccccc2[nH]1)c1ccc([*:1])cc1,OCNT-0497518-AA-001,OCNT-0497508-AA-001,CC[*:1],CC(C)O[*:1],0.0789752406615302,0.0301955766348081,-0.023942852459998,0.0351633215981763,0.10291809312152819,0.10291809312152819,0.04634902409032299,0.02638472114390397,0.03510789159278575,True
O=C(Nc1nc2ccccc2[nH]1)[*:1],OCNT-0497518-AA-001,OCNT-0497508-AA-001,CCc1ccc([*:1])cc1,CC(C)Oc1ccc([*:1])cc1,0.0789752406615302,0.0301955766348081,-0.023942852459998,0.0351633215981763,0.10291809312152819,0.10291809312152819,0.04634902409032299,0.02638472114390397,0.03510789159278575,True
COc1ccc(-c2nc(N[*:1])c3ccccc3n2)cc1,OCNT-0482018-AA-001,OCNT-0482330-AA-001,c1ccc([*:1])cc1,Clc1cccc(C[*:1])c1,-0.2353932742139827,0.0385881081445453,-0.1329091860430695,0.0393648102689575,-0.1024840881709132,0.1024840881709132,0.05512377325334456,0.063004015696899,0.08008874099236979,False
COc1ccc(-c2nc([*:1])c3ccccc3n2)cc1,OCNT-0482018-AA-001,OCNT-0482330-AA-001,c1ccc(N[*:1])cc1,Clc1cccc(CN[*:1])c1,-0.2353932742139827,0.0385881081445453,-0.1329091860430695,0.0393648102689575,-0.1024840881709132,0.1024840881709132,0.05512377325334456,0.063004015696899,0.08008874099236979,False
COc1cc(-c2nc3cnccn3c2N[*:1])ccc1O,OCNT-0454283-AA-001,OCNT-0454281-AA-001,COc1ccc([*:1])cc1OC,FC(F)(F)c1cccc([*:1])c1,0.0113062312878623,0.0492205893054274,-0.0906180252143209,0.0425954317007336,0.1019242565021832,0.1019242565021832,0.06509252809152073,0.11738689834228416,0.1437666367585432,False
COc1cc(-c2nc3cnccn3c2[*:1])ccc1O,OCNT-0454283-AA-001,OCNT-0454281-AA-001,COc1ccc(N[*:1])cc1OC,FC(F)(F)c1cccc(N[*:1])c1,0.0113062312878623,0.0492205893054274,-0.0906180252143209,0.0425954317007336,0.1019242565021832,0.1019242565021832,0.06509252809152073,0.11738689834228416,0.1437666367585432,False
COc1ccc(-c2nc([*:1])c3ccccc3n2)cc1,OCNT-0482020-AA-001,OCNT-0482330-AA-001,Cc1cccc(N[*:1])c1,Clc1cccc(CN[*:1])c1,-0.0312686147718196,0.0613051149841828,-0.1329091860430695,0.0393648102689575,0.1016405712712499,0.1016405712712499,0.07285537324545731,0.16298552042200376,0.19473904710578283,False
COc1ccc(-c2nc(N[*:1])c3ccccc3n2)cc1,OCNT-0482020-AA-001,OCNT-0482330-AA-001,Cc1cccc([*:1])c1,Clc1cccc(C[*:1])c1,-0.0312686147718196,0.0613051149841828,-0.1329091860430695,0.0393648102689575,0.1016405712712499,0.1016405712712499,0.07285537324545731,0.16298552042200376,0.19473904710578283,False
O=C(Nc1nc(-c2ccccn2)cs1)[*:1],OCNT-0494222-AA-001,OCNT-0494165-AA-001,Cc1ccc([*:1])cc1,Fc1ccc([*:1])cc1,-0.1459824628362381,0.0324488807631127,-0.0449893048493248,0.0339530154945917,-0.10099315798691332,0.10099315798691332,0.04696527572531316,0.031525222250651144,0.041675969123362154,True
O=C(Nc1nc(-c2ccccn2)cs1)c1ccc([*:1])cc1,OCNT-0494222-AA-001,OCNT-0494165-AA-001,C[*:1],F[*:1],-0.1459824628362381,0.0324488807631127,-0.0449893048493248,0.0339530154945917,-0.10099315798691332,0.10099315798691332,0.04696527572531316,0.031525222250651144,0.041675969123362154,True
c1ccc(-c2csc([*:1])n2)nc1,OCNT-0494222-AA-001,OCNT-0494165-AA-001,Cc1ccc(C(=O)N[*:1])cc1,O=C(N[*:1])c1ccc(F)cc1,-0.1459824628362381,0.0324488807631127,-0.0449893048493248,0.0339530154945917,-0.10099315798691332,0.10099315798691332,0.04696527572531316,0.031525222250651144,0.041675969123362154,True
COc1ccc(-c2nc(N[*:1])c3ccccc3n2)cc1,OCNT-0482020-AA-001,OCNT-0482332-AA-001,Cc1cccc([*:1])c1,Clc1ccccc1C[*:1],-0.0312686147718196,0.0613051149841828,-0.1320491970842545,0.0249653791361721,0.10078058231243489,0.10078058231243489,0.0661935591929962,0.12788048494107454,0.1553741542456849,False
COc1ccc(-c2nc([*:1])c3ccccc3n2)cc1,OCNT-0482020-AA-001,OCNT-0482332-AA-001,Cc1cccc(N[*:1])c1,Clc1ccccc1CN[*:1],-0.0312686147718196,0.0613051149841828,-0.1320491970842545,0.0249653791361721,0.10078058231243489,0.10078058231243489,0.0661935591929962,0.12788048494107454,0.1553741542456849,False
O=C(Nc1nc2ccccc2[nH]1)[*:1],OCNT-0497518-AA-001,OCNT-0497551-AA-001,CCc1ccc([*:1])cc1,c1ccc2c(C[*:1])c[nH]c2c1,0.0789752406615302,0.0301955766348081,-0.0214772036021407,0.0379075746587863,0.10045244426367089,0.10045244426367089,0.04846397698105291,0.038197980496471634,0.04998420228602465,True
c1ccc2[nH]c([*:1])nc2c1,OCNT-0497545-AA-001,OCNT-0497961-AA-001,c1ccc([*:1])cc1,COC(=O)N[*:1],-0.0206505298995184,0.0247770612130462,0.0767847209865803,0.0209450353475777,-0.09743525088609871,0.09743525088609871,0.0324437554556546,0.0026715234810131905,0.003881958407386744,True
CCOc1ccc2nc(N3CCC([*:1])CC3)sc2c1,OCNT-0479685-AA-001,OCNT-0479717-AA-001,COc1ccc(NC(=O)[*:1])cc1,O=C(Nc1c(F)c(F)cc(F)c1F)[*:1],0.239645285979068,0.0309343608558545,0.1427366313774435,0.0320581818657348,0.09690865460162451,0.09690865460162451,0.04454954215361535,0.029607582767872936,0.039268159909477,True
CCOc1ccc2nc(N3CCC(C(=O)N[*:1])CC3)sc2c1,OCNT-0479685-AA-001,OCNT-0479717-AA-001,COc1ccc([*:1])cc1,Fc1cc(F)c(F)c([*:1])c1F,0.239645285979068,0.0309343608558545,0.1427366313774435,0.0320581818657348,0.09690865460162451,0.09690865460162451,0.04454954215361535,0.029607582767872936,0.039268159909477,True
Cc1oc([*:1])nc1C(=O)N1CCC(C)CC1,OCNT-0475124-AA-001,OCNT-0475246-AA-001,O=C(NC[*:1])c1ccc2c(c1)OCO2,O=C(NCc1cccc(F)c1)NC[*:1],-0.1029993744565173,0.0199612567873466,-0.0062082064352834,0.0364175170466686,-0.0967911680212339,0.0967911680212339,0.04152935492365357,0.0197708353887461,0.02672885867196779,True
Cc1oc(C[*:1])nc1C(=O)N1CCC(C)CC1,OCNT-0475124-AA-001,OCNT-0475246-AA-001,O=C(N[*:1])c1ccc2c(c1)OCO2,O=C(NCc1cccc(F)c1)N[*:1],-0.1029993744565173,0.0199612567873466,-0.0062082064352834,0.0364175170466686,-0.0967911680212339,0.0967911680212339,0.04152935492365357,0.0197708353887461,0.02672885867196779,True
O=C(c1cccs1)N1CCCc2cc([*:1])ccc21,OCNT-0482272-AA-001,OCNT-0482300-AA-001,COc1ccc(C(=O)N[*:1])cc1,COc1cccc(C(=O)N[*:1])c1,-0.2578327317742982,0.0388566761808095,-0.3541897444835638,0.0339465295248359,0.09635701270926555,0.09635701270926555,0.051596590493954576,0.06183076941399473,0.07867909139679932,False
O=C(c1cccs1)N1CCCc2cc(NC(=O)[*:1])ccc21,OCNT-0482272-AA-001,OCNT-0482300-AA-001,COc1ccc([*:1])cc1,COc1cccc([*:1])c1,-0.2578327317742982,0.0388566761808095,-0.3541897444835638,0.0339465295248359,0.09635701270926555,0.09635701270926555,0.051596590493954576,0.06183076941399473,0.07867909139679932,False
CCCCN(CC)CCNC(=O)CNC(=O)[*:1],OCNT-0454249-AA-001,OCNT-0461685-AA-001,O=c1c2ccccc2ccn1C[*:1],O=c1c2ccccc2ncn1C[*:1],-0.0676587286458568,0.0209279289614092,0.0268213118362738,0.0353060662111731,-0.0944800404821306,0.0944800404821306,0.04104261836093707,0.021335264216761123,0.02876440305146803,True
CCCCN(CC)CCNC(=O)CNC(=O)C[*:1],OCNT-0454249-AA-001,OCNT-0461685-AA-001,O=c1c2ccccc2ccn1[*:1],O=c1c2ccccc2ncn1[*:1],-0.0676587286458568,0.0209279289614092,0.0268213118362738,0.0353060662111731,-0.0944800404821306,0.0944800404821306,0.04104261836093707,0.021335264216761123,0.02876440305146803,True
COc1ccc(-c2nc3cnccn3c2[*:1])cc1,OCNT-0454253-AA-001,OCNT-0454257-AA-001,Cc1ccccc1N[*:1],Clc1ccc(N[*:1])cc1,-0.277031231601191,0.1765970063213747,-0.3710059119381237,0.0459850507810825,0.09397468033693274,0.09397468033693274,0.18248596531517264,0.6065744327717731,0.6530081992927975,False
COc1ccc(-c2nc3cnccn3c2N[*:1])cc1,OCNT-0454253-AA-001,OCNT-0454257-AA-001,Cc1ccccc1[*:1],Clc1ccc([*:1])cc1,-0.277031231601191,0.1765970063213747,-0.3710059119381237,0.0459850507810825,0.09397468033693274,0.09397468033693274,0.18248596531517264,0.6065744327717731,0.6530081992927975,False
CCC(C(=O)NC[*:1])n1nc(C)c2nn(-c3ccccc3)c(C)c2c1=O,OCNT-0460639-AA-001,OCNT-0460635-AA-001,CCOc1ccccc1[*:1],c1ccc2c(C[*:1])c[nH]c2c1,-3.066360254109258,0.0395537614285649,-3.1601650621208206,0.0635940914930572,0.09380480801156255,0.09380480801156255,0.0748913113516859,0.21037099923484792,0.24654110877762112,False
CCC(C(=O)N[*:1])n1nc(C)c2nn(-c3ccccc3)c(C)c2c1=O,OCNT-0460639-AA-001,OCNT-0460635-AA-001,CCOc1ccccc1C[*:1],c1ccc2c(CC[*:1])c[nH]c2c1,-3.066360254109258,0.0395537614285649,-3.1601650621208206,0.0635940914930572,0.09380480801156255,0.09380480801156255,0.0748913113516859,0.21037099923484792,0.24654110877762112,False
Cc1nc2ccccc2n1S(=O)(=O)[*:1],OCNT-0495858-AA-001,OCNT-0495792-AA-001,COc1cc([*:1])ccc1Cl,COc1ccc([*:1])cc1C,-0.2638402407939365,0.0427736168014058,-0.35715556604157,0.0354790968060808,0.09331532524763353,0.09331532524763353,0.055572912506442904,0.09312257103942796,0.11620139282686397,False
Cn1cccc1Cc1nnc(SC[*:1])n1CCc1ccccc1,OCNT-0479600-AA-001,OCNT-0479618-AA-001,O=C(N1CCCCC1)[*:1],O=C(N1CCCCCC1)[*:1],-3.465892907295342,0.2629267206006702,-3.372842599662873,0.0324113128926064,-0.09305030763246913,0.09305030763246913,0.2649168805668021,0.7254057481593225,0.764456445196323,False
Cn1cccc1Cc1nnc([*:1])n1CCc1ccccc1,OCNT-0479600-AA-001,OCNT-0479618-AA-001,O=C(CS[*:1])N1CCCCC1,O=C(CS[*:1])N1CCCCCC1,-3.465892907295342,0.2629267206006702,-3.372842599662873,0.0324113128926064,-0.09305030763246913,0.09305030763246913,0.2649168805668021,0.7254057481593225,0.764456445196323,False
Cn1cccc1Cc1nnc(S[*:1])n1CCc1ccccc1,OCNT-0479600-AA-001,OCNT-0479618-AA-001,O=C(C[*:1])N1CCCCC1,O=C(C[*:1])N1CCCCCC1,-3.465892907295342,0.2629267206006702,-3.372842599662873,0.0324113128926064,-0.09305030763246913,0.09305030763246913,0.2649168805668021,0.7254057481593225,0.764456445196323,False
CC(=O)Nc1ccc(S(=O)(=O)N2CCC(C[*:1])CC2)cc1,OCNT-0457413-AA-001,OCNT-0457715-AA-001,COCCCNC(=O)[*:1],COCCNC(=O)[*:1],-0.1537772578500384,0.0224530137478095,-0.0612415605609455,0.0292489113688624,-0.0925356972890929,0.0925356972890929,0.03687325104493623,0.012088110789686959,0.01649727111119018,True
CC(=O)Nc1ccc(S(=O)(=O)N2CCC(CC(=O)NC[*:1])CC2)cc1,OCNT-0457413-AA-001,OCNT-0457715-AA-001,COCC[*:1],COC[*:1],-0.1537772578500384,0.0224530137478095,-0.0612415605609455,0.0292489113688624,-0.0925356972890929,0.0925356972890929,0.03687325104493623,0.012088110789686959,0.01649727111119018,True
CC(=O)Nc1ccc(S(=O)(=O)N2CCC([*:1])CC2)cc1,OCNT-0457413-AA-001,OCNT-0457715-AA-001,COCCCNC(=O)C[*:1],COCCNC(=O)C[*:1],-0.1537772578500384,0.0224530137478095,-0.0612415605609455,0.0292489113688624,-0.0925356972890929,0.0925356972890929,0.03687325104493623,0.012088110789686959,0.01649727111119018,True
CC(=O)Nc1ccc(S(=O)(=O)N2CCC(CC(=O)N[*:1])CC2)cc1,OCNT-0457413-AA-001,OCNT-0457715-AA-001,COCCC[*:1],COCC[*:1],-0.1537772578500384,0.0224530137478095,-0.0612415605609455,0.0292489113688624,-0.0925356972890929,0.0925356972890929,0.03687325104493623,0.012088110789686959,0.01649727111119018,True
CC(=O)Nc1ccc(S(=O)(=O)N2CCC(CC(=O)NCC[*:1])CC2)cc1,OCNT-0457413-AA-001,OCNT-0457715-AA-001,COC[*:1],CO[*:1],-0.1537772578500384,0.0224530137478095,-0.0612415605609455,0.0292489113688624,-0.0925356972890929,0.0925356972890929,0.03687325104493623,0.012088110789686959,0.01649727111119018,True
COCCN1C(=O)c2ccccc2C([*:1])C12CCCCC2,OCNT-0461556-AA-001,OCNT-0461265-AA-001,O=C(NC1CCCCCC1)[*:1],CCCc1nnc(NC(=O)[*:1])s1,-3.076706267540658,0.1433755038228438,-3.1690396510828474,0.2591895364292012,0.09233338354218956,0.09233338354218956,0.2962022128391996,0.7552501714696317,0.7881103433298134,False
COCCN1C(=O)c2ccccc2C(C(=O)N[*:1])C12CCCCC2,OCNT-0461556-AA-001,OCNT-0461265-AA-001,C1CCCC([*:1])CC1,CCCc1nnc([*:1])s1,-3.076706267540658,0.1433755038228438,-3.1690396510828474,0.2591895364292012,0.09233338354218956,0.09233338354218956,0.2962022128391996,0.7552501714696317,0.7881103433298134,False
CC(=O)Nc1ccc(S(=O)(=O)N2CCC(CC(=O)NCC[*:1])CC2)cc1,OCNT-0457413-AA-001,OCNT-0457647-AA-001,COC[*:1],CCN(CC)C[*:1],-0.1537772578500384,0.0224530137478095,-0.0637547526478389,0.0251026923809225,-0.0900225052021995,0.0900225052021995,0.03367911802780095,0.007518807722610621,0.010483488602409224,True
CC(=O)Nc1ccc(S(=O)(=O)N2CCC(C[*:1])CC2)cc1,OCNT-0457413-AA-001,OCNT-0457647-AA-001,COCCCNC(=O)[*:1],CCN(CC)CCCNC(=O)[*:1],-0.1537772578500384,0.0224530137478095,-0.0637547526478389,0.0251026923809225,-0.0900225052021995,0.0900225052021995,0.03367911802780095,0.007518807722610621,0.010483488602409224,True
CC(=O)Nc1ccc(S(=O)(=O)N2CCC(CC(=O)NCCC[*:1])CC2)cc1,OCNT-0457413-AA-001,OCNT-0457647-AA-001,CO[*:1],CCN(CC)[*:1],-0.1537772578500384,0.0224530137478095,-0.0637547526478389,0.0251026923809225,-0.0900225052021995,0.0900225052021995,0.03367911802780095,0.007518807722610621,0.010483488602409224,True
CC(=O)Nc1ccc(S(=O)(=O)N2CCC(CC(=O)N[*:1])CC2)cc1,OCNT-0457413-AA-001,OCNT-0457647-AA-001,COCCC[*:1],CCN(CC)CCC[*:1],-0.1537772578500384,0.0224530137478095,-0.0637547526478389,0.0251026923809225,-0.0900225052021995,0.0900225052021995,0.03367911802780095,0.007518807722610621,0.010483488602409224,True
CC(=O)Nc1ccc(S(=O)(=O)N2CCC(CC(=O)NC[*:1])CC2)cc1,OCNT-0457413-AA-001,OCNT-0457647-AA-001,COCC[*:1],CCN(CC)CC[*:1],-0.1537772578500384,0.0224530137478095,-0.0637547526478389,0.0251026923809225,-0.0900225052021995,0.0900225052021995,0.03367911802780095,0.007518807722610621,0.010483488602409224,True
CC(=O)Nc1ccc(S(=O)(=O)N2CCC([*:1])CC2)cc1,OCNT-0457413-AA-001,OCNT-0457647-AA-001,COCCCNC(=O)C[*:1],CCN(CC)CCCNC(=O)C[*:1],-0.1537772578500384,0.0224530137478095,-0.0637547526478389,0.0251026923809225,-0.0900225052021995,0.0900225052021995,0.03367911802780095,0.007518807722610621,0.010483488602409224,True
COc1ccc(-c2nc(N[*:1])c3ccccc3n2)cc1,OCNT-0482336-AA-001,OCNT-0482018-AA-001,c1ccc(C[*:1])cc1,c1ccc([*:1])cc1,-0.1468022946462704,0.0464296868135248,-0.2353932742139827,0.0385881081445453,0.08859097956771231,0.08859097956771231,0.06037183041599055,0.14226116986177015,0.17123122609530328,False
COc1ccc(-c2nc([*:1])c3ccccc3n2)cc1,OCNT-0482336-AA-001,OCNT-0482018-AA-001,c1ccc(CN[*:1])cc1,c1ccc(N[*:1])cc1,-0.1468022946462704,0.0464296868135248,-0.2353932742139827,0.0385881081445453,0.08859097956771231,0.08859097956771231,0.06037183041599055,0.14226116986177015,0.17123122609530328,False
O=C(CSc1cn(C[*:1])c2ccccc12)Nc1ccc2c(c1)OCCO2,OCNT-0456188-AA-001,OCNT-0456162-AA-001,O=C(N1CCCCC1)[*:1],O=C(N1CCCC1)[*:1],-3.634219839978549,0.0337029252802603,-3.5457601406308084,0.0395029594593202,-0.08845969934774045,0.08845969934774045,0.05192659220949805,0.08846463778069386,0.11067125186572488,False
O=C(CSc1cn([*:1])c2ccccc12)Nc1ccc2c(c1)OCCO2,OCNT-0456188-AA-001,OCNT-0456162-AA-001,O=C(C[*:1])N1CCCCC1,O=C(C[*:1])N1CCCC1,-3.634219839978549,0.0337029252802603,-3.5457601406308084,0.0395029594593202,-0.08845969934774045,0.08845969934774045,0.05192659220949805,0.08846463778069386,0.11067125186572488,False
Cn1nc(-c2nnc(-c3ccccc3Cl)o2)c2c1CCN(C(=O)[*:1])C2,OCNT-0463091-AA-001,OCNT-0463093-AA-001,CCC[*:1],CC(C)[*:1],-0.4519001007507542,0.0415904948940164,-0.3639337710029438,0.061682932583834,-0.08796632974781043,0.08796632974781043,0.07439457935677178,0.2370354064586082,0.27502401119213576,False
O=S(=O)(c1ccc2c(c1)CCCC2)N1CCC2(CC1)NCCN=C2N[*:1],OCNT-0462813-AQ-001,OCNT-0462821-AQ-001,Cc1ccc(C[*:1])cc1,Fc1ccccc1C[*:1],-3.9900445831324673,0.0345199567574246,-3.902151033823559,0.0332829828187438,-0.08789354930890836,0.08789354930890836,0.047951896311274896,0.06680963190163573,0.08470630531777339,False
O=S(=O)(c1ccc2c(c1)CCCC2)N1CCC2(CC1)NCCN=C2NC[*:1],OCNT-0462813-AQ-001,OCNT-0462821-AQ-001,Cc1ccc([*:1])cc1,Fc1ccccc1[*:1],-3.9900445831324673,0.0345199567574246,-3.902151033823559,0.0332829828187438,-0.08789354930890836,0.08789354930890836,0.047951896311274896,0.06680963190163573,0.08470630531777339,False
CCSc1nnc(-c2nn(C)c3c2CN(C(=O)[*:1])CC3)n1C,OCNT-0462939-AA-001,OCNT-0462937-AA-001,Clc1ccc(OC[*:1])cc1,CC(C)C[*:1],-0.3902652655445529,0.1163143279529879,-0.3026964597033359,0.0215559555204318,-0.08756880584121696,0.08756880584121696,0.11829489467239936,0.45914313372134874,0.5067763862048446,False
CCSc1nnc(-c2nn(C)c3c2CN(C(=O)C[*:1])CC3)n1C,OCNT-0462939-AA-001,OCNT-0462937-AA-001,Clc1ccc(O[*:1])cc1,CC(C)[*:1],-0.3902652655445529,0.1163143279529879,-0.3026964597033359,0.0215559555204318,-0.08756880584121696,0.08756880584121696,0.11829489467239936,0.45914313372134874,0.5067763862048446,False
Clc1ccc(CNc2nc([*:1])nc3ccccc23)cc1,OCNT-0497584-AA-001,OCNT-0482334-AA-001,c1ccc([*:1])cc1,COc1ccc([*:1])cc1,-0.0900236864755588,0.0371652085828673,-0.0032802273483388,0.0294646828242451,-0.08674345912722001,0.08674345912722001,0.047428053543671786,0.06740734972559595,0.08541987818670807,False
c1ccc2[nH]c([*:1])nc2c1,OCNT-0497961-AA-001,OCNT-0493954-AA-001,COC(=O)N[*:1],c1csc([*:1])c1,0.0767847209865803,0.0209450353475777,-0.0089120197656065,0.0208339605786988,0.0856967407521868,0.0856967407521868,0.02954231573702466,0.0037219562855110777,0.005347990035611044,True
CCC1Oc2ccccc2N(CC(=O)NCCC[*:1])C1=O,OCNT-0461652-AA-001,OCNT-0461684-AA-001,CCN(c1cccc(C)c1)[*:1],CCCCN(Cc1ccccc1)[*:1],-4.15031079518917,0.0245379054779798,-4.235551346552696,0.260571073268064,0.08524055136352615,0.08524055136352615,0.26172388700559424,0.7446597822802836,0.7822755625387369,False
CCC1Oc2ccccc2N(CC(=O)NCC[*:1])C1=O,OCNT-0461652-AA-001,OCNT-0461684-AA-001,CCN(C[*:1])c1cccc(C)c1,CCCCN(Cc1ccccc1)C[*:1],-4.15031079518917,0.0245379054779798,-4.235551346552696,0.260571073268064,0.08524055136352615,0.08524055136352615,0.26172388700559424,0.7446597822802836,0.7822755625387369,False
O=C(CCN1C(=O)c2ccccc2C1=O)N1CCN([*:1])CC1,OCNT-0461766-AA-001,OCNT-0461784-AA-001,Clc1cccc([*:1])c1,c1ccc([*:1])nc1,-0.6168264099189291,0.0308022423562575,-0.531841661844112,0.0439414106649295,-0.08498474807481715,0.08498474807481715,0.053662144062622055,0.11326196017544897,0.13927237012528823,False
Clc1ccc(-c2nc(NCc3ccc([*:1])cc3)c3ccccc3n2)cc1,OCNT-0482026-AA-001,OCNT-0482022-AA-001,C[*:1],F[*:1],0.0087574244785446,0.0415483491157401,-0.0761390689370671,0.0274570348459584,0.0848964934156117,0.0848964934156117,0.049801145335981935,0.08824858777023335,0.11051396841031781,False
Clc1ccc(-c2nc(NC[*:1])c3ccccc3n2)cc1,OCNT-0482026-AA-001,OCNT-0482022-AA-001,Cc1ccc([*:1])cc1,Fc1ccc([*:1])cc1,0.0087574244785446,0.0415483491157401,-0.0761390689370671,0.0274570348459584,0.0848964934156117,0.0848964934156117,0.049801145335981935,0.08824858777023335,0.11051396841031781,False
Clc1ccc(-c2nc(N[*:1])c3ccccc3n2)cc1,OCNT-0482026-AA-001,OCNT-0482022-AA-001,Cc1ccc(C[*:1])cc1,Fc1ccc(C[*:1])cc1,0.0087574244785446,0.0415483491157401,-0.0761390689370671,0.0274570348459584,0.0848964934156117,0.0848964934156117,0.049801145335981935,0.08824858777023335,0.11051396841031781,False
Clc1ccc(-c2nc([*:1])c3ccccc3n2)cc1,OCNT-0482026-AA-001,OCNT-0482022-AA-001,Cc1ccc(CN[*:1])cc1,Fc1ccc(CN[*:1])cc1,0.0087574244785446,0.0415483491157401,-0.0761390689370671,0.0274570348459584,0.0848964934156117,0.0848964934156117,0.049801145335981935,0.08824858777023335,0.11051396841031781,False
CNCc1ccc(Cl)cc1[*:1],OCNT-0494142-AA-001,OCNT-0494109-AA-001,Cc1cc(O[*:1])ccc1F,Fc1cc(O[*:1])ccc1Cl,-0.1395494220990801,0.0333751225802094,-0.0598439245077893,0.0272029646482826,-0.07970549759129081,0.07970549759129081,0.043056940124673475,0.06414582922308093,0.08145554961540169,False
CNCc1ccc(Cl)cc1O[*:1],OCNT-0494142-AA-001,OCNT-0494109-AA-001,Cc1cc([*:1])ccc1F,Fc1cc([*:1])ccc1Cl,-0.1395494220990801,0.0333751225802094,-0.0598439245077893,0.0272029646482826,-0.07970549759129081,0.07970549759129081,0.043056940124673475,0.06414582922308093,0.08145554961540169,False
CNCc1ccc(Cl)cc1O[*:1],OCNT-0497997-AA-001,OCNT-0494142-AA-001,Clc1ccc([*:1])cc1,Cc1cc([*:1])ccc1F,-0.0605785435400291,0.0275243099284259,-0.1395494220990801,0.0333751225802094,0.07897087855905101,0.07897087855905101,0.04326068011809393,0.06793081458293423,0.08599415586365239,False
CNCc1ccc(Cl)cc1[*:1],OCNT-0497997-AA-001,OCNT-0494142-AA-001,Clc1ccc(O[*:1])cc1,Cc1cc(O[*:1])ccc1F,-0.0605785435400291,0.0275243099284259,-0.1395494220990801,0.0333751225802094,0.07897087855905101,0.07897087855905101,0.04326068011809393,0.06793081458293423,0.08599415586365239,False
Cc1ccc(S(=O)(=O)c2cnc3ccccc3c2[*:1])cc1C,OCNT-0479503-AA-001,OCNT-0479527-AA-001,C1CCCN([*:1])CC1,Fc1ccc(N2CCN([*:1])CC2)cc1,-0.2165343327582365,0.0260713964218856,-0.1386961403793382,0.035345755672708,-0.0778381923788983,0.0778381923788983,0.04392083964887146,0.07635501525886967,0.0960620680403363,False
CC(C)CCN1CCC(N2CCN(S(=O)(=O)[*:1])CC2)C1=O,OCNT-0475236-AA-001,OCNT-0475270-AA-001,Cc1cc(Cl)ccc1[*:1],CCc1ccccc1[*:1],-3.4617719081787395,0.0318623970206539,-3.539281557954759,0.1051526142755123,0.0775096497760197,0.0775096497760197,0.10987394883627533,0.48053548867945317,0.5284810520443245,False
Cc1ccc(C(=O)c2cn(C[*:1])c3cc4c(cc3c2=O)OCO4)cc1,OCNT-0479211-AA-001,OCNT-0479173-AA-001,Cc1cccc([*:1])c1,Cc1ccc([*:1])cc1,0.0335123854909249,0.0243602344256927,0.1109053371959749,0.0248937776769687,-0.07739295170505,0.07739295170505,0.03482988929504441,0.026281486245852557,0.03500859926162287,True
Cc1ccc(C(=O)c2cn([*:1])c3cc4c(cc3c2=O)OCO4)cc1,OCNT-0479211-AA-001,OCNT-0479173-AA-001,Cc1cccc(C[*:1])c1,Cc1ccc(C[*:1])cc1,0.0335123854909249,0.0243602344256927,0.1109053371959749,0.0248937776769687,-0.07739295170505,0.07739295170505,0.03482988929504441,0.026281486245852557,0.03500859926162287,True
CCN1CCN(C(c2cccs2)C(C)[*:1])CC1,OCNT-0454864-AA-001,OCNT-0454866-AA-001,CCN(CC)CCNC(=O)C(=O)N[*:1],O=C(N[*:1])C(=O)N1CCCCC1,-0.0582281368655067,0.0295271063514867,-0.1352532337332389,0.0193574701738959,0.07702509686773218,0.07702509686773218,0.03530668011899838,0.029138975838630884,0.03868859136035256,True
CC(C)N1C(=O)C2(CCCCC2)C1C(=O)N[*:1],OCNT-0475132-AA-001,OCNT-0475130-AA-001,Cn1c(CC[*:1])nc2ccccc21,Cn1c(C[*:1])nc2ccccc21,-1.9277493733085056,0.0661858351406165,-2.0023491467648,0.1111867084247185,0.07459977345629443,0.07459977345629443,0.1293949338404879,0.5642585009223917,0.6117592165516582,False
CC(C)N1C(=O)C2(CCCCC2)C1C(=O)NC[*:1],OCNT-0475132-AA-001,OCNT-0475130-AA-001,Cn1c(C[*:1])nc2ccccc21,Cn1c([*:1])nc2ccccc21,-1.9277493733085056,0.0661858351406165,-2.0023491467648,0.1111867084247185,0.07459977345629443,0.07459977345629443,0.1293949338404879,0.5642585009223917,0.6117592165516582,False
Cn1cccc1Cc1nnc(S[*:1])n1CCc1ccccc1,OCNT-0479598-AA-001,OCNT-0479600-AA-001,O=C(C[*:1])N1CCCC1,O=C(C[*:1])N1CCCCC1,-3.5390091326214255,0.0667881795584737,-3.465892907295342,0.2629267206006702,-0.0731162253260833,0.0731162253260833,0.2712768352339687,0.7875247526759264,0.8169025306477287,False
Cn1cccc1Cc1nnc([*:1])n1CCc1ccccc1,OCNT-0479598-AA-001,OCNT-0479600-AA-001,O=C(CS[*:1])N1CCCC1,O=C(CS[*:1])N1CCCCC1,-3.5390091326214255,0.0667881795584737,-3.465892907295342,0.2629267206006702,-0.0731162253260833,0.0731162253260833,0.2712768352339687,0.7875247526759264,0.8169025306477287,False
Cn1cccc1Cc1nnc(SC[*:1])n1CCc1ccccc1,OCNT-0479598-AA-001,OCNT-0479600-AA-001,O=C(N1CCCC1)[*:1],O=C(N1CCCCC1)[*:1],-3.5390091326214255,0.0667881795584737,-3.465892907295342,0.2629267206006702,-0.0731162253260833,0.0731162253260833,0.2712768352339687,0.7875247526759264,0.8169025306477287,False
O=C(CN1C(=O)C2CCCCN2c2ccc(C(=O)N3CCCC3)cc21)NC[*:1],OCNT-0460907-AA-001,OCNT-0460909-AA-001,CSc1ccc([*:1])cc1,CCOc1ccc([*:1])cc1,-3.0931429938728816,0.0389630921965902,-3.166234545412621,0.0250104715745113,0.07309155153973945,0.07309155153973945,0.04629952744790627,0.11441238133692237,0.1404047628542874,False
O=C(CN1C(=O)C2CCCCN2c2ccc(C(=O)N3CCCC3)cc21)N[*:1],OCNT-0460907-AA-001,OCNT-0460909-AA-001,CSc1ccc(C[*:1])cc1,CCOc1ccc(C[*:1])cc1,-3.0931429938728816,0.0389630921965902,-3.166234545412621,0.0250104715745113,0.07309155153973945,0.07309155153973945,0.04629952744790627,0.11441238133692237,0.1404047628542874,False
O=C(CN1C(=O)C2CCCCN2c2ccc(C(=O)N3CCCC3)cc21)NCc1ccc([*:1])cc1,OCNT-0460907-AA-001,OCNT-0460909-AA-001,CS[*:1],CCO[*:1],-3.0931429938728816,0.0389630921965902,-3.166234545412621,0.0250104715745113,0.07309155153973945,0.07309155153973945,0.04629952744790627,0.11441238133692237,0.1404047628542874,False
O=C(c1ccc2c(c1)N(C[*:1])C(=O)C1CCCCN21)N1CCCC1,OCNT-0460907-AA-001,OCNT-0460909-AA-001,CSc1ccc(CNC(=O)[*:1])cc1,CCOc1ccc(CNC(=O)[*:1])cc1,-3.0931429938728816,0.0389630921965902,-3.166234545412621,0.0250104715745113,0.07309155153973945,0.07309155153973945,0.04629952744790627,0.11441238133692237,0.1404047628542874,False
O=C(Cn1ccc2ccccc2c1=O)NC[*:1],OCNT-0454249-AA-001,OCNT-0454251-AA-001,CCCCN(CC)CCNC(=O)[*:1],CCCN(CCC)CCNC(=O)[*:1],-0.0676587286458568,0.0209279289614092,-0.1401463181578801,0.0273529913752239,0.07248758951202329,0.07248758951202329,0.03444073674860721,0.035316998338755054,0.04646273921232991,True
O=C(Cn1ccc2ccccc2c1=O)NCC(=O)N[*:1],OCNT-0454249-AA-001,OCNT-0454251-AA-001,CCCCN(CC)CC[*:1],CCCN(CCC)CC[*:1],-0.0676587286458568,0.0209279289614092,-0.1401463181578801,0.0273529913752239,0.07248758951202329,0.07248758951202329,0.03444073674860721,0.035316998338755054,0.04646273921232991,True
O=C(CNC(=O)Cn1ccc2ccccc2c1=O)NCC[*:1],OCNT-0454249-AA-001,OCNT-0454251-AA-001,CCCCN(CC)[*:1],CCCN(CCC)[*:1],-0.0676587286458568,0.0209279289614092,-0.1401463181578801,0.0273529913752239,0.07248758951202329,0.07248758951202329,0.03444073674860721,0.035316998338755054,0.04646273921232991,True
O=C(Cn1ccc2ccccc2c1=O)N[*:1],OCNT-0454249-AA-001,OCNT-0454251-AA-001,CCCCN(CC)CCNC(=O)C[*:1],CCCN(CCC)CCNC(=O)C[*:1],-0.0676587286458568,0.0209279289614092,-0.1401463181578801,0.0273529913752239,0.07248758951202329,0.07248758951202329,0.03444073674860721,0.035316998338755054,0.04646273921232991,True
O=C(CNC(=O)Cn1ccc2ccccc2c1=O)NC[*:1],OCNT-0454249-AA-001,OCNT-0454251-AA-001,CCCCN(CC)C[*:1],CCCN(CCC)C[*:1],-0.0676587286458568,0.0209279289614092,-0.1401463181578801,0.0273529913752239,0.07248758951202329,0.07248758951202329,0.03444073674860721,0.035316998338755054,0.04646273921232991,True
COc1ccc(-c2[nH]c([*:1])nc2SCC(=O)Nc2ccc3c(c2)OCCO3)cc1,OCNT-0479364-AA-001,OCNT-0479372-AA-001,c1ccc([*:1])cc1,CCOc1ccc([*:1])cc1,-0.4723551372326037,0.038102136745941,-0.5435788201153882,0.065110856463504,0.07122368288278447,0.07122368288278447,0.0754400189158076,0.34511339484821224,0.388272403307391,False
O=C(c1ccc2c(c1)N(C[*:1])C(=O)C1CCCCN21)N1CCCC1,OCNT-0460815-AA-001,OCNT-0460713-AA-001,Cc1cc(C)cc(NC(=O)[*:1])c1,O=C(NCc1cccc(Cl)c1)[*:1],-1.0996566169787236,0.3324528816858893,-1.1703615681468291,0.0498441774390733,0.07070495116810549,0.07070495116810549,0.3361686489930757,0.8334133742832945,0.8579564690244937,False
O=C(CN1C(=O)C2CCCCN2c2ccc(C(=O)N3CCCC3)cc21)N[*:1],OCNT-0460815-AA-001,OCNT-0460713-AA-001,Cc1cc(C)cc([*:1])c1,Clc1cccc(C[*:1])c1,-1.0996566169787236,0.3324528816858893,-1.1703615681468291,0.0498441774390733,0.07070495116810549,0.07070495116810549,0.3361686489930757,0.8334133742832945,0.8579564690244937,False
O=C(c1ccc2c(c1)N([*:1])C(=O)C1CCCCN21)N1CCCC1,OCNT-0460815-AA-001,OCNT-0460713-AA-001,Cc1cc(C)cc(NC(=O)C[*:1])c1,O=C(C[*:1])NCc1cccc(Cl)c1,-1.0996566169787236,0.3324528816858893,-1.1703615681468291,0.0498441774390733,0.07070495116810549,0.07070495116810549,0.3361686489930757,0.8334133742832945,0.8579564690244937,False
Cn1c(=O)c2c(nc(CN3CCN(C(=O)c4ccco4)CC3)n2C[*:1])n(C)c1=O,OCNT-0479328-AA-001,OCNT-0479322-AA-001,Cc1ccc([*:1])cc1,Cc1ccccc1[*:1],-0.6423692628243143,0.0387015486880976,-0.5716827382297809,0.0404133978468892,-0.0706865245945334,0.0706865245945334,0.05595580931760471,0.20649711159957762,0.24281520042487575,False
Cn1c(=O)c2c(nc(CN3CCN(C(=O)c4ccco4)CC3)n2[*:1])n(C)c1=O,OCNT-0479328-AA-001,OCNT-0479322-AA-001,Cc1ccc(C[*:1])cc1,Cc1ccccc1C[*:1],-0.6423692628243143,0.0387015486880976,-0.5716827382297809,0.0404133978468892,-0.0706865245945334,0.0706865245945334,0.05595580931760471,0.20649711159957762,0.24281520042487575,False
N#Cc1ccc(O[*:1])cc1,OCNT-0497975-AA-001,OCNT-0494125-AA-001,c1cncc([*:1])c1,C1CC([*:1])CCN1,0.0538021370084007,0.0310091726766929,-0.0168781829597977,0.0339027618439133,0.0706803199681984,0.0706803199681984,0.04594525057868398,0.12396070037392394,0.15136319052644306,False
N#Cc1ccc([*:1])cc1,OCNT-0497975-AA-001,OCNT-0494125-AA-001,c1cncc(O[*:1])c1,C1CC(O[*:1])CCN1,0.0538021370084007,0.0310091726766929,-0.0168781829597977,0.0339027618439133,0.0706803199681984,0.0706803199681984,0.04594525057868398,0.12396070037392394,0.15136319052644306,False
COc1ccc2nc3sc(C(=O)N[*:1])cc3cc2c1,OCNT-0479268-AA-001,OCNT-0454792-AA-001,CCc1ccccc1[*:1],CCOC(CC[*:1])OCC,0.0179639154283218,0.0703752753158042,0.0875355342384282,0.0367474415673808,-0.0695716188101064,0.0695716188101064,0.07939177436941,0.38086281021901414,0.4257520770241789,False
COc1ccc2nc3sc([*:1])cc3cc2c1,OCNT-0479268-AA-001,OCNT-0454792-AA-001,CCc1ccccc1NC(=O)[*:1],CCOC(CCNC(=O)[*:1])OCC,0.0179639154283218,0.0703752753158042,0.0875355342384282,0.0367474415673808,-0.0695716188101064,0.0695716188101064,0.07939177436941,0.38086281021901414,0.4257520770241789,False
CCSc1nnc(-c2nn(C)c3c2CN(C(=O)[*:1])CC3)n1C,OCNT-0462915-AA-001,OCNT-0462937-AA-001,C1CC([*:1])C1,CC(C)C[*:1],-0.2338181864158035,0.0289268022399359,-0.3026964597033359,0.0215559555204318,0.06887827328753243,0.06887827328753243,0.03607518684951188,0.0562236916753918,0.07210658990025352,False
CCOc1ccc2nc(N3CCCC(C(=O)N[*:1])C3)sc2c1,OCNT-0479723-AA-001,OCNT-0479725-AA-001,COc1ccc([*:1])cc1,Cc1cccc(C)c1[*:1],0.154411384288679,0.0389097714136462,0.0865714304340216,0.0576970352485848,0.06783995385465741,0.06783995385465741,0.06959107836453345,0.3296411504671546,0.37223437710804214,False
CCOc1ccc2nc(N3CCCC([*:1])C3)sc2c1,OCNT-0479723-AA-001,OCNT-0479725-AA-001,COc1ccc(NC(=O)[*:1])cc1,Cc1cccc(C)c1NC(=O)[*:1],0.154411384288679,0.0389097714136462,0.0865714304340216,0.0576970352485848,0.06783995385465741,0.06783995385465741,0.06959107836453345,0.3296411504671546,0.37223437710804214,False
Clc1ccc2nc(-c3ccc([*:1])cc3)c(Nc3ccc4c(c3)OCCO4)n2c1,OCNT-0479442-AA-001,OCNT-0479446-AA-001,O[*:1],Cl[*:1],-0.1932889915539281,0.027634314573521,-0.2603311202525296,0.1196481191397131,0.06704212869860149,0.06704212869860149,0.12279791429669845,0.5850969072191543,0.6313407123766699,False
Clc1ccc2nc([*:1])c(Nc3ccc4c(c3)OCCO4)n2c1,OCNT-0479442-AA-001,OCNT-0479446-AA-001,Oc1ccc([*:1])cc1,Clc1ccc([*:1])cc1,-0.1932889915539281,0.027634314573521,-0.2603311202525296,0.1196481191397131,0.06704212869860149,0.06704212869860149,0.12279791429669845,0.5850969072191543,0.6313407123766699,False
CCOc1ccc2nc(N3CCC([*:1])CC3)sc2c1,OCNT-0479689-AA-001,OCNT-0479717-AA-001,Cc1ccccc1NC(=O)[*:1],O=C(Nc1c(F)c(F)cc(F)c1F)[*:1],0.0771316973298429,0.0317067984538503,0.1427366313774435,0.0320581818657348,-0.0656049340476006,0.0656049340476006,0.045089334578474444,0.1456695547644608,0.17498939642053785,False
CCOc1ccc2nc(N3CCC(C(=O)N[*:1])CC3)sc2c1,OCNT-0479689-AA-001,OCNT-0479717-AA-001,Cc1ccccc1[*:1],Fc1cc(F)c(F)c([*:1])c1F,0.0771316973298429,0.0317067984538503,0.1427366313774435,0.0320581818657348,-0.0656049340476006,0.0656049340476006,0.045089334578474444,0.1456695547644608,0.17498939642053785,False
CC(=O)Nc1ccc(-c2noc(C3CCN(C(=O)[*:1])CC3)n2)cc1,OCNT-0463268-AA-001,OCNT-0463426-AA-001,COc1cc(OC)cc([*:1])c1,CC(=O)Nc1cccc([*:1])c1,-0.0060200515402403,0.0316180414672034,0.0563680237894956,0.0304623928930376,-0.0623880753297359,0.0623880753297359,0.04390510137776226,0.15532386919451957,0.18622121897059746,False
Cc1nc(-c2ccc(F)cc2)sc1CCNC(=O)[*:1],OCNT-0482096-AA-001,OCNT-0482114-AA-001,COc1ccc([*:1])cc1,Cc1ccc([*:1])cc1,-0.0534659291823882,0.0520672660222867,-0.115190389000082,0.0274200662084502,0.0617244598176938,0.0617244598176938,0.058846072272594065,0.29421777367738067,0.33501670180946974,False
Cc1nc(-c2ccc(F)cc2)sc1C[*:1],OCNT-0482096-AA-001,OCNT-0482114-AA-001,COc1ccc(C(=O)NC[*:1])cc1,Cc1ccc(C(=O)NC[*:1])cc1,-0.0534659291823882,0.0520672660222867,-0.115190389000082,0.0274200662084502,0.0617244598176938,0.0617244598176938,0.058846072272594065,0.29421777367738067,0.33501670180946974,False
Cc1nc(-c2ccc(F)cc2)sc1CCNC(=O)c1ccc([*:1])cc1,OCNT-0482096-AA-001,OCNT-0482114-AA-001,CO[*:1],C[*:1],-0.0534659291823882,0.0520672660222867,-0.115190389000082,0.0274200662084502,0.0617244598176938,0.0617244598176938,0.058846072272594065,0.29421777367738067,0.33501670180946974,False
Cc1nc(-c2ccc(F)cc2)sc1CC[*:1],OCNT-0482096-AA-001,OCNT-0482114-AA-001,COc1ccc(C(=O)N[*:1])cc1,Cc1ccc(C(=O)N[*:1])cc1,-0.0534659291823882,0.0520672660222867,-0.115190389000082,0.0274200662084502,0.0617244598176938,0.0617244598176938,0.058846072272594065,0.29421777367738067,0.33501670180946974,False
Cc1cc2c(cc1S(=O)(=O)N1CCCC(C(=O)NCc3cccnc3)C1)OC([*:1])C(=O)N2,OCNT-0457081-AA-001,OCNT-0457347-AA-001,C[*:1],CC[*:1],-2.991373215668642,0.026434397039884,-3.0530255620967353,0.0531217360814995,0.06165234642809336,0.06165234642809336,0.05933545475661844,0.2987827200881068,0.33942493781596905,False
COCCN1C(=O)c2ccccc2C(C(=O)NC[*:1])C1c1cccs1,OCNT-0455853-AA-001,OCNT-0455855-AA-001,CCN(CC[*:1])Cc1ccccc1,CC(C)N(CC[*:1])Cc1ccccc1,-1.0468564843115442,0.0252404183722365,-1.107850478050994,0.0279154405313118,0.06099399373944969,0.06099399373944969,0.03763443289944382,0.10508274429355237,0.1296055823015739,False
COCCN1C(=O)c2ccccc2C(C(=O)NCCCN(Cc2ccccc2)[*:1])C1c1cccs1,OCNT-0455853-AA-001,OCNT-0455855-AA-001,CC[*:1],CC(C)[*:1],-1.0468564843115442,0.0252404183722365,-1.107850478050994,0.0279154405313118,0.06099399373944969,0.06099399373944969,0.03763443289944382,0.10508274429355237,0.1296055823015739,False
COCCN1C(=O)c2ccccc2C(C(=O)NCC[*:1])C1c1cccs1,OCNT-0455853-AA-001,OCNT-0455855-AA-001,CCN(Cc1ccccc1)C[*:1],CC(C)N(Cc1ccccc1)C[*:1],-1.0468564843115442,0.0252404183722365,-1.107850478050994,0.0279154405313118,0.06099399373944969,0.06099399373944969,0.03763443289944382,0.10508274429355237,0.1296055823015739,False
COCCN1C(=O)c2ccccc2C(C(=O)NCCC[*:1])C1c1cccs1,OCNT-0455853-AA-001,OCNT-0455855-AA-001,CCN(Cc1ccccc1)[*:1],CC(C)N(Cc1ccccc1)[*:1],-1.0468564843115442,0.0252404183722365,-1.107850478050994,0.0279154405313118,0.06099399373944969,0.06099399373944969,0.03763443289944382,0.10508274429355237,0.1296055823015739,False
CCC(=O)Nc1ccccc1-c1nnc(SC(C(=O)Nc2c(C)cc(C)cc2C)[*:1])[nH]c1=O,OCNT-0457236-AA-001,OCNT-0457204-AA-001,C[*:1],CC[*:1],-0.0129607829263307,0.0322400549982053,-0.0727382389067535,0.01912572379216,0.059777455980422806,0.059777455980422806,0.03748619021534861,0.11078991157933475,0.13643880181041887,False
O=C(CN1C(=O)COc2ccc(S(=O)(=O)N3CCOCC3)cc21)N[*:1],OCNT-0455082-AA-001,OCNT-0455084-AA-001,CCCCN(CCCC)CC[*:1],CCN(CCC[*:1])Cc1ccccc1,-3.3876422110129747,0.2581587852239303,-3.3283021920798226,0.0346354314394184,-0.059340018933152106,0.059340018933152106,0.26047182477053066,0.8197881840711482,0.8457089740396709,False
O=C(CN1C(=O)COc2ccc(S(=O)(=O)N3CCOCC3)cc21)NCC[*:1],OCNT-0455082-AA-001,OCNT-0455084-AA-001,CCCCN(CCCC)[*:1],CCN(Cc1ccccc1)C[*:1],-3.3876422110129747,0.2581587852239303,-3.3283021920798226,0.0346354314394184,-0.059340018933152106,0.059340018933152106,0.26047182477053066,0.8197881840711482,0.8457089740396709,False
O=C(CN1C(=O)COc2ccc(S(=O)(=O)N3CCOCC3)cc21)NC[*:1],OCNT-0455082-AA-001,OCNT-0455084-AA-001,CCCCN(CCCC)C[*:1],CCN(CC[*:1])Cc1ccccc1,-3.3876422110129747,0.2581587852239303,-3.3283021920798226,0.0346354314394184,-0.059340018933152106,0.059340018933152106,0.26047182477053066,0.8197881840711482,0.8457089740396709,False
c1ccc2[nH]c([*:1])nc2c1,OCNT-0497961-AA-001,OCNT-0476778-AA-002,COC(=O)N[*:1],c1nc([*:1])cs1,0.0767847209865803,0.0209450353475777,0.0183244520046456,0.0181943435690728,0.0584602689819347,0.0584602689819347,0.027743983917612482,0.03510603719964434,0.04635967243795451,True
COc1ccc(Nc2c([*:1])nc3cnccn23)cc1OC,OCNT-0454287-AA-001,OCNT-0454289-AA-001,COc1ccc([*:1])cc1,CSc1ccc([*:1])cc1,-0.1293466280332151,0.0376073095805477,-0.187750468882986,0.0375927835787509,0.058403840849770905,0.058403840849770905,0.05317449681083929,0.27205470510483964,0.31166566638180837,False
COc1ccc(Nc2c(-c3ccc([*:1])cc3)nc3cnccn23)cc1OC,OCNT-0454287-AA-001,OCNT-0454289-AA-001,CO[*:1],CS[*:1],-0.1293466280332151,0.0376073095805477,-0.187750468882986,0.0375927835787509,0.058403840849770905,0.058403840849770905,0.05317449681083929,0.27205470510483964,0.31166566638180837,False
Cc1nc2c3cccnc3nn2c(C)c1CCC(=O)N[*:1],OCNT-0479403-AA-001,OCNT-0479405-AA-001,Cc1cccc([*:1])c1,COc1ccc(OC)c([*:1])c1,-0.9684726915212082,0.0400645596496861,-0.912631644188896,0.0353219536512953,-0.05584104733231221,0.05584104733231221,0.05341169674956516,0.29579956543804853,0.33650466602831464,False
Cc1nc2c3cccnc3nn2c(C)c1CC[*:1],OCNT-0479403-AA-001,OCNT-0479405-AA-001,Cc1cccc(NC(=O)[*:1])c1,COc1ccc(OC)c(NC(=O)[*:1])c1,-0.9684726915212082,0.0400645596496861,-0.912631644188896,0.0353219536512953,-0.05584104733231221,0.05584104733231221,0.05341169674956516,0.29579956543804853,0.33650466602831464,False
Cn1nc(C(=O)N2CCCC(C(=O)NC3CC3)C2)c2c1CCN(C(=O)[*:1])C2,OCNT-0462599-AA-001,OCNT-0462595-AA-001,COc1ccc(C[*:1])cc1,COc1cc(OC)cc([*:1])c1,-0.1825784587461403,0.0207955142347082,-0.2379593544528053,0.05329285460046,0.05538089570666502,0.05538089570666502,0.0572064835814239,0.3330005496083237,0.3749895742713153,False
Clc1ccc2c(SC[*:1])c3c(nc2c1)CCCC3,OCNT-0479429-AA-001,OCNT-0479427-AA-001,O=C(N1CCCCCC1)[*:1],O=C(N1CCCC1)[*:1],-3.7849171447025167,0.0218599141348387,-3.839963257710554,0.0255381859865355,0.05504611300803708,0.05504611300803708,0.033616287562213035,0.10152950370119139,0.1256665126741605,False
Clc1ccc2c([*:1])c3c(nc2c1)CCCC3,OCNT-0479429-AA-001,OCNT-0479427-AA-001,O=C(CS[*:1])N1CCCCCC1,O=C(CS[*:1])N1CCCC1,-3.7849171447025167,0.0218599141348387,-3.839963257710554,0.0255381859865355,0.05504611300803708,0.05504611300803708,0.033616287562213035,0.10152950370119139,0.1256665126741605,False
Clc1ccc2c(S[*:1])c3c(nc2c1)CCCC3,OCNT-0479429-AA-001,OCNT-0479427-AA-001,O=C(C[*:1])N1CCCCCC1,O=C(C[*:1])N1CCCC1,-3.7849171447025167,0.0218599141348387,-3.839963257710554,0.0255381859865355,0.05504611300803708,0.05504611300803708,0.033616287562213035,0.10152950370119139,0.1256665126741605,False
O=C1C(=O)N(C2CCN(C(=O)[*:1])CC2)CCN1Cc1ccccn1,OCNT-0460225-AA-001,OCNT-0460227-AA-001,Cc1ccc([*:1])cc1,c1ccc([*:1])cc1,-0.0369337747845002,0.0367372412057692,0.0179044177306076,0.0335165770791108,-0.054838192515107805,0.054838192515107805,0.04972912457012331,0.2701409844723507,0.30984762283586775,False
COc1ccc(-c2nc([*:1])c3ccccc3n2)cc1,OCNT-0482328-AA-001,OCNT-0482018-AA-001,FC(F)(F)c1cccc(N[*:1])c1,c1ccc(N[*:1])cc1,-0.1815094487425414,0.0198338259501748,-0.2353932742139827,0.0385881081445453,0.0538838254714413,0.0538838254714413,0.04338689597098357,0.21425951771180785,0.25037872007678785,False
COc1ccc(-c2nc(N[*:1])c3ccccc3n2)cc1,OCNT-0482328-AA-001,OCNT-0482018-AA-001,FC(F)(F)c1cccc([*:1])c1,c1ccc([*:1])cc1,-0.1815094487425414,0.0198338259501748,-0.2353932742139827,0.0385881081445453,0.0538838254714413,0.0538838254714413,0.04338689597098357,0.21425951771180785,0.25037872007678785,False
CCN(CC)CCCNC(=O)C[*:1],OCNT-0454594-AA-001,OCNT-0454897-AA-001,Cc1ccc2c(c1)N([*:1])C(=O)CO2,O=C1Nc2ccccc2OC1[*:1],0.0067126397150328,0.0317406035354587,0.0599617506446214,0.0352022085379771,-0.0532491109295886,0.0532491109295886,0.04739895989097652,0.26125762445264267,0.3008458386049961,False
O=C(c1cccs1)N1CCCc2cc(NC(=O)[*:1])ccc21,OCNT-0482272-AA-001,OCNT-0482302-AA-001,COc1ccc([*:1])cc1,COc1ccc([*:1])c(OC)c1,-0.2578327317742982,0.0388566761808095,-0.2047349363720562,0.0420326534280468,-0.05309779540224202,0.05309779540224202,0.05724146432458365,0.3536095398044934,0.39746556908663083,False
O=C(c1cccs1)N1CCCc2cc([*:1])ccc21,OCNT-0482272-AA-001,OCNT-0482302-AA-001,COc1ccc(C(=O)N[*:1])cc1,COc1ccc(C(=O)N[*:1])c(OC)c1,-0.2578327317742982,0.0388566761808095,-0.2047349363720562,0.0420326534280468,-0.05309779540224202,0.05309779540224202,0.05724146432458365,0.3536095398044934,0.39746556908663083,False
Cc1c(N2CCC(C(=O)N[*:1])CC2)c(=O)n(C)c(=O)n1-c1ccccc1,OCNT-0458462-AA-001,OCNT-0458524-AA-001,COc1ccc(OC)c(C[*:1])c1,Cc1ccc(C)c([*:1])c1,-1.0503626226672118,0.0259659135553508,-1.10320707044706,0.0286254231427726,0.0528444477798482,0.0528444477798482,0.03864768449553908,0.17151938477502227,0.20354410016706084,False
CC1([*:1])CCC(=O)N1Cc1ccc2c(c1)OCO2,OCNT-0454782-AA-001,OCNT-0454778-AA-001,CC(C)CCNC(=O)[*:1],O=C(NC1CCCCC1)[*:1],-0.0433666959592982,0.0270031414878109,0.0091497741090495,0.0198906169931253,-0.0525164700683477,0.0525164700683477,0.0335381319482457,0.11737824873689875,0.1437666367585432,False
CC1(C(=O)N[*:1])CCC(=O)N1Cc1ccc2c(c1)OCO2,OCNT-0454782-AA-001,OCNT-0454778-AA-001,CC(C)CC[*:1],C1CCC([*:1])CC1,-0.0433666959592982,0.0270031414878109,0.0091497741090495,0.0198906169931253,-0.0525164700683477,0.0525164700683477,0.0335381319482457,0.11737824873689875,0.1437666367585432,False
O=C(NCc1n[nH]c(=O)c2ccccc12)C(=O)N[*:1],OCNT-0456812-AA-001,OCNT-0456810-AA-001,CCN(CC)CCC[*:1],CN(C)CCC[*:1],0.0702240423701502,0.0239872253984223,0.0179556691117355,0.0339040127192637,0.0522683732584147,0.0522683732584147,0.041531542961738256,0.20820292505007276,0.2442342078607517,False
O=C(NCc1n[nH]c(=O)c2ccccc12)C(=O)NC[*:1],OCNT-0456812-AA-001,OCNT-0456810-AA-001,CCN(CC)CC[*:1],CN(C)CC[*:1],0.0702240423701502,0.0239872253984223,0.0179556691117355,0.0339040127192637,0.0522683732584147,0.0522683732584147,0.041531542961738256,0.20820292505007276,0.2442342078607517,False
O=C(NCCC[*:1])C(=O)NCc1n[nH]c(=O)c2ccccc12,OCNT-0456812-AA-001,OCNT-0456810-AA-001,CCN(CC)[*:1],CN(C)[*:1],0.0702240423701502,0.0239872253984223,0.0179556691117355,0.0339040127192637,0.0522683732584147,0.0522683732584147,0.041531542961738256,0.20820292505007276,0.2442342078607517,False
O=C(NCC[*:1])C(=O)NCc1n[nH]c(=O)c2ccccc12,OCNT-0456812-AA-001,OCNT-0456810-AA-001,CCN(CC)C[*:1],CN(C)C[*:1],0.0702240423701502,0.0239872253984223,0.0179556691117355,0.0339040127192637,0.0522683732584147,0.0522683732584147,0.041531542961738256,0.20820292505007276,0.2442342078607517,False
CCOc1ccc2nc(N3CCCC(C(=O)N[*:1])C3)sc2c1,OCNT-0479725-AA-001,OCNT-0479749-AA-001,Cc1cccc(C)c1[*:1],CCOC(=O)c1ccc([*:1])cc1,0.0865714304340216,0.0576970352485848,0.0343553194549324,0.0501798895515616,0.0522161109790892,0.0522161109790892,0.07646547712453874,0.4946879127538868,0.5420964274557819,False
CC(C(=O)NCc1cccnc1)C1CCN(S(=O)(=O)c2ccc([*:1])s2)CC1,OCNT-0462523-AA-001,OCNT-0462555-AA-001,Cl[*:1],Br[*:1],-2.9057646457906388,0.0801861518574818,-2.956798666293893,0.0329328574914646,0.05103402050325423,0.05103402050325423,0.08668559310672247,0.5560454185425562,0.603657115871178,False
CC(C(=O)NCc1cccnc1)C1CCN(S(=O)(=O)[*:1])CC1,OCNT-0462523-AA-001,OCNT-0462555-AA-001,Clc1ccc([*:1])s1,Brc1ccc([*:1])s1,-2.9057646457906388,0.0801861518574818,-2.956798666293893,0.0329328574914646,0.05103402050325423,0.05103402050325423,0.08668559310672247,0.5560454185425562,0.603657115871178,False
O=S(=O)(c1ccc2c(c1)CCCC2)N1CCC2(CC1)NCCN=C2NC[*:1],OCNT-0462819-AQ-001,OCNT-0462811-AQ-001,Cc1cccc([*:1])c1,Fc1cc(F)cc([*:1])c1,-2.1477189085101727,0.0959006459431612,-2.0973200154924765,0.0523161304260004,-0.05039889301769618,0.05039889301769618,0.10924244319432737,0.6445482279835716,0.6869379415835365,False
O=S(=O)(c1ccc2c(c1)CCCC2)N1CCC2(CC1)NCCN=C2N[*:1],OCNT-0462819-AQ-001,OCNT-0462811-AQ-001,Cc1cccc(C[*:1])c1,Fc1cc(F)cc(C[*:1])c1,-2.1477189085101727,0.0959006459431612,-2.0973200154924765,0.0523161304260004,-0.05039889301769618,0.05039889301769618,0.10924244319432737,0.6445482279835716,0.6869379415835365,False
COc1ccc(-c2nc([*:1])c3ccccc3n2)cc1,OCNT-0482328-AA-001,OCNT-0482332-AA-001,FC(F)(F)c1cccc(N[*:1])c1,Clc1ccccc1CN[*:1],-0.1815094487425414,0.0198338259501748,-0.1320491970842545,0.0249653791361721,-0.04946025165828691,0.04946025165828691,0.03188496208614093,0.12085151958668645,0.14786183421431087,False
COc1ccc(-c2nc(N[*:1])c3ccccc3n2)cc1,OCNT-0482328-AA-001,OCNT-0482332-AA-001,FC(F)(F)c1cccc([*:1])c1,Clc1ccccc1C[*:1],-0.1815094487425414,0.0198338259501748,-0.1320491970842545,0.0249653791361721,-0.04946025165828691,0.04946025165828691,0.03188496208614093,0.12085151958668645,0.14786183421431087,False
CC(=O)Nc1ccc(-c2noc(C3CCCN(C(=O)[*:1])C3)n2)cc1,OCNT-0463282-AA-001,OCNT-0463306-AA-001,COc1cccc([*:1])c1OC,COc1ccc(/C=C/[*:1])cc1,-0.2434867043178489,0.0230904724009231,-0.2924746080635503,0.0287251464407804,0.04898790374570139,0.04898790374570139,0.03685517539969211,0.18378195388652852,0.21714845058442073,False
O=C(c1cccs1)N1CCCc2cc([*:1])ccc21,OCNT-0482300-AA-001,OCNT-0482294-AA-001,COc1cccc(C(=O)N[*:1])c1,COc1cccc(C(=O)N[*:1])c1OC,-0.3541897444835638,0.0339465295248359,-0.402925640797401,0.0353628082141666,0.048735896313837235,0.048735896313837235,0.049019333650841115,0.3201168216926237,0.3626508623527084,False
O=C(c1cccs1)N1CCCc2cc(NC(=O)[*:1])ccc21,OCNT-0482300-AA-001,OCNT-0482294-AA-001,COc1cccc([*:1])c1,COc1cccc([*:1])c1OC,-0.3541897444835638,0.0339465295248359,-0.402925640797401,0.0353628082141666,0.048735896313837235,0.048735896313837235,0.049019333650841115,0.3201168216926237,0.3626508623527084,False
COc1ccc(-c2nc(N[*:1])c3ccccc3n2)cc1,OCNT-0482328-AA-001,OCNT-0482330-AA-001,FC(F)(F)c1cccc([*:1])c1,Clc1cccc(C[*:1])c1,-0.1815094487425414,0.0198338259501748,-0.1329091860430695,0.0393648102689575,-0.0486002626994719,0.0486002626994719,0.04407912135391141,0.27021447778166807,0.30984762283586775,False
COc1ccc(-c2nc([*:1])c3ccccc3n2)cc1,OCNT-0482328-AA-001,OCNT-0482330-AA-001,FC(F)(F)c1cccc(N[*:1])c1,Clc1cccc(CN[*:1])c1,-0.1815094487425414,0.0198338259501748,-0.1329091860430695,0.0393648102689575,-0.0486002626994719,0.0486002626994719,0.04407912135391141,0.27021447778166807,0.30984762283586775,False
C=CCn1c(=O)c2sc([*:1])nc2n(CC(=O)NCCc2ccc(Cl)cc2)c1=O,OCNT-0463127-AA-001,OCNT-0463149-AA-001,C1CCN([*:1])CC1,CCN(CC)[*:1],0.0512182578180752,0.0276071992191393,0.0034606881431684,0.0559152114880107,0.047757569674906804,0.047757569674906804,0.06235918797157488,0.4437676058018827,0.4913571635281479,False
COc1ccc(-c2[nH]c([*:1])nc2SCC(=O)Nc2ccc3c(c2)OCCO3)cc1,OCNT-0479364-AA-001,OCNT-0479370-AA-001,c1ccc([*:1])cc1,COc1ccc([*:1])cc1OC,-0.4723551372326037,0.038102136745941,-0.4247858114843588,0.0323272522704806,-0.047569325748244906,0.047569325748244906,0.04996823054667516,0.3411013434658974,0.38393513682661035,False
CCSc1nnc(-c2nn(C)c3c2CN(C(=O)[*:1])CC3)n1C,OCNT-0462941-AA-001,OCNT-0462943-AA-001,CC[*:1],CC(C)[*:1],0.038012584065901,0.0211334314752665,-0.0082473364048736,0.0196517985913867,0.0462599204707746,0.0462599204707746,0.0288585362379351,0.1089370495864483,0.13429166767659395,False
CCc1ccc(Nc2nc(C(=O)NCCC[*:1])nc3ccccc23)cc1,OCNT-0460710-AA-001,OCNT-0460708-AA-001,c1ccc2c(c1)CCN([*:1])C2,CCO[*:1],-2.1707373200027433,0.1862705031668785,-2.1255841869155065,0.0453794146594522,-0.045153133087236785,0.045153133087236785,0.19171852186180813,0.8138068301500962,0.842379574186669,False
CCc1ccc(Nc2nc(C(=O)NCC[*:1])nc3ccccc23)cc1,OCNT-0460710-AA-001,OCNT-0460708-AA-001,c1ccc2c(c1)CCN(C[*:1])C2,CCOC[*:1],-2.1707373200027433,0.1862705031668785,-2.1255841869155065,0.0453794146594522,-0.045153133087236785,0.045153133087236785,0.19171852186180813,0.8138068301500962,0.842379574186669,False
CCc1ccc(Nc2nc(C(=O)NC[*:1])nc3ccccc23)cc1,OCNT-0460710-AA-001,OCNT-0460708-AA-001,c1ccc2c(c1)CCN(CC[*:1])C2,CCOCC[*:1],-2.1707373200027433,0.1862705031668785,-2.1255841869155065,0.0453794146594522,-0.045153133087236785,0.045153133087236785,0.19171852186180813,0.8138068301500962,0.842379574186669,False
CCc1ccc(Nc2nc(C(=O)N[*:1])nc3ccccc23)cc1,OCNT-0460710-AA-001,OCNT-0460708-AA-001,c1ccc2c(c1)CCN(CCC[*:1])C2,CCOCCC[*:1],-2.1707373200027433,0.1862705031668785,-2.1255841869155065,0.0453794146594522,-0.045153133087236785,0.045153133087236785,0.19171852186180813,0.8138068301500962,0.842379574186669,False
O=C(CC1Oc2ccccc2NC1=O)N[*:1],OCNT-0454899-AA-001,OCNT-0454901-AA-001,CCN(CCC[*:1])Cc1ccccc1,CCCCN(CCCC)CC[*:1],-0.414893932575603,0.0241952026515326,-0.4600244325640442,0.0255080058768184,0.04513049998844121,0.04513049998844121,0.03515773307766774,0.1992616992767876,0.23498476054472256,False
O=C(CC1Oc2ccccc2NC1=O)NC[*:1],OCNT-0454899-AA-001,OCNT-0454901-AA-001,CCN(CC[*:1])Cc1ccccc1,CCCCN(CCCC)C[*:1],-0.414893932575603,0.0241952026515326,-0.4600244325640442,0.0255080058768184,0.04513049998844121,0.04513049998844121,0.03515773307766774,0.1992616992767876,0.23498476054472256,False
O=C(CC1Oc2ccccc2NC1=O)NCC[*:1],OCNT-0454899-AA-001,OCNT-0454901-AA-001,CCN(Cc1ccccc1)C[*:1],CCCCN(CCCC)[*:1],-0.414893932575603,0.0241952026515326,-0.4600244325640442,0.0255080058768184,0.04513049998844121,0.04513049998844121,0.03515773307766774,0.1992616992767876,0.23498476054472256,False
Cc1cccc(CNC(=O)CN2C(=O)CSc3ccc([*:1])cc32)c1,OCNT-0457845-AA-001,OCNT-0457966-AA-001,CN(C)C(=O)[*:1],O=C(N1CCCC1)[*:1],-0.2911347716472759,0.0245798838707678,-0.3361929884030767,0.0463436843091245,0.045058216755800795,0.045058216755800795,0.05245862909421312,0.3903799102890405,0.4357936316045995,False
Cc1nc(-c2ccc(F)cc2)sc1CC[*:1],OCNT-0482088-AA-001,OCNT-0482086-AA-001,O=C(N[*:1])c1ccc(Cl)cc1,CC(C)(C)c1ccc(C(=O)N[*:1])cc1,-0.560495776536683,0.221418705590268,-0.604848069760632,0.0684095330513385,0.04435229322394896,0.04435229322394896,0.23174578183339595,0.8482252328163753,0.871737566023381,False
Cc1nc(-c2ccc(F)cc2)sc1CCNC(=O)[*:1],OCNT-0482088-AA-001,OCNT-0482086-AA-001,Clc1ccc([*:1])cc1,CC(C)(C)c1ccc([*:1])cc1,-0.560495776536683,0.221418705590268,-0.604848069760632,0.0684095330513385,0.04435229322394896,0.04435229322394896,0.23174578183339595,0.8482252328163753,0.871737566023381,False
Cc1nc(-c2ccc(F)cc2)sc1CCNC(=O)c1ccc([*:1])cc1,OCNT-0482088-AA-001,OCNT-0482086-AA-001,Cl[*:1],CC(C)(C)[*:1],-0.560495776536683,0.221418705590268,-0.604848069760632,0.0684095330513385,0.04435229322394896,0.04435229322394896,0.23174578183339595,0.8482252328163753,0.871737566023381,False
Cc1cccc(N2CCN(C(=O)[*:1])CC2)c1C,OCNT-0497964-AA-001,OCNT-0461786-AA-001,Cc1onc(-c2ccccc2)c1[*:1],O=C1c2ccccc2C(=O)N1CC[*:1],-1.7206959453569193,0.126198764477378,-1.763432602990969,0.0405006572861037,0.04273665763404977,0.04273665763404977,0.13253841479444045,0.7471138350518991,0.7832851561148231,False
COc1ccc(-c2[nH]c([*:1])nc2SCC(=O)Nc2ccc3c(c2)OCO3)cc1,OCNT-0479306-AA-001,OCNT-0479304-AA-001,Cc1ccc([*:1])cc1,c1ccc([*:1])cc1,-0.1216840380698694,0.0401536623396576,-0.1634304709522392,0.0403752194352743,0.0417464328823698,0.0417464328823698,0.05694273389760794,0.4634790759066726,0.5109007251502033,False
CC(=O)Nc1ccc(S(=O)(=O)N2CCC(CC(=O)NCC[*:1])CC2)cc1,OCNT-0457679-AA-001,OCNT-0457647-AA-001,CCN(CC)[*:1],CCN(CC)C[*:1],-0.0220766621832894,0.0187888867725224,-0.0637547526478389,0.0251026923809225,0.041678090464549504,0.041678090464549504,0.03135550080802237,0.18377822098646346,0.21714845058442073,False
CC(=O)Nc1ccc(S(=O)(=O)N2CCC(C[*:1])CC2)cc1,OCNT-0457679-AA-001,OCNT-0457647-AA-001,CCN(CC)CCNC(=O)[*:1],CCN(CC)CCCNC(=O)[*:1],-0.0220766621832894,0.0187888867725224,-0.0637547526478389,0.0251026923809225,0.041678090464549504,0.041678090464549504,0.03135550080802237,0.18377822098646346,0.21714845058442073,False
CC(=O)Nc1ccc(S(=O)(=O)N2CCC(CC(=O)NC[*:1])CC2)cc1,OCNT-0457679-AA-001,OCNT-0457647-AA-001,CCN(CC)C[*:1],CCN(CC)CC[*:1],-0.0220766621832894,0.0187888867725224,-0.0637547526478389,0.0251026923809225,0.041678090464549504,0.041678090464549504,0.03135550080802237,0.18377822098646346,0.21714845058442073,False
CC(=O)Nc1ccc(S(=O)(=O)N2CCC([*:1])CC2)cc1,OCNT-0457679-AA-001,OCNT-0457647-AA-001,CCN(CC)CCNC(=O)C[*:1],CCN(CC)CCCNC(=O)C[*:1],-0.0220766621832894,0.0187888867725224,-0.0637547526478389,0.0251026923809225,0.041678090464549504,0.041678090464549504,0.03135550080802237,0.18377822098646346,0.21714845058442073,False
CC(=O)Nc1ccc(S(=O)(=O)N2CCC(CC(=O)N[*:1])CC2)cc1,OCNT-0457679-AA-001,OCNT-0457647-AA-001,CCN(CC)CC[*:1],CCN(CC)CCC[*:1],-0.0220766621832894,0.0187888867725224,-0.0637547526478389,0.0251026923809225,0.041678090464549504,0.041678090464549504,0.03135550080802237,0.18377822098646346,0.21714845058442073,False
O=C(CN1C(=O)CSc2ccc(C(=O)N3CCCC3)cc21)N[*:1],OCNT-0457878-AA-001,OCNT-0457966-AA-001,COc1cc(OC)cc([*:1])c1,Cc1cccc(C[*:1])c1,-0.3774064649295964,0.040294140229602,-0.3361929884030767,0.0463436843091245,-0.04121347652651969,0.04121347652651969,0.06141135735502532,0.5021535636469082,0.5492935942083077,False
O=C(c1ccc2c(c1)N(C[*:1])C(=O)CS2)N1CCCC1,OCNT-0457878-AA-001,OCNT-0457966-AA-001,COc1cc(NC(=O)[*:1])cc(OC)c1,Cc1cccc(CNC(=O)[*:1])c1,-0.3774064649295964,0.040294140229602,-0.3361929884030767,0.0463436843091245,-0.04121347652651969,0.04121347652651969,0.06141135735502532,0.5021535636469082,0.5492935942083077,False
Cn1cccc1Cc1nnc([*:1])n1CCc1ccccc1,OCNT-0479598-AA-001,OCNT-0479622-AA-001,O=C(CS[*:1])N1CCCC1,CC1CCN(C(=O)CS[*:1])CC1,-3.5390091326214255,0.0667881795584737,-3.5798128356908943,0.0335700662136544,0.04080370306946879,0.04080370306946879,0.07475031956001302,0.5851576361545923,0.6313407123766699,False
Cn1cccc1Cc1nnc(SC[*:1])n1CCc1ccccc1,OCNT-0479598-AA-001,OCNT-0479622-AA-001,O=C(N1CCCC1)[*:1],CC1CCN(C(=O)[*:1])CC1,-3.5390091326214255,0.0667881795584737,-3.5798128356908943,0.0335700662136544,0.04080370306946879,0.04080370306946879,0.07475031956001302,0.5851576361545923,0.6313407123766699,False
Cn1cccc1Cc1nnc(S[*:1])n1CCc1ccccc1,OCNT-0479598-AA-001,OCNT-0479622-AA-001,O=C(C[*:1])N1CCCC1,CC1CCN(C(=O)C[*:1])CC1,-3.5390091326214255,0.0667881795584737,-3.5798128356908943,0.0335700662136544,0.04080370306946879,0.04080370306946879,0.07475031956001302,0.5851576361545923,0.6313407123766699,False
O=C(CC(C(=O)N1CCc2ccccc21)n1ccnc1)N[*:1],OCNT-0461640-AA-001,OCNT-0461644-AA-001,CCCN(CCC)CCC[*:1],CCOc1ccccc1C[*:1],-0.9257673076713396,0.0500973436915712,-0.9665559704708804,0.0296547061733536,0.04078866279954074,0.04078866279954074,0.058216367485264355,0.4835282763423975,0.530779860493209,False
O=C(C(C[*:1])n1ccnc1)N1CCc2ccccc21,OCNT-0461640-AA-001,OCNT-0461644-AA-001,CCCN(CCC)CCCNC(=O)[*:1],CCOc1ccccc1CNC(=O)[*:1],-0.9257673076713396,0.0500973436915712,-0.9665559704708804,0.0296547061733536,0.04078866279954074,0.04078866279954074,0.058216367485264355,0.4835282763423975,0.530779860493209,False
O=C(CC(C(=O)N1CCc2ccccc21)n1ccnc1)NC[*:1],OCNT-0461640-AA-001,OCNT-0461644-AA-001,CCCN(CCC)CC[*:1],CCOc1ccccc1[*:1],-0.9257673076713396,0.0500973436915712,-0.9665559704708804,0.0296547061733536,0.04078866279954074,0.04078866279954074,0.058216367485264355,0.4835282763423975,0.530779860493209,False
O=C(c1ccc2c(c1)N(C[*:1])C(=O)C1CCCCN21)N1CCCC1,OCNT-0460695-AA-001,OCNT-0460909-AA-001,CCN(Cc1ccccc1)C(=O)[*:1],CCOc1ccc(CNC(=O)[*:1])cc1,-3.2062900682805795,0.2354907305228085,-3.166234545412621,0.0250104715745113,-0.04005552286795844,0.04005552286795844,0.23681513433593185,0.8656844931983955,0.8874444720806342,False
CC(=O)Nc1ccc(S(=O)(=O)N2CCC([*:1])CC2)cc1,OCNT-0457679-AA-001,OCNT-0457715-AA-001,CCN(CC)CCNC(=O)C[*:1],COCCNC(=O)C[*:1],-0.0220766621832894,0.0187888867725224,-0.0612415605609455,0.0292489113688624,0.0391648983776561,0.0391648983776561,0.03476378981662148,0.25991148375198725,0.29986016065116117,False
CC(=O)Nc1ccc(S(=O)(=O)N2CCC(CC(=O)NCC[*:1])CC2)cc1,OCNT-0457679-AA-001,OCNT-0457715-AA-001,CCN(CC)[*:1],CO[*:1],-0.0220766621832894,0.0187888867725224,-0.0612415605609455,0.0292489113688624,0.0391648983776561,0.0391648983776561,0.03476378981662148,0.25991148375198725,0.29986016065116117,False
CC(=O)Nc1ccc(S(=O)(=O)N2CCC(CC(=O)NC[*:1])CC2)cc1,OCNT-0457679-AA-001,OCNT-0457715-AA-001,CCN(CC)C[*:1],COC[*:1],-0.0220766621832894,0.0187888867725224,-0.0612415605609455,0.0292489113688624,0.0391648983776561,0.0391648983776561,0.03476378981662148,0.25991148375198725,0.29986016065116117,False
CC(=O)Nc1ccc(S(=O)(=O)N2CCC(CC(=O)N[*:1])CC2)cc1,OCNT-0457679-AA-001,OCNT-0457715-AA-001,CCN(CC)CC[*:1],COCC[*:1],-0.0220766621832894,0.0187888867725224,-0.0612415605609455,0.0292489113688624,0.0391648983776561,0.0391648983776561,0.03476378981662148,0.25991148375198725,0.29986016065116117,False
CC(=O)Nc1ccc(S(=O)(=O)N2CCC(C[*:1])CC2)cc1,OCNT-0457679-AA-001,OCNT-0457715-AA-001,CCN(CC)CCNC(=O)[*:1],COCCNC(=O)[*:1],-0.0220766621832894,0.0187888867725224,-0.0612415605609455,0.0292489113688624,0.0391648983776561,0.0391648983776561,0.03476378981662148,0.25991148375198725,0.29986016065116117,False
CC(=O)Nc1ccc(-c2noc(C3CCCN(C(=O)[*:1])C3)n2)cc1,OCNT-0463306-AA-001,OCNT-0463240-AA-001,COc1ccc(/C=C/[*:1])cc1,COc1ccc([*:1])c(OC)c1,-0.2924746080635503,0.0287251464407804,-0.2534789461980565,0.0440260583679924,-0.0389956618654938,0.0389956618654938,0.05256831606078088,0.4582029297332716,0.5061952907707972,False
c1ccc2[nH]c([*:1])nc2c1,OCNT-0497545-AA-001,OCNT-0476778-AA-002,c1ccc([*:1])cc1,c1nc([*:1])cs1,-0.0206505298995184,0.0247770612130462,0.0183244520046456,0.0181943435690728,-0.038974981904164,0.038974981904164,0.030739825963471214,0.20483416877605853,0.2410914915800939,False
O=C(CSc1cn([*:1])c2ccccc12)Nc1ccc2c(c1)OCCO2,OCNT-0456226-AA-001,OCNT-0456162-AA-001,O=C(C[*:1])N1CCCCCC1,O=C(C[*:1])N1CCCC1,-3.506829610192008,0.0767576882103069,-3.5457601406308084,0.0395029594593202,0.03893053043880057,0.03893053043880057,0.0863262793443305,0.6520114361454689,0.6936834714121576,False
O=C(CSc1cn(C[*:1])c2ccccc12)Nc1ccc2c(c1)OCCO2,OCNT-0456226-AA-001,OCNT-0456162-AA-001,O=C(N1CCCCCC1)[*:1],O=C(N1CCCC1)[*:1],-3.506829610192008,0.0767576882103069,-3.5457601406308084,0.0395029594593202,0.03893053043880057,0.03893053043880057,0.0863262793443305,0.6520114361454689,0.6936834714121576,False
CCN(CCCNC(=O)c1nn([*:1])c(=O)c2ccccc12)Cc1ccccc1,OCNT-0461705-AA-001,OCNT-0461687-AA-001,CCOc1ccc([*:1])cc1,COc1ccccc1[*:1],-4.004681766001104,0.0353872474360904,-3.965867689951754,0.237203431938214,-0.03881407604934983,0.03881407604934983,0.23982853334073911,0.8714311100032899,0.8929614431231366,False
CCCn1c(=O)c2c(C(=O)NC[*:1])cc(=O)n(CCC)c2n(C)c1=O,OCNT-0458590-AA-001,OCNT-0458566-AA-001,C1CCN(CC[*:1])CC1,c1ccc([*:1])nc1,-0.1254366618624483,0.0260451000274589,-0.1618058835506488,0.0336417155216268,0.036369221688200476,0.036369221688200476,0.04254541407341578,0.3926436358004549,0.43772162952333177,False
CCCn1c(=O)c2c(C(=O)N[*:1])cc(=O)n(CCC)c2n(C)c1=O,OCNT-0458590-AA-001,OCNT-0458566-AA-001,C1CCN(CCC[*:1])CC1,c1ccc(C[*:1])nc1,-0.1254366618624483,0.0260451000274589,-0.1618058835506488,0.0336417155216268,0.036369221688200476,0.036369221688200476,0.04254541407341578,0.3926436358004549,0.43772162952333177,False
CCCn1c(=O)c2c([*:1])cc(=O)n(CCC)c2n(C)c1=O,OCNT-0458590-AA-001,OCNT-0458566-AA-001,O=C(NCCCN1CCCCC1)[*:1],O=C(NCc1ccccn1)[*:1],-0.1254366618624483,0.0260451000274589,-0.1618058835506488,0.0336417155216268,0.036369221688200476,0.036369221688200476,0.04254541407341578,0.3926436358004549,0.43772162952333177,False
CCCOc1ccc2oc(=O)c3c(c2c1)CCCN3C(=O)C[*:1],OCNT-0454734-AA-001,OCNT-0454678-AA-001,CCCCN(CC)[*:1],CCOC(=O)C1CCN([*:1])CC1,-3.7641705595059394,0.2612859232720635,-3.728737654343836,0.0214414117109201,-0.03543290516210318,0.03543290516210318,0.2621642001423761,0.8924890156535429,0.9111058078031787,False
CCCOc1ccc2oc(=O)c3c(c2c1)CCCN3C(=O)[*:1],OCNT-0454734-AA-001,OCNT-0454678-AA-001,CCCCN(CC)C[*:1],CCOC(=O)C1CCN(C[*:1])CC1,-3.7641705595059394,0.2612859232720635,-3.728737654343836,0.0214414117109201,-0.03543290516210318,0.03543290516210318,0.2621642001423761,0.8924890156535429,0.9111058078031787,False
Cc1ccc(Cn2cc([*:1])c(=O)c3cc4c(cc32)OCO4)cc1,OCNT-0479173-AA-001,OCNT-0479153-AA-001,Cc1ccc(C(=O)[*:1])cc1,O=C(c1ccccc1)[*:1],0.1109053371959749,0.0248937776769687,0.1461162746101019,0.02323513708695,-0.03521093741412701,0.03521093741412701,0.034052485408259184,0.3011269994433291,0.34154978920531875,False
Cc1ccc(Cn2cc(C(=O)[*:1])c(=O)c3cc4c(cc32)OCO4)cc1,OCNT-0479173-AA-001,OCNT-0479153-AA-001,Cc1ccc([*:1])cc1,c1ccc([*:1])cc1,0.1109053371959749,0.0248937776769687,0.1461162746101019,0.02323513708695,-0.03521093741412701,0.03521093741412701,0.034052485408259184,0.3011269994433291,0.34154978920531875,False
COc1ccc(-c2nc(N[*:1])c3ccccc3n2)cc1,OCNT-0482336-AA-001,OCNT-0482328-AA-001,c1ccc(C[*:1])cc1,FC(F)(F)c1cccc([*:1])c1,-0.1468022946462704,0.0464296868135248,-0.1815094487425414,0.0198338259501748,0.03470715409627101,0.03470715409627101,0.050488577613395154,0.4918144036037413,0.5391889989329547,False
COc1ccc(-c2nc([*:1])c3ccccc3n2)cc1,OCNT-0482336-AA-001,OCNT-0482328-AA-001,c1ccc(CN[*:1])cc1,FC(F)(F)c1cccc(N[*:1])c1,-0.1468022946462704,0.0464296868135248,-0.1815094487425414,0.0198338259501748,0.03470715409627101,0.03470715409627101,0.050488577613395154,0.4918144036037413,0.5391889989329547,False
c1nc([*:1])c2ccsc2n1,OCNT-0497497-AA-001,OCNT-0497387-AA-001,c1ccc(CN[*:1])cc1,c1csc(CN[*:1])c1,-0.1088661694453169,0.023479745886326,-0.0744686746565177,0.021948547615355,-0.03439749478879919,0.03439749478879919,0.032140896211990545,0.28452498662595005,0.3250385818271241,False
c1nc(NC[*:1])c2ccsc2n1,OCNT-0497497-AA-001,OCNT-0497387-AA-001,c1ccc([*:1])cc1,c1csc([*:1])c1,-0.1088661694453169,0.023479745886326,-0.0744686746565177,0.021948547615355,-0.03439749478879919,0.03439749478879919,0.032140896211990545,0.28452498662595005,0.3250385818271241,False
c1nc(N[*:1])c2ccsc2n1,OCNT-0497497-AA-001,OCNT-0497387-AA-001,c1ccc(C[*:1])cc1,c1csc(C[*:1])c1,-0.1088661694453169,0.023479745886326,-0.0744686746565177,0.021948547615355,-0.03439749478879919,0.03439749478879919,0.032140896211990545,0.28452498662595005,0.3250385818271241,False
O=C(NC[*:1])C1CCCN1c1nnc(N2CCCC2=O)s1,OCNT-0460335-AA-001,OCNT-0460333-AA-001,CC(C)N(CC[*:1])Cc1ccccc1,CCN(CC[*:1])Cc1ccccc1,-0.3601294977873156,0.0239569586466088,-0.3944395717830158,0.038404022726469,0.034310073995700185,0.034310073995700185,0.04526372531255544,0.448448731574255,0.49564320061526734,False
O=C(NCC[*:1])C1CCCN1c1nnc(N2CCCC2=O)s1,OCNT-0460335-AA-001,OCNT-0460333-AA-001,CC(C)N(Cc1ccccc1)C[*:1],CCN(Cc1ccccc1)C[*:1],-0.3601294977873156,0.0239569586466088,-0.3944395717830158,0.038404022726469,0.034310073995700185,0.034310073995700185,0.04526372531255544,0.448448731574255,0.49564320061526734,False
O=C(NCCC[*:1])C1CCCN1c1nnc(N2CCCC2=O)s1,OCNT-0460335-AA-001,OCNT-0460333-AA-001,CC(C)N(Cc1ccccc1)[*:1],CCN(Cc1ccccc1)[*:1],-0.3601294977873156,0.0239569586466088,-0.3944395717830158,0.038404022726469,0.034310073995700185,0.034310073995700185,0.04526372531255544,0.448448731574255,0.49564320061526734,False
O=C(NCCCN(Cc1ccccc1)[*:1])C1CCCN1c1nnc(N2CCCC2=O)s1,OCNT-0460335-AA-001,OCNT-0460333-AA-001,CC(C)[*:1],CC[*:1],-0.3601294977873156,0.0239569586466088,-0.3944395717830158,0.038404022726469,0.034310073995700185,0.034310073995700185,0.04526372531255544,0.448448731574255,0.49564320061526734,False
O=C1C2CCCN2C(=O)c2ccccc2N1Cc1ccccc1[*:1],OCNT-0462736-AA-001,OCNT-0462641-AA-001,COc1cccc(CNC(=O)[*:1])c1,CCOc1ccc(CNC(=O)[*:1])cc1,-3.211370749500702,0.0761398852870449,-3.1772145584954075,0.0793394494640262,-0.034156191005294545,0.034156191005294545,0.10996376845479208,0.7560947394906281,0.7881103433298134,False
O=C(N[*:1])c1ccccc1CN1C(=O)C2CCCN2C(=O)c2ccccc21,OCNT-0462736-AA-001,OCNT-0462641-AA-001,COc1cccc(C[*:1])c1,CCOc1ccc(C[*:1])cc1,-3.211370749500702,0.0761398852870449,-3.1772145584954075,0.0793394494640262,-0.034156191005294545,0.034156191005294545,0.10996376845479208,0.7560947394906281,0.7881103433298134,False
O=C(NC[*:1])c1ccccc1CN1C(=O)C2CCCN2C(=O)c2ccccc21,OCNT-0462736-AA-001,OCNT-0462641-AA-001,COc1cccc([*:1])c1,CCOc1ccc([*:1])cc1,-3.211370749500702,0.0761398852870449,-3.1772145584954075,0.0793394494640262,-0.034156191005294545,0.034156191005294545,0.10996376845479208,0.7560947394906281,0.7881103433298134,False
CC1CCn2c(nc3cc(C(=O)NCCc4ccccc4[*:1])ccc32)C1,OCNT-0482580-AA-001,OCNT-0482584-AA-001,C[*:1],Cl[*:1],-3.18569700331899,0.3524155391254872,-3.1521211191054728,0.3922938914413725,-0.033575884213517426,0.033575884213517426,0.5273435402840573,0.9492331120755407,0.9578447114428239,False
CC1CCn2c(nc3cc(C(=O)NCC[*:1])ccc32)C1,OCNT-0482580-AA-001,OCNT-0482584-AA-001,Cc1ccccc1[*:1],Clc1ccccc1[*:1],-3.18569700331899,0.3524155391254872,-3.1521211191054728,0.3922938914413725,-0.033575884213517426,0.033575884213517426,0.5273435402840573,0.9492331120755407,0.9578447114428239,False
CC1CCn2c(nc3cc(C(=O)NC[*:1])ccc32)C1,OCNT-0482580-AA-001,OCNT-0482584-AA-001,Cc1ccccc1C[*:1],Clc1ccccc1C[*:1],-3.18569700331899,0.3524155391254872,-3.1521211191054728,0.3922938914413725,-0.033575884213517426,0.033575884213517426,0.5273435402840573,0.9492331120755407,0.9578447114428239,False
CC1CCn2c(nc3cc(C(=O)N[*:1])ccc32)C1,OCNT-0482580-AA-001,OCNT-0482584-AA-001,Cc1ccccc1CC[*:1],Clc1ccccc1CC[*:1],-3.18569700331899,0.3524155391254872,-3.1521211191054728,0.3922938914413725,-0.033575884213517426,0.033575884213517426,0.5273435402840573,0.9492331120755407,0.9578447114428239,False
CC1CCn2c(nc3cc([*:1])ccc32)C1,OCNT-0482580-AA-001,OCNT-0482584-AA-001,Cc1ccccc1CCNC(=O)[*:1],O=C(NCCc1ccccc1Cl)[*:1],-3.18569700331899,0.3524155391254872,-3.1521211191054728,0.3922938914413725,-0.033575884213517426,0.033575884213517426,0.5273435402840573,0.9492331120755407,0.9578447114428239,False
Cc1cc(C(=O)C[*:1])c(C)n1Cc1cccs1,OCNT-0497363-AA-001,OCNT-0497418-AA-001,CC(=O)Nc1ccccc1O[*:1],Fc1ccccc1-c1nnc(S[*:1])o1,-0.3507629866209149,0.0308971933332765,-0.3176923868026513,0.0493057361211464,-0.033070599818263546,0.033070599818263546,0.058186700974724344,0.5697951370555847,0.6161240390521502,False
O=C(N[*:1])c1cccc(CN2C(=O)C3CCCN3C(=O)c3ccccc32)c1,OCNT-0462672-AA-001,OCNT-0462644-AA-001,COc1ccc(C[*:1])cc1,COc1ccc(C[*:1])c(OC)c1,-0.8301895472292733,0.0414970094290246,-0.797224048602732,0.0502045357646995,-0.0329654986265413,0.0329654986265413,0.06513445480620489,0.612776200863419,0.6579479436212314,False
O=C(NC[*:1])c1cccc(CN2C(=O)C3CCCN3C(=O)c3ccccc32)c1,OCNT-0462672-AA-001,OCNT-0462644-AA-001,COc1ccc([*:1])cc1,COc1ccc([*:1])c(OC)c1,-0.8301895472292733,0.0414970094290246,-0.797224048602732,0.0502045357646995,-0.0329654986265413,0.0329654986265413,0.06513445480620489,0.612776200863419,0.6579479436212314,False
O=C(c1cccs1)N1CCCc2cc(NC(=O)[*:1])ccc21,OCNT-0482292-AA-001,OCNT-0482294-AA-001,COc1cccc(OC)c1[*:1],COc1cccc([*:1])c1OC,-0.3700353394317102,0.0364568864756482,-0.402925640797401,0.0353628082141666,0.03289030136569082,0.03289030136569082,0.05079008541329921,0.5172609946345625,0.564394994455066,False
O=C(c1cccs1)N1CCCc2cc([*:1])ccc21,OCNT-0482292-AA-001,OCNT-0482294-AA-001,COc1cccc(OC)c1C(=O)N[*:1],COc1cccc(C(=O)N[*:1])c1OC,-0.3700353394317102,0.0364568864756482,-0.402925640797401,0.0353628082141666,0.03289030136569082,0.03289030136569082,0.05079008541329921,0.5172609946345625,0.564394994455066,False
Clc1ccc2nc3c(c(SC[*:1])c2c1)CCCC3,OCNT-0479233-AA-001,OCNT-0479257-AA-001,CC1CCN(C(=O)[*:1])CC1,CC1CC(C)CN(C(=O)[*:1])C1,-3.5271947380079087,0.0835734927170171,-3.495224156766966,0.4429685064007059,-0.031970581240942764,0.031970581240942764,0.45078334746061055,0.9434596138788246,0.9578447114428239,False
Clc1ccc2nc3c(c([*:1])c2c1)CCCC3,OCNT-0479233-AA-001,OCNT-0479257-AA-001,CC1CCN(C(=O)CS[*:1])CC1,CC1CC(C)CN(C(=O)CS[*:1])C1,-3.5271947380079087,0.0835734927170171,-3.495224156766966,0.4429685064007059,-0.031970581240942764,0.031970581240942764,0.45078334746061055,0.9434596138788246,0.9578447114428239,False
Clc1ccc2nc3c(c(S[*:1])c2c1)CCCC3,OCNT-0479233-AA-001,OCNT-0479257-AA-001,CC1CCN(C(=O)C[*:1])CC1,CC1CC(C)CN(C(=O)C[*:1])C1,-3.5271947380079087,0.0835734927170171,-3.495224156766966,0.4429685064007059,-0.031970581240942764,0.031970581240942764,0.45078334746061055,0.9434596138788246,0.9578447114428239,False
C=CCn1c(=O)c2sc(N(CC)CC)nc2n([*:1])c1=O,OCNT-0463149-AA-001,OCNT-0463147-AA-001,O=C(C[*:1])NCCc1ccc(Cl)cc1,O=C(C[*:1])NCc1ccc(Cl)cc1,0.0034606881431684,0.0559152114880107,-0.0281765484770518,0.0263269873624851,0.0316372366202202,0.0316372366202202,0.06180308357463577,0.6087183013180175,0.6541649904809789,False
C=CCn1c(=O)c2sc(N(CC)CC)nc2n(C[*:1])c1=O,OCNT-0463149-AA-001,OCNT-0463147-AA-001,O=C(NCCc1ccc(Cl)cc1)[*:1],O=C(NCc1ccc(Cl)cc1)[*:1],0.0034606881431684,0.0559152114880107,-0.0281765484770518,0.0263269873624851,0.0316372366202202,0.0316372366202202,0.06180308357463577,0.6087183013180175,0.6541649904809789,False
C=CCn1c(=O)c2sc(N(CC)CC)nc2n(CC(=O)NC[*:1])c1=O,OCNT-0463149-AA-001,OCNT-0463147-AA-001,Clc1ccc(C[*:1])cc1,Clc1ccc([*:1])cc1,0.0034606881431684,0.0559152114880107,-0.0281765484770518,0.0263269873624851,0.0316372366202202,0.0316372366202202,0.06180308357463577,0.6087183013180175,0.6541649904809789,False
C=CCn1c(=O)c2sc(N(CC)CC)nc2n(CC(=O)N[*:1])c1=O,OCNT-0463149-AA-001,OCNT-0463147-AA-001,Clc1ccc(CC[*:1])cc1,Clc1ccc(C[*:1])cc1,0.0034606881431684,0.0559152114880107,-0.0281765484770518,0.0263269873624851,0.0316372366202202,0.0316372366202202,0.06180308357463577,0.6087183013180175,0.6541649904809789,False
CC1(C(=O)N[*:1])CCC(=O)N1Cc1ccc2c(c1)OCO2,OCNT-0454780-AA-001,OCNT-0454782-AA-001,COc1ccc(CC[*:1])cc1OC,CC(C)CC[*:1],-0.011815289972899,0.0300175505203913,-0.0433666959592982,0.0270031414878109,0.0315514059863992,0.0315514059863992,0.04037601998036679,0.43454420520482795,0.48179867246770003,False
CC1(C(=O)NCC[*:1])CCC(=O)N1Cc1ccc2c(c1)OCO2,OCNT-0454780-AA-001,OCNT-0454782-AA-001,COc1ccc([*:1])cc1OC,CC(C)[*:1],-0.011815289972899,0.0300175505203913,-0.0433666959592982,0.0270031414878109,0.0315514059863992,0.0315514059863992,0.04037601998036679,0.43454420520482795,0.48179867246770003,False
CC1(C(=O)NC[*:1])CCC(=O)N1Cc1ccc2c(c1)OCO2,OCNT-0454780-AA-001,OCNT-0454782-AA-001,COc1ccc(C[*:1])cc1OC,CC(C)C[*:1],-0.011815289972899,0.0300175505203913,-0.0433666959592982,0.0270031414878109,0.0315514059863992,0.0315514059863992,0.04037601998036679,0.43454420520482795,0.48179867246770003,False
O=C(N[*:1])c1ccc(CN2C(=O)C3CCCN3C(=O)c3ccccc32)cc1,OCNT-0462828-AA-001,OCNT-0462804-AA-001,CN(CC[*:1])Cc1ccccc1,Cc1ccc(C(C)[*:1])c(C)c1,-3.021899087066743,0.0286305297620653,-3.050335981495316,0.0441556475659202,0.028436894428573112,0.028436894428573112,0.052625359347203145,0.5889454432806953,0.6350182420827072,False
Cc1c(N2CCC(C(=O)NCc3ccc(F)cc3)CC2)c(=O)n([*:1])c(=O)n1-c1ccccc1,OCNT-0458364-AA-001,OCNT-0458309-AA-001,C[*:1],CC[*:1],-0.1219480035305583,0.0231128783170832,-0.0938295176693835,0.0367687758458714,-0.02811848586117481,0.02811848586117481,0.04342980567886795,0.5173428576063397,0.564394994455066,False
COc1ccc(-c2nc([*:1])c3ccccc3n2)cc1,OCNT-0482020-AA-001,OCNT-0482334-AA-001,Cc1cccc(N[*:1])c1,Clc1ccc(CN[*:1])cc1,-0.0312686147718196,0.0613051149841828,-0.0032802273483388,0.0294646828242451,-0.027988387423480802,0.027988387423480802,0.06801826708434462,0.6807181150284132,0.7204659288384633,False
COc1ccc(-c2nc(N[*:1])c3ccccc3n2)cc1,OCNT-0482020-AA-001,OCNT-0482334-AA-001,Cc1cccc([*:1])c1,Clc1ccc(C[*:1])cc1,-0.0312686147718196,0.0613051149841828,-0.0032802273483388,0.0294646828242451,-0.027988387423480802,0.027988387423480802,0.06801826708434462,0.6807181150284132,0.7204659288384633,False
c1ccc2[nH]c([*:1])nc2c1,OCNT-0476778-AA-002,OCNT-0493954-AA-001,c1nc([*:1])cs1,c1csc([*:1])c1,0.0183244520046456,0.0181943435690728,-0.0089120197656065,0.0208339605786988,0.027236471770252103,0.027236471770252103,0.027660225076890397,0.3247812559126564,0.367764800193554,False
CC(C)N(CCCNC(=O)C[*:1])Cc1ccccc1,OCNT-0454903-AA-001,OCNT-0460177-AA-001,O=C1Nc2ccccc2OC1[*:1],O=c1oc2ccccc2n1[*:1],-0.7883320456784422,0.0343698808069134,-0.8148871600171765,0.0243732515580672,0.026555114338734365,0.026555114338734365,0.04213483236224228,0.5285366781457592,0.5757420867937263,False
CC(C)N(CCCNC(=O)[*:1])Cc1ccccc1,OCNT-0454903-AA-001,OCNT-0460177-AA-001,O=C1Nc2ccccc2OC1C[*:1],O=c1oc2ccccc2n1C[*:1],-0.7883320456784422,0.0343698808069134,-0.8148871600171765,0.0243732515580672,0.026555114338734365,0.026555114338734365,0.04213483236224228,0.5285366781457592,0.5757420867937263,False
O=C(Nc1nc2ccccc2[nH]1)c1ccc([*:1])cc1,OCNT-0494041-AA-001,OCNT-0497518-AA-001,C[*:1],CC[*:1],0.1055062430314816,0.0228761964651777,0.0789752406615302,0.0301955766348081,0.0265310023699514,0.0265310023699514,0.03788262415701924,0.48371029378825336,0.530779860493209,False
O=C(Nc1nc2ccccc2[nH]1)[*:1],OCNT-0494041-AA-001,OCNT-0497518-AA-001,Cc1ccc([*:1])cc1,CCc1ccc([*:1])cc1,0.1055062430314816,0.0228761964651777,0.0789752406615302,0.0301955766348081,0.0265310023699514,0.0265310023699514,0.03788262415701924,0.48371029378825336,0.530779860493209,False
COc1ccc(-c2[nH]c([*:1])nc2SCC(=O)Nc2ccc3c(c2)OCO3)cc1,OCNT-0479308-AA-001,OCNT-0479306-AA-001,COc1cccc([*:1])c1,Cc1ccc([*:1])cc1,-0.1480912030060282,0.0439997757136328,-0.1216840380698694,0.0401536623396576,-0.026407164936158814,0.026407164936158814,0.05956758230898101,0.6575383667221717,0.6992596190217967,False
COCCN1C(=O)c2ccccc2C([*:1])C12CCCCC2,OCNT-0461293-AA-001,OCNT-0461265-AA-001,O=C(Nc1nc2c(s1)CCC2)[*:1],CCCc1nnc(NC(=O)[*:1])s1,-3.1952388881098943,0.0503948543939408,-3.1690396510828474,0.2591895364292012,-0.026199237027046962,0.026199237027046962,0.2640432864963067,0.9209610030883795,0.9374340992334712,False
COCCN1C(=O)c2ccccc2C(C(=O)N[*:1])C12CCCCC2,OCNT-0461293-AA-001,OCNT-0461265-AA-001,C1Cc2nc([*:1])sc2C1,CCCc1nnc([*:1])s1,-3.1952388881098943,0.0503948543939408,-3.1690396510828474,0.2591895364292012,-0.026199237027046962,0.026199237027046962,0.2640432864963067,0.9209610030883795,0.9374340992334712,False
Cc1nc(-c2ccc(Cl)cc2)sc1CCNC(=O)c1ccc([*:1])cc1,OCNT-0482118-AA-001,OCNT-0482120-AA-001,CCO[*:1],F[*:1],0.1060718627909309,0.0373779258300972,0.1322197352037528,0.0408510989905557,-0.026147872412821904,0.026147872412821904,0.05537076510304358,0.6367608754976616,0.679230105642013,False
Cc1nc(-c2ccc(Cl)cc2)sc1CCNC(=O)[*:1],OCNT-0482118-AA-001,OCNT-0482120-AA-001,CCOc1ccc([*:1])cc1,Fc1ccc([*:1])cc1,0.1060718627909309,0.0373779258300972,0.1322197352037528,0.0408510989905557,-0.026147872412821904,0.026147872412821904,0.05537076510304358,0.6367608754976616,0.679230105642013,False
Cc1nc(-c2ccc(Cl)cc2)sc1CC[*:1],OCNT-0482118-AA-001,OCNT-0482120-AA-001,CCOc1ccc(C(=O)N[*:1])cc1,O=C(N[*:1])c1ccc(F)cc1,0.1060718627909309,0.0373779258300972,0.1322197352037528,0.0408510989905557,-0.026147872412821904,0.026147872412821904,0.05537076510304358,0.6367608754976616,0.679230105642013,False
Cc1nc(-c2ccc(Cl)cc2)sc1C[*:1],OCNT-0482118-AA-001,OCNT-0482120-AA-001,CCOc1ccc(C(=O)NC[*:1])cc1,O=C(NC[*:1])c1ccc(F)cc1,0.1060718627909309,0.0373779258300972,0.1322197352037528,0.0408510989905557,-0.026147872412821904,0.026147872412821904,0.05537076510304358,0.6367608754976616,0.679230105642013,False
COc1ccc(-c2nc3cnccn3c2N[*:1])cc1,OCNT-0454253-AA-001,OCNT-0454255-AA-001,Cc1ccccc1[*:1],CC(C)c1ccc([*:1])cc1,-0.277031231601191,0.1765970063213747,-0.2510114797729196,0.0374964059510941,-0.026019751828271376,0.026019751828271376,0.18053388352583816,0.8854004258421846,0.9046241511631841,False
COc1ccc(-c2nc3cnccn3c2[*:1])cc1,OCNT-0454253-AA-001,OCNT-0454255-AA-001,Cc1ccccc1N[*:1],CC(C)c1ccc(N[*:1])cc1,-0.277031231601191,0.1765970063213747,-0.2510114797729196,0.0374964059510941,-0.026019751828271376,0.026019751828271376,0.18053388352583816,0.8854004258421846,0.9046241511631841,False
O=C(CCN1C(=O)c2ccccc2C1=O)N1CCN([*:1])CC1,OCNT-0461788-AA-001,OCNT-0461766-AA-001,CC(=O)c1ccc([*:1])cc1,Clc1cccc([*:1])c1,-0.6420747322707825,0.0635000749650873,-0.6168264099189291,0.0308022423562575,-0.02524832235185337,0.02524832235185337,0.07057646672046802,0.7205347446749251,0.7606335289989394,False
Cn1nc(C(=O)NCc2ccc3c(c2)OCO3)c2c1CCN(C(=O)[*:1])C2,OCNT-0457919-AA-001,OCNT-0457895-AA-001,CC(C)[*:1],CCC(CC)[*:1],-0.0188225533633495,0.0297481954243463,0.0062483622986846,0.0323752123222001,-0.0250709156620341,0.0250709156620341,0.043967141184214326,0.5685289182165658,0.6150266414128809,False
c1sc(N2CCOCC2)nc1[*:1],OCNT-0498003-AA-001,OCNT-0498112-AA-001,Cc1ccc(C)c([*:1])c1,FC(F)(F)c1cccc([*:1])c1,-0.1557602897009419,0.0235686747700374,-0.1807104777922678,0.0523906078459232,0.024950188091325876,0.024950188091325876,0.057447873945700605,0.6640633183519901,0.7050878544950048,False
Cc1nc(-c2ccc(C(=O)N3CCC([*:1])CC3)cc2)no1,OCNT-0457422-AA-001,OCNT-0457420-AA-001,Cc1ccnc(NC(=O)[*:1])c1,Cc1ccc(NC(=O)[*:1])nc1,0.0898851159381483,0.0269710337650586,0.0654598082834185,0.0427476846841086,0.02442530765472979,0.02442530765472979,0.05054504138100892,0.628926434407095,0.6729265347591435,False
Cc1nc(-c2ccc(C(=O)N3CCC(C(=O)N[*:1])CC3)cc2)no1,OCNT-0457422-AA-001,OCNT-0457420-AA-001,Cc1ccnc([*:1])c1,Cc1ccc([*:1])nc1,0.0898851159381483,0.0269710337650586,0.0654598082834185,0.0427476846841086,0.02442530765472979,0.02442530765472979,0.05054504138100892,0.628926434407095,0.6729265347591435,False
O=C(N1CCCC(c2nc(CCOCc3ccccc3)no2)C1)[*:1],OCNT-0475064-AA-001,OCNT-0475046-AA-001,CC(C)[*:1],C1CCC([*:1])C1,-3.7878488381015543,0.0922397232013981,-3.8121057329407817,0.13447610105604,0.02425689483922744,0.02425689483922744,0.16307050098501819,0.8817501421043915,0.9016475544209971,False
c1ccc(COCCc2noc([*:1])n2)cc1,OCNT-0475064-AA-001,OCNT-0475046-AA-001,CC(C)C(=O)N1CCCC([*:1])C1,O=C(C1CCCC1)N1CCCC([*:1])C1,-3.7878488381015543,0.0922397232013981,-3.8121057329407817,0.13447610105604,0.02425689483922744,0.02425689483922744,0.16307050098501819,0.8817501421043915,0.9016475544209971,False
Clc1ccc(-c2nc(NCc3ccc([*:1])cc3)c3ccccc3n2)cc1,OCNT-0482022-AA-001,OCNT-0482024-AA-001,F[*:1],CC[*:1],-0.0761390689370671,0.0274570348459584,-0.1000041390173223,0.0314545535625252,0.023865070080255207,0.023865070080255207,0.041752577194107916,0.5676044056602072,0.614298089628716,False
Clc1ccc(-c2nc(NC[*:1])c3ccccc3n2)cc1,OCNT-0482022-AA-001,OCNT-0482024-AA-001,Fc1ccc([*:1])cc1,CCc1ccc([*:1])cc1,-0.0761390689370671,0.0274570348459584,-0.1000041390173223,0.0314545535625252,0.023865070080255207,0.023865070080255207,0.041752577194107916,0.5676044056602072,0.614298089628716,False
Clc1ccc(-c2nc(N[*:1])c3ccccc3n2)cc1,OCNT-0482022-AA-001,OCNT-0482024-AA-001,Fc1ccc(C[*:1])cc1,CCc1ccc(C[*:1])cc1,-0.0761390689370671,0.0274570348459584,-0.1000041390173223,0.0314545535625252,0.023865070080255207,0.023865070080255207,0.041752577194107916,0.5676044056602072,0.614298089628716,False
Clc1ccc(-c2nc([*:1])c3ccccc3n2)cc1,OCNT-0482022-AA-001,OCNT-0482024-AA-001,Fc1ccc(CN[*:1])cc1,CCc1ccc(CN[*:1])cc1,-0.0761390689370671,0.0274570348459584,-0.1000041390173223,0.0314545535625252,0.023865070080255207,0.023865070080255207,0.041752577194107916,0.5676044056602072,0.614298089628716,False
COc1ccc(Nc2c([*:1])nc3cnccn23)cc1OC,OCNT-0454291-AA-001,OCNT-0454283-AA-001,Clc1ccc([*:1])cc1,COc1cc([*:1])ccc1O,0.0346196994252933,0.0437512970705596,0.0113062312878623,0.0492205893054274,0.023313468137430998,0.023313468137430998,0.06585470679404709,0.7233286192953533,0.7632536142370545,False
Cc1nc(-c2cccc(F)c2)sc1CC[*:1],OCNT-0482212-AA-001,OCNT-0482148-AA-001,COc1ccc(C(=O)N[*:1])c(OC)c1,COc1cc(OC)cc(C(=O)N[*:1])c1,-0.5054091437111993,0.0598111702641195,-0.5281741006834317,0.053290845849535,0.022764956972232464,0.022764956972232464,0.08010799173442307,0.7762737054327216,0.8076282981266453,False
Cc1nc(-c2cccc(F)c2)sc1CCNC(=O)[*:1],OCNT-0482212-AA-001,OCNT-0482148-AA-001,COc1ccc([*:1])c(OC)c1,COc1cc(OC)cc([*:1])c1,-0.5054091437111993,0.0598111702641195,-0.5281741006834317,0.053290845849535,0.022764956972232464,0.022764956972232464,0.08010799173442307,0.7762737054327216,0.8076282981266453,False
Cc1c(N2CCC([*:1])CC2)c(=O)n(C)c(=O)n1-c1ccccc1,OCNT-0458364-AA-001,OCNT-0458500-AA-001,O=C(NCc1ccc(F)cc1)[*:1],Cc1cc(C)cc(NC(=O)[*:1])c1,-0.1219480035305583,0.0231128783170832,-0.0993851904769135,0.0273564930606155,-0.022562813053644812,0.022562813053644812,0.035813165968339056,0.5286851119842677,0.5757420867937263,False
Cc1c(N2CCC(C(=O)N[*:1])CC2)c(=O)n(C)c(=O)n1-c1ccccc1,OCNT-0458364-AA-001,OCNT-0458500-AA-001,Fc1ccc(C[*:1])cc1,Cc1cc(C)cc([*:1])c1,-0.1219480035305583,0.0231128783170832,-0.0993851904769135,0.0273564930606155,-0.022562813053644812,0.022562813053644812,0.035813165968339056,0.5286851119842677,0.5757420867937263,False
CCSc1nnc(-c2nn(C)c3c2CN(C(=O)[*:1])CC3)n1C,OCNT-0462917-AA-001,OCNT-0462939-AA-001,c1csc([*:1])c1,Clc1ccc(OC[*:1])cc1,-0.411564122957142,0.0240472548349408,-0.3902652655445529,0.1163143279529879,-0.021298857412589134,0.021298857412589134,0.11877412745312764,0.8576845868990639,0.8803499094555408,False
CC1(C(=O)N[*:1])CCC(=O)N1Cc1ccc2c(c1)OCO2,OCNT-0454780-AA-001,OCNT-0454778-AA-001,COc1ccc(CC[*:1])cc1OC,C1CCC([*:1])CC1,-0.011815289972899,0.0300175505203913,0.0091497741090495,0.0198906169931253,-0.020965064081948502,0.020965064081948502,0.03600958183055517,0.5604266328348525,0.6081436676482856,False
Cc1nc2c3cccnc3nn2c(C)c1CC[*:1],OCNT-0479407-AA-001,OCNT-0479401-AA-001,O=C(Nc1cccc(Br)c1)[*:1],Cc1cc(C)cc(NC(=O)[*:1])c1,-0.6936127316628277,0.1415553546274855,-0.6732081034548456,0.2604500490322248,-0.020404628207982056,0.020404628207982056,0.29643236406405,0.9451217464948184,0.9578447114428239,False
Cc1nc2c3cccnc3nn2c(C)c1CCC(=O)N[*:1],OCNT-0479407-AA-001,OCNT-0479401-AA-001,Brc1cccc([*:1])c1,Cc1cc(C)cc([*:1])c1,-0.6936127316628277,0.1415553546274855,-0.6732081034548456,0.2604500490322248,-0.020404628207982056,0.020404628207982056,0.29643236406405,0.9451217464948184,0.9578447114428239,False
Cc1nc2c3cccnc3nn2c(C)c1C[*:1],OCNT-0479407-AA-001,OCNT-0479401-AA-001,O=C(C[*:1])Nc1cccc(Br)c1,Cc1cc(C)cc(NC(=O)C[*:1])c1,-0.6936127316628277,0.1415553546274855,-0.6732081034548456,0.2604500490322248,-0.020404628207982056,0.020404628207982056,0.29643236406405,0.9451217464948184,0.9578447114428239,False
Cc1nc2c3cccnc3nn2c(C)c1[*:1],OCNT-0479407-AA-001,OCNT-0479401-AA-001,O=C(CC[*:1])Nc1cccc(Br)c1,Cc1cc(C)cc(NC(=O)CC[*:1])c1,-0.6936127316628277,0.1415553546274855,-0.6732081034548456,0.2604500490322248,-0.020404628207982056,0.020404628207982056,0.29643236406405,0.9451217464948184,0.9578447114428239,False
O=C(CSc1cn(CC(=O)N2CCCCCC2)c2ccccc12)Nc1ccc([*:1])cc1,OCNT-0456230-AA-001,OCNT-0456228-AA-001,CC(=O)[*:1],CCOC(=O)[*:1],-3.3680535833747074,0.0291629303008216,-3.3870006953871155,0.0298162204889184,0.018947112012408063,0.018947112012408063,0.041707115795441625,0.6496203476734104,0.6917410751770389,False
O=C(CSc1cn(CC(=O)N2CCCCCC2)c2ccccc12)N[*:1],OCNT-0456230-AA-001,OCNT-0456228-AA-001,CC(=O)c1ccc([*:1])cc1,CCOC(=O)c1ccc([*:1])cc1,-3.3680535833747074,0.0291629303008216,-3.3870006953871155,0.0298162204889184,0.018947112012408063,0.018947112012408063,0.041707115795441625,0.6496203476734104,0.6917410751770389,False
CCOC(=O)c1[nH]c(C)c(C(=O)C(C)N(CCc2ccccn2)C(=O)[*:1])c1C,OCNT-0475217-AA-001,OCNT-0475219-AA-001,Fc1ccc([*:1])cc1,C1CCC([*:1])C1,-1.1163845456726684,0.2456664753400778,-1.1339731646415796,0.0751295076949011,0.017588618968911174,0.017588618968911174,0.25689776182850493,0.9454151283052221,0.9578447114428239,False
CC1CCn2c(nc3cc(C(=O)NC[*:1])ccc32)C1,OCNT-0482560-AA-001,OCNT-0482578-AA-001,CCOc1cc([*:1])ccc1OC,COc1ccc([*:1])cc1OC,-0.1238268595691373,0.0346232774046693,-0.1063165736029776,0.0422678420801153,-0.017510285966159708,0.017510285966159708,0.05463828156476235,0.748607131966202,0.7835079777251053,False
CC1CCn2c(nc3cc(C(=O)N[*:1])ccc32)C1,OCNT-0482560-AA-001,OCNT-0482578-AA-001,CCOc1cc(C[*:1])ccc1OC,COc1ccc(C[*:1])cc1OC,-0.1238268595691373,0.0346232774046693,-0.1063165736029776,0.0422678420801153,-0.017510285966159708,0.017510285966159708,0.05463828156476235,0.748607131966202,0.7835079777251053,False
COc1ccc(CNC(=O)c2ccc3c(c2)nc2n3CCC(C)C2)cc1[*:1],OCNT-0482560-AA-001,OCNT-0482578-AA-001,CCO[*:1],CO[*:1],-0.1238268595691373,0.0346232774046693,-0.1063165736029776,0.0422678420801153,-0.017510285966159708,0.017510285966159708,0.05463828156476235,0.748607131966202,0.7835079777251053,False
COc1ccc(CNC(=O)c2ccc3c(c2)nc2n3CCC(C)C2)cc1O[*:1],OCNT-0482560-AA-001,OCNT-0482578-AA-001,CC[*:1],C[*:1],-0.1238268595691373,0.0346232774046693,-0.1063165736029776,0.0422678420801153,-0.017510285966159708,0.017510285966159708,0.05463828156476235,0.748607131966202,0.7835079777251053,False
COc1ccc(C=CC(=O)[*:1])c(OC)c1,OCNT-0495830-AA-001,OCNT-0495995-AA-001,COc1ccc([*:1])cc1,COc1ccc([*:1])c(OC)c1,-0.2138219850152755,0.02656209154949,-0.1972934262218227,0.0262329604374138,-0.016528558793452802,0.016528558793452802,0.03733246470291515,0.6579541286458018,0.6993978074701463,False
O=C(c1cccs1)N1CCCc2cc([*:1])ccc21,OCNT-0482300-AA-001,OCNT-0482292-AA-001,COc1cccc(C(=O)N[*:1])c1,COc1cccc(OC)c1C(=O)N[*:1],-0.3541897444835638,0.0339465295248359,-0.3700353394317102,0.0364568864756482,0.015845594948146413,0.015845594948146413,0.049814369797066146,0.7504145057131878,0.7847283314017823,False
O=C(c1cccs1)N1CCCc2cc(NC(=O)[*:1])ccc21,OCNT-0482300-AA-001,OCNT-0482292-AA-001,COc1cccc([*:1])c1,COc1cccc(OC)c1[*:1],-0.3541897444835638,0.0339465295248359,-0.3700353394317102,0.0364568864756482,0.015845594948146413,0.015845594948146413,0.049814369797066146,0.7504145057131878,0.7847283314017823,False
Cc1c(N2CCC([*:1])CC2)c(=O)n(C)c(=O)n1-c1ccccc1,OCNT-0458364-AA-001,OCNT-0458432-AA-001,O=C(NCc1ccc(F)cc1)[*:1],COc1ccc(CNC(=O)[*:1])cc1,-0.1219480035305583,0.0231128783170832,-0.1064686237116803,0.0272328653572601,-0.015479379818878009,0.015479379818878009,0.035718819964648214,0.6647477238741217,0.7050878544950048,False
Cc1c(N2CCC(C(=O)NC[*:1])CC2)c(=O)n(C)c(=O)n1-c1ccccc1,OCNT-0458364-AA-001,OCNT-0458432-AA-001,Fc1ccc([*:1])cc1,COc1ccc([*:1])cc1,-0.1219480035305583,0.0231128783170832,-0.1064686237116803,0.0272328653572601,-0.015479379818878009,0.015479379818878009,0.035718819964648214,0.6647477238741217,0.7050878544950048,False
Cc1c(N2CCC(C(=O)NCc3ccc([*:1])cc3)CC2)c(=O)n(C)c(=O)n1-c1ccccc1,OCNT-0458364-AA-001,OCNT-0458432-AA-001,F[*:1],CO[*:1],-0.1219480035305583,0.0231128783170832,-0.1064686237116803,0.0272328653572601,-0.015479379818878009,0.015479379818878009,0.035718819964648214,0.6647477238741217,0.7050878544950048,False
Cc1c(N2CCC(C(=O)N[*:1])CC2)c(=O)n(C)c(=O)n1-c1ccccc1,OCNT-0458364-AA-001,OCNT-0458432-AA-001,Fc1ccc(C[*:1])cc1,COc1ccc(C[*:1])cc1,-0.1219480035305583,0.0231128783170832,-0.1064686237116803,0.0272328653572601,-0.015479379818878009,0.015479379818878009,0.035718819964648214,0.6647477238741217,0.7050878544950048,False
COc1ccc(-c2[nH]c([*:1])nc2SCC(=O)Nc2ccc3c(c2)OCO3)cc1,OCNT-0479308-AA-001,OCNT-0479304-AA-001,COc1cccc([*:1])c1,c1ccc([*:1])cc1,-0.1480912030060282,0.0439997757136328,-0.1634304709522392,0.0403752194352743,0.015339267946210988,0.015339267946210988,0.059717155050257896,0.7972827198090295,0.8266740743104641,False
COc1ccc(-c2nc(N[*:1])c3ccccc3n2)cc1,OCNT-0482336-AA-001,OCNT-0482332-AA-001,c1ccc(C[*:1])cc1,Clc1ccccc1C[*:1],-0.1468022946462704,0.0464296868135248,-0.1320491970842545,0.0249653791361721,-0.014753097562015899,0.014753097562015899,0.05271608836982137,0.7795853086886614,0.8100404460132291,False
COc1ccc(-c2nc(NC[*:1])c3ccccc3n2)cc1,OCNT-0482336-AA-001,OCNT-0482332-AA-001,c1ccc([*:1])cc1,Clc1ccccc1[*:1],-0.1468022946462704,0.0464296868135248,-0.1320491970842545,0.0249653791361721,-0.014753097562015899,0.014753097562015899,0.05271608836982137,0.7795853086886614,0.8100404460132291,False
COc1ccc(-c2nc([*:1])c3ccccc3n2)cc1,OCNT-0482336-AA-001,OCNT-0482332-AA-001,c1ccc(CN[*:1])cc1,Clc1ccccc1CN[*:1],-0.1468022946462704,0.0464296868135248,-0.1320491970842545,0.0249653791361721,-0.014753097562015899,0.014753097562015899,0.05271608836982137,0.7795853086886614,0.8100404460132291,False
O=C(NCCCN1CCN([*:1])CC1)c1ccc2nc(CCc3ccccc3)oc2c1,OCNT-0482484-AA-001,OCNT-0482518-AA-001,Fc1ccc([*:1])cc1,Cc1ccc(C)c([*:1])c1,0.0505750172043668,0.0268211845112138,0.0358357858817572,0.0434797771965481,0.014739231322609604,0.014739231322609604,0.05108685705390418,0.772953946998483,0.8048588545979948,False
COc1ccc(-c2nc(NC[*:1])c3ccccc3n2)cc1,OCNT-0482336-AA-001,OCNT-0482330-AA-001,c1ccc([*:1])cc1,Clc1cccc([*:1])c1,-0.1468022946462704,0.0464296868135248,-0.1329091860430695,0.0393648102689575,-0.013893108603200893,0.013893108603200893,0.06087120916421014,0.8194614055485715,0.8457089740396709,False
COc1ccc(-c2nc([*:1])c3ccccc3n2)cc1,OCNT-0482336-AA-001,OCNT-0482330-AA-001,c1ccc(CN[*:1])cc1,Clc1cccc(CN[*:1])c1,-0.1468022946462704,0.0464296868135248,-0.1329091860430695,0.0393648102689575,-0.013893108603200893,0.013893108603200893,0.06087120916421014,0.8194614055485715,0.8457089740396709,False
COc1ccc(-c2nc(N[*:1])c3ccccc3n2)cc1,OCNT-0482336-AA-001,OCNT-0482330-AA-001,c1ccc(C[*:1])cc1,Clc1cccc(C[*:1])c1,-0.1468022946462704,0.0464296868135248,-0.1329091860430695,0.0393648102689575,-0.013893108603200893,0.013893108603200893,0.06087120916421014,0.8194614055485715,0.8457089740396709,False
COc1cccc(-c2nc(SCC(=O)Nc3ccc4c(c3)OCO4)c(-c3ccc([*:1])cc3)[nH]2)c1,OCNT-0479300-AA-001,OCNT-0479308-AA-001,C[*:1],CO[*:1],-0.134988582545113,0.0593518819171648,-0.1480912030060282,0.0439997757136328,0.013102620460915204,0.013102620460915204,0.07388251586105514,0.859238196084362,0.8812053083899556,False
COc1cccc(-c2nc(SCC(=O)Nc3ccc4c(c3)OCO4)c([*:1])[nH]2)c1,OCNT-0479300-AA-001,OCNT-0479308-AA-001,Cc1ccc([*:1])cc1,COc1ccc([*:1])cc1,-0.134988582545113,0.0593518819171648,-0.1480912030060282,0.0439997757136328,0.013102620460915204,0.013102620460915204,0.07388251586105514,0.859238196084362,0.8812053083899556,False
c1ccc2[nH]c([*:1])nc2c1,OCNT-0497545-AA-001,OCNT-0493954-AA-001,c1ccc([*:1])cc1,c1csc([*:1])c1,-0.0206505298995184,0.0247770612130462,-0.0089120197656065,0.0208339605786988,-0.011738510133911901,0.011738510133911901,0.03237215896028273,0.7168952796235895,0.7571181481393713,False
Cc1oc(C[*:1])nc1C(=O)N1CCCC1,OCNT-0475056-AA-001,OCNT-0475300-AA-001,Cc1cc(Cl)ccc1NC(=O)N[*:1],O=C(Cc1ccc(Cl)cc1)N[*:1],-0.181676011382932,0.024079758152218,-0.192799060880229,0.0244482185138768,0.011123049497297005,0.011123049497297005,0.034315450473097066,0.7458311758900176,0.7822755625387369,False
Cc1cc2c(C)c(C(=O)N3CCCC3)oc2c(S(=O)(=O)N[*:1])c1C,OCNT-0461861-AA-001,OCNT-0461857-AA-001,CCc1cccc(C)c1[*:1],CCOc1ccc([*:1])cc1,0.0193094064979323,0.026635363911144,0.0301426221140571,0.0382816725496159,-0.0108332156161248,0.0108332156161248,0.04663613474415614,0.816310982390047,0.8442573854219969,False
Cc1cc2c(C)c(C(=O)N3CCCC3)oc2c([*:1])c1C,OCNT-0461861-AA-001,OCNT-0461857-AA-001,CCc1cccc(C)c1NS(=O)(=O)[*:1],CCOc1ccc(NS(=O)(=O)[*:1])cc1,0.0193094064979323,0.026635363911144,0.0301426221140571,0.0382816725496159,-0.0108332156161248,0.0108332156161248,0.04663613474415614,0.816310982390047,0.8442573854219969,False
CC(C)C(=O)N1CCc2c(c([*:1])nn2C)C1,OCNT-0457919-AA-001,OCNT-0462943-AA-001,O=C(NCc1ccc2c(c1)OCO2)[*:1],CCSc1nnc([*:1])n1C,-0.0188225533633495,0.0297481954243463,-0.0082473364048736,0.0196517985913867,-0.0105752169584759,0.0105752169584759,0.03565316702456497,0.7667614680229454,0.7987506650711569,False
O=C(N[*:1])c1ccc2c(c1)nc1n2CCCCC1,OCNT-0482588-AA-001,OCNT-0482586-AA-001,CC(C)Oc1ccc(C[*:1])cc1,COc1ccc(CC[*:1])cc1OC,-0.8861069841700095,0.0386731233316968,-0.8963585861502983,0.0264827609932663,0.010251601980288738,0.010251601980288738,0.046871602256111304,0.8268707423536364,0.8522968435296329,False
O=C(NC[*:1])c1ccc2c(c1)nc1n2CCCCC1,OCNT-0482588-AA-001,OCNT-0482586-AA-001,CC(C)Oc1ccc([*:1])cc1,COc1ccc(C[*:1])cc1OC,-0.8861069841700095,0.0386731233316968,-0.8963585861502983,0.0264827609932663,0.010251601980288738,0.010251601980288738,0.046871602256111304,0.8268707423536364,0.8522968435296329,False
CC(=O)Nc1ccc(-c2noc(C3CCCN(C(=O)[*:1])C3)n2)cc1,OCNT-0463282-AA-001,OCNT-0463240-AA-001,COc1cccc([*:1])c1OC,COc1ccc([*:1])c(OC)c1,-0.2434867043178489,0.0230904724009231,-0.2534789461980565,0.0440260583679924,0.009992241880207586,0.009992241880207586,0.04971381831160895,0.8407022797333265,0.8650960801124683,False
CCN(CCCNC(=O)CNC(=O)C[*:1])c1cccc(C)c1,OCNT-0461675-AA-001,OCNT-0454231-AA-001,Cc1cc2c(=O)n([*:1])cnc2s1,O=c1c2ccccc2ccn1[*:1],-3.462296792742233,0.535102604739297,-3.4531057123901374,0.2206802406876158,-0.009191080352095593,0.009191080352095593,0.5788217050428607,0.9873309641263391,0.9897578325346792,False
CCN(CCCNC(=O)CNC(=O)[*:1])c1cccc(C)c1,OCNT-0461675-AA-001,OCNT-0454231-AA-001,Cc1cc2c(=O)n(C[*:1])cnc2s1,O=c1c2ccccc2ccn1C[*:1],-3.462296792742233,0.535102604739297,-3.4531057123901374,0.2206802406876158,-0.009191080352095593,0.009191080352095593,0.5788217050428607,0.9873309641263391,0.9897578325346792,False
CC(=O)Nc1ccc(-c2noc(C3CCCN(C(=O)[*:1])C3)n2)cc1,OCNT-0463446-AA-001,OCNT-0463304-AA-001,Cc1ccc(C[*:1])cc1,Fc1ccc(C[*:1])cc1,-2.9560283016638,0.1048029496928386,-2.947018477610667,0.0459010610898781,-0.009009824053133109,0.009009824053133109,0.11441400995287412,0.9372334159185534,0.952808545389572,False
CC(=O)Nc1ccc(-c2noc(C3CCCN(C(=O)C[*:1])C3)n2)cc1,OCNT-0463446-AA-001,OCNT-0463304-AA-001,Cc1ccc([*:1])cc1,Fc1ccc([*:1])cc1,-2.9560283016638,0.1048029496928386,-2.947018477610667,0.0459010610898781,-0.009009824053133109,0.009009824053133109,0.11441400995287412,0.9372334159185534,0.952808545389572,False
CC(=O)Nc1ccc(-c2noc(C3CCCN(C(=O)Cc4ccc([*:1])cc4)C3)n2)cc1,OCNT-0463446-AA-001,OCNT-0463304-AA-001,C[*:1],F[*:1],-2.9560283016638,0.1048029496928386,-2.947018477610667,0.0459010610898781,-0.009009824053133109,0.009009824053133109,0.11441400995287412,0.9372334159185534,0.952808545389572,False
O=C(N[*:1])C1CCCN(c2nc3ccccc3n(Cc3ccccc3)c2=O)C1,OCNT-0458654-AA-001,OCNT-0458656-AA-001,Clc1cccc(C[*:1])c1,Clc1ccc(C[*:1])cc1,0.2712576590396626,0.0322838085971444,0.2628472604055784,0.0450648189467289,0.008410398634084215,0.008410398634084215,0.05543538765300114,0.8794114583999801,0.9000082972416359,False
O=c1c(N2CCCC([*:1])C2)nc2ccccc2n1Cc1ccccc1,OCNT-0458654-AA-001,OCNT-0458656-AA-001,O=C(NCc1cccc(Cl)c1)[*:1],O=C(NCc1ccc(Cl)cc1)[*:1],0.2712576590396626,0.0322838085971444,0.2628472604055784,0.0450648189467289,0.008410398634084215,0.008410398634084215,0.05543538765300114,0.8794114583999801,0.9000082972416359,False
O=C(NC[*:1])C1CCCN(c2nc3ccccc3n(Cc3ccccc3)c2=O)C1,OCNT-0458654-AA-001,OCNT-0458656-AA-001,Clc1cccc([*:1])c1,Clc1ccc([*:1])cc1,0.2712576590396626,0.0322838085971444,0.2628472604055784,0.0450648189467289,0.008410398634084215,0.008410398634084215,0.05543538765300114,0.8794114583999801,0.9000082972416359,False
Cc1ccc(-n2nc(C(=O)NC[*:1])c3c4ccccc4n(C)c3c2=O)cc1,OCNT-0454747-AA-001,OCNT-0454725-AA-001,CCN(CC[*:1])c1ccccc1,CCN(CC[*:1])c1cccc(C)c1,0.0638486821308352,0.0362627028443829,0.0714089953302276,0.0454670251418398,-0.007560313199392404,0.007560313199392404,0.0581569771637824,0.8965677031855334,0.9133643504142382,False
Cc1ccc(-n2nc(C(=O)NCC[*:1])c3c4ccccc4n(C)c3c2=O)cc1,OCNT-0454747-AA-001,OCNT-0454725-AA-001,CCN(C[*:1])c1ccccc1,CCN(C[*:1])c1cccc(C)c1,0.0638486821308352,0.0362627028443829,0.0714089953302276,0.0454670251418398,-0.007560313199392404,0.007560313199392404,0.0581569771637824,0.8965677031855334,0.9133643504142382,False
CCN(CCCNC(=O)c1nn(-c2ccc(C)cc2)c(=O)c2c1c1ccccc1n2C)[*:1],OCNT-0454747-AA-001,OCNT-0454725-AA-001,c1ccc([*:1])cc1,Cc1cccc([*:1])c1,0.0638486821308352,0.0362627028443829,0.0714089953302276,0.0454670251418398,-0.007560313199392404,0.007560313199392404,0.0581569771637824,0.8965677031855334,0.9133643504142382,False
Cc1ccc(-n2nc(C(=O)N[*:1])c3c4ccccc4n(C)c3c2=O)cc1,OCNT-0454747-AA-001,OCNT-0454725-AA-001,CCN(CCC[*:1])c1ccccc1,CCN(CCC[*:1])c1cccc(C)c1,0.0638486821308352,0.0362627028443829,0.0714089953302276,0.0454670251418398,-0.007560313199392404,0.007560313199392404,0.0581569771637824,0.8965677031855334,0.9133643504142382,False
Cc1ccc(-n2nc(C(=O)NCCC[*:1])c3c4ccccc4n(C)c3c2=O)cc1,OCNT-0454747-AA-001,OCNT-0454725-AA-001,CCN(c1ccccc1)[*:1],CCN(c1cccc(C)c1)[*:1],0.0638486821308352,0.0362627028443829,0.0714089953302276,0.0454670251418398,-0.007560313199392404,0.007560313199392404,0.0581569771637824,0.8965677031855334,0.9133643504142382,False
Cc1c(N2CCC(C(=O)N[*:1])CC2)c(=O)n(C)c(=O)n1-c1ccccc1,OCNT-0458432-AA-001,OCNT-0458500-AA-001,COc1ccc(C[*:1])cc1,Cc1cc(C)cc([*:1])c1,-0.1064686237116803,0.0272328653572601,-0.0993851904769135,0.0273564930606155,-0.007083433234766803,0.007083433234766803,0.03860060450487999,0.8544012003265422,0.8773477705409353,False
Cc1c(N2CCC([*:1])CC2)c(=O)n(C)c(=O)n1-c1ccccc1,OCNT-0458432-AA-001,OCNT-0458500-AA-001,COc1ccc(CNC(=O)[*:1])cc1,Cc1cc(C)cc(NC(=O)[*:1])c1,-0.1064686237116803,0.0272328653572601,-0.0993851904769135,0.0273564930606155,-0.007083433234766803,0.007083433234766803,0.03860060450487999,0.8544012003265422,0.8773477705409353,False
CC(C)CCN1CCC(N2CCN(S(=O)(=O)[*:1])CC2)C1=O,OCNT-0475288-AA-001,OCNT-0475264-AA-001,CCCc1ccc([*:1])cc1,CC(C)Cc1ccc([*:1])cc1,-3.2894225232601055,0.0468451308334928,-3.296285221045826,0.2707502576389818,0.006862697785720684,0.006862697785720684,0.2747729395234947,0.9800741972918402,0.9853087759955355,False
CC(C)CCN1CCC(N2CCN(S(=O)(=O)c3ccc([*:1])cc3)CC2)C1=O,OCNT-0475288-AA-001,OCNT-0475264-AA-001,CCC[*:1],CC(C)C[*:1],-3.2894225232601055,0.0468451308334928,-3.296285221045826,0.2707502576389818,0.006862697785720684,0.006862697785720684,0.2747729395234947,0.9800741972918402,0.9853087759955355,False
CC(C)CCN1CCC(N2CCN(S(=O)(=O)c3ccc(C[*:1])cc3)CC2)C1=O,OCNT-0475288-AA-001,OCNT-0475264-AA-001,CC[*:1],CC(C)[*:1],-3.2894225232601055,0.0468451308334928,-3.296285221045826,0.2707502576389818,0.006862697785720684,0.006862697785720684,0.2747729395234947,0.9800741972918402,0.9853087759955355,False
Cc1ccc(-c2[nH]c([*:1])nc2SCC(=O)Nc2ccc3c(c2)OCO3)cc1,OCNT-0479300-AA-001,OCNT-0479298-AA-001,COc1cccc([*:1])c1,COc1ccc([*:1])cc1,-0.134988582545113,0.0593518819171648,-0.1391767912985972,0.0317593360427633,0.0041882087534841905,0.0041882087534841905,0.06731494123139556,0.9503891367684015,0.9586159182490843,False
CCN(CC)C(=O)c1nc(C[*:1])oc1C,OCNT-0475310-AA-001,OCNT-0475312-AA-001,O=C(N[*:1])c1nccc2ccccc12,Cc1cc(C)cc(C(=O)N[*:1])c1,-0.9274363523582488,0.0475598311244969,-0.930568300665418,0.0347267595039536,0.003131948307169119,0.003131948307169119,0.05888875412365332,0.9575851845534116,0.965078643575864,False
CCN(CC)C(=O)c1nc(CNC(=O)[*:1])oc1C,OCNT-0475310-AA-001,OCNT-0475312-AA-001,c1ccc2c([*:1])nccc2c1,Cc1cc(C)cc([*:1])c1,-0.9274363523582488,0.0475598311244969,-0.930568300665418,0.0347267595039536,0.003131948307169119,0.003131948307169119,0.05888875412365332,0.9575851845534116,0.965078643575864,False
Cc1nc([*:1])sc1CCNC(=O)c1cccs1,OCNT-0482094-AA-001,OCNT-0482122-AA-001,Fc1ccc([*:1])cc1,Clc1ccc([*:1])cc1,-1.337473437484487,0.0360349541281914,-1.3403479129058615,0.0777701220190441,0.002874475421374534,0.002874475421374534,0.08571295000102298,0.9732471029479929,0.9796526782861943,False
Cc1nc(-c2ccc([*:1])cc2)sc1CCNC(=O)c1cccs1,OCNT-0482094-AA-001,OCNT-0482122-AA-001,F[*:1],Cl[*:1],-1.337473437484487,0.0360349541281914,-1.3403479129058615,0.0777701220190441,0.002874475421374534,0.002874475421374534,0.08571295000102298,0.9732471029479929,0.9796526782861943,False
CC(=O)Nc1ccc(S(=O)(=O)N2CCC(CC(=O)NC[*:1])CC2)cc1,OCNT-0457715-AA-001,OCNT-0457647-AA-001,COC[*:1],CCN(CC)CC[*:1],-0.0612415605609455,0.0292489113688624,-0.0637547526478389,0.0251026923809225,0.0025131920868934066,0.0025131920868934066,0.038544052472914585,0.9480122851096364,0.9578447114428239,False
CC(=O)Nc1ccc(S(=O)(=O)N2CCC([*:1])CC2)cc1,OCNT-0457715-AA-001,OCNT-0457647-AA-001,COCCNC(=O)C[*:1],CCN(CC)CCCNC(=O)C[*:1],-0.0612415605609455,0.0292489113688624,-0.0637547526478389,0.0251026923809225,0.0025131920868934066,0.0025131920868934066,0.038544052472914585,0.9480122851096364,0.9578447114428239,False
CC(=O)Nc1ccc(S(=O)(=O)N2CCC(C[*:1])CC2)cc1,OCNT-0457715-AA-001,OCNT-0457647-AA-001,COCCNC(=O)[*:1],CCN(CC)CCCNC(=O)[*:1],-0.0612415605609455,0.0292489113688624,-0.0637547526478389,0.0251026923809225,0.0025131920868934066,0.0025131920868934066,0.038544052472914585,0.9480122851096364,0.9578447114428239,False
CC(=O)Nc1ccc(S(=O)(=O)N2CCC(CC(=O)N[*:1])CC2)cc1,OCNT-0457715-AA-001,OCNT-0457647-AA-001,COCC[*:1],CCN(CC)CCC[*:1],-0.0612415605609455,0.0292489113688624,-0.0637547526478389,0.0251026923809225,0.0025131920868934066,0.0025131920868934066,0.038544052472914585,0.9480122851096364,0.9578447114428239,False
CC(=O)Nc1ccc(S(=O)(=O)N2CCC(CC(=O)NCC[*:1])CC2)cc1,OCNT-0457715-AA-001,OCNT-0457647-AA-001,CO[*:1],CCN(CC)C[*:1],-0.0612415605609455,0.0292489113688624,-0.0637547526478389,0.0251026923809225,0.0025131920868934066,0.0025131920868934066,0.038544052472914585,0.9480122851096364,0.9578447114428239,False
O=C(Nc1nc2ccccc2[nH]1)[*:1],OCNT-0497551-AA-001,OCNT-0497508-AA-001,c1ccc2c(C[*:1])c[nH]c2c1,CC(C)Oc1ccc([*:1])cc1,-0.0214772036021407,0.0379075746587863,-0.023942852459998,0.0351633215981763,0.0024656488578573,0.0024656488578573,0.05170535177646729,0.9619660686345541,0.9690946768006398,False
COc1ccc(-c2cc3nc(C)c(CC[*:1])c(C)n3n2)c(OC)c1,OCNT-0479413-AA-001,OCNT-0479389-AA-001,CC(CCc1ccccc1)NC(=O)[*:1],CC(NC(=O)[*:1])c1ccccc1,-3.368500996882944,0.0741847952921142,-3.366182552116769,0.1510809866722298,-0.002318444766174821,0.002318444766174821,0.16831175950119281,0.9890097234327437,0.9902237288215727,False
COc1ccc(-c2cc3nc(C)c(CCC(=O)N[*:1])c(C)n3n2)c(OC)c1,OCNT-0479413-AA-001,OCNT-0479389-AA-001,CC(CCc1ccccc1)[*:1],CC(c1ccccc1)[*:1],-3.368500996882944,0.0741847952921142,-3.366182552116769,0.1510809866722298,-0.002318444766174821,0.002318444766174821,0.16831175950119281,0.9890097234327437,0.9902237288215727,False
COc1ccc(-c2cc3nc(C)c(CCC(=O)NC(C)[*:1])c(C)n3n2)c(OC)c1,OCNT-0479413-AA-001,OCNT-0479389-AA-001,c1ccc(CC[*:1])cc1,c1ccc([*:1])cc1,-3.368500996882944,0.0741847952921142,-3.366182552116769,0.1510809866722298,-0.002318444766174821,0.002318444766174821,0.16831175950119281,0.9890097234327437,0.9902237288215727,False
CCN(CCCNC(=O)c1nc([*:1])no1)c1ccccc1,OCNT-0463205-AA-001,OCNT-0463463-AA-001,O=c1oc2ccccc2n1C[*:1],Cc1ccc2oc(=O)n(C[*:1])c2c1,-3.6376324137526694,0.4337222194126903,-3.636288831917509,0.0227536764353423,-0.0013435818351603679,0.0013435818351603679,0.43431865422014065,0.9975317166735502,0.9979395383075131,False
CCN(CCCNC(=O)c1nc(C[*:1])no1)c1ccccc1,OCNT-0463205-AA-001,OCNT-0463463-AA-001,O=c1oc2ccccc2n1[*:1],Cc1ccc2oc(=O)n([*:1])c2c1,-3.6376324137526694,0.4337222194126903,-3.636288831917509,0.0227536764353423,-0.0013435818351603679,0.0013435818351603679,0.43431865422014065,0.9975317166735502,0.9979395383075131,False
COc1ccc(-c2nc(NC[*:1])c3ccccc3n2)cc1,OCNT-0482332-AA-001,OCNT-0482330-AA-001,Clc1ccccc1[*:1],Clc1cccc([*:1])c1,-0.1320491970842545,0.0249653791361721,-0.1329091860430695,0.0393648102689575,0.0008599889588150056,0.0008599889588150056,0.04661392970908845,0.9852805160751922,0.9885122684854428,False
COc1ccc(-c2nc(N[*:1])c3ccccc3n2)cc1,OCNT-0482332-AA-001,OCNT-0482330-AA-001,Clc1ccccc1C[*:1],Clc1cccc(C[*:1])c1,-0.1320491970842545,0.0249653791361721,-0.1329091860430695,0.0393648102689575,0.0008599889588150056,0.0008599889588150056,0.04661392970908845,0.9852805160751922,0.9885122684854428,False
COc1ccc(-c2nc([*:1])c3ccccc3n2)cc1,OCNT-0482332-AA-001,OCNT-0482330-AA-001,Clc1ccccc1CN[*:1],Clc1cccc(CN[*:1])c1,-0.1320491970842545,0.0249653791361721,-0.1329091860430695,0.0393648102689575,0.0008599889588150056,0.0008599889588150056,0.04661392970908845,0.9852805160751922,0.9885122684854428,False
CNCc1ccc(Cl)cc1[*:1],OCNT-0497997-AA-001,OCNT-0494109-AA-001,Clc1ccc(O[*:1])cc1,Fc1cc(O[*:1])ccc1Cl,-0.0605785435400291,0.0275243099284259,-0.0598439245077893,0.0272029646482826,-0.0007346190322398,0.0007346190322398,0.03869869406959048,0.9848546314896782,0.9885122684854428,False
CNCc1ccc(Cl)cc1O[*:1],OCNT-0497997-AA-001,OCNT-0494109-AA-001,Clc1ccc([*:1])cc1,Fc1cc([*:1])ccc1Cl,-0.0605785435400291,0.0275243099284259,-0.0598439245077893,0.0272029646482826,-0.0007346190322398,0.0007346190322398,0.03869869406959048,0.9848546314896782,0.9885122684854428,False
O=C(CSc1nc([*:1])[nH]c1-c1ccccc1)Nc1ccc2c(c1)OCO2,OCNT-0479278-AA-001,OCNT-0479280-AA-001,COc1ccc([*:1])cc1,Fc1cccc([*:1])c1,-0.2992953580364212,0.1150198775123749,-0.2995049673440721,0.0306853345638846,0.00020960930765090424,0.00020960930765090424,0.11904268973884645,0.9985950926989132,0.9985950926989133,False
