ocnt_batch,enzyme,mean,std,size,cv
OCNT-0017486-AA-002,CYP2J2,18836.875,2542.03495828965,4,0.13494992976752515
OCNT-0017486-AA-002,CYP3A4,26667.0,3402.9426726486786,4,0.1276087551148865
OCNT-0021863-AA-002,CYP2J2,18422.75,882.3493733587994,4,0.04789455284139444
OCNT-0021863-AA-002,CYP3A4,20681.5,3434.813507795341,4,0.1660814499816426
OCNT-0022119-AA-003,CYP2J2,70341.5,5434.391946973766,4,0.07725726558253329
OCNT-0022119-AA-003,CYP3A4,98751.625,9896.011253488281,4,0.10021112314342454
OCNT-0022128-AA-003,CYP2J2,20084.5,1759.8439798269994,4,0.0876219960580049
OCNT-0022128-AA-003,CYP3A4,37841.125,4356.911241062871,4,0.11513693742093745
OCNT-0022129-AA-002,CYP2J2,55387.166666666664,2268.459958503419,3,0.040956418156493875
OCNT-0022129-AA-002,CYP3A4,74907.16666666667,11884.742585909607,3,0.15865961983045157
OCNT-0022137-AA-003,CYP2J2,141263.875,10291.732461665528,4,0.07285466621714524
OCNT-0022137-AA-003,CYP3A4,224269.75,24584.499427145824,4,0.10962022041379109
OCNT-0022142-AA-001,CYP2J2,122505.625,3432.8428300511146,4,0.028021920055108607
OCNT-0022142-AA-001,CYP3A4,203378.125,10873.81550158453,4,0.05346600329600113
OCNT-0453746-AA-001,CYP2J2,18757.0,1528.2742718504423,3,0.08147754288268072
OCNT-0453746-AA-001,CYP3A4,43543.666666666664,1990.5848596162211,3,0.045714681651741654
OCNT-0453782-AA-001,CYP2J2,15597.166666666666,1257.4643467444048,3,0.08062133165710042
OCNT-0453782-AA-001,CYP3A4,25645.5,5592.200640177353,3,0.21805777388537378
OCNT-0453991-AA-001,CYP2J2,12825.25,1064.7504011112962,4,0.0830198554500923
OCNT-0453991-AA-001,CYP3A4,19290.125,2007.5166821639784,4,0.10406965647780812
OCNT-0454217-AA-001,CYP2J2,10342.125,736.7383496420784,4,0.07123665104048524
OCNT-0454217-AA-001,CYP3A4,16873.625,2632.7188536757967,4,0.1560256823104577
OCNT-0454221-AA-001,CYP2J2,7278.125,1154.4562482687106,4,0.15862000834950082
OCNT-0454221-AA-001,CYP3A4,13132.5,588.1242782496457,4,0.04478387803157401
OCNT-0454223-AA-001,CYP2J2,85948.75,4311.289395296957,4,0.05016116459281789
OCNT-0454223-AA-001,CYP3A4,139982.875,8967.115035645522,4,0.06405865742967147
OCNT-0454231-AA-001,CYP2J2,41027.0,2836.9363463661516,4,0.06914803291408467
OCNT-0454231-AA-001,CYP3A4,65159.75,5651.02547478479,4,0.08672570835193183
OCNT-0454249-AA-001,CYP2J2,86887.25,5292.1438393780145,4,0.0609081751278584
OCNT-0454249-AA-001,CYP3A4,113726.75,4564.522510624741,4,0.04013587401930276
OCNT-0454251-AA-001,CYP2J2,65880.125,2553.577241668375,4,0.03876096533921839
OCNT-0454251-AA-001,CYP3A4,100520.5,6739.354024434885,4,0.06704457324063136
OCNT-0454253-AA-001,CYP2J2,32257.166666666668,683.4305621885327,3,0.02118693713092799
OCNT-0454253-AA-001,CYP3A4,58631.625,11952.491988249425,4,0.2038574231611255
OCNT-0454255-AA-001,CYP2J2,41530.375,3010.606427698579,4,0.07249167453216059
OCNT-0454255-AA-001,CYP3A4,73597.0,10848.189841320685,4,0.14739989186136235
OCNT-0454257-AA-001,CYP2J2,21547.375,2298.038633813627,4,0.10665051468281528
OCNT-0454257-AA-001,CYP3A4,50434.625,4180.169142809894,4,0.08288292304760655
OCNT-0454261-AA-001,CYP2J2,62442.875,7334.144535152004,4,0.11745366521243623
OCNT-0454261-AA-001,CYP3A4,130292.125,12894.333686901648,4,0.09896479688931044
OCNT-0454263-AA-001,CYP2J2,46581.25,6403.687407788318,4,0.13747349862419572
OCNT-0454263-AA-001,CYP3A4,95618.375,2105.9669740604504,4,0.022024709937399065
OCNT-0454281-AA-001,CYP2J2,5924.833333333333,1406.9081644987825,3,0.23745953436081735
OCNT-0454281-AA-001,CYP3A4,12890.5,1242.4148864207962,3,0.09638221065286809
OCNT-0454283-AA-001,CYP2J2,32111.375,2868.6652347680206,4,0.08933486139313625
OCNT-0454283-AA-001,CYP3A4,44446.5,4836.649959768986,4,0.10881959118870971
OCNT-0454287-AA-001,CYP2J2,43160.875,3782.9367642745488,4,0.08764736035297127
OCNT-0454287-AA-001,CYP3A4,70682.75,6329.788602315248,4,0.08955209867068341
OCNT-0454289-AA-001,CYP2J2,34409.25,2851.787319676324,4,0.08287850853117472
OCNT-0454289-AA-001,CYP3A4,56483.25,5784.113335968905,4,0.10240404608390814
OCNT-0454291-AA-001,CYP2J2,67996.0,5910.5788633601705,4,0.0869253906606296
OCNT-0454291-AA-001,CYP3A4,80325.125,15419.192868926915,4,0.191959774341178
OCNT-0454315-AA-001,CYP2J2,86107.125,4564.192651773148,4,0.053005981232948474
OCNT-0454315-AA-001,CYP3A4,106653.25,7681.738567320986,4,0.07202535850825911
OCNT-0454320-AA-001,CYP2J2,85311.66666666667,1164.7214616951717,3,0.013652546096022485
OCNT-0454320-AA-001,CYP3A4,179390.75,32523.32664027467,4,0.1812987940586383
OCNT-0454326-AA-001,CYP2J2,49375.125,3666.724068679471,4,0.07426257794141222
OCNT-0454326-AA-001,CYP3A4,77377.75,12222.663597459707,4,0.15796095902839907
OCNT-0454333-AA-001,CYP2J2,13220.25,936.6676304858623,4,0.07085097713627672
OCNT-0454333-AA-001,CYP3A4,20463.75,2999.309517761268,4,0.1465669546276351
OCNT-0454371-AA-001,CYP2J2,3769.1666666666665,735.7323449008703,3,0.19519761527327978
OCNT-0454371-AA-001,CYP3A4,11811.25,2654.8324099648926,2,0.2247715025898946
OCNT-0454376-AA-001,CYP2J2,16808.875,2649.981521161987,4,0.15765371098077577
OCNT-0454376-AA-001,CYP3A4,22671.125,2791.2331914705132,4,0.12311842449241109
OCNT-0454403-AA-001,CYP2J2,35971.375,2895.9338555694485,4,0.08050662104435675
OCNT-0454403-AA-001,CYP3A4,65574.0,5127.201835959519,4,0.07818955433494248
OCNT-0454415-AA-001,CYP2J2,58495.375,6174.933702410631,4,0.10556276803782574
OCNT-0454415-AA-001,CYP3A4,83986.375,3303.2643292910525,4,0.03933095492323668
OCNT-0454435-AA-001,CYP2J2,46851.625,4151.237614153961,4,0.08860391958985331
OCNT-0454435-AA-001,CYP3A4,55490.75,4118.20564688069,4,0.07421427259283196
OCNT-0454445-AA-001,CYP2J2,21532.25,2375.101769749386,4,0.11030439316603635
OCNT-0454445-AA-001,CYP3A4,35233.875,3383.081863602081,4,0.09601787664859686
OCNT-0454454-AA-001,CYP2J2,16897.5,502.1316228506894,4,0.029716326252445
OCNT-0454454-AA-001,CYP3A4,22151.875,2665.834340158193,4,0.1203435077237567
OCNT-0454455-AA-001,CYP2J2,14075.0,1439.6911127043884,4,0.10228711280315371
OCNT-0454455-AA-001,CYP3A4,26359.25,2858.1041064547203,4,0.10842888574047897
OCNT-0454474-AA-001,CYP2J2,136494.375,8630.084176636594,4,0.06322666539655274
OCNT-0454474-AA-001,CYP3A4,197753.875,19513.659760003164,4,0.09867649754020326
OCNT-0454477-AA-001,CYP2J2,11217.375,576.166407530556,4,0.05136374664576659
OCNT-0454477-AA-001,CYP3A4,20234.875,1592.105177377843,4,0.07868124598634006
OCNT-0454506-AA-001,CYP2J2,14366.375,1377.1491310554086,4,0.09585919419863456
OCNT-0454506-AA-001,CYP3A4,30582.75,1377.646634663621,4,0.045046525726549144
OCNT-0454509-AA-001,CYP2J2,14378.75,2025.8552309251188,4,0.14089230502826175
OCNT-0454509-AA-001,CYP3A4,21382.5,1307.9494128851723,4,0.06116915294681035
OCNT-0454517-AA-001,CYP2J2,13271.75,973.4712373768422,4,0.07334912407006176
OCNT-0454517-AA-001,CYP3A4,23402.75,3334.437346339959,4,0.14248057798079108
OCNT-0454518-AA-001,CYP2J2,19584.5,3438.1089521227605,4,0.17555255187126353
OCNT-0454518-AA-001,CYP3A4,33728.25,4578.222553568143,4,0.13573851455584393
OCNT-0454521-AA-001,CYP2J2,133344.625,11530.642923495925,4,0.08647249878647846
OCNT-0454521-AA-001,CYP3A4,189156.75,5726.135324108224,4,0.0302719058352833
OCNT-0454524-AA-001,CYP2J2,12416.5,1898.1841761711814,4,0.15287594540902683
OCNT-0454524-AA-001,CYP3A4,18297.0,1793.8487951887137,4,0.09804059655619575
OCNT-0454525-AA-001,CYP2J2,6049.5,1086.3641194369409,4,0.1795791585150741
OCNT-0454525-AA-001,CYP3A4,10254.875,1073.4808937129092,4,0.10468005643295596
OCNT-0454526-AA-001,CYP2J2,31428.125,2000.44900688987,4,0.0636515543606203
OCNT-0454526-AA-001,CYP3A4,51170.75,7127.901204655781,4,0.1392963989125776
OCNT-0454527-AA-001,CYP2J2,3912.625,743.6749261830288,4,0.1900705859066557
OCNT-0454527-AA-001,CYP3A4,115111.875,16634.003754232876,4,0.14450293468187253
OCNT-0454529-AA-001,CYP2J2,12168.75,1776.0339946070853,4,0.1459504053092623
OCNT-0454529-AA-001,CYP3A4,14928.5,1512.8825686968128,4,0.10134190097443231
OCNT-0454538-AA-001,CYP2J2,5479.75,68.91238398623766,4,0.012575826266935108
OCNT-0454538-AA-001,CYP3A4,27205.875,1314.0138491786663,4,0.048298900483026784
OCNT-0454552-AA-001,CYP2J2,22242.375,2868.45665166828,4,0.12896359546443578
OCNT-0454552-AA-001,CYP3A4,34867.75,3842.7967354519287,4,0.11021063118359885
OCNT-0454587-AA-001,CYP2J2,45577.125,2652.957229677855,4,0.058208086395924605
OCNT-0454587-AA-001,CYP3A4,75294.5,2595.5264398576255,4,0.03447166047795822
OCNT-0454594-AA-001,CYP2J2,169575.375,5127.278377706832,4,0.030235984309082798
OCNT-0454594-AA-001,CYP3A4,239696.125,33088.79858143084,4,0.13804477891092667
OCNT-0454595-AA-001,CYP2J2,16854.375,1544.448897125876,4,0.09163489581345355
OCNT-0454595-AA-001,CYP3A4,31185.0,2241.8097971653765,4,0.07188743938320913
OCNT-0454602-AA-001,CYP2J2,4625.75,912.8693316497529,4,0.197345150872778
OCNT-0454602-AA-001,CYP3A4,39922.375,3086.4092506503407,4,0.07731026149246734
OCNT-0454608-AA-001,CYP2J2,10936.125,1070.8525711631205,4,0.09791883058790207
OCNT-0454608-AA-001,CYP3A4,19045.25,1515.8989906982592,4,0.07959459658960945
OCNT-0454617-AA-001,CYP2J2,11036.75,450.78057300642405,2,0.04084359734581503
OCNT-0454617-AA-001,CYP3A4,30054.166666666668,1888.9935371338186,3,0.06285296671455932
OCNT-0454626-AA-001,CYP2J2,72907.875,2971.2261883774518,4,0.04075315853571993
OCNT-0454626-AA-001,CYP3A4,90464.0,7161.989632776634,4,0.07916949983171907
OCNT-0454634-AA-001,CYP2J2,168224.125,8276.693858610855,4,0.04920039773493163
OCNT-0454634-AA-001,CYP3A4,235066.0,15032.570444427216,4,0.06395042432519894
OCNT-0454638-AA-001,CYP2J2,58635.625,5286.186738015094,4,0.09015315753886984
OCNT-0454638-AA-001,CYP3A4,95108.5,3450.216732322768,4,0.03627663912607988
OCNT-0454674-AA-001,CYP2J2,151214.25,11025.707766397585,4,0.07291447576136234
OCNT-0454674-AA-001,CYP3A4,201572.625,11461.618896524464,4,0.056860989415226715
OCNT-0454678-AA-001,CYP2J2,52303.5,4316.82014527669,4,0.08253405881588594
OCNT-0454678-AA-001,CYP3A4,102567.25,1354.8718574093994,4,0.013209595240287707
OCNT-0454685-AA-001,CYP2J2,29749.875,2980.1251197167326,4,0.10017269382532641
OCNT-0454685-AA-001,CYP3A4,36587.625,4622.418691821415,4,0.12633830951917255
OCNT-0454702-AA-001,CYP2J2,75658.25,5426.620518333671,4,0.07172543005334739
OCNT-0454702-AA-001,CYP3A4,98247.875,15037.240024768507,4,0.15305409938656186
OCNT-0454708-AA-001,CYP2J2,19263.625,1021.5658222389131,4,0.05303081960113495
OCNT-0454708-AA-001,CYP3A4,139719.375,4225.844913051909,4,0.030245232009174887
OCNT-0454710-AA-001,CYP2J2,88475.125,4036.8858124177846,4,0.04562735359139402
OCNT-0454710-AA-001,CYP3A4,111457.625,13580.677139321882,4,0.12184610195419006
OCNT-0454717-AA-001,CYP2J2,152240.0,3983.0743465318346,3,0.02616312629093428
OCNT-0454717-AA-001,CYP3A4,196521.33333333334,4219.521309738034,3,0.021471059849675525
OCNT-0454721-AA-001,CYP2J2,18515.375,2275.213996345545,4,0.12288241509262142
OCNT-0454721-AA-001,CYP3A4,28332.0,1109.6742765334338,4,0.03916681761024403
OCNT-0454725-AA-001,CYP2J2,3382.125,349.88268867340855,4,0.10345054918827913
OCNT-0454725-AA-001,CYP3A4,183188.375,28781.94739292612,4,0.15711666961905263
OCNT-0454734-AA-001,CYP2J2,357629.875,26837.46452373062,4,0.07504256886740969
OCNT-0454734-AA-001,CYP3A4,520393.375,24243.589043892956,4,0.04658704397205855
OCNT-0454747-AA-001,CYP2J2,3811.25,818.5925421111531,4,0.21478321865822317
OCNT-0454747-AA-001,CYP3A4,186280.75,23796.614340769847,4,0.1277459659184851
OCNT-0454750-AA-001,CYP2J2,11691.625,706.9828351287368,4,0.060469167898280766
OCNT-0454750-AA-001,CYP3A4,22590.75,2063.600474090532,4,0.09134714314887872
OCNT-0454753-AA-001,CYP2J2,9295.375,763.7131196769286,4,0.08216054970099954
OCNT-0454753-AA-001,CYP3A4,12415.625,1370.2029883074501,4,0.11036117700940952
OCNT-0454778-AA-001,CYP2J2,26441.875,3288.7687760771505,4,0.12437729079640344
OCNT-0454778-AA-001,CYP3A4,45120.625,894.9141835021584,4,0.01983381620937561
OCNT-0454780-AA-001,CYP2J2,33083.875,2578.6535367319125,4,0.07794291136488432
OCNT-0454780-AA-001,CYP3A4,45321.75,4881.112552482272,4,0.10769911913115164
OCNT-0454781-AA-001,CYP2J2,42962.25,1307.2381509630645,4,0.030427599833878917
OCNT-0454781-AA-001,CYP3A4,48351.125,2537.9520081816627,4,0.052490030132321897
OCNT-0454782-AA-001,CYP2J2,19025.25,2233.1282430706933,4,0.11737707746656119
OCNT-0454782-AA-001,CYP3A4,33764.625,1476.7683397089284,4,0.04373714619098919
OCNT-0454784-AA-001,CYP2J2,124893.875,10473.21257124575,4,0.08385689507388372
OCNT-0454784-AA-001,CYP3A4,171115.125,6057.410150317268,4,0.0353996185335298
OCNT-0454792-AA-001,CYP2J2,8598.0,1410.2205501268236,4,0.16401727728853496
OCNT-0454792-AA-001,CYP3A4,41821.25,5655.313143407711,4,0.13522582762131002
OCNT-0454827-AA-001,CYP2J2,80650.75,6867.147218217087,4,0.08514672483786062
OCNT-0454827-AA-001,CYP3A4,131133.375,11965.564030270365,4,0.09124728186299151
OCNT-0454831-AA-001,CYP2J2,14061.25,842.3325253920408,4,0.059904526652469786
OCNT-0454831-AA-001,CYP3A4,24881.125,1938.0915602296327,4,0.07789404861032742
OCNT-0454835-AA-001,CYP2J2,43151.5,1277.2422114331591,4,0.02959902231517234
OCNT-0454835-AA-001,CYP3A4,51969.0,6691.803680623035,4,0.1287652962462821
OCNT-0454840-AA-001,CYP2J2,296223.0,16180.309798229042,4,0.05462205770054669
OCNT-0454840-AA-001,CYP3A4,323306.5,17562.41072575174,4,0.05432124230645452
OCNT-0454842-AA-001,CYP2J2,35423.666666666664,5333.767531804639,3,0.15057073515271258
OCNT-0454842-AA-001,CYP3A4,227550.25,6581.822714871614,4,0.028924699994272097
OCNT-0454845-AA-001,CYP2J2,19033.375,989.4508893825913,4,0.05198504676036653
OCNT-0454845-AA-001,CYP3A4,27907.0,2656.0608364016566,4,0.09517543399153104
OCNT-0454847-AA-001,CYP2J2,119449.5,6616.957722397809,4,0.055395440938621004
OCNT-0454847-AA-001,CYP3A4,150232.125,11423.9593353545,4,0.07604205382407059
OCNT-0454848-AA-001,CYP2J2,29893.375,3369.2684511379216,4,0.11270953685015231
OCNT-0454848-AA-001,CYP3A4,340078.25,23037.760750920796,4,0.06774252911181705
OCNT-0454851-AA-001,CYP2J2,23734.25,1824.3540637716128,4,0.07686588216487197
OCNT-0454851-AA-001,CYP3A4,45660.375,2018.7257274082585,4,0.044211764082276124
OCNT-0454857-AA-001,CYP2J2,109053.875,1460.5262393511923,4,0.013392703737956972
OCNT-0454857-AA-001,CYP3A4,157227.875,6773.200577459669,4,0.04307887884040708
OCNT-0454859-AA-001,CYP2J2,22739.125,2463.8865089867004,4,0.1083544995239131
OCNT-0454859-AA-001,CYP3A4,26907.25,3381.765773970752,4,0.12568232628643775
OCNT-0454860-AA-001,CYP2J2,26414.75,2043.702298118132,4,0.07736973842713378
OCNT-0454860-AA-001,CYP3A4,43189.375,2854.5781759307274,4,0.06609445438677285
OCNT-0454862-AA-001,CYP2J2,163970.75,9731.905658708367,4,0.059351473715332566
OCNT-0454862-AA-001,CYP3A4,186793.125,10250.958405396379,4,0.0548786707508447
OCNT-0454864-AA-001,CYP2J2,65133.833333333336,6425.971333839992,3,0.09865796322709895
OCNT-0454864-AA-001,CYP3A4,89965.5,6167.961758149932,3,0.0685591894465093
OCNT-0454866-AA-001,CYP2J2,225272.375,5873.448821816702,4,0.026072654588991225
OCNT-0454866-AA-001,CYP3A4,372341.125,14380.440213330281,4,0.03862168116221457
OCNT-0454868-AA-001,CYP2J2,53777.5,3017.9284009620455,4,0.05611879319347395
OCNT-0454868-AA-001,CYP3A4,68821.375,8765.958954719863,4,0.12737262158333604
OCNT-0454869-AA-001,CYP2J2,137850.25,7045.411526897014,4,0.05110916757058485
OCNT-0454869-AA-001,CYP3A4,212833.25,17386.728988417188,4,0.08169178917493948
OCNT-0454870-AA-001,CYP2J2,27905.75,3673.0160290965246,4,0.13162219360155253
OCNT-0454870-AA-001,CYP3A4,33115.833333333336,5201.806665316709,3,0.15707914135685472
OCNT-0454871-AA-001,CYP2J2,139707.875,6400.959906855119,4,0.04581674373656545
OCNT-0454871-AA-001,CYP3A4,209339.875,7433.153574526765,4,0.03550758580765735
OCNT-0454872-AA-001,CYP2J2,98486.25,10354.83819686881,4,0.10513993777678417
OCNT-0454872-AA-001,CYP3A4,129375.25,15361.692010213806,4,0.11873748657655778
OCNT-0454876-AA-001,CYP2J2,53101.25,3620.6214590868235,4,0.06818335649512626
OCNT-0454876-AA-001,CYP3A4,181637.5,14233.502889310132,4,0.07836213826610768
OCNT-0454879-AA-001,CYP2J2,11183.5,2047.4892348109345,4,0.18308125674528855
OCNT-0454879-AA-001,CYP3A4,19054.75,1894.1897344247227,4,0.09940774528265775
OCNT-0454884-AA-001,CYP2J2,14260.0,545.4942712806433,4,0.038253455209021264
OCNT-0454884-AA-001,CYP3A4,22090.0,819.7323750265489,4,0.03710875396227021
OCNT-0454889-AA-001,CYP2J2,89627.0,3587.4109745051496,4,0.040026007503376766
OCNT-0454889-AA-001,CYP3A4,145968.375,10942.870550994985,4,0.07496740681668193
OCNT-0454890-AA-001,CYP2J2,5449.0,376.05008531665914,4,0.06901267853122758
OCNT-0454890-AA-001,CYP3A4,6117.625,843.2096788462522,4,0.1378328483433117
OCNT-0454892-AA-001,CYP2J2,96849.75,3356.6670100959777,4,0.03465849948085543
OCNT-0454892-AA-001,CYP3A4,153096.625,20750.064005423374,4,0.1355357376782367
OCNT-0454895-AA-001,CYP2J2,19956.375,4626.731358367373,4,0.23184227387826561
OCNT-0454895-AA-001,CYP3A4,27146.0,5775.8498508877465,4,0.21276983168377464
OCNT-0454897-AA-001,CYP2J2,132347.25,3497.7867645126703,4,0.02642885866168485
OCNT-0454897-AA-001,CYP3A4,178168.0,19744.79369774895,4,0.11082121198952086
OCNT-0454899-AA-001,CYP2J2,67554.25,8626.858278075511,4,0.12770267271230917
OCNT-0454899-AA-001,CYP3A4,124577.5,7991.961409232823,4,0.06415252681449558
OCNT-0454901-AA-001,CYP2J2,58620.625,2789.676754721473,4,0.0475886559503839
OCNT-0454901-AA-001,CYP3A4,106175.25,5296.643693573004,4,0.049885860344788494
OCNT-0454902-AA-001,CYP2J2,110177.0,16398.891268416086,4,0.14884133048109938
OCNT-0454902-AA-001,CYP3A4,177019.16666666666,14010.47601201805,3,0.0791466612109878
OCNT-0454903-AA-001,CYP2J2,66288.25,5289.271161196661,4,0.07979198668235563
OCNT-0454903-AA-001,CYP3A4,129118.75,13450.653717075116,4,0.10417273801887887
OCNT-0454906-AA-001,CYP2J2,5440.0,791.7404877862442,3,0.1455405308430596
OCNT-0454906-AA-001,CYP3A4,336676.6666666667,6017.712383732978,3,0.017873862312207493
OCNT-0454910-AA-001,CYP2J2,73280.625,13917.886791074521,4,0.1899258745551709
OCNT-0454910-AA-001,CYP3A4,404859.375,19658.932517539368,4,0.048557434337637276
OCNT-0454912-AA-001,CYP2J2,49907.75,3078.344211314475,4,0.06168068509028107
OCNT-0454912-AA-001,CYP3A4,84482.0,6373.471385359789,4,0.07544176730380187
OCNT-0454916-AA-001,CYP2J2,92062.75,5043.466838395986,4,0.05478292619323218
OCNT-0454916-AA-001,CYP3A4,109583.75,11737.251222070692,4,0.10710758868966148
OCNT-0454918-AA-001,CYP2J2,47633.666666666664,1135.5038896161172,3,0.02383826333509459
OCNT-0454918-AA-001,CYP3A4,108456.5,15632.189010180244,3,0.14413326089427783
OCNT-0454921-AA-001,CYP2J2,237631.5,18317.23248291983,4,0.07708251003305466
OCNT-0454921-AA-001,CYP3A4,433957.125,15402.590465973573,4,0.03549334618246808
OCNT-0454922-AA-001,CYP2J2,62875.625,3604.190440191343,4,0.057322538586158676
OCNT-0454922-AA-001,CYP3A4,82864.5,6421.5168119897235,4,0.07749418402319115
OCNT-0454929-AA-001,CYP2J2,65514.25,4993.795976008631,4,0.07622457672962189
OCNT-0454929-AA-001,CYP3A4,103469.875,9314.376105202467,4,0.09002017355488703
OCNT-0454931-AA-001,CYP2J2,180579.125,8478.419235280047,4,0.04695126989501166
OCNT-0454931-AA-001,CYP3A4,200582.75,7495.765832566187,4,0.03736994249289227
OCNT-0454932-AA-001,CYP2J2,163362.25,13559.446132370844,4,0.08300232233806062
OCNT-0454932-AA-001,CYP3A4,177323.0,18311.098724544085,4,0.10326409278291077
OCNT-0454936-AA-001,CYP2J2,59984.875,7821.558917238516,4,0.13039218498393998
OCNT-0454936-AA-001,CYP3A4,108334.125,7931.007726796135,4,0.07320876710635854
OCNT-0454939-AA-001,CYP2J2,23324.125,2500.021345742205,4,0.10718607217815053
OCNT-0454939-AA-001,CYP3A4,48533.125,1375.7954290155205,4,0.028347554974371022
OCNT-0454970-AA-001,CYP2J2,20292.25,1107.8232786264543,4,0.05459341761640303
OCNT-0454970-AA-001,CYP3A4,31724.625,1411.2651755900922,4,0.04448484972131561
OCNT-0454980-AA-001,CYP2J2,14666.0,1661.3448618513858,3,0.11327866233815531
OCNT-0454980-AA-001,CYP3A4,26390.666666666668,4149.433103850854,3,0.157231083104539
OCNT-0454987-AA-001,CYP2J2,29630.75,3164.6741406765195,4,0.10680371373240703
OCNT-0454987-AA-001,CYP3A4,38589.625,5832.289621509434,4,0.15113620879988945
OCNT-0454989-AA-001,CYP2J2,13771.75,1291.1904390909963,4,0.09375645354373963
OCNT-0454989-AA-001,CYP3A4,15962.25,1207.4328483743238,4,0.07564302328144991
OCNT-0454997-AA-001,CYP2J2,53372.375,6063.103968197039,4,0.11360004062395647
OCNT-0454997-AA-001,CYP3A4,77186.125,7295.300420761755,4,0.09451569722876689
OCNT-0455003-AA-001,CYP2J2,22957.5,1744.6687842300225,4,0.07599559116759327
OCNT-0455003-AA-001,CYP3A4,41658.375,1895.9813806663124,4,0.045512610145410436
OCNT-0455007-AA-001,CYP2J2,101689.0,6340.277162711424,4,0.0623496854400321
OCNT-0455007-AA-001,CYP3A4,124215.125,1462.6556541100165,4,0.01177518159813482
OCNT-0455012-AA-001,CYP2J2,38804.125,3820.08543479942,4,0.09844534401431343
OCNT-0455012-AA-001,CYP3A4,55010.625,2962.088462976756,4,0.05384575185206051
OCNT-0455026-AA-001,CYP2J2,38377.0,3039.328297502591,4,0.07919660988359149
OCNT-0455026-AA-001,CYP3A4,47760.0,1822.0383731780557,4,0.03814988218547018
OCNT-0455046-AA-001,CYP2J2,33367.875,3083.127345596782,4,0.09239807286489721
OCNT-0455046-AA-001,CYP3A4,57220.625,3649.9796432080725,4,0.06378783250284444
OCNT-0455058-AA-001,CYP2J2,5071.333333333333,883.1214997571589,3,0.1741399039878715
OCNT-0455058-AA-001,CYP3A4,6121.0,1056.3199089291084,3,0.17257309409068916
OCNT-0455070-AA-001,CYP2J2,42769.5,2668.062124464121,4,0.06238235481976925
OCNT-0455070-AA-001,CYP3A4,69399.25,7923.476367731528,4,0.11417236306921945
OCNT-0455078-AA-001,CYP2J2,24040.5,1182.1079335943343,4,0.04917152029260349
OCNT-0455078-AA-001,CYP3A4,42540.5,5943.855251434039,3,0.13972227057589917
OCNT-0455082-AA-001,CYP2J2,29422.375,2020.5995964482095,4,0.0686756115523716
OCNT-0455082-AA-001,CYP3A4,41359.375,4010.3496184871456,4,0.09696349663134768
OCNT-0455084-AA-001,CYP2J2,27112.5,2826.522215255584,4,0.10425162619660983
OCNT-0455084-AA-001,CYP3A4,37906.875,3940.016653412351,4,0.10393936860826304
OCNT-0455086-AA-001,CYP2J2,47866.0,6615.215088465882,4,0.13820279715175451
OCNT-0455086-AA-001,CYP3A4,75790.625,10405.263991325097,4,0.13728959210093725
OCNT-0455088-AA-001,CYP2J2,16690.875,1683.7210465216617,4,0.10087673932742662
OCNT-0455088-AA-001,CYP3A4,35375.0,1420.013086794156,4,0.040141712700894866
OCNT-0455090-AA-001,CYP2J2,26466.5,2762.1613819615973,4,0.10436443738165595
OCNT-0455090-AA-001,CYP3A4,43883.0,4002.684370102977,4,0.09121264202773231
OCNT-0455094-AA-001,CYP2J2,82286.625,7476.460151424156,4,0.09085875318648876
OCNT-0455094-AA-001,CYP3A4,137256.25,5481.196607493661,4,0.03993404021670169
OCNT-0455100-AA-001,CYP2J2,49166.25,4247.834634650144,4,0.08639736881804376
OCNT-0455100-AA-001,CYP3A4,72040.5,2663.260626875762,4,0.03696893590238493
OCNT-0455102-AA-001,CYP2J2,15888.0,1037.5744953174851,4,0.06530554477073798
OCNT-0455102-AA-001,CYP3A4,24320.25,2531.2063164954902,4,0.10407813721057514
OCNT-0455112-AA-001,CYP2J2,139111.5,8317.773229657085,4,0.05979213242368233
OCNT-0455112-AA-001,CYP3A4,236117.625,6812.4726589665415,4,0.02885202940257654
OCNT-0455116-AA-001,CYP2J2,28765.875,4060.642075152648,4,0.14116177850152822
OCNT-0455116-AA-001,CYP3A4,40901.25,5877.167819905549,4,0.1436916431626307
OCNT-0455118-AA-001,CYP2J2,119407.375,8352.160861866825,4,0.06994677558121368
OCNT-0455118-AA-001,CYP3A4,131560.5,14766.524726556347,4,0.11224132415547483
OCNT-0455120-AA-001,CYP2J2,42420.125,4595.474628642835,4,0.10833241600874197
OCNT-0455120-AA-001,CYP3A4,78607.5,6632.929807659158,4,0.0843803683829044
OCNT-0455122-AA-001,CYP2J2,25502.625,1802.838797332326,4,0.0706922835328648
OCNT-0455122-AA-001,CYP3A4,49252.875,2451.848703019826,4,0.049780824023365665
OCNT-0455126-AA-001,CYP2J2,12368.875,1176.2532589398709,4,0.09509783702558809
OCNT-0455126-AA-001,CYP3A4,20406.25,252.26721943209296,4,0.012362252713364432
OCNT-0455834-AA-001,CYP2J2,130000.625,8632.665148289956,4,0.06640479727147432
OCNT-0455834-AA-001,CYP3A4,224378.125,9254.617265406856,4,0.04124563063091313
OCNT-0455853-AA-001,CYP2J2,155261.625,7396.914439762479,4,0.04764161420932235
OCNT-0455853-AA-001,CYP3A4,207810.375,10105.15833930869,4,0.048626823079977066
OCNT-0455855-AA-001,CYP2J2,238033.25,23373.429517652447,4,0.09819396877391057
OCNT-0455855-AA-001,CYP3A4,336697.375,25301.717627383197,4,0.07514676236303654
OCNT-0455861-AA-001,CYP2J2,26850.5,4170.297411456406,4,0.1553154470664012
OCNT-0455861-AA-001,CYP3A4,49221.875,3027.1772708526114,4,0.061500649271337415
OCNT-0455932-AA-001,CYP2J2,163440.125,11241.166986979895,4,0.06877850213942198
OCNT-0455932-AA-001,CYP3A4,251805.125,12784.660576741955,4,0.05077204277213165
OCNT-0455940-AA-001,CYP2J2,80612.125,8260.212390076098,4,0.10246860990299038
OCNT-0455940-AA-001,CYP3A4,122442.375,6598.496348600945,4,0.05389062690592979
OCNT-0455964-AA-001,CYP2J2,15144.625,1702.939682578335,4,0.11244515348371682
OCNT-0455964-AA-001,CYP3A4,21640.875,1939.020688173972,4,0.08959992089848363
OCNT-0455988-AA-001,CYP2J2,26903.875,2183.633034455805,4,0.08116425735905348
OCNT-0455988-AA-001,CYP3A4,35265.875,2047.6239227862782,4,0.05806247322053623
OCNT-0455990-AA-001,CYP2J2,27334.875,1803.8626783932307,4,0.06599125397109848
OCNT-0455990-AA-001,CYP3A4,34925.375,2231.6235634996024,4,0.06389691058434169
OCNT-0456008-AA-001,CYP2J2,12512.75,905.1358553646335,4,0.07233708460287575
OCNT-0456008-AA-001,CYP3A4,19503.5,1576.5564267309517,4,0.08083453876129677
OCNT-0456010-AA-001,CYP2J2,24588.875,1772.7001238694227,4,0.07209358394271485
OCNT-0456010-AA-001,CYP3A4,33388.375,2465.481642431488,4,0.0738425168170505
OCNT-0456012-AA-001,CYP2J2,24544.5,1473.4619664812074,4,0.06003226655589673
OCNT-0456012-AA-001,CYP3A4,34026.875,3260.7478021408933,4,0.09582860025026962
OCNT-0456014-AA-001,CYP2J2,19557.75,1360.8452336691344,4,0.06958086864128718
OCNT-0456014-AA-001,CYP3A4,32156.25,956.4445880447026,4,0.029743660658338663
OCNT-0456022-AA-001,CYP2J2,32109.625,5211.348535887809,4,0.16229864210148232
OCNT-0456022-AA-001,CYP3A4,42175.625,1519.8272037197744,4,0.036035677093576544
OCNT-0456054-AA-001,CYP2J2,12542.0,1394.3363415379135,4,0.11117336481724713
OCNT-0456054-AA-001,CYP3A4,22281.25,2357.491056893607,4,0.10580605023926427
OCNT-0456072-AA-001,CYP2J2,16669.625,1633.1899958363692,4,0.09797400936352013
OCNT-0456072-AA-001,CYP3A4,22547.25,2210.8909403224757,4,0.09805590217531963
OCNT-0456140-AA-001,CYP2J2,168127.5,16435.699554121,4,0.09775735411590014
OCNT-0456140-AA-001,CYP3A4,276334.75,24320.3039643148,4,0.0880102989736716
OCNT-0456142-AA-001,CYP2J2,167740.375,10087.334859243054,4,0.060136594181591965
OCNT-0456142-AA-001,CYP3A4,274397.5,19315.61837391355,4,0.07039283657436218
OCNT-0456144-AA-001,CYP2J2,260725.875,5191.58401285195,4,0.01991203984971553
OCNT-0456144-AA-001,CYP3A4,321471.5,16373.276504719512,4,0.050932280170153534
OCNT-0456158-AA-001,CYP2J2,91443.25,6464.2872963691825,4,0.07069179295759044
OCNT-0456158-AA-001,CYP3A4,146152.75,10334.657924511417,4,0.07071134771334386
OCNT-0456160-AA-001,CYP2J2,78365.625,5992.203773445961,4,0.0764646970332459
OCNT-0456160-AA-001,CYP3A4,104368.75,4397.8507155958205,4,0.04213761988713883
OCNT-0456162-AA-001,CYP2J2,43961.875,2649.510532626734,4,0.06026836964134796
OCNT-0456162-AA-001,CYP3A4,62687.875,8359.930186859618,4,0.13335800881525522
OCNT-0456166-AA-001,CYP2J2,6549.625,648.9642228197175,4,0.09908418005912056
OCNT-0456166-AA-001,CYP3A4,10611.5,1050.0770606642795,4,0.09895651516414075
OCNT-0456180-AA-001,CYP2J2,15604.375,2268.999830138087,4,0.14540792759326068
OCNT-0456180-AA-001,CYP3A4,25822.375,1538.759314891925,4,0.05959015446456513
OCNT-0456186-AA-001,CYP2J2,39798.625,1183.386551033375,4,0.029734357682793693
OCNT-0456186-AA-001,CYP3A4,76432.375,5237.839350581498,4,0.06852906704235605
OCNT-0456188-AA-001,CYP2J2,54403.375,3784.4448596634793,4,0.06956268539706369
OCNT-0456188-AA-001,CYP3A4,76652.375,7957.803008944533,4,0.10381678335399958
OCNT-0456192-AA-001,CYP2J2,11392.375,1260.2918560793767,4,0.11062591040756442
OCNT-0456192-AA-001,CYP3A4,17344.125,2735.7628239974806,4,0.15773426586798012
OCNT-0456204-AA-001,CYP2J2,14746.75,589.9263372094294,4,0.04000382031358974
OCNT-0456204-AA-001,CYP3A4,21904.375,2247.843869689352,4,0.10262077186358212
OCNT-0456206-AA-001,CYP2J2,12073.5,1130.4339874579143,4,0.09362935250407209
OCNT-0456206-AA-001,CYP3A4,15980.875,1801.6860332754977,4,0.11274013677445682
OCNT-0456208-AA-001,CYP2J2,13096.25,1029.3373677597965,4,0.07859787097526365
OCNT-0456208-AA-001,CYP3A4,20250.875,237.4427562592724,4,0.011725061571871457
OCNT-0456212-AA-001,CYP2J2,26494.25,2110.4794676407855,4,0.07965801891507725
OCNT-0456212-AA-001,CYP3A4,37527.125,2091.9673505658093,4,0.055745473455955104
OCNT-0456220-AA-001,CYP2J2,18140.0,1778.556952513282,4,0.09804613850679615
OCNT-0456220-AA-001,CYP3A4,29786.25,2881.8359454810516,4,0.0967505458216812
OCNT-0456226-AA-001,CYP2J2,44444.375,7333.394159312135,4,0.16500162639956428
OCNT-0456226-AA-001,CYP3A4,54902.125,6476.233246455844,4,0.11795960987768404
OCNT-0456228-AA-001,CYP2J2,26699.875,1125.6696062788587,4,0.04216010772630429
OCNT-0456228-AA-001,CYP3A4,43852.5,3784.042899686349,4,0.08629024342252663
OCNT-0456230-AA-001,CYP2J2,24800.333333333332,2220.899161000637,3,0.0895511818793015
OCNT-0456230-AA-001,CYP3A4,41907.166666666664,2205.3909139500256,3,0.052625626816813965
OCNT-0456234-AA-001,CYP2J2,10927.375,800.2051169335691,4,0.07322940019296209
OCNT-0456234-AA-001,CYP3A4,19647.625,1548.06122698684,4,0.07879126494865614
OCNT-0456250-AA-001,CYP2J2,18246.625,2761.562702981774,4,0.15134649300798222
OCNT-0456250-AA-001,CYP3A4,77246.375,7947.495615758462,4,0.10288503008404552
OCNT-0456252-AA-001,CYP2J2,35782.5,5635.33730135118,4,0.1574886411332685
OCNT-0456252-AA-001,CYP3A4,59507.125,3438.6000391389903,4,0.0577846777026951
OCNT-0456282-AA-001,CYP2J2,40383.875,4050.2318735063395,4,0.10029329462579654
OCNT-0456282-AA-001,CYP3A4,64448.25,4242.148522073848,4,0.06582255564850632
OCNT-0456289-AA-001,CYP2J2,20697.125,1856.3156778504383,4,0.08968954276743453
OCNT-0456289-AA-001,CYP3A4,26010.5,1721.8150791146727,4,0.06619692351606746
OCNT-0456298-AQ-001,CYP2J2,54023.25,5824.639423746904,4,0.10781727170703177
OCNT-0456298-AQ-001,CYP3A4,104824.33333333333,7316.05020371876,3,0.06979343412997707
OCNT-0456304-AA-001,CYP2J2,38421.0,3254.2636904016654,4,0.08470012988734456
OCNT-0456304-AA-001,CYP3A4,49917.25,4282.057614823354,4,0.0857831233656372
OCNT-0456306-AA-001,CYP2J2,30921.0,3400.1467860471357,4,0.10996238110174754
OCNT-0456306-AA-001,CYP3A4,58904.25,6824.9995177045,4,0.11586599468976348
OCNT-0456310-AA-001,CYP2J2,136479.375,11575.449396423737,4,0.08481464247930309
OCNT-0456310-AA-001,CYP3A4,222296.875,18085.20689852621,4,0.08135610047836349
OCNT-0456312-AA-001,CYP2J2,93503.0,7435.656561461131,4,0.07952318707914324
OCNT-0456312-AA-001,CYP3A4,152357.875,16666.417068339353,4,0.10938992860289862
OCNT-0456315-AA-001,CYP2J2,13617.0,2306.6746627992425,4,0.16939668523164003
OCNT-0456315-AA-001,CYP3A4,23142.125,2759.923198659702,4,0.11925971355956733
OCNT-0456321-AA-001,CYP2J2,5344.25,399.0550296220643,4,0.07466997794303491
OCNT-0456321-AA-001,CYP3A4,9578.625,919.8079849439591,4,0.09602714219879775
OCNT-0456328-AA-001,CYP2J2,108960.625,4350.272872188593,4,0.03992518280974061
OCNT-0456328-AA-001,CYP3A4,162609.875,8114.8892822083535,4,0.049904037391384465
OCNT-0456349-AA-001,CYP2J2,19322.5,1624.2818926118293,4,0.08406168418226571
OCNT-0456349-AA-001,CYP3A4,32604.25,2452.0333229111443,4,0.07520594164598617
OCNT-0456376-AA-001,CYP2J2,19649.875,780.4660333202635,4,0.03971862585997435
OCNT-0456376-AA-001,CYP3A4,29522.75,2034.3715040932589,4,0.06890860452001453
OCNT-0456378-AA-001,CYP2J2,51840.125,3375.4460785452734,4,0.06511261457307971
OCNT-0456378-AA-001,CYP3A4,61855.125,2305.5045136585613,4,0.03727265143605419
OCNT-0456380-AA-001,CYP2J2,58509.875,4236.668313171724,4,0.07240945760304092
OCNT-0456380-AA-001,CYP3A4,80701.875,8090.903146692998,4,0.1002566934992898
OCNT-0456384-AA-001,CYP2J2,7256.833333333333,1811.7284794729405,3,0.24965827327892431
OCNT-0456384-AA-001,CYP3A4,74346.125,6086.561157925439,4,0.0818679004174789
OCNT-0456386-AA-001,CYP2J2,20325.75,2853.7533618026628,4,0.1404008886167872
OCNT-0456386-AA-001,CYP3A4,27344.0,4252.190455126237,4,0.1555072577211175
OCNT-0456388-AA-001,CYP2J2,23157.625,1912.569012916048,4,0.08258916935204055
OCNT-0456388-AA-001,CYP3A4,30131.125,3133.262553500211,4,0.10398757276736967
OCNT-0456473-AA-001,CYP2J2,18853.125,372.4717830476107,4,0.019756501007000733
OCNT-0456473-AA-001,CYP3A4,39964.125,3444.6137271349694,4,0.08619264720883967
OCNT-0456479-AA-001,CYP2J2,15100.125,1493.6298835945493,4,0.09891506749742464
OCNT-0456479-AA-001,CYP3A4,26396.5,4567.991425853016,4,0.17305292087409377
OCNT-0456507-AA-001,CYP2J2,10002.5,893.0239825073754,4,0.08928007823117974
OCNT-0456507-AA-001,CYP3A4,15955.625,1222.298816097493,4,0.07660613834290371
OCNT-0456571-AA-001,CYP2J2,90280.0,7781.080312741499,4,0.08618830652128377
OCNT-0456571-AA-001,CYP3A4,148917.125,8747.640599756032,4,0.05874166990368658
OCNT-0456667-AA-001,CYP2J2,18055.25,504.46217235124095,4,0.02793991622111247
OCNT-0456667-AA-001,CYP3A4,31532.875,3414.3052093361543,4,0.10827763752389068
OCNT-0456671-AA-001,CYP2J2,120561.125,2512.201470656099,4,0.020837574887063295
OCNT-0456671-AA-001,CYP3A4,148060.25,8390.898884108507,4,0.05667219178752236
OCNT-0456677-AA-001,CYP2J2,58818.125,7284.465987920232,4,0.12384730026535581
OCNT-0456677-AA-001,CYP3A4,74940.25,13840.09042901575,4,0.18468166878300712
OCNT-0456679-AA-001,CYP2J2,147745.0,15429.87843438826,4,0.10443587555848428
OCNT-0456679-AA-001,CYP3A4,211808.75,1658.2028675647593,4,0.007828774153875888
OCNT-0456763-AA-001,CYP2J2,15560.0,3134.2280149982707,3,0.20142853566826932
OCNT-0456763-AA-001,CYP3A4,41474.25,1905.4910784362125,4,0.04594395506696836
OCNT-0456785-AA-001,CYP2J2,14077.625,1356.4576031585605,4,0.09635557156541394
OCNT-0456785-AA-001,CYP3A4,25993.375,1946.2529115799243,4,0.07487495993036396
OCNT-0456791-AA-001,CYP2J2,17995.0,1061.4288325962632,4,0.05898465310343224
OCNT-0456791-AA-001,CYP3A4,24838.0,1995.6007449721328,4,0.08034466321652842
OCNT-0456809-AA-001,CYP2J2,42258.875,2424.3807585649583,4,0.057369742061636954
OCNT-0456809-AA-001,CYP3A4,68612.25,5328.514028319715,4,0.07766126352538673
OCNT-0456810-AA-001,CYP2J2,29429.75,3663.8761919584567,4,0.12449566142962332
OCNT-0456810-AA-001,CYP3A4,39561.875,5158.790190458095,4,0.13039802058062452
OCNT-0456811-AA-001,CYP2J2,24306.875,1498.5761228023528,4,0.06165235649594416
OCNT-0456811-AA-001,CYP3A4,31767.875,3952.0571093840913,4,0.12440420107999327
OCNT-0456812-AA-001,CYP2J2,65827.5,4808.865995914906,4,0.07305253877049722
OCNT-0456812-AA-001,CYP3A4,110398.875,4375.906199006098,4,0.03963723542478217
OCNT-0456813-AA-001,CYP2J2,14989.375,1045.8953401272997,4,0.0697757805196881
OCNT-0456813-AA-001,CYP3A4,26051.375,2422.0549255745623,4,0.09297224908760333
OCNT-0456815-AA-001,CYP2J2,14964.625,2091.369582155834,4,0.13975422585970806
OCNT-0456815-AA-001,CYP3A4,23548.5,2140.57095187242,4,0.09090052240577617
OCNT-0456864-AA-001,CYP2J2,149312.25,9158.485177691779,4,0.061337801671944386
OCNT-0456864-AA-001,CYP3A4,287701.125,27095.860146201292,4,0.09418058461259507
OCNT-0456866-AA-001,CYP2J2,195612.75,18946.479701605083,4,0.09685707962085847
OCNT-0456866-AA-001,CYP3A4,279282.625,14565.151803620169,4,0.052152015556356825
OCNT-0456890-AA-001,CYP2J2,197319.25,10563.232258641292,4,0.053533713809683
OCNT-0456890-AA-001,CYP3A4,281693.375,24941.646919610186,4,0.08854182999373054
OCNT-0456894-AA-001,CYP2J2,118751.75,10120.246328523826,4,0.08522187107578479
OCNT-0456894-AA-001,CYP3A4,182260.375,20247.696351992738,4,0.11109214689146084
OCNT-0456896-AA-001,CYP2J2,24709.625,1047.4576662089978,4,0.04239067433071112
OCNT-0456896-AA-001,CYP3A4,33140.875,4732.836611994262,4,0.14280964555082695
OCNT-0456898-AA-001,CYP2J2,218186.625,17978.57878780096,4,0.0824000040689981
OCNT-0456898-AA-001,CYP3A4,340222.75,48292.3218957562,4,0.14194324716896856
OCNT-0456952-AA-001,CYP2J2,61608.25,5775.664240298831,4,0.0937482275555438
OCNT-0456952-AA-001,CYP3A4,119791.875,13470.392226255577,4,0.11244829606561861
OCNT-0456954-AA-001,CYP2J2,250495.0,21366.504210250834,4,0.08529712852652083
OCNT-0456954-AA-001,CYP3A4,375060.25,16503.8690135576,4,0.044003247514386286
OCNT-0456958-AA-001,CYP2J2,152997.0,5281.883912645818,4,0.034522793993645745
OCNT-0456958-AA-001,CYP3A4,247902.375,46189.93303266958,4,0.18632307589900896
OCNT-0456960-AA-001,CYP2J2,35807.25,3992.8743301870477,4,0.11151022014220717
OCNT-0456960-AA-001,CYP3A4,56538.375,4067.0518678562903,4,0.07193436082760232
OCNT-0456962-AA-001,CYP2J2,81993.375,2874.1134973819903,4,0.035052996627861585
OCNT-0456962-AA-001,CYP3A4,115252.75,7633.344183034502,4,0.06623134097047144
OCNT-0456964-AA-001,CYP2J2,96173.75,7264.045412165317,4,0.07553043748595971
OCNT-0456964-AA-001,CYP3A4,170306.75,13207.224225778864,4,0.07754962281752699
OCNT-0456976-AA-001,CYP2J2,14948.875,746.446289092524,4,0.04993327518575973
OCNT-0456976-AA-001,CYP3A4,29380.375,2645.9865323101453,4,0.09005965826883235
OCNT-0456978-AA-001,CYP2J2,25870.25,2944.1497499278125,4,0.11380445685402393
OCNT-0456978-AA-001,CYP3A4,39707.625,2506.2228011824222,4,0.06311691523183324
OCNT-0456984-AA-001,CYP2J2,84707.75,8187.682237157636,4,0.09665800634720714
OCNT-0456984-AA-001,CYP3A4,142092.125,6450.695716677905,4,0.04539798188448448
OCNT-0456986-AA-001,CYP2J2,80778.125,4228.090376182452,4,0.05234202175629172
OCNT-0456986-AA-001,CYP3A4,123403.25,967.3874180837106,4,0.007839237767917057
OCNT-0456988-AA-001,CYP2J2,111926.875,5631.624060828281,4,0.05031520857549432
OCNT-0456988-AA-001,CYP3A4,180179.875,13211.120702997405,4,0.07332184409050903
OCNT-0456990-AA-001,CYP2J2,96209.0,7783.438421845878,4,0.08090135457021566
OCNT-0456990-AA-001,CYP3A4,142365.125,4027.6251765153133,4,0.02829081333307798
OCNT-0457008-AA-001,CYP2J2,15429.5,2091.0150246550916,4,0.13552059526589272
OCNT-0457008-AA-001,CYP3A4,26220.125,2600.7240458187794,4,0.0991880872352355
OCNT-0457012-AA-001,CYP2J2,115364.625,3222.9003080817324,4,0.02793664269338831
OCNT-0457012-AA-001,CYP3A4,180294.625,6862.324027798454,4,0.038061722737427445
OCNT-0457040-AA-001,CYP2J2,32972.375,3966.468819470705,4,0.12029672777501485
OCNT-0457040-AA-001,CYP3A4,44924.5,3452.013325582623,4,0.07684032823031137
OCNT-0457042-AA-001,CYP2J2,13857.25,2361.2582274428746,4,0.17039876075288204
OCNT-0457042-AA-001,CYP3A4,27336.125,2080.666214421077,4,0.07611416081910208
OCNT-0457077-AA-001,CYP2J2,33662.375,2499.3275553969843,4,0.07424691678459955
OCNT-0457077-AA-001,CYP3A4,44707.75,2720.4897383865773,4,0.06085051782714579
OCNT-0457081-AA-001,CYP2J2,12032.375,1584.3727662706146,4,0.13167581348408894
OCNT-0457081-AA-001,CYP3A4,17284.625,1088.4177640808082,4,0.06297028509908709
OCNT-0457204-AA-001,CYP2J2,14614.625,1626.4054627203716,4,0.11128615771669623
OCNT-0457204-AA-001,CYP3A4,29473.0,1115.177639063242,4,0.03783726254752628
OCNT-0457236-AA-001,CYP2J2,9935.75,840.5532404315626,4,0.08459887179443551
OCNT-0457236-AA-001,CYP3A4,25590.375,3200.322311242,4,0.12505960976507768
OCNT-0457347-AA-001,CYP2J2,12299.75,1874.2490718507327,4,0.1523810704974274
OCNT-0457347-AA-001,CYP3A4,20548.875,3772.7176627068184,4,0.18359728514124585
OCNT-0457413-AA-001,CYP2J2,20707.25,2027.0961373353757,4,0.09789306341186665
OCNT-0457413-AA-001,CYP3A4,30836.875,1228.8170717536984,4,0.039848949407282626
OCNT-0457419-AA-001,CYP2J2,12808.75,1356.5648712833456,4,0.10590923168016751
OCNT-0457419-AA-001,CYP3A4,25784.375,3310.1089452111187,4,0.12837654374834057
OCNT-0457420-AA-001,CYP2J2,4885.375,675.8329891080092,4,0.13833799638881544
OCNT-0457420-AA-001,CYP3A4,9817.5,601.9616543712178,4,0.061315167239237876
OCNT-0457422-AA-001,CYP2J2,6196.125,994.2859561011609,4,0.160468995719286
OCNT-0457422-AA-001,CYP3A4,52235.5,3413.6776356299374,4,0.06535167913832426
OCNT-0457426-AA-001,CYP2J2,21541.75,2948.6628184088236,4,0.1368813034414021
OCNT-0457426-AA-001,CYP3A4,36177.875,5174.671734757673,4,0.14303415374058517
OCNT-0457465-AA-001,CYP2J2,63823.375,7235.538454680943,4,0.11336815789953043
OCNT-0457465-AA-001,CYP3A4,112967.375,4904.405169080142,4,0.043414350108428576
OCNT-0457529-AA-001,CYP2J2,18504.0,1404.6229624588468,4,0.07590915274853258
OCNT-0457529-AA-001,CYP3A4,30796.5,2707.0384494252507,4,0.08790084748024128
OCNT-0457554-AA-001,CYP2J2,15021.75,1736.2685324184927,4,0.11558363921770051
OCNT-0457554-AA-001,CYP3A4,24903.75,2160.5462465157584,4,0.08675585992132745
OCNT-0457579-AA-001,CYP2J2,14795.75,853.7431795725613,4,0.057701919779163696
OCNT-0457579-AA-001,CYP3A4,23385.0,2273.8142331040735,4,0.09723387783211775
OCNT-0457613-AA-001,CYP2J2,52096.875,5354.025843154539,4,0.10277057583884905
OCNT-0457613-AA-001,CYP3A4,88711.375,8029.966058199334,4,0.09051788520017116
OCNT-0457615-AA-001,CYP2J2,331070.375,18295.067182964016,4,0.05526035720642179
OCNT-0457615-AA-001,CYP3A4,545577.375,21656.292220257066,4,0.039694263751786016
OCNT-0457633-AA-001,CYP2J2,289570.875,16528.61547627327,4,0.057079688957921856
OCNT-0457633-AA-001,CYP3A4,446209.125,35756.84684871557,4,0.08013472796800283
OCNT-0457635-AA-001,CYP2J2,13791.625,591.2268846785189,4,0.04286854411126455
OCNT-0457635-AA-001,CYP3A4,19123.625,2390.671885161157,4,0.12501143926222968
OCNT-0457647-AA-001,CYP2J2,106103.25,8376.149329097072,4,0.07894338136764964
OCNT-0457647-AA-001,CYP3A4,148437.25,7874.998693121584,4,0.053052712126650046
OCNT-0457656-AA-001,CYP2J2,141899.75,6690.186351415535,4,0.04714727370143735
OCNT-0457656-AA-001,CYP3A4,216674.5,30611.43159834247,4,0.14127842269552934
OCNT-0457658-AA-001,CYP2J2,314552.625,16237.82419422319,4,0.051621963715048284
OCNT-0457658-AA-001,CYP3A4,488649.25,12899.34382375063,4,0.026397960958193696
OCNT-0457672-AA-001,CYP2J2,13855.875,1304.5809911615297,4,0.09415363455296254
OCNT-0457672-AA-001,CYP3A4,23233.25,3996.9520158073783,4,0.17203585446751438
OCNT-0457679-AA-001,CYP2J2,197686.0,11817.33680516328,4,0.05977831917871412
OCNT-0457679-AA-001,CYP3A4,225072.375,4068.0432719552036,4,0.018074378394750592
OCNT-0457698-AA-001,CYP2J2,16859.375,1006.9233978643396,4,0.05972483546183293
OCNT-0457698-AA-001,CYP3A4,25946.75,1233.7167084329642,4,0.047548024644048455
OCNT-0457712-AA-001,CYP2J2,29274.0,4173.641066263365,3,0.1425716016350128
OCNT-0457712-AA-001,CYP3A4,40654.375,4360.514082364602,4,0.10725817534680096
OCNT-0457715-AA-001,CYP2J2,13374.875,1313.4548828059023,4,0.09820315201494612
OCNT-0457715-AA-001,CYP3A4,21199.75,512.4473143650961,4,0.024172328181468937
OCNT-0457736-CN-001,CYP2J2,18057.25,2492.298754831237,4,0.13802205512086488
OCNT-0457736-CN-001,CYP3A4,30632.5,1265.627709873642,4,0.041316500771195364
OCNT-0457739-AA-001,CYP2J2,26208.25,3092.080758432203,4,0.11798119899009674
OCNT-0457739-AA-001,CYP3A4,41162.75,4897.022607326483,4,0.11896733350727255
OCNT-0457748-AA-001,CYP2J2,13647.375,1129.5273624397064,4,0.08276517370114812
OCNT-0457748-AA-001,CYP3A4,32379.375,2379.2523466767175,4,0.07348049017860034
OCNT-0457772-AA-001,CYP2J2,21395.25,2786.4497573076746,4,0.1302368402943492
OCNT-0457772-AA-001,CYP3A4,43912.75,4395.88319718954,4,0.10010493984525086
OCNT-0457777-AA-001,CYP2J2,20875.125,1616.344351461037,4,0.07742920588312821
OCNT-0457777-AA-001,CYP3A4,32370.25,2287.7531371777563,4,0.07067455880562419
OCNT-0457791-AA-001,CYP2J2,21253.333333333332,3027.318381560375,3,0.14243969800315442
OCNT-0457791-AA-001,CYP3A4,19588.125,4085.925219070135,4,0.20859195145375756
OCNT-0457802-AA-001,CYP2J2,12723.5,1418.757966203773,4,0.11150689403102708
OCNT-0457802-AA-001,CYP3A4,21656.625,2052.746914705593,4,0.0947860950035194
OCNT-0457821-AA-001,CYP2J2,16925.0,1587.299121148878,4,0.09378429076211982
OCNT-0457821-AA-001,CYP3A4,20798.375,3505.905693136463,4,0.1685663275682097
OCNT-0457829-AA-001,CYP2J2,20860.25,1800.4536696806913,4,0.0863102632845096
OCNT-0457829-AA-001,CYP3A4,36544.125,1793.0978954033721,4,0.04906665285879391
OCNT-0457842-AA-001,CYP2J2,13102.875,456.2509132410951,4,0.034820672046485604
OCNT-0457842-AA-001,CYP3A4,24423.25,3947.6757824488745,4,0.1616359731996714
OCNT-0457845-AA-001,CYP2J2,22090.875,1322.9958663956586,4,0.05988879419197558
OCNT-0457845-AA-001,CYP3A4,27960.0,1756.6846140765656,4,0.06282849120445513
OCNT-0457878-AA-001,CYP2J2,29493.25,1875.3488786534272,4,0.06358569769874216
OCNT-0457878-AA-001,CYP3A4,43524.5,308.4280034843365,4,0.007086307791803157
OCNT-0457895-AA-001,CYP2J2,19086.125,2113.548058557774,4,0.11073741047791387
OCNT-0457895-AA-001,CYP3A4,29101.25,2667.9377960014986,4,0.09167777315412563
OCNT-0457908-AA-001,CYP2J2,15233.375,1966.9726050879983,4,0.12912257494402904
OCNT-0457908-AA-001,CYP3A4,23658.125,2889.6299755908776,4,0.12214112384607308
OCNT-0457919-AA-001,CYP2J2,24148.75,2987.9095395722184,4,0.12372936651264427
OCNT-0457919-AA-001,CYP3A4,28760.5,2193.4305322941045,4,0.07626538246185235
OCNT-0457930-AA-001,CYP2J2,15030.0,1109.4436293325891,4,0.07381527806604053
OCNT-0457930-AA-001,CYP3A4,24117.125,2133.325978177425,4,0.08845689435110632
OCNT-0457966-AA-001,CYP2J2,18913.25,2764.3095732328293,4,0.14615730100500068
OCNT-0457966-AA-001,CYP3A4,28688.625,1976.726096984608,4,0.06890278279229513
OCNT-0457980-AA-001,CYP2J2,15479.5,4039.1213978619985,4,0.2609335829879517
OCNT-0457980-AA-001,CYP3A4,22043.625,2964.818076909048,4,0.13449775510647854
OCNT-0457982-AA-001,CYP2J2,38468.25,4323.075419574972,4,0.11238035053778044
OCNT-0457982-AA-001,CYP3A4,67715.125,5470.164369483487,4,0.08078201686083407
OCNT-0457986-AA-001,CYP2J2,26891.125,3003.0755727809005,4,0.11167534168915955
OCNT-0457986-AA-001,CYP3A4,51913.375,2345.398309278546,4,0.04517907589862046
OCNT-0457992-AA-001,CYP2J2,24222.5,2100.8524856987615,4,0.0867314474434415
OCNT-0457992-AA-001,CYP3A4,37529.5,2142.872876926363,4,0.05709835934202062
OCNT-0458015-AA-001,CYP2J2,35660.125,1064.9327345737229,4,0.02986340442086849
OCNT-0458015-AA-001,CYP3A4,52124.75,3864.7230495858303,4,0.07414372346315004
OCNT-0458020-CN-001,CYP2J2,14016.0,1478.713630152911,4,0.10550182863533897
OCNT-0458020-CN-001,CYP3A4,19712.125,2027.8939968597965,4,0.10287546354641097
OCNT-0458025-AA-001,CYP2J2,15888.125,512.5232311807922,4,0.03225825773530811
OCNT-0458025-AA-001,CYP3A4,26737.125,1653.631678810813,4,0.061847774538616736
OCNT-0458027-AA-001,CYP2J2,26328.875,2377.469991924189,4,0.09029895853598716
OCNT-0458027-AA-001,CYP3A4,45087.5,1068.858971052776,4,0.02370632594516831
OCNT-0458076-AA-001,CYP2J2,13815.0,1863.3915315896443,4,0.13488176124427392
OCNT-0458076-AA-001,CYP3A4,26190.75,515.9965277660953,4,0.019701479635600174
OCNT-0458078-AA-001,CYP2J2,31352.375,1973.1242305457267,4,0.06293380423479009
OCNT-0458078-AA-001,CYP3A4,39244.75,10520.892440758054,4,0.2680840734304093
OCNT-0458184-AA-001,CYP2J2,24477.333333333332,1006.2110033851411,3,0.04110786864249133
OCNT-0458184-AA-001,CYP3A4,36526.666666666664,3352.0015040768294,3,0.09176861208460019
OCNT-0458275-AA-001,CYP2J2,17750.125,965.4943789755245,4,0.05439366646575866
OCNT-0458275-AA-001,CYP3A4,38748.375,2166.3796364364835,4,0.055908915830315035
OCNT-0458307-AA-001,CYP2J2,42836.75,2010.9135776225357,4,0.04694365416663346
OCNT-0458307-AA-001,CYP3A4,69319.875,2929.3277776934874,4,0.042258122619140435
OCNT-0458309-AA-001,CYP2J2,17616.125,3889.373072338694,4,0.2207848248317206
OCNT-0458309-AA-001,CYP3A4,28033.25,3188.558647727841,4,0.1137420259059453
OCNT-0458336-AA-001,CYP2J2,66950.625,7162.831741881139,4,0.10698677931507196
OCNT-0458336-AA-001,CYP3A4,93053.625,6657.4788443148655,4,0.07154454051967202
OCNT-0458364-AA-001,CYP2J2,20806.875,1405.4640618552528,4,0.06754806100653042
OCNT-0458364-AA-001,CYP3A4,26765.875,1654.1871304359734,4,0.06180209428744524
OCNT-0458388-AA-001,CYP2J2,24478.25,1741.949793574239,4,0.07116316703907506
OCNT-0458388-AA-001,CYP3A4,29912.5,1961.9685267608143,4,0.06559025580479112
OCNT-0458394-AA-001,CYP2J2,33420.25,5726.412758728918,4,0.1713455991121825
OCNT-0458394-AA-001,CYP3A4,51463.5,3485.59844216169,4,0.06772952562809934
OCNT-0458398-AA-001,CYP2J2,30445.625,5644.3145933910055,4,0.18539000573616096
OCNT-0458398-AA-001,CYP3A4,38135.5,3794.9486821299697,4,0.09951223091686144
OCNT-0458408-AA-001,CYP2J2,95644.125,9553.390614288033,4,0.09988476149777138
OCNT-0458408-AA-001,CYP3A4,113275.75,12199.436602428272,4,0.10769680714917598
OCNT-0458432-AA-001,CYP2J2,18193.5,1612.2722061322852,4,0.08861803425026989
OCNT-0458432-AA-001,CYP3A4,30271.375,2601.727354886877,4,0.08594678487141325
OCNT-0458447-AA-001,CYP2J2,12401.375,1261.6206756258662,4,0.10173232207121115
OCNT-0458447-AA-001,CYP3A4,22437.125,1524.9932991656062,4,0.06796741111731588
OCNT-0458448-AA-001,CYP2J2,24302.75,1103.1595910535036,4,0.04539237703772222
OCNT-0458448-AA-001,CYP3A4,44756.0,3308.525174958372,4,0.07392361191702503
OCNT-0458456-AA-001,CYP2J2,14622.0,2420.2514676509686,4,0.1655212329128005
OCNT-0458456-AA-001,CYP3A4,24688.875,2556.027137799336,4,0.10352951026724935
OCNT-0458458-AA-001,CYP2J2,26479.875,2381.7941897863466,4,0.08994733509075653
OCNT-0458458-AA-001,CYP3A4,33916.125,1086.0518231189526,4,0.03202169537702059
OCNT-0458462-AA-001,CYP2J2,23009.875,2063.2244737707692,4,0.08966691360864712
OCNT-0458462-AA-001,CYP3A4,35123.375,2739.7891760437815,4,0.07800472409168485
OCNT-0458485-AA-001,CYP2J2,29840.125,2498.329821267266,4,0.08372383900091793
OCNT-0458485-AA-001,CYP3A4,44547.0,3016.770099515926,4,0.06772106089110212
OCNT-0458500-AA-001,CYP2J2,23978.166666666668,955.5993320075796,3,0.03985289389684697
OCNT-0458500-AA-001,CYP3A4,35761.166666666664,2785.3585645897256,3,0.07788779909090567
OCNT-0458511-AA-001,CYP2J2,11777.0,356.5269975752187,4,0.030273159342380798
OCNT-0458511-AA-001,CYP3A4,23429.5,2421.0032699964145,4,0.10333140997445163
OCNT-0458524-AA-001,CYP2J2,21815.666666666668,508.20968441513685,3,0.023295629337409057
OCNT-0458524-AA-001,CYP3A4,33313.833333333336,3312.9277962752712,3,0.09944600980399347
OCNT-0458549-AA-001,CYP2J2,10716.375,1929.8625328850069,4,0.1800853864189156
OCNT-0458549-AA-001,CYP3A4,20313.625,3216.7437566323697,4,0.1583539991819466
OCNT-0458556-AA-001,CYP2J2,16177.75,1488.819470811242,4,0.09202883409690729
OCNT-0458556-AA-001,CYP3A4,25315.625,1499.8730154583088,4,0.059246928150433135
OCNT-0458566-AA-001,CYP2J2,22750.0,2585.0244034953844,4,0.11362744630748943
OCNT-0458566-AA-001,CYP3A4,43423.875,4582.816335235355,4,0.10553678904140533
OCNT-0458584-AA-001,CYP2J2,28790.0,1748.8480970818096,4,0.06074498426821152
OCNT-0458584-AA-001,CYP3A4,35810.25,2576.6859044128764,4,0.07195386528753293
OCNT-0458586-AA-001,CYP2J2,30824.5,4750.8426796376525,4,0.15412553908863574
OCNT-0458586-AA-001,CYP3A4,40411.25,4275.711334581261,4,0.10580497595548916
OCNT-0458590-AA-001,CYP2J2,198917.5,8243.67581846836,3,0.04144268763918891
OCNT-0458590-AA-001,CYP3A4,324797.3333333333,7803.443940551724,3,0.024025578844710523
OCNT-0458642-AA-001,CYP2J2,82416.5,2831.129898114883,4,0.03435149391341397
OCNT-0458642-AA-001,CYP3A4,155334.625,14010.155967339077,4,0.09019338713013327
OCNT-0458648-AA-001,CYP2J2,49255.625,5373.58285775577,4,0.1090958211931281
OCNT-0458648-AA-001,CYP3A4,67214.75,4370.1363537079715,4,0.06501752001916204
OCNT-0458649-AA-001,CYP2J2,68318.0,3390.4396715863663,4,0.04962732620372912
OCNT-0458649-AA-001,CYP3A4,89124.5,3512.8806555304436,4,0.03941543184568153
OCNT-0458654-AA-001,CYP2J2,3805.125,690.7834169742835,4,0.18154026923538213
OCNT-0458654-AA-001,CYP3A4,60992.0,6490.603034387483,3,0.10641728479780106
OCNT-0458656-AA-001,CYP2J2,11327.5,1266.932976390885,4,0.11184577147569057
OCNT-0458656-AA-001,CYP3A4,27215.0,2893.115621609341,4,0.10630592032369432
OCNT-0458660-AA-001,CYP2J2,45426.75,6073.844231621354,4,0.1337063345192283
OCNT-0458660-AA-001,CYP3A4,63929.0,11037.118577781068,4,0.17264650749708377
OCNT-0458661-AA-001,CYP2J2,49788.5,3049.2799969828948,4,0.061244664872066736
OCNT-0458661-AA-001,CYP3A4,85781.0,4381.399376911447,4,0.05107657146584263
OCNT-0458662-AA-001,CYP2J2,25960.25,3220.3273772501248,4,0.12404839619226027
OCNT-0458662-AA-001,CYP3A4,26343.5,5120.419823282723,4,0.1943712803265596
OCNT-0459973-AA-001,CYP2J2,33176.625,2568.695108902573,4,0.0774248468282284
OCNT-0459973-AA-001,CYP3A4,51466.125,4817.184990133414,4,0.09359913904793521
OCNT-0459975-AA-001,CYP2J2,22909.5,2527.147898323325,4,0.11031004161257667
OCNT-0459975-AA-001,CYP3A4,41774.875,4384.457651276077,4,0.10495441700965177
OCNT-0460157-AA-001,CYP2J2,20324.25,2051.7781922030463,4,0.10095222171558833
OCNT-0460157-AA-001,CYP3A4,30504.875,2125.1346378916014,4,0.06966541045952823
OCNT-0460159-AA-001,CYP2J2,149273.25,3188.2401232236816,4,0.021358415678788274
OCNT-0460159-AA-001,CYP3A4,223168.0,23136.949298326545,4,0.10367503091091261
OCNT-0460161-AA-001,CYP2J2,70350.375,1715.564696875831,4,0.024386006426772154
OCNT-0460161-AA-001,CYP3A4,100919.5,7085.279187630269,4,0.07020723633817319
OCNT-0460163-AA-001,CYP2J2,131224.5,9807.906156089924,4,0.07474142523758844
OCNT-0460163-AA-001,CYP3A4,180087.875,12399.748797018698,4,0.06885387923544935
OCNT-0460165-AA-001,CYP2J2,98886.625,6017.451556029901,4,0.06085202681383758
OCNT-0460165-AA-001,CYP3A4,156046.125,14598.619805624317,4,0.09355323501704588
OCNT-0460167-AA-001,CYP2J2,108132.875,6794.858011454937,4,0.06283804080354782
OCNT-0460167-AA-001,CYP3A4,187581.5,17701.699565295985,4,0.09436804570437908
OCNT-0460177-AA-001,CYP2J2,265912.25,5973.426243232051,4,0.02246390018975076
OCNT-0460177-AA-001,CYP3A4,394728.875,25680.090087377674,4,0.06505754129939867
OCNT-0460185-AA-001,CYP2J2,38888.125,1596.3044496064447,4,0.04104863501663926
OCNT-0460185-AA-001,CYP3A4,56364.875,6282.409335796259,4,0.1114596517032329
OCNT-0460203-AA-001,CYP2J2,19739.125,2647.265330329899,4,0.13411259771291276
OCNT-0460203-AA-001,CYP3A4,28733.625,2457.588057934039,4,0.08553003868930702
OCNT-0460205-AA-001,CYP2J2,16753.375,1067.6890445412153,4,0.06372978844807183
OCNT-0460205-AA-001,CYP3A4,32003.25,4574.136065969179,4,0.14292723601412916
OCNT-0460207-AA-001,CYP2J2,36656.0,3205.0735820986492,4,0.08743653377615258
OCNT-0460207-AA-001,CYP3A4,47270.375,4102.6206944464175,4,0.0867905256610809
OCNT-0460225-AA-001,CYP2J2,17589.875,1875.0023277763328,4,0.10659554589082258
OCNT-0460225-AA-001,CYP3A4,33958.125,4614.861326464752,4,0.13589859058663434
OCNT-0460227-AA-001,CYP2J2,13847.0,1505.5458035764527,4,0.10872721915046239
OCNT-0460227-AA-001,CYP3A4,18668.625,2657.3845341801775,4,0.14234495224903695
OCNT-0460287-AA-001,CYP2J2,19151.25,2846.7894635887637,4,0.14864771038907454
OCNT-0460287-AA-001,CYP3A4,28371.875,4791.811163763308,4,0.16889300279813402
OCNT-0460293-AA-001,CYP2J2,21486.125,1278.2234008576122,4,0.05949064342023572
OCNT-0460293-AA-001,CYP3A4,36974.375,6219.989688831218,4,0.16822433614716187
OCNT-0460299-AA-001,CYP2J2,49736.0,1566.718492050608,4,0.03150069350270645
OCNT-0460299-AA-001,CYP3A4,74470.75,10070.482862471556,4,0.1352273592312627
OCNT-0460301-AA-001,CYP2J2,125319.875,3595.3951422850128,4,0.028689744083171268
OCNT-0460301-AA-001,CYP3A4,180473.5,7826.266063711355,4,0.04336518139068259
OCNT-0460303-AA-001,CYP2J2,49497.0,4478.507042903173,4,0.09048037341461448
OCNT-0460303-AA-001,CYP3A4,89861.125,6709.980642980027,4,0.07467056130200937
OCNT-0460305-AA-001,CYP2J2,31819.625,2669.7895165162367,4,0.08390386487949612
OCNT-0460305-AA-001,CYP3A4,46128.125,5783.738963320642,4,0.12538421978609887
OCNT-0460307-AA-001,CYP2J2,26917.875,1915.814682017375,4,0.07117258260607032
OCNT-0460307-AA-001,CYP3A4,49494.875,1591.551202181904,4,0.032155878809309126
OCNT-0460309-AA-001,CYP2J2,16538.5,2547.7366752996013,4,0.15404883606733388
OCNT-0460309-AA-001,CYP3A4,27445.625,2785.958134855344,4,0.1015082780900542
OCNT-0460315-AA-001,CYP2J2,35383.75,2321.3071568981704,4,0.06560376322176621
OCNT-0460315-AA-001,CYP3A4,45406.625,7129.2437931732975,4,0.15700889007217114
OCNT-0460317-AA-001,CYP2J2,25329.125,1747.010893640907,4,0.06897241391642653
OCNT-0460317-AA-001,CYP3A4,42137.25,2329.1284671882454,4,0.05527480951386826
OCNT-0460331-AA-001,CYP2J2,179144.5,6403.399422702497,4,0.03574432607589123
OCNT-0460331-AA-001,CYP3A4,278704.125,10260.345018362359,4,0.03681447132640164
OCNT-0460333-AA-001,CYP2J2,139382.25,5305.6165287363165,4,0.038065223719206114
OCNT-0460333-AA-001,CYP3A4,222261.5,19815.608965324955,4,0.08915448228921767
OCNT-0460335-AA-001,CYP2J2,282789.0,31765.085054191182,4,0.11232786655135518
OCNT-0460335-AA-001,CYP3A4,352829.125,9497.110502454587,4,0.026917025351732477
OCNT-0460345-AA-001,CYP2J2,14610.625,548.5252007276725,4,0.03754289776978552
OCNT-0460345-AA-001,CYP3A4,25641.75,2194.387329073881,4,0.0855786882359387
OCNT-0460349-AA-001,CYP2J2,11794.0,725.3433669649155,3,0.061501048581051
OCNT-0460349-AA-001,CYP3A4,20292.166666666668,453.25057455378186,3,0.02233623358211043
OCNT-0460353-AA-001,CYP2J2,16418.5,2251.2075648415894,4,0.13711408258011326
OCNT-0460353-AA-001,CYP3A4,33993.75,1449.2463846197209,4,0.042632730564286694
OCNT-0460379-AA-001,CYP2J2,93943.25,6042.986754632736,4,0.06432592820274725
OCNT-0460379-AA-001,CYP3A4,125983.0,11098.058478851155,4,0.08809171458729476
OCNT-0460381-AA-001,CYP2J2,139964.5,3976.1656362212416,4,0.028408386671057603
OCNT-0460381-AA-001,CYP3A4,237366.375,11370.320204923872,4,0.047901983610458186
OCNT-0460385-AA-001,CYP2J2,52125.333333333336,3197.1146887988457,3,0.06133514136693954
OCNT-0460385-AA-001,CYP3A4,86256.5,22487.648381945142,3,0.26070671058929057
OCNT-0460391-AA-001,CYP2J2,64914.5,6563.187754437626,4,0.10110511140712207
OCNT-0460391-AA-001,CYP3A4,103347.5,6996.244849917706,4,0.06769631437545859
OCNT-0460409-AA-001,CYP2J2,124693.625,11454.138672513387,4,0.09185825396056443
OCNT-0460409-AA-001,CYP3A4,171179.125,7809.4376278001,4,0.045621436771569546
OCNT-0460411-AA-001,CYP2J2,254256.875,14900.854468648213,4,0.058605512510323324
OCNT-0460411-AA-001,CYP3A4,409589.25,21369.120027506986,4,0.05217207245431121
OCNT-0460413-AA-001,CYP2J2,5064.875,350.3430164377002,4,0.06917110815917475
OCNT-0460413-AA-001,CYP3A4,5904.25,599.0003478017912,4,0.10145240255778316
OCNT-0460492-AA-001,CYP2J2,13314.25,1537.0179732195718,4,0.11544157374388883
OCNT-0460492-AA-001,CYP3A4,26035.125,2727.4364757344333,4,0.10475987634914115
OCNT-0460612-AA-001,CYP2J2,109986.875,8490.724010893693,4,0.07719761117764
OCNT-0460612-AA-001,CYP3A4,232180.375,4663.086002048431,4,0.020083893834904998
OCNT-0460614-AA-001,CYP2J2,24430.625,648.8402955787092,4,0.0265584812332353
OCNT-0460614-AA-001,CYP3A4,34832.5,2648.807121454234,4,0.07604412894435468
OCNT-0460632-AA-001,CYP2J2,41152.125,6009.598813218178,4,0.14603374219965987
OCNT-0460632-AA-001,CYP3A4,52008.5,4271.823049550001,4,0.08213701701741064
OCNT-0460634-AA-001,CYP2J2,98345.0,8000.88814861617,4,0.08135531189807484
OCNT-0460634-AA-001,CYP3A4,139520.875,7732.718920006942,4,0.055423383203459284
OCNT-0460635-AA-001,CYP2J2,16294.375,2234.449685231989,4,0.13713012528752952
OCNT-0460635-AA-001,CYP3A4,24157.25,3976.9022806702205,4,0.16462562090760416
OCNT-0460636-AA-001,CYP2J2,98909.5,16504.023544780426,4,0.16685984202508786
OCNT-0460636-AA-001,CYP3A4,142451.375,6258.004119725394,4,0.04393080880914905
OCNT-0460639-AA-001,CYP2J2,14465.625,2104.8533747429215,4,0.14550725424880856
OCNT-0460639-AA-001,CYP3A4,20790.75,2886.925714896962,4,0.13885625650334701
OCNT-0460653-AA-001,CYP2J2,15093.625,3095.381354399917,4,0.20507872392483034
OCNT-0460653-AA-001,CYP3A4,35699.375,1949.0957037816281,4,0.05459747415134377
OCNT-0460655-AA-001,CYP2J2,24934.5,1544.106591743804,4,0.06192651112890991
OCNT-0460655-AA-001,CYP3A4,45274.125,4925.762147035387,4,0.10879861614189974
OCNT-0460657-AA-001,CYP2J2,43678.875,2069.2025184838717,4,0.047373072646304915
OCNT-0460657-AA-001,CYP3A4,83335.75,8055.103253010894,4,0.09665843594148843
OCNT-0460664-AA-001,CYP2J2,10647.125,1345.9337759216335,4,0.12641288384626212
OCNT-0460664-AA-001,CYP3A4,18217.375,3144.437240986056,4,0.17260649467807826
OCNT-0460665-AA-001,CYP2J2,131048.625,5629.331271341207,4,0.04295604987340544
OCNT-0460665-AA-001,CYP3A4,231077.25,30668.633752581805,4,0.13272026455474006
OCNT-0460669-AA-001,CYP2J2,43006.5,4724.889645977636,4,0.10986454712607713
OCNT-0460669-AA-001,CYP3A4,62187.375,5410.895818854767,4,0.08700955489526237
OCNT-0460673-AA-001,CYP2J2,13148.75,520.7716230108296,4,0.03960616963672057
OCNT-0460673-AA-001,CYP3A4,21471.5,2775.8471679831373,4,0.1292805424857666
OCNT-0460689-AA-001,CYP2J2,27287.5,1586.6216205090193,4,0.05814463107683076
OCNT-0460689-AA-001,CYP3A4,42206.875,4157.33771731782,4,0.09849906483997736
OCNT-0460691-AA-001,CYP2J2,35020.375,4400.715441361022,4,0.12566157390836113
OCNT-0460691-AA-001,CYP3A4,64876.625,5509.113228324501,4,0.08491676668329311
OCNT-0460695-AA-001,CYP2J2,28935.875,1372.4853596669077,4,0.0474319632520844
OCNT-0460695-AA-001,CYP3A4,49300.5,4172.732557928916,4,0.08463874723235904
OCNT-0460702-AA-001,CYP2J2,11208.25,1720.7144591709573,4,0.1535221340682941
OCNT-0460702-AA-001,CYP3A4,26284.25,2518.3639365005743,4,0.09581266106130379
OCNT-0460704-AA-001,CYP2J2,18239.875,1859.3806932685943,4,0.1019404295955205
OCNT-0460704-AA-001,CYP3A4,37889.875,4005.7687022384785,4,0.1057213491002142
OCNT-0460706-AA-001,CYP2J2,127344.375,6898.124870511309,4,0.05416905827612181
OCNT-0460706-AA-001,CYP3A4,168797.125,18992.804147777475,4,0.11251852866438024
OCNT-0460708-AA-001,CYP2J2,68472.75,4890.269752273385,4,0.07141921059506716
OCNT-0460708-AA-001,CYP3A4,118627.375,7828.756439935615,4,0.06599451804387997
OCNT-0460710-AA-001,CYP2J2,18818.375,2176.362729226603,4,0.11565093846979894
OCNT-0460710-AA-001,CYP3A4,36349.375,5642.554229173757,4,0.1552311210075485
OCNT-0460713-AA-001,CYP2J2,22177.25,1156.3866495828004,4,0.0521429234726037
OCNT-0460713-AA-001,CYP3A4,35565.5,1438.4223417805115,4,0.04044431659277984
OCNT-0460745-AA-001,CYP2J2,24825.125,1935.115688832755,4,0.0779498870129659
OCNT-0460745-AA-001,CYP3A4,36588.75,2499.9221487878385,4,0.0683248853483062
OCNT-0460757-AA-001,CYP2J2,14099.625,815.9296717037975,4,0.057868891669374006
OCNT-0460757-AA-001,CYP3A4,21930.375,1717.3912568680046,4,0.07831107570518081
OCNT-0460770-AA-001,CYP2J2,15310.75,562.9598120647689,4,0.036768924583365864
OCNT-0460770-AA-001,CYP3A4,21645.125,4726.719200019538,4,0.2183733843079926
OCNT-0460775-AA-001,CYP2J2,21863.625,906.5821690098844,4,0.04146531826309152
OCNT-0460775-AA-001,CYP3A4,31012.625,2308.194112829335,4,0.0744275633819883
OCNT-0460797-AA-001,CYP2J2,16131.625,1693.5261721725276,4,0.10498174685888914
OCNT-0460797-AA-001,CYP3A4,33072.625,4635.394991709624,4,0.1401580609857737
OCNT-0460810-AA-001,CYP2J2,16579.833333333332,2280.7543890856227,3,0.13756196116279554
OCNT-0460810-AA-001,CYP3A4,20982.25,1779.913972640251,4,0.08482950935387058
OCNT-0460815-AA-001,CYP2J2,24700.0,1265.8020514019292,4,0.05124704661546272
OCNT-0460815-AA-001,CYP3A4,33535.375,2945.796196135548,4,0.08784145685371188
OCNT-0460825-AA-001,CYP2J2,22322.75,1297.3628700817158,4,0.058118415969435476
OCNT-0460825-AA-001,CYP3A4,47965.875,10699.49191453345,4,0.22306466658918345
OCNT-0460829-AA-001,CYP2J2,66751.875,2838.891930988803,4,0.04252902155915175
OCNT-0460829-AA-001,CYP3A4,98120.0,5921.654765913549,4,0.060351149265323575
OCNT-0460831-AA-001,CYP2J2,12770.625,1504.4740706195857,4,0.11780739553620796
OCNT-0460831-AA-001,CYP3A4,23872.375,2739.8242758432516,4,0.11476965638497433
OCNT-0460832-AA-001,CYP2J2,19591.125,1980.1535872670752,4,0.10107401117940268
OCNT-0460832-AA-001,CYP3A4,29478.625,2511.685933624399,4,0.08520363258545467
OCNT-0460859-AA-001,CYP2J2,46076.375,2471.629164977356,4,0.05364200558263006
OCNT-0460859-AA-001,CYP3A4,97323.75,3123.7454148292336,4,0.0320964349897043
OCNT-0460867-AA-001,CYP2J2,34611.625,1080.595697983293,4,0.03122059995690156
OCNT-0460867-AA-001,CYP3A4,84663.125,6812.367263232853,4,0.08046439655083429
OCNT-0460891-AA-001,CYP2J2,16404.5,1565.9223586542637,4,0.09545687821355504
OCNT-0460891-AA-001,CYP3A4,30201.375,3796.956947675336,4,0.1257213271804789
OCNT-0460895-AA-001,CYP2J2,16633.875,2625.6430125145853,4,0.15784914895143706
OCNT-0460895-AA-001,CYP3A4,29028.75,1529.5982315627853,4,0.05269252832322388
OCNT-0460901-AA-001,CYP2J2,307888.25,10682.441212101287,4,0.03469583919523167
OCNT-0460901-AA-001,CYP3A4,552215.25,22578.643332804564,4,0.04088739550891535
OCNT-0460907-AA-001,CYP2J2,13954.375,1094.2867825666176,4,0.0784189032161324
OCNT-0460907-AA-001,CYP3A4,22105.875,2971.810429547394,4,0.13443532226375993
OCNT-0460909-AA-001,CYP2J2,16985.75,1316.238421918055,4,0.07749074500201963
OCNT-0460909-AA-001,CYP3A4,26334.125,1393.8258125868288,4,0.05292850294387335
OCNT-0461255-AA-001,CYP2J2,9867.0,1951.4590695169602,4,0.19777633216955104
OCNT-0461255-AA-001,CYP3A4,15869.375,814.8939987303054,4,0.05135010034927685
OCNT-0461259-AA-001,CYP2J2,40579.125,4638.401635172041,4,0.114305117105705
OCNT-0461259-AA-001,CYP3A4,63959.25,2536.4372158600727,4,0.03965708190543311
OCNT-0461261-AA-001,CYP2J2,41462.375,5124.185599927074,4,0.12358639851014501
OCNT-0461261-AA-001,CYP3A4,69046.875,3328.586396029601,4,0.048207632800609745
OCNT-0461263-AA-001,CYP2J2,20792.5,1454.4435934977562,4,0.069950395262607
OCNT-0461263-AA-001,CYP3A4,26746.875,1615.9496369524227,4,0.060416390212031226
OCNT-0461265-AA-001,CYP2J2,19146.0,1013.4066311209924,4,0.05293046229609278
OCNT-0461265-AA-001,CYP3A4,24967.125,4276.410827142313,4,0.17128166847974338
OCNT-0461271-AA-001,CYP2J2,63578.0,6698.267027124752,4,0.10535510753916058
OCNT-0461271-AA-001,CYP3A4,87531.5,4292.377022117231,4,0.049038083685498716
OCNT-0461289-AA-001,CYP2J2,36392.75,2610.058699850765,4,0.07171919406614684
OCNT-0461289-AA-001,CYP3A4,64725.75,5753.913660863071,4,0.08889682484734546
OCNT-0461290-AA-001,CYP2J2,13433.75,1041.2916258186274,4,0.07751310139154201
OCNT-0461290-AA-001,CYP3A4,25867.0,3376.20052721991,4,0.13052153427996713
OCNT-0461291-AA-001,CYP2J2,24321.25,2714.1673523691693,4,0.11159654016011386
OCNT-0461291-AA-001,CYP3A4,40431.75,3716.1611128510917,4,0.09191195317667654
OCNT-0461293-AA-001,CYP2J2,16629.5,900.2024772238749,4,0.05413286492220902
OCNT-0461293-AA-001,CYP3A4,30338.875,5066.784769045686,4,0.1670063497425559
OCNT-0461295-AA-001,CYP2J2,46176.0,5841.404811059294,4,0.12650304944255228
OCNT-0461295-AA-001,CYP3A4,53645.625,4326.260767587487,4,0.08064517409551081
OCNT-0461297-AA-001,CYP2J2,60130.0,3615.0881270954756,4,0.06012120617155289
OCNT-0461297-AA-001,CYP3A4,118378.375,10642.467111960772,4,0.08990212200463786
OCNT-0461299-AA-001,CYP2J2,17985.166666666668,1705.935398346999,3,0.0948523541629861
OCNT-0461299-AA-001,CYP3A4,27080.166666666668,339.79932803543545,3,0.012547903866991296
OCNT-0461301-AA-001,CYP2J2,23009.0,971.065995010981,4,0.042203746143290935
OCNT-0461301-AA-001,CYP3A4,32149.0,617.3278437480901,4,0.0192020854069517
OCNT-0461303-AA-001,CYP2J2,12243.125,1168.5765824996952,4,0.09544757425083017
OCNT-0461303-AA-001,CYP3A4,20996.75,1508.0608133184373,4,0.07182353522894912
OCNT-0461319-AA-001,CYP2J2,13869.25,1772.3263666717817,4,0.12778819090230414
OCNT-0461319-AA-001,CYP3A4,24231.0,2009.159276911614,4,0.08291689475925937
OCNT-0461321-AA-001,CYP2J2,38147.375,1532.9126619500103,4,0.04018396185713985
OCNT-0461321-AA-001,CYP3A4,59295.5,3749.6194918062474,4,0.06323615606253843
OCNT-0461327-AA-001,CYP2J2,30049.125,4162.352127003032,4,0.13851824727019613
OCNT-0461327-AA-001,CYP3A4,59159.75,7657.3640209931245,4,0.1294353681513719
OCNT-0461353-AA-001,CYP2J2,12090.125,1755.0375767582111,4,0.1451628975513662
OCNT-0461353-AA-001,CYP3A4,19694.125,1663.8287860133526,4,0.0844835089659151
OCNT-0461355-AA-001,CYP2J2,47332.75,1960.6919484372518,4,0.04142357983504554
OCNT-0461355-AA-001,CYP3A4,72425.875,10007.056904796404,4,0.13816963764395535
OCNT-0461364-AA-001,CYP2J2,20996.25,3261.165474182504,4,0.15532132996046932
OCNT-0461364-AA-001,CYP3A4,39498.875,7024.148814091284,4,0.17783161708001263
OCNT-0461371-AA-001,CYP2J2,52373.75,2930.461980075269,4,0.05595287677653918
OCNT-0461371-AA-001,CYP3A4,81327.375,6046.7270675272475,4,0.07435045170863129
OCNT-0461373-AA-001,CYP2J2,4135.0,817.5876099843979,4,0.19772372671932234
OCNT-0461373-AA-001,CYP3A4,38633.625,6606.580449004362,4,0.1710059682208015
OCNT-0461396-AA-001,CYP2J2,16739.5,1829.2626474438634,4,0.10927821305557893
OCNT-0461396-AA-001,CYP3A4,26889.25,2274.564665307774,4,0.08459011185911744
OCNT-0461397-AA-001,CYP2J2,16299.5,1150.134195068848,4,0.07056254456080542
OCNT-0461397-AA-001,CYP3A4,23624.375,1967.3702572639108,4,0.0832771346231979
OCNT-0461404-AA-001,CYP2J2,7673.625,519.2265682403653,4,0.06766379230681266
OCNT-0461404-AA-001,CYP3A4,8430.875,542.3306763405515,4,0.06432673670770252
OCNT-0461411-AA-001,CYP2J2,13609.25,1738.933030146168,4,0.12777581645911185
OCNT-0461411-AA-001,CYP3A4,20075.0,2092.3265360199716,4,0.10422548124632486
OCNT-0461413-AA-001,CYP2J2,21479.875,681.0131392516104,4,0.03170470681284739
OCNT-0461413-AA-001,CYP3A4,36923.75,3749.7758488563913,4,0.10155457798453275
OCNT-0461426-AA-001,CYP2J2,20565.375,721.8522904075783,4,0.03510037091021089
OCNT-0461426-AA-001,CYP3A4,48480.375,1758.910523354348,4,0.03628087702197741
OCNT-0461465-AA-001,CYP2J2,22751.875,2187.3605241249097,4,0.09613979173694079
OCNT-0461465-AA-001,CYP3A4,39889.5,7310.9563099957495,4,0.1832802193558643
OCNT-0461480-AA-001,CYP2J2,17649.625,1790.3047866680872,4,0.10143585411407252
OCNT-0461480-AA-001,CYP3A4,27317.875,2822.4372557242086,4,0.1033183311558534
OCNT-0461485-AA-001,CYP2J2,13299.0,1830.884394675608,4,0.13767083199305272
OCNT-0461485-AA-001,CYP3A4,19470.5,2092.8073251018595,4,0.10748605968526025
OCNT-0461487-AA-001,CYP2J2,11477.5,1362.968145873801,4,0.11875130872348516
OCNT-0461487-AA-001,CYP3A4,19394.0,1643.411441686672,4,0.08473813765528886
OCNT-0461492-AA-001,CYP2J2,17784.125,968.0636493364816,4,0.054434145584136506
OCNT-0461492-AA-001,CYP3A4,28701.25,3452.078612951913,4,0.12027624625937591
OCNT-0461495-AA-001,CYP2J2,12558.75,597.1014012153493,4,0.04754465223173877
OCNT-0461495-AA-001,CYP3A4,27357.125,3557.869619472679,4,0.13005276027625998
OCNT-0461497-AA-001,CYP2J2,12988.625,923.8072828427656,4,0.07112433247112497
OCNT-0461497-AA-001,CYP3A4,24521.0,676.9139531727797,4,0.027605479106593517
OCNT-0461509-AA-001,CYP2J2,33315.125,2694.8039933360647,4,0.08088830503670824
OCNT-0461509-AA-001,CYP3A4,43243.375,2730.2419421179516,4,0.06313665254198941
OCNT-0461511-AA-001,CYP2J2,18408.125,2312.141733508855,4,0.12560441291597352
OCNT-0461511-AA-001,CYP3A4,28091.0,2965.2954883676152,4,0.10556033919645492
OCNT-0461513-AA-001,CYP2J2,14425.875,985.1693911032082,4,0.06829182916829712
OCNT-0461513-AA-001,CYP3A4,23288.625,1974.9607749269353,4,0.08480366594966149
OCNT-0461519-AA-001,CYP2J2,11682.5,1745.5725421763484,4,0.1494177224204022
OCNT-0461519-AA-001,CYP3A4,16591.5,2317.403539883951,4,0.13967414277696116
OCNT-0461521-AA-001,CYP2J2,21058.875,954.8994166054001,4,0.04534427487723822
OCNT-0461521-AA-001,CYP3A4,37494.625,4223.0709476832935,4,0.11263136910112566
OCNT-0461538-AA-001,CYP2J2,14215.125,1879.5417160840034,4,0.13222125841904334
OCNT-0461538-AA-001,CYP3A4,20052.875,1827.779817839118,4,0.0911480183185263
OCNT-0461539-AA-001,CYP2J2,4407.833333333333,832.648535297657,3,0.18890200067251264
OCNT-0461539-AA-001,CYP3A4,9185.0,1453.33312308867,4,0.1582289736623484
OCNT-0461556-AA-001,CYP2J2,87266.875,2834.5333647415973,4,0.032481206239384615
OCNT-0461556-AA-001,CYP3A4,115799.875,6256.711334971965,4,0.054030380732034165
OCNT-0461558-AA-001,CYP2J2,72410.75,2540.313022050631,4,0.03508198744040948
OCNT-0461558-AA-001,CYP3A4,146697.0,5324.771935648199,4,0.03629775616166792
OCNT-0461560-AA-001,CYP2J2,44001.125,2430.744480435298,4,0.055242780279715534
OCNT-0461560-AA-001,CYP3A4,63639.5,2190.2395987653954,4,0.0344163546031222
OCNT-0461577-AQ-001,CYP2J2,122074.125,4945.234395776066,4,0.04051009495891177
OCNT-0461577-AQ-001,CYP3A4,202991.625,4719.9494413782295,4,0.023251941755617896
OCNT-0461591-AA-001,CYP2J2,29933.875,1270.217984901279,4,0.042434131394658355
OCNT-0461591-AA-001,CYP3A4,36596.25,8431.107899716779,4,0.23038174402341166
OCNT-0461611-AA-001,CYP2J2,233668.875,7697.087028815945,4,0.03294014673035057
OCNT-0461611-AA-001,CYP3A4,330255.0,9799.411776564279,4,0.029672258638216768
OCNT-0461620-AA-001,CYP2J2,127623.5,7075.868356604721,3,0.055443302813390334
OCNT-0461620-AA-001,CYP3A4,216038.16666666666,12819.853103032548,3,0.059340686420528546
OCNT-0461621-AA-001,CYP2J2,15830.875,2872.2434720092933,4,0.18143302072748937
OCNT-0461621-AA-001,CYP3A4,21343.5,4601.016391335,4,0.2155699108082086
OCNT-0461622-AA-001,CYP2J2,88800.875,6945.728392028682,4,0.07821689135415255
OCNT-0461622-AA-001,CYP3A4,144940.375,18726.634589869584,4,0.12920233295842917
OCNT-0461635-AA-001,CYP2J2,39521.125,4223.894379499406,4,0.10687687608840603
OCNT-0461635-AA-001,CYP3A4,55549.125,2604.0471505907876,4,0.04687827487095049
OCNT-0461639-AA-001,CYP2J2,22360.875,1806.9212017037894,4,0.08080726723367442
OCNT-0461639-AA-001,CYP3A4,30646.375,4310.291741382865,4,0.14064605492110782
OCNT-0461640-AA-001,CYP2J2,42166.125,5038.14217370848,4,0.11948316744088958
OCNT-0461640-AA-001,CYP3A4,55424.625,4361.868051171808,4,0.07869909902271433
OCNT-0461641-AA-001,CYP2J2,6713.5,1290.2094145267015,4,0.19218133827760506
OCNT-0461641-AA-001,CYP3A4,11352.375,1347.076116075109,4,0.11866029056255709
OCNT-0461644-AA-001,CYP2J2,84513.75,7546.961303509292,4,0.0892986206801768
OCNT-0461644-AA-001,CYP3A4,167958.0,5892.891070320803,4,0.0350855039374177
OCNT-0461646-AA-001,CYP2J2,75773.25,2350.963153688292,4,0.031026294288397187
OCNT-0461646-AA-001,CYP3A4,120296.625,6213.880596092911,4,0.051654654451801216
OCNT-0461652-AA-001,CYP2J2,160999.125,7303.1516527113145,4,0.04536143691905974
OCNT-0461652-AA-001,CYP3A4,250617.625,8102.080744835445,4,0.03232845552995503
OCNT-0461660-AA-001,CYP2J2,18377.75,2241.934822870638,4,0.12199180111116095
OCNT-0461660-AA-001,CYP3A4,27479.0,3278.7251587570845,4,0.11931748457939097
OCNT-0461669-AA-001,CYP2J2,14972.375,1988.7833540048214,4,0.13283018585927894
OCNT-0461669-AA-001,CYP3A4,31632.25,4046.2134665223307,4,0.12791418462241322
OCNT-0461672-AA-001,CYP2J2,78335.125,3800.3714593663944,4,0.04851427069742206
OCNT-0461672-AA-001,CYP3A4,137935.375,5786.3768654631085,4,0.04194991216330915
OCNT-0461674-AA-001,CYP2J2,197100.875,12830.43798534693,4,0.06509579414777804
OCNT-0461674-AA-001,CYP3A4,359343.375,47134.516000087446,4,0.13116845691140805
OCNT-0461675-AA-001,CYP2J2,31408.125,3696.456013873288,4,0.11769107560140213
OCNT-0461675-AA-001,CYP3A4,46510.625,1841.1042599030968,4,0.039584595130749085
OCNT-0461677-AA-001,CYP2J2,56990.875,5197.139475631443,4,0.09119248433422794
OCNT-0461677-AA-001,CYP3A4,106290.25,9022.515304318784,4,0.08488563442384212
OCNT-0461679-AA-001,CYP2J2,58936.25,4153.546065311743,4,0.07047523494134329
OCNT-0461679-AA-001,CYP3A4,81860.75,6168.9948465423995,4,0.0753596179676145
OCNT-0461680-AA-001,CYP2J2,302935.5,16271.220134540214,4,0.053711830190057666
OCNT-0461680-AA-001,CYP3A4,582096.0,64782.28100465951,4,0.11129140383142903
OCNT-0461681-AA-001,CYP2J2,117826.375,4907.725395995582,4,0.04165218013365499
OCNT-0461681-AA-001,CYP3A4,188911.625,11939.086958215577,4,0.06319932380135726
OCNT-0461682-AA-001,CYP2J2,412983.375,17274.870893752963,4,0.04182945837408821
OCNT-0461682-AA-001,CYP3A4,618231.75,25509.2786991322,4,0.04126167686976963
OCNT-0461684-AA-001,CYP2J2,177511.25,15914.703733235707,4,0.08965462038735972
OCNT-0461684-AA-001,CYP3A4,294896.875,16636.75903120858,4,0.05641551485144962
OCNT-0461685-AA-001,CYP2J2,68756.625,4199.270956070829,4,0.0610744194624275
OCNT-0461685-AA-001,CYP3A4,142476.625,14811.930553751816,4,0.10396042546454069
OCNT-0461686-AA-001,CYP2J2,40685.0,1422.3242129228715,4,0.03495942516708545
OCNT-0461686-AA-001,CYP3A4,60228.375,2032.6734192109338,4,0.0337494315463589
OCNT-0461687-AA-001,CYP2J2,156467.5,5472.3473939434825,4,0.03497433904129281
OCNT-0461687-AA-001,CYP3A4,251057.375,20022.579830344042,4,0.07975300399099625
OCNT-0461704-AA-001,CYP2J2,163726.625,6107.517845177911,4,0.03730314385444586
OCNT-0461704-AA-001,CYP3A4,298119.5,13725.791434376375,4,0.04604123995369768
OCNT-0461705-AA-001,CYP2J2,125345.375,8750.445335095808,4,0.06981067578357644
OCNT-0461705-AA-001,CYP3A4,180016.5,20568.693618377096,4,0.11426004626452073
OCNT-0461710-AA-001,CYP2J2,114816.625,8026.015266774663,4,0.06990290183825437
OCNT-0461710-AA-001,CYP3A4,181121.125,18466.29468958242,4,0.10195549905944114
OCNT-0461714-AA-001,CYP2J2,189376.0,8826.710400823173,4,0.046609445763049026
OCNT-0461714-AA-001,CYP3A4,281478.875,23613.863323533064,4,0.08389213337424722
OCNT-0461716-AA-001,CYP2J2,85634.5,1305.0355039870244,4,0.015239599740607167
OCNT-0461716-AA-001,CYP3A4,130521.75,16492.25721614035,4,0.1263563905336877
OCNT-0461718-AA-001,CYP2J2,275742.5,6910.144921297477,4,0.02506013734298295
OCNT-0461718-AA-001,CYP3A4,525221.625,36002.138796130326,4,0.0685465660255903
OCNT-0461720-AA-001,CYP2J2,54020.625,4303.349903950797,4,0.07966123872041089
OCNT-0461720-AA-001,CYP3A4,90731.875,5810.844106424355,4,0.06404413119892381
OCNT-0461724-AA-001,CYP2J2,3622.75,635.675559280571,4,0.17546768595143772
OCNT-0461724-AA-001,CYP3A4,6032.375,550.5947352636056,4,0.09127329372985028
OCNT-0461725-AA-001,CYP2J2,18710.625,1810.9558882442902,4,0.09678756793235342
OCNT-0461725-AA-001,CYP3A4,29459.5,2937.0017591641536,4,0.0996962527932977
OCNT-0461726-AA-001,CYP2J2,115597.0,16987.028614995226,4,0.1469504279089875
OCNT-0461726-AA-001,CYP3A4,129181.75,29855.655451131308,4,0.2311135702305574
OCNT-0461728-AA-001,CYP2J2,11656.125,843.4277656286479,4,0.07235919017929611
OCNT-0461728-AA-001,CYP3A4,14522.875,3025.5518057317527,4,0.20833008655185373
OCNT-0461730-AA-001,CYP2J2,46792.25,3018.3716774667314,4,0.06450580336416246
OCNT-0461730-AA-001,CYP3A4,108894.75,18796.713207810204,4,0.17261358520782868
OCNT-0461736-AA-001,CYP2J2,148752.625,5942.927524587524,4,0.03995174891594366
OCNT-0461736-AA-001,CYP3A4,191666.5,6843.723803602831,4,0.03570641611133313
OCNT-0461738-AA-001,CYP2J2,49192.75,5924.78631822842,4,0.1204402339415548
OCNT-0461738-AA-001,CYP3A4,71898.125,6905.326837244322,4,0.0960432116587786
OCNT-0461740-AA-001,CYP2J2,227959.5,9047.282759665102,4,0.039688114597834716
OCNT-0461740-AA-001,CYP3A4,360161.125,15407.324266805714,4,0.042778976400647664
OCNT-0461744-AA-001,CYP2J2,7176.0,908.1861960339777,4,0.12655883445289545
OCNT-0461744-AA-001,CYP3A4,10891.625,1720.0866923404374,4,0.1579274619113711
OCNT-0461748-AA-001,CYP2J2,76058.875,3004.909437764584,4,0.039507676622413675
OCNT-0461748-AA-001,CYP3A4,152588.875,15583.522598003958,4,0.10212751485325491
OCNT-0461751-AA-001,CYP2J2,32568.75,5957.185192409806,4,0.18291107863856632
OCNT-0461751-AA-001,CYP3A4,61128.0,1699.4672204350786,4,0.027801780206044343
OCNT-0461753-AA-001,CYP2J2,19295.25,1819.9965888246427,4,0.09432355573649695
OCNT-0461753-AA-001,CYP3A4,26825.375,2031.6550467947718,4,0.07573631484349322
OCNT-0461755-AA-001,CYP2J2,16789.25,3251.703796986025,4,0.19367772812877435
OCNT-0461755-AA-001,CYP3A4,26294.125,2775.562927137484,4,0.10555829209519177
OCNT-0461758-AA-001,CYP2J2,41032.75,1959.9181317936052,4,0.047764727730742036
OCNT-0461758-AA-001,CYP3A4,57913.875,11870.33309259545,4,0.2049652711478113
OCNT-0461760-AA-001,CYP2J2,30035.75,1701.5268878275187,4,0.05665005494544064
OCNT-0461760-AA-001,CYP3A4,51599.625,9234.855515698842,4,0.1789713687977159
OCNT-0461763-AA-001,CYP2J2,25045.625,2550.779108919469,4,0.10184529669031893
OCNT-0461763-AA-001,CYP3A4,45743.25,8560.442692018525,4,0.1871411124486897
OCNT-0461766-AA-001,CYP2J2,27312.625,1221.679061442352,4,0.04472946344199256
OCNT-0461766-AA-001,CYP3A4,37714.125,4299.945200716709,4,0.1140141843597514
OCNT-0461767-AA-001,CYP2J2,14264.625,1483.8190801105102,4,0.10402089645612907
OCNT-0461767-AA-001,CYP3A4,23483.625,1623.2721262417258,4,0.06912357552301766
OCNT-0461770-AA-001,CYP2J2,173173.125,9966.410507089971,4,0.05755171598993765
OCNT-0461770-AA-001,CYP3A4,263519.5,6744.596269113032,4,0.02559429669953469
OCNT-0461774-AA-001,CYP2J2,176324.125,13945.550457493604,4,0.07909042768534144
OCNT-0461774-AA-001,CYP3A4,239895.625,15262.502702019963,4,0.06362142995321388
OCNT-0461784-AA-001,CYP2J2,28609.25,2154.478069045958,4,0.0753070447161655
OCNT-0461784-AA-001,CYP3A4,50473.875,5231.686939139868,4,0.10365138280228867
OCNT-0461786-AA-001,CYP2J2,32133.125,3364.4263100613944,4,0.10470274242114312
OCNT-0461786-AA-001,CYP3A4,50153.125,2984.0105667540793,4,0.0594979987140199
OCNT-0461788-AA-001,CYP2J2,16543.125,942.7382435402382,4,0.056986708589836454
OCNT-0461788-AA-001,CYP3A4,27786.625,1459.9661739802968,4,0.052542047621123356
OCNT-0461790-AA-001,CYP2J2,33535.625,1672.1435531975114,4,0.04986170835335591
OCNT-0461790-AA-001,CYP3A4,51372.75,1110.8988477804808,4,0.02162428228546225
OCNT-0461792-AA-001,CYP2J2,44209.75,3220.701799815271,4,0.07285048659662792
OCNT-0461792-AA-001,CYP3A4,77428.625,6368.870744684647,4,0.08225473130492304
OCNT-0461794-AA-001,CYP2J2,91441.125,7816.39491043239,4,0.08548008251683682
OCNT-0461794-AA-001,CYP3A4,154810.25,8867.393383439503,4,0.057279110287849176
OCNT-0461796-AA-001,CYP2J2,110861.125,10067.154707057665,4,0.09080870058875612
OCNT-0461796-AA-001,CYP3A4,134905.0,8136.481436509679,4,0.06031267511589399
OCNT-0461798-AA-001,CYP2J2,151373.125,13664.19200181628,4,0.09026828244324268
OCNT-0461798-AA-001,CYP3A4,209777.625,5450.020556153893,4,0.025979989792304557
OCNT-0461808-AA-001,CYP2J2,19869.875,1297.925355776158,4,0.06532126426442834
OCNT-0461808-AA-001,CYP3A4,44880.25,3540.192002796835,4,0.07888084408613666
OCNT-0461810-AA-001,CYP2J2,67398.125,7220.610689489266,4,0.10713370274750621
OCNT-0461810-AA-001,CYP3A4,133559.75,13216.344719702192,4,0.09895454820559482
OCNT-0461812-AA-001,CYP2J2,53590.875,6079.7843351964375,4,0.11344812592062431
OCNT-0461812-AA-001,CYP3A4,80602.625,8102.860722968975,4,0.10052849672041048
OCNT-0461813-AA-001,CYP2J2,32109.75,2174.9551144793772,4,0.06773503731668348
OCNT-0461813-AA-001,CYP3A4,42546.125,2061.976979139195,4,0.04846450714698918
OCNT-0461815-AA-001,CYP2J2,59618.5,1339.4831714757252,4,0.022467575861112324
OCNT-0461815-AA-001,CYP3A4,85004.5,6921.090316320591,4,0.08142028147122318
OCNT-0461825-AA-001,CYP2J2,14409.875,1237.0074356418936,4,0.08584442513497817
OCNT-0461825-AA-001,CYP3A4,26225.375,2846.2139874752916,4,0.10852901007041049
OCNT-0461832-AA-001,CYP2J2,53394.125,2210.817811542448,4,0.04140563800872189
OCNT-0461832-AA-001,CYP3A4,83957.0,2953.0164239299456,4,0.0351729626348005
OCNT-0461834-AA-001,CYP2J2,45570.5,1506.0958911481478,4,0.033049799566564945
OCNT-0461834-AA-001,CYP3A4,62002.0,10754.376915160326,4,0.17345209695107136
OCNT-0461836-AA-001,CYP2J2,22437.0,2360.9781871080468,4,0.1052269994699847
OCNT-0461836-AA-001,CYP3A4,32518.0,2868.2732029335466,4,0.08820570769830699
OCNT-0461838-AA-001,CYP2J2,19150.625,1986.53397382644,4,0.1037320700408702
OCNT-0461838-AA-001,CYP3A4,26759.125,2013.3242566710412,4,0.07523879262386349
OCNT-0461839-AA-001,CYP2J2,27579.625,1466.2181155953574,4,0.05316309107159207
OCNT-0461839-AA-001,CYP3A4,41588.875,3075.2072118531028,4,0.07394302471161104
OCNT-0461841-AA-001,CYP2J2,27380.833333333332,3279.4947908684553,3,0.11977337398551743
OCNT-0461841-AA-001,CYP3A4,36160.166666666664,2763.132702809138,3,0.07641371590679813
OCNT-0461843-AA-001,CYP2J2,67582.5,3987.5084325929643,4,0.059002085341515395
OCNT-0461843-AA-001,CYP3A4,99102.5,5706.834922558504,4,0.05758517618181685
OCNT-0461847-AA-001,CYP2J2,40873.5,3747.6628939469283,4,0.09168930710477273
OCNT-0461847-AA-001,CYP3A4,75062.5,9383.796300005664,4,0.12501310641139937
OCNT-0461851-AA-001,CYP2J2,28817.375,1645.2104411999496,4,0.05709091966912148
OCNT-0461851-AA-001,CYP3A4,40464.125,2192.8101215487545,4,0.05419146272281322
OCNT-0461853-AA-001,CYP2J2,3640.125,580.8191593201221,4,0.15956022370663703
OCNT-0461853-AA-001,CYP3A4,27865.875,2658.6492301856347,4,0.09540878333035065
OCNT-0461855-AA-001,CYP2J2,16340.125,420.037374329158,4,0.025705885011844034
OCNT-0461855-AA-001,CYP3A4,35200.875,4143.11369171786,4,0.11769916775414986
OCNT-0461857-AA-001,CYP2J2,28583.875,1184.4649548073032,4,0.041438221892843546
OCNT-0461857-AA-001,CYP3A4,37213.25,5362.8804837823245,4,0.14411212360603615
OCNT-0461861-AA-001,CYP2J2,44377.625,3775.8338455454664,4,0.08508418027205075
OCNT-0461861-AA-001,CYP3A4,56262.875,5283.850085796025,4,0.09391361685296078
OCNT-0461863-AA-001,CYP2J2,18593.375,1870.265996010549,4,0.10058776289998718
OCNT-0461863-AA-001,CYP3A4,36729.875,2446.300212395582,4,0.0666024649524558
OCNT-0461867-AA-001,CYP2J2,57420.25,4887.674591937015,4,0.08512109564024913
OCNT-0461867-AA-001,CYP3A4,105632.875,5757.893312300369,4,0.05450853545641325
OCNT-0461871-AA-001,CYP2J2,45392.375,4424.412868298647,4,0.09747039823976265
OCNT-0461871-AA-001,CYP3A4,60376.5,5433.765376483112,4,0.08999801870733004
OCNT-0461875-AA-001,CYP2J2,11939.5,590.5511549956251,4,0.04946196699992672
OCNT-0461875-AA-001,CYP3A4,20768.75,2014.0790078842488,4,0.09697641927820638
OCNT-0461878-AA-001,CYP2J2,105171.125,2493.7897323484726,4,0.02371173392267576
OCNT-0461878-AA-001,CYP3A4,171428.75,10648.05974109838,4,0.062113617121389374
OCNT-0462523-AA-001,CYP2J2,8742.875,1045.4581431920967,4,0.11957830155321868
OCNT-0462523-AA-001,CYP3A4,13886.25,1559.4375321463401,4,0.11230083947403656
OCNT-0462528-AA-001,CYP2J2,64987.0,2226.7807106523383,4,0.03426501778282331
OCNT-0462528-AA-001,CYP3A4,105387.0,6644.183270600934,4,0.06304556796000392
OCNT-0462530-AA-001,CYP2J2,208468.125,17656.127059159,4,0.08469461246969531
OCNT-0462530-AA-001,CYP3A4,282224.5,47366.838176442965,4,0.16783389881616573
OCNT-0462531-AA-001,CYP2J2,30189.875,3781.3176577969043,4,0.12525118629331536
OCNT-0462531-AA-001,CYP3A4,50766.125,4502.692090572039,4,0.08869481550092781
OCNT-0462535-AA-001,CYP2J2,19327.625,1516.0668617071829,4,0.07844041167537051
OCNT-0462535-AA-001,CYP3A4,31939.375,3607.021563908372,4,0.1129333796891258
OCNT-0462537-AA-001,CYP2J2,17803.25,2142.8870517754003,4,0.12036493627710673
OCNT-0462537-AA-001,CYP3A4,25844.625,3662.01286578388,4,0.1416934030106407
OCNT-0462545-AA-001,CYP2J2,47027.75,2298.076242570439,4,0.048866387240946864
OCNT-0462545-AA-001,CYP3A4,73098.75,5428.008881410075,4,0.07425583722580859
OCNT-0462546-AA-001,CYP2J2,45539.0,2355.0858087693255,4,0.051715799836828336
OCNT-0462546-AA-001,CYP3A4,85461.875,8177.0234129439405,4,0.09568036522652867
OCNT-0462547-AA-001,CYP2J2,32590.0,1576.025116128124,4,0.04835916281460951
OCNT-0462547-AA-001,CYP3A4,48255.25,2948.015730962099,4,0.06109212429657082
OCNT-0462553-AA-001,CYP2J2,29477.875,1218.88968430289,4,0.041349306362921
OCNT-0462553-AA-001,CYP3A4,55284.625,2367.773475053445,4,0.04282878784207083
OCNT-0462555-AA-001,CYP2J2,8430.5,1059.5860827071422,4,0.12568484463639668
OCNT-0462555-AA-001,CYP3A4,16303.875,1661.0710086667978,4,0.10188197644221375
OCNT-0462557-AA-001,CYP2J2,24029.75,1368.5287416297354,4,0.056951434851787275
OCNT-0462557-AA-001,CYP3A4,30701.125,1411.8604968267935,4,0.04598725606396487
OCNT-0462565-AA-001,CYP2J2,17562.875,1756.5556436295053,4,0.10001526763866994
OCNT-0462565-AA-001,CYP3A4,27351.75,3052.956231261758,4,0.11161831441358444
OCNT-0462570-AA-001,CYP2J2,24571.625,1976.4262097280532,4,0.08043530738109723
OCNT-0462570-AA-001,CYP3A4,36094.625,1341.8646463658943,4,0.037176301079894704
OCNT-0462589-AA-001,CYP2J2,17792.75,1636.1845097665482,4,0.09195793285279387
OCNT-0462589-AA-001,CYP3A4,25949.125,1742.0333605205922,4,0.06713264360631012
OCNT-0462595-AA-001,CYP2J2,12810.25,1906.1341549499252,4,0.14879757654611933
OCNT-0462595-AA-001,CYP3A4,16640.125,1459.5836949281118,4,0.08771470736716892
OCNT-0462596-AA-001,CYP2J2,14767.25,277.69602685910604,4,0.018804857157500958
OCNT-0462596-AA-001,CYP3A4,28852.625,2617.834199454452,4,0.09073123154147854
OCNT-0462599-AA-001,CYP2J2,20124.0,1315.489579332856,4,0.06536918998871279
OCNT-0462599-AA-001,CYP3A4,36668.5,1770.2979033673016,4,0.048278437988117914
OCNT-0462601-AA-001,CYP2J2,31350.25,2577.839453883814,4,0.08222707805787238
OCNT-0462601-AA-001,CYP3A4,53384.75,5217.753244133596,4,0.09773864716297437
OCNT-0462603-AA-001,CYP2J2,44632.0,3166.169952271461,4,0.07093945940740862
OCNT-0462603-AA-001,CYP3A4,60020.25,8301.659849090422,4,0.13831431640305433
OCNT-0462633-AA-001,CYP2J2,69918.5,6539.497445013134,4,0.09353028804984566
OCNT-0462633-AA-001,CYP3A4,123730.875,5876.411637144448,4,0.04749349454729426
OCNT-0462641-AA-001,CYP2J2,46846.5,2567.9723518760866,4,0.054816738750516826
OCNT-0462641-AA-001,CYP3A4,75112.5,4383.239916621799,4,0.05835566539020535
OCNT-0462643-AA-001,CYP2J2,28935.75,2576.4364763499734,4,0.08903990656367895
OCNT-0462643-AA-001,CYP3A4,42491.125,2439.2663301014654,4,0.05740648971053286
OCNT-0462644-AA-001,CYP2J2,45897.0,5761.573092480907,4,0.1255326729956404
OCNT-0462644-AA-001,CYP3A4,70229.375,5866.469130788977,4,0.08353298218571611
OCNT-0462672-AA-001,CYP2J2,36806.125,1472.070671707035,4,0.03999526360645232
OCNT-0462672-AA-001,CYP3A4,49578.875,6993.139225638702,4,0.14105078474730823
OCNT-0462676-AA-001,CYP2J2,27809.125,2657.995622488244,4,0.09557998040169347
OCNT-0462676-AA-001,CYP3A4,49060.375,7624.363682465573,4,0.1554077742468453
OCNT-0462677-AA-001,CYP2J2,15349.5,880.2107702135895,4,0.05734458908847777
OCNT-0462677-AA-001,CYP3A4,27484.5,1929.9842400047378,4,0.07022082410102923
OCNT-0462696-AA-001,CYP2J2,27524.5,3416.912861048698,4,0.12414077861718462
OCNT-0462696-AA-001,CYP3A4,43018.5,5404.9981190252665,4,0.1256435747184413
OCNT-0462710-AA-001,CYP2J2,44397.375,4436.656818953509,4,0.09993061118936669
OCNT-0462710-AA-001,CYP3A4,73986.125,6632.899747659391,4,0.08965058985937419
OCNT-0462732-AA-001,CYP2J2,26628.625,1597.5264408349135,4,0.059992825045788636
OCNT-0462732-AA-001,CYP3A4,58077.375,3770.060396841586,4,0.06491444210144805
OCNT-0462736-AA-001,CYP2J2,21049.625,2454.785780708098,4,0.11661897923160618
OCNT-0462736-AA-001,CYP3A4,28605.25,2312.8266075663064,4,0.08085322126414929
OCNT-0462760-AA-001,CYP2J2,28817.25,2876.5842156974995,4,0.09982160739478957
OCNT-0462760-AA-001,CYP3A4,46398.75,6594.523213748411,4,0.14212717398094585
OCNT-0462764-AA-001,CYP2J2,113216.375,8616.404067968262,4,0.07610563461308721
OCNT-0462764-AA-001,CYP3A4,143095.375,8771.127116615817,4,0.06129567162192221
OCNT-0462783-AA-001,CYP2J2,14518.375,1282.890705594206,4,0.08836324351686783
OCNT-0462783-AA-001,CYP3A4,26521.75,2113.1274019014245,4,0.07967526282773288
OCNT-0462787-AQ-001,CYP2J2,86089.375,2292.0795643185397,4,0.026624418684867205
OCNT-0462787-AQ-001,CYP3A4,157081.5,6356.188493638831,4,0.04046427169105739
OCNT-0462789-AQ-001,CYP2J2,192759.125,5165.75416202707,4,0.026799012301114516
OCNT-0462789-AQ-001,CYP3A4,268500.25,21466.394486499128,4,0.07994925325581309
OCNT-0462791-AQ-001,CYP2J2,376316.75,10623.329966791649,4,0.02822975582881083
OCNT-0462791-AQ-001,CYP3A4,481454.0,22566.36158090178,4,0.04687127239757439
OCNT-0462804-AA-001,CYP2J2,13662.375,2144.797674024289,4,0.15698571251515853
OCNT-0462804-AA-001,CYP3A4,20076.25,3004.3526895711384,4,0.14964710489115937
OCNT-0462806-AA-001,CYP2J2,40035.5,1932.4490075204226,4,0.0482683869945529
OCNT-0462806-AA-001,CYP3A4,53727.375,3059.124966800147,4,0.056937919762507415
OCNT-0462809-AQ-001,CYP2J2,183384.375,7231.960158156758,4,0.039436076046046764
OCNT-0462809-AQ-001,CYP3A4,286729.125,19621.54310689742,4,0.06843233350256073
OCNT-0462811-AQ-001,CYP2J2,151925.25,8267.515633489906,4,0.054418311857244966
OCNT-0462811-AQ-001,CYP3A4,267577.0,16942.936291170627,4,0.0633198529439026
OCNT-0462813-AQ-001,CYP2J2,134565.5,12457.30673808214,4,0.09257429830143789
OCNT-0462813-AQ-001,CYP3A4,172840.625,19267.88656623156,4,0.11147776494230774
OCNT-0462815-AQ-001,CYP2J2,168201.125,12968.206843244234,4,0.07709940610233275
OCNT-0462815-AQ-001,CYP3A4,263491.875,20572.0829215023,4,0.07807482838513446
OCNT-0462817-AQ-001,CYP2J2,185319.625,20370.80062808447,4,0.10992252238846517
OCNT-0462817-AQ-001,CYP3A4,241209.5,29674.168822956668,4,0.12302238851685637
OCNT-0462819-AQ-001,CYP2J2,187764.0,7045.735932699529,4,0.03752442391885308
OCNT-0462819-AQ-001,CYP3A4,268756.5,25094.286809949397,4,0.09337183216015016
OCNT-0462821-AQ-001,CYP2J2,87506.125,2711.779501084114,4,0.030989596454923746
OCNT-0462821-AQ-001,CYP3A4,153351.125,13549.585887737185,4,0.08835661223702913
OCNT-0462823-AQ-001,CYP2J2,142261.125,5587.95562460011,4,0.03927956864252346
OCNT-0462823-AQ-001,CYP3A4,225279.875,11088.312378167982,4,0.04922016393238847
OCNT-0462828-AA-001,CYP2J2,181049.5,13453.27966829402,4,0.07430719039983
OCNT-0462828-AA-001,CYP3A4,220195.25,15361.872392930058,4,0.0697647764560319
OCNT-0462830-AA-001,CYP2J2,27372.125,2361.1788501720916,4,0.08626216817920025
OCNT-0462830-AA-001,CYP3A4,50905.0,3706.6897855993648,4,0.07281582920340565
OCNT-0462877-AA-001,CYP2J2,11418.75,702.2018347075625,4,0.06149550823930487
OCNT-0462877-AA-001,CYP3A4,16431.375,2246.4547393244616,4,0.13671739214304715
OCNT-0462881-AA-001,CYP2J2,12297.5,828.3702875727334,4,0.0673608690849956
OCNT-0462881-AA-001,CYP3A4,17759.375,1455.9818207999715,4,0.08198384350800474
OCNT-0462890-AA-001,CYP2J2,13086.625,721.8775721454895,4,0.0551614776266218
OCNT-0462890-AA-001,CYP3A4,22498.125,2822.646848113782,4,0.1254614261461247
OCNT-0462899-AA-001,CYP2J2,35820.625,3681.716342844281,4,0.10278202412281419
OCNT-0462899-AA-001,CYP3A4,48798.75,5269.031449580337,4,0.10797472167996797
OCNT-0462905-AA-001,CYP2J2,14839.0,1765.7663586480894,4,0.11899496992035107
OCNT-0462905-AA-001,CYP3A4,36383.0,4417.106877433086,4,0.12140579054594415
OCNT-0462907-AA-001,CYP2J2,11607.625,1697.1045624337153,4,0.14620601220608997
OCNT-0462907-AA-001,CYP3A4,24781.5,1568.8640795174063,4,0.06330787399945145
OCNT-0462914-AA-001,CYP2J2,21821.375,1737.6559102710755,4,0.07963090823887475
OCNT-0462914-AA-001,CYP3A4,26281.75,5454.020787455802,4,0.20752121861960493
OCNT-0462915-AA-001,CYP2J2,94561.25,2110.5257836220194,4,0.022319140066591966
OCNT-0462915-AA-001,CYP3A4,156041.125,6588.286605471361,4,0.04222147594405873
OCNT-0462917-AA-001,CYP2J2,19194.25,1360.490628413147,4,0.07088011401399623
OCNT-0462917-AA-001,CYP3A4,32355.5,1571.346397202094,4,0.048565047587028294
OCNT-0462937-AA-001,CYP2J2,40625.375,1627.8770620555676,4,0.04007045010798221
OCNT-0462937-AA-001,CYP3A4,65529.125,3602.794433376218,4,0.05498004793099584
OCNT-0462939-AA-001,CYP2J2,19603.333333333332,1025.1951440254356,3,0.05229698065084692
OCNT-0462939-AA-001,CYP3A4,43767.333333333336,1944.539619892929,3,0.044429017529655196
OCNT-0462941-AA-001,CYP2J2,98797.0,3889.140414881758,4,0.03936496467384392
OCNT-0462941-AA-001,CYP3A4,145142.125,3009.7038164078526,4,0.02073625294109379
OCNT-0462943-AA-001,CYP2J2,79356.0,5839.0452986768305,4,0.07358038835975642
OCNT-0462943-AA-001,CYP3A4,134717.125,6064.356332634707,4,0.04501548212697314
OCNT-0462954-AA-001,CYP2J2,10672.75,237.96095618119068,4,0.02229612388383413
OCNT-0462954-AA-001,CYP3A4,19617.625,1085.148712926789,4,0.055314989094081925
OCNT-0462960-AA-001,CYP2J2,21785.5,2658.6116677694777,4,0.12203583428287061
OCNT-0462960-AA-001,CYP3A4,30629.25,2309.6141633037614,4,0.0754055082414281
OCNT-0462966-AA-001,CYP2J2,32895.25,1972.5498515035472,4,0.05996458003825924
OCNT-0462966-AA-001,CYP3A4,60575.875,5481.972825771758,4,0.0904976250986347
OCNT-0462984-AA-001,CYP2J2,27459.625,1563.518061669473,4,0.0569387987516025
OCNT-0462984-AA-001,CYP3A4,36723.125,3121.5746927632536,4,0.08500297000223302
OCNT-0462986-AA-001,CYP2J2,26109.875,1888.0515695199288,4,0.07231178125210974
OCNT-0462986-AA-001,CYP3A4,46792.75,5046.613608814,4,0.10785033170339423
OCNT-0462988-AA-001,CYP2J2,79612.25,4613.7218616499495,4,0.05795241136445647
OCNT-0462988-AA-001,CYP3A4,165323.875,4916.550795951023,4,0.029738903687994388
OCNT-0462990-AA-001,CYP2J2,23683.75,2521.912452220867,4,0.10648281848190709
OCNT-0462990-AA-001,CYP3A4,49923.625,7241.358785649279,4,0.14504873765976087
OCNT-0462992-AA-001,CYP2J2,19786.5,3160.023760459194,4,0.15970605010786112
OCNT-0462992-AA-001,CYP3A4,42145.375,3422.4326722133374,4,0.08120541511881997
OCNT-0462994-AA-001,CYP2J2,32773.125,2443.951048848292,4,0.0745718038437986
OCNT-0462994-AA-001,CYP3A4,45387.625,2768.9204086009167,4,0.06100606516866473
OCNT-0463027-AA-001,CYP2J2,10999.125,1075.3341631790558,4,0.09776542799350456
OCNT-0463027-AA-001,CYP3A4,13732.125,1420.0815924328665,4,0.10341309829562916
OCNT-0463042-AA-001,CYP2J2,8213.25,994.897188993248,4,0.12113319197555755
OCNT-0463042-AA-001,CYP3A4,14709.25,2063.5913072440803,4,0.14029208200581814
OCNT-0463085-AA-001,CYP2J2,53168.125,3533.03166263291,4,0.06645018350060135
OCNT-0463085-AA-001,CYP3A4,78513.25,3700.6948334062877,4,0.047134653493598695
OCNT-0463087-AA-001,CYP2J2,91205.25,5385.997346515004,4,0.05905358898215842
OCNT-0463087-AA-001,CYP3A4,120208.875,8305.009174939745,4,0.06908815322445822
OCNT-0463091-AA-001,CYP2J2,17666.625,1200.6222258340326,4,0.0679599089149191
OCNT-0463091-AA-001,CYP3A4,24733.0,4092.302550724551,4,0.16545920635283026
OCNT-0463093-AA-001,CYP2J2,13581.375,1343.4390182785871,4,0.09891774715583564
OCNT-0463093-AA-001,CYP3A4,24736.75,2920.244553115372,4,0.11805287893985152
OCNT-0463109-AA-001,CYP2J2,23224.75,3593.6519609815678,4,0.15473371988854853
OCNT-0463109-AA-001,CYP3A4,33059.625,4188.5173664635395,4,0.12669585231119648
OCNT-0463117-AA-001,CYP2J2,17803.0,1270.7806655752986,4,0.07138014186234334
OCNT-0463117-AA-001,CYP3A4,38181.875,2856.8358771841736,4,0.07482178067955472
OCNT-0463127-AA-001,CYP2J2,22183.875,4716.782278471203,4,0.2126221085572833
OCNT-0463127-AA-001,CYP3A4,32114.5,3278.119049088975,4,0.10207597966927634
OCNT-0463132-AA-001,CYP2J2,33036.125,1019.914978074153,4,0.030872718216018162
OCNT-0463132-AA-001,CYP3A4,45430.25,5548.738302533289,4,0.12213752516293196
OCNT-0463136-AA-001,CYP2J2,19929.75,1606.187073994392,4,0.08059243462634463
OCNT-0463136-AA-001,CYP3A4,36846.875,3722.543247454174,4,0.10102738013614924
OCNT-0463145-AA-001,CYP2J2,25391.375,1704.368131938246,4,0.06712390061342664
OCNT-0463145-AA-001,CYP3A4,29210.625,3760.5301127855187,4,0.12873843379884953
OCNT-0463147-AA-001,CYP2J2,15942.25,669.5448080599239,4,0.04199813753139763
OCNT-0463147-AA-001,CYP3A4,31518.875,1009.0656879014368,4,0.03201464798161219
OCNT-0463149-AA-001,CYP2J2,16570.5,745.9376649559935,4,0.045016002230228024
OCNT-0463149-AA-001,CYP3A4,30235.375,5204.439425064593,4,0.17213080456467275
OCNT-0463159-AA-001,CYP2J2,30599.125,2344.1043909846107,4,0.0766069092166724
OCNT-0463159-AA-001,CYP3A4,36255.25,1705.0117546026866,4,0.04702799607236708
OCNT-0463200-AA-001,CYP2J2,7697.0,1904.1114288122253,4,0.24738358176071526
OCNT-0463200-AA-001,CYP3A4,12391.375,1055.5124643982183,4,0.08518122197078358
OCNT-0463205-AA-001,CYP2J2,63984.0,915.3005881494158,4,0.01430514797682883
OCNT-0463205-AA-001,CYP3A4,123246.0,4863.842839429198,4,0.0394645087015335
OCNT-0463240-AA-001,CYP2J2,36652.875,1144.317509478903,4,0.031220402478083997
OCNT-0463240-AA-001,CYP3A4,69009.125,7129.362224572872,4,0.10331042778144009
OCNT-0463259-AA-001,CYP2J2,14126.875,2392.221052181424,4,0.16933830391940355
OCNT-0463259-AA-001,CYP3A4,23733.5,2059.719438823324,4,0.0867853219636094
OCNT-0463268-AA-001,CYP2J2,19723.5,372.82726116348664,4,0.01890269278593995
OCNT-0463268-AA-001,CYP3A4,32033.5,3763.436527962176,4,0.11748440001754963
OCNT-0463282-AA-001,CYP2J2,62185.833333333336,3942.190835478838,3,0.06339371242880353
OCNT-0463282-AA-001,CYP3A4,86952.375,5768.655784712761,4,0.06634270524195297
OCNT-0463293-AA-001,CYP2J2,89841.0,1429.3223919046395,4,0.01590946663443906
OCNT-0463293-AA-001,CYP3A4,154297.625,10535.465409550416,4,0.068280152786217
OCNT-0463304-AA-001,CYP2J2,11150.375,775.4082123845047,4,0.06954099861076464
OCNT-0463304-AA-001,CYP3A4,15843.375,2561.603481382967,4,0.16168294201096464
OCNT-0463305-AA-001,CYP2J2,42615.5,3321.0324950733816,4,0.07793015440563601
OCNT-0463305-AA-001,CYP3A4,60102.625,7300.450504078498,4,0.12146641688409612
OCNT-0463306-AA-001,CYP2J2,14296.0,808.053370762105,3,0.05652303936500455
OCNT-0463306-AA-001,CYP3A4,28547.0,2642.081187246145,3,0.09255197349094983
OCNT-0463320-AA-001,CYP2J2,19252.5,3808.8674825989942,4,0.19783755266064118
OCNT-0463320-AA-001,CYP3A4,27372.375,1879.0856985512928,4,0.06864898272624471
OCNT-0463322-AA-001,CYP2J2,14891.375,1599.7283298006155,4,0.10742650224043217
OCNT-0463322-AA-001,CYP3A4,35622.875,4861.157481762961,4,0.13646168316742993
OCNT-0463381-AA-001,CYP2J2,7918.375,106.24450966206831,4,0.013417463767764006
OCNT-0463381-AA-001,CYP3A4,14486.375,1308.736755743237,4,0.09034259818230833
OCNT-0463418-AA-001,CYP2J2,9257.0,1278.7360947435557,4,0.13813720371000926
OCNT-0463418-AA-001,CYP3A4,22527.75,701.6830362302725,4,0.031147497474460276
OCNT-0463426-AA-001,CYP2J2,11431.166666666666,557.0557273140032,3,0.048731310071646515
OCNT-0463426-AA-001,CYP3A4,16739.375,2103.973359107318,4,0.12569007857863979
OCNT-0463436-AA-001,CYP2J2,24131.75,2228.259055107073,4,0.09233723435337565
OCNT-0463436-AA-001,CYP3A4,36819.5,4450.3042967120045,4,0.1208681350021593
OCNT-0463446-AA-001,CYP2J2,36265.375,3400.171181352491,4,0.0937580593431749
OCNT-0463446-AA-001,CYP3A4,50993.25,2179.2692009019897,4,0.04273642493667279
OCNT-0463463-AA-001,CYP2J2,46831.375,3084.9960122880775,4,0.06587455551514508
OCNT-0463463-AA-001,CYP3A4,76735.375,2547.8416478462727,4,0.033202960796715635
OCNT-0463468-AA-001,CYP2J2,10699.375,962.6791932760709,4,0.08997527362823257
OCNT-0463468-AA-001,CYP3A4,16746.75,1661.7916285342953,4,0.09923069422630035
OCNT-0475000-AA-001,CYP2J2,49534.125,4575.548972072459,4,0.09237165231186498
OCNT-0475000-AA-001,CYP3A4,63102.25,5299.37778580341,4,0.08398080553076015
OCNT-0475002-AA-001,CYP2J2,64680.125,3712.7543992522137,4,0.0574017814475809
OCNT-0475002-AA-001,CYP3A4,102894.5,7391.064763167301,4,0.07183148528995525
OCNT-0475003-AA-001,CYP2J2,12703.625,623.846051388749,4,0.04910771936268183
OCNT-0475003-AA-001,CYP3A4,20511.875,2684.2714522131823,4,0.13086426532012224
OCNT-0475004-AA-001,CYP2J2,65627.375,2863.8065977238525,4,0.043637378422096765
OCNT-0475004-AA-001,CYP3A4,77403.375,6858.52440853716,4,0.08860756276502361
OCNT-0475006-AA-001,CYP2J2,26199.75,517.7419724148314,4,0.019761332547632376
OCNT-0475006-AA-001,CYP3A4,42028.375,3626.9334929799847,4,0.08629725734054636
OCNT-0475008-AA-001,CYP2J2,34124.625,2059.5735147112373,4,0.06035446586478935
OCNT-0475008-AA-001,CYP3A4,42876.875,4518.280339815876,4,0.10537802346406719
OCNT-0475010-AA-001,CYP2J2,99688.75,3131.831373174486,4,0.031416096331576895
OCNT-0475010-AA-001,CYP3A4,128681.0,10394.908040317945,4,0.08078044187034562
OCNT-0475034-AA-001,CYP2J2,22144.75,3703.5451147065387,4,0.16724257960494196
OCNT-0475034-AA-001,CYP3A4,28121.25,1277.2084468349976,4,0.04541791160901445
OCNT-0475039-AA-001,CYP2J2,69167.375,2382.8370476877635,4,0.03445030330683741
OCNT-0475039-AA-001,CYP3A4,108025.25,8202.980906353494,4,0.07593577340810129
OCNT-0475040-AA-001,CYP2J2,55083.5,1761.9553059030754,4,0.031986988951375195
OCNT-0475040-AA-001,CYP3A4,61356.25,9855.882173436665,4,0.1606337116990798
OCNT-0475042-AA-001,CYP2J2,129679.75,3313.7657455931735,4,0.02555345569060068
OCNT-0475042-AA-001,CYP3A4,160131.125,15018.898657885446,4,0.09379125174999829
OCNT-0475044-AA-001,CYP2J2,56603.75,2024.0868928976336,4,0.03575888334072625
OCNT-0475044-AA-001,CYP3A4,75650.75,4544.26423270772,4,0.060068991156171224
OCNT-0475045-AA-001,CYP2J2,13063.666666666666,3370.070189674591,3,0.25797276336464425
OCNT-0475045-AA-001,CYP3A4,27204.5,2535.8258023768117,4,0.09321346844738229
OCNT-0475046-AA-001,CYP2J2,71249.875,4122.802553583342,4,0.057863997004673234
OCNT-0475046-AA-001,CYP3A4,111738.125,12827.356361665743,4,0.1147983856151671
OCNT-0475056-AA-001,CYP2J2,40904.875,1713.1309725665067,4,0.041880850939319744
OCNT-0475056-AA-001,CYP3A4,53039.875,4186.01645113426,4,0.07892206478869454
OCNT-0475057-AA-001,CYP2J2,82381.125,5304.47241132424,4,0.06438941458160762
OCNT-0475057-AA-001,CYP3A4,97565.875,7365.126751285412,4,0.07548875824959712
OCNT-0475064-AA-001,CYP2J2,85652.125,2286.3724680156574,4,0.02669370395673963
OCNT-0475064-AA-001,CYP3A4,143019.125,10818.643540781815,4,0.07564473311371339
OCNT-0475065-AA-001,CYP2J2,84506.125,3408.2676776479866,4,0.040331605284800204
OCNT-0475065-AA-001,CYP3A4,143326.0,13288.075951769693,4,0.09271225005769848
OCNT-0475066-AA-001,CYP2J2,64828.625,3073.9904948616863,4,0.04741717867472411
OCNT-0475066-AA-001,CYP3A4,113232.0,9259.306201510637,4,0.08177287517230675
OCNT-0475068-AA-001,CYP2J2,133871.75,6987.581907689288,4,0.05219608997185207
OCNT-0475068-AA-001,CYP3A4,158460.75,16735.29023998887,4,0.10561158040706528
OCNT-0475070-AA-001,CYP2J2,142952.375,7813.064650261552,4,0.05465501815035638
OCNT-0475070-AA-001,CYP3A4,173130.75,9534.115467624668,4,0.055068874059776604
OCNT-0475078-AA-001,CYP2J2,247310.0,6030.346300172155,4,0.02438375439801122
OCNT-0475078-AA-001,CYP3A4,271139.75,24972.846528780014,4,0.09210322916053443
OCNT-0475081-AA-001,CYP2J2,19953.625,1546.9368859674485,4,0.07752660912327702
OCNT-0475081-AA-001,CYP3A4,33041.0,1606.373555559229,3,0.04861758286853392
OCNT-0475093-AA-001,CYP2J2,13483.75,1338.10005231298,4,0.09923797551222621
OCNT-0475093-AA-001,CYP3A4,17369.5,1434.362460003282,4,0.08257937534202378
OCNT-0475095-AA-001,CYP2J2,27790.25,2869.6465665072183,4,0.10326091224466201
OCNT-0475095-AA-001,CYP3A4,55577.0,7197.9552999445605,4,0.1295132033025273
OCNT-0475098-AA-001,CYP2J2,19180.625,646.4141313172743,4,0.03370141125835442
OCNT-0475098-AA-001,CYP3A4,26932.125,2527.493731446233,4,0.0938467993686437
OCNT-0475100-AA-001,CYP2J2,42475.0,849.6032897770582,3,0.020002431778153223
OCNT-0475100-AA-001,CYP3A4,68756.125,7348.203492180929,4,0.10687343843448026
OCNT-0475102-AA-001,CYP2J2,26802.625,1246.4067938812484,4,0.046503161309060154
OCNT-0475102-AA-001,CYP3A4,33306.0,2014.903967934949,4,0.060496726353658464
OCNT-0475103-AA-001,CYP2J2,50994.875,4912.680130285301,4,0.09633674227626406
OCNT-0475103-AA-001,CYP3A4,65794.66666666667,18548.394851936202,3,0.2819133493890518
OCNT-0475104-AA-001,CYP2J2,126174.125,7750.185270634933,4,0.06142452163337715
OCNT-0475104-AA-001,CYP3A4,201937.625,14670.238616413164,4,0.07264737622032132
OCNT-0475106-AA-001,CYP2J2,80957.625,6455.898380228217,4,0.07974416715199115
OCNT-0475106-AA-001,CYP3A4,137154.75,9841.85728152974,4,0.07175731997272963
OCNT-0475108-AA-001,CYP2J2,40134.875,5140.820854931632,4,0.12808862254913295
OCNT-0475108-AA-001,CYP3A4,65785.125,3468.829230326376,4,0.052729689733452295
OCNT-0475110-AA-001,CYP2J2,50578.0,4775.233528320892,3,0.09441325335760395
OCNT-0475110-AA-001,CYP3A4,63722.166666666664,4730.024057373633,3,0.07422886422108946
OCNT-0475113-AA-001,CYP2J2,75688.0,7155.045690513327,4,0.09453342261010103
OCNT-0475113-AA-001,CYP3A4,97394.75,5560.496897760128,4,0.057092367892110495
OCNT-0475115-AA-001,CYP2J2,19329.875,796.5427771521958,4,0.041207859706914596
OCNT-0475115-AA-001,CYP3A4,31111.125,2710.26737226545,4,0.08711569807473854
OCNT-0475117-AA-001,CYP2J2,37857.75,2390.9612606648407,4,0.0631564543763124
OCNT-0475117-AA-001,CYP3A4,60246.0,5876.711509566099,4,0.09754525627537262
OCNT-0475119-AA-001,CYP2J2,75652.375,5708.494071337903,4,0.07545690497275073
OCNT-0475119-AA-001,CYP3A4,129984.125,17005.979999081697,4,0.13083120726536182
OCNT-0475124-AA-001,CYP2J2,24662.0,1952.116757095572,4,0.07915484377161512
OCNT-0475124-AA-001,CYP3A4,40850.75,1383.5508965460344,4,0.03386843317554841
OCNT-0475129-AA-001,CYP2J2,23790.875,819.8453487294622,4,0.03446049582999626
OCNT-0475129-AA-001,CYP3A4,41030.375,7977.494023553596,4,0.1944289815424206
OCNT-0475130-AA-001,CYP2J2,59937.75,4192.793430399355,4,0.06995246619032838
OCNT-0475130-AA-001,CYP3A4,84905.375,7797.248877809402,4,0.09183457322707075
OCNT-0475132-AA-001,CYP2J2,178782.66666666666,4593.612558034614,3,0.025693836229656573
OCNT-0475132-AA-001,CYP3A4,205651.375,14440.151842316847,4,0.07021665594172102
OCNT-0475135-AA-001,CYP2J2,151443.25,7260.689940816002,4,0.04794330510482311
OCNT-0475135-AA-001,CYP3A4,223557.125,11331.867111344303,4,0.05068891054733462
OCNT-0475145-AA-001,CYP2J2,58808.5,4391.614680274215,4,0.07467652941792793
OCNT-0475145-AA-001,CYP3A4,100808.625,6264.526150941772,4,0.06214275961944499
OCNT-0475148-AA-001,CYP2J2,44863.5,3974.7382932716464,4,0.08859625961575995
OCNT-0475148-AA-001,CYP3A4,54940.625,7602.280330872222,4,0.1383726583174513
OCNT-0475149-AA-001,CYP2J2,69488.25,4769.525911101298,4,0.06863787634745872
OCNT-0475149-AA-001,CYP3A4,135813.125,9104.410015435744,4,0.06703630459453565
OCNT-0475155-AA-001,CYP2J2,30249.125,2348.021343422301,4,0.07762278556560896
OCNT-0475155-AA-001,CYP3A4,47000.25,3085.2336891500886,4,0.06564292081744434
OCNT-0475157-AA-001,CYP2J2,33531.375,4068.3602834352487,4,0.12132995689664526
OCNT-0475157-AA-001,CYP3A4,47311.75,1773.5847644436592,4,0.03748719428986794
OCNT-0475159-AA-001,CYP2J2,12547.125,1475.7140291510864,4,0.11761371861291621
OCNT-0475159-AA-001,CYP3A4,21384.75,2530.3499263935814,4,0.11832497113099669
OCNT-0475161-AA-001,CYP2J2,26469.625,1369.7368588528236,4,0.05174749770171748
OCNT-0475161-AA-001,CYP3A4,52490.625,6101.625867682044,4,0.11624220263489041
OCNT-0475163-AA-001,CYP2J2,76351.125,1587.2607628133026,4,0.020788963657225778
OCNT-0475163-AA-001,CYP3A4,93340.625,11857.53552510667,4,0.12703509886618683
OCNT-0475165-AA-001,CYP2J2,21180.75,2230.999981323771,4,0.10533149115700675
OCNT-0475165-AA-001,CYP3A4,32221.5,3506.804409525382,4,0.10883430037476165
OCNT-0475169-AA-001,CYP2J2,27967.125,3147.6725627834926,4,0.11254902185274648
OCNT-0475169-AA-001,CYP3A4,33267.375,1777.6523082894093,4,0.053435304357179046
OCNT-0475172-AA-001,CYP2J2,18640.875,1335.0124453227647,4,0.07161747746941947
OCNT-0475172-AA-001,CYP3A4,31550.625,2871.5768715405598,4,0.0910148965841583
OCNT-0475174-AA-001,CYP2J2,111954.66666666667,11836.187164088498,3,0.10572303519360662
OCNT-0475174-AA-001,CYP3A4,181886.5,11022.489472286496,4,0.06060092130139673
OCNT-0475192-AA-001,CYP2J2,129961.75,6207.408980403981,4,0.04776335329744314
OCNT-0475192-AA-001,CYP3A4,190442.75,8036.96226298635,4,0.042201460874653145
OCNT-0475194-AA-001,CYP2J2,22517.25,2723.628661057401,4,0.12095742868500377
OCNT-0475194-AA-001,CYP3A4,35905.5,7818.882635432423,4,0.21776281169827527
OCNT-0475196-AA-001,CYP2J2,16033.5,1288.2492641824667,4,0.08034735174369081
OCNT-0475196-AA-001,CYP3A4,27280.375,3028.4254537905776,4,0.11101113726591287
OCNT-0475198-AA-001,CYP2J2,37197.125,1080.5361612798222,4,0.029048916046060608
OCNT-0475198-AA-001,CYP3A4,40844.5,1481.8611046023632,4,0.03628055441007634
OCNT-0475200-AA-001,CYP2J2,21237.25,1747.2916900162945,4,0.08227485620860961
OCNT-0475200-AA-001,CYP3A4,28136.0,3934.016226029916,4,0.13982144675966435
OCNT-0475202-AA-001,CYP2J2,62590.125,6022.325345122099,4,0.09621845850478968
OCNT-0475202-AA-001,CYP3A4,71524.75,4543.2417666243555,4,0.06351985524765001
OCNT-0475205-AA-001,CYP2J2,17790.375,701.9072083734906,4,0.03945432338404843
OCNT-0475205-AA-001,CYP3A4,25702.0,4525.247083493527,4,0.17606595142376183
OCNT-0475206-AA-001,CYP2J2,23774.0,1369.3088889411813,4,0.057596907922149464
OCNT-0475206-AA-001,CYP3A4,30595.5,3546.370985481731,4,0.11591152246185651
OCNT-0475209-AA-001,CYP2J2,62920.25,3715.182016626732,4,0.059045887717018485
OCNT-0475209-AA-001,CYP3A4,113662.0,7783.419374970532,4,0.06847864171816906
OCNT-0475213-AA-001,CYP2J2,34830.125,3919.71755732051,4,0.1125381421203774
OCNT-0475213-AA-001,CYP3A4,67168.875,6728.808207686808,4,0.1001774736838574
OCNT-0475217-AA-001,CYP2J2,89086.875,9730.05573275405,4,0.10921985682800132
OCNT-0475217-AA-001,CYP3A4,161171.125,22532.086341389546,4,0.13980225267639937
OCNT-0475219-AA-001,CYP2J2,155007.625,14176.478290787407,4,0.09145665118594912
OCNT-0475219-AA-001,CYP3A4,270128.75,22338.8621073232,4,0.08269709206192677
OCNT-0475224-AA-001,CYP2J2,25574.375,1571.4011462704227,4,0.06144436164208989
OCNT-0475224-AA-001,CYP3A4,43973.625,3504.3108541480747,4,0.07969119794304141
OCNT-0475228-AA-001,CYP2J2,23149.0,1555.6577922752376,4,0.06720194359476597
OCNT-0475228-AA-001,CYP3A4,33167.25,1261.9063951022677,4,0.03804675983394064
OCNT-0475233-AA-001,CYP2J2,30890.375,3359.8830429793247,4,0.10876795904806351
OCNT-0475233-AA-001,CYP3A4,38586.0,8399.560186898678,4,0.2176841389856082
OCNT-0475236-AA-001,CYP2J2,27488.625,3338.6642132994853,4,0.12145621009779446
OCNT-0475236-AA-001,CYP3A4,55647.125,5042.1438293481215,4,0.0906092422447363
OCNT-0475245-AA-001,CYP2J2,37769.875,4478.537007680819,4,0.11857431372703298
OCNT-0475245-AA-001,CYP3A4,66952.25,8193.093865160667,4,0.12237219608244183
OCNT-0475246-AA-001,CYP2J2,27628.75,2735.0928838584864,4,0.09899444903799436
OCNT-0475246-AA-001,CYP3A4,42463.0,7210.1706521644355,4,0.16979889909249077
OCNT-0475247-AA-001,CYP2J2,37871.0,3619.336426289586,4,0.09557013087295255
OCNT-0475247-AA-001,CYP3A4,61994.25,4610.515453829431,4,0.07437004970347139
OCNT-0475251-AA-001,CYP2J2,46788.75,4359.4666053696665,4,0.09317339329154266
OCNT-0475251-AA-001,CYP3A4,54172.625,2760.7680807763136,4,0.05096242024041319
OCNT-0475255-AA-001,CYP2J2,15428.5,502.0878077255677,4,0.032542878939985594
OCNT-0475255-AA-001,CYP3A4,28053.75,3276.266383654825,4,0.11678532758204607
OCNT-0475259-AA-001,CYP2J2,71456.5,2151.8769326644447,4,0.030114502286908044
OCNT-0475259-AA-001,CYP3A4,115362.75,11873.166402298362,4,0.10292027887943346
OCNT-0475261-AA-001,CYP2J2,22610.833333333332,605.2896689464749,3,0.02676989653690229
OCNT-0475261-AA-001,CYP3A4,37960.333333333336,1125.1538043011421,3,0.029640250901409596
OCNT-0475263-AA-001,CYP2J2,12082.5,3171.9176901889073,4,0.26252163792169725
OCNT-0475263-AA-001,CYP3A4,17241.125,2073.1364875071135,4,0.12024368986983816
OCNT-0475264-AA-001,CYP2J2,19947.75,2497.9109104743243,4,0.12522268980082085
OCNT-0475264-AA-001,CYP3A4,33852.875,3454.7939247515187,4,0.10205319119133954
OCNT-0475266-AA-001,CYP2J2,21163.0,2449.4806592418727,4,0.11574354577526214
OCNT-0475266-AA-001,CYP3A4,39686.625,704.1591173165341,4,0.01774298311626484
OCNT-0475269-AA-001,CYP2J2,16849.75,2146.625937760621,4,0.12739808826603488
OCNT-0475269-AA-001,CYP3A4,19998.375,3891.4143181924655,4,0.19458652606486604
OCNT-0475270-AA-001,CYP2J2,32063.625,3394.8560689912415,4,0.10587873545150436
OCNT-0475270-AA-001,CYP3A4,60613.0,5619.978825582887,4,0.09271903429269113
OCNT-0475275-AA-001,CYP2J2,235009.625,10063.611606302185,4,0.04282212529083516
OCNT-0475275-AA-001,CYP3A4,376249.25,23633.924083472328,4,0.06281454138040761
OCNT-0475277-AA-001,CYP2J2,23593.5,1275.3077406388363,4,0.05405335116192325
OCNT-0475277-AA-001,CYP3A4,27576.5,6423.744922810474,4,0.23294272017154005
OCNT-0475283-AA-001,CYP2J2,117336.625,10098.23159745474,4,0.0860620594588837
OCNT-0475283-AA-001,CYP3A4,146384.125,12761.572247539356,4,0.08717866262847393
OCNT-0475286-AA-001,CYP2J2,32946.125,1509.1672855695397,4,0.04580712558971775
OCNT-0475286-AA-001,CYP3A4,46935.625,5295.698448977246,4,0.112828974770811
OCNT-0475288-AA-001,CYP2J2,18094.75,636.9953558177124,4,0.035203324490126274
OCNT-0475288-AA-001,CYP3A4,35309.375,6084.07199682088,4,0.17230755279074975
OCNT-0475292-AA-001,CYP2J2,34676.25,2664.7931908499017,4,0.07684779037092827
OCNT-0475292-AA-001,CYP3A4,65664.0,4215.1614638904,4,0.06419288291743422
OCNT-0475299-AA-001,CYP2J2,141825.625,9069.965337815063,4,0.06395152736196343
OCNT-0475299-AA-001,CYP3A4,213870.25,17064.54708110747,4,0.07978925110485198
OCNT-0475300-AA-001,CYP2J2,21888.5,1857.912314041399,4,0.0848807508071087
OCNT-0475300-AA-001,CYP3A4,36375.25,1666.9794289872525,4,0.04582729820378561
OCNT-0475305-AA-001,CYP2J2,111204.625,3428.6218653904275,4,0.03083164810267943
OCNT-0475305-AA-001,CYP3A4,124795.375,27931.304222368493,4,0.22381682191642513
OCNT-0475310-AA-001,CYP2J2,41567.75,2184.831515243223,4,0.052560735552037885
OCNT-0475310-AA-001,CYP3A4,70413.625,1815.3282244541892,4,0.025780922718496444
OCNT-0475312-AA-001,CYP2J2,34890.625,4216.214541801686,4,0.12084090043677023
OCNT-0475312-AA-001,CYP3A4,59318.125,4840.197540304184,4,0.08159727807148631
OCNT-0475318-AA-001,CYP2J2,429207.1666666667,24041.218148906966,3,0.056013086490650316
OCNT-0475318-AA-001,CYP3A4,511040.8333333333,40907.93714346072,3,0.08004827496196955
OCNT-0476778-AA-002,CYP2J2,131964.375,10029.11606586044,4,0.0759986630168971
OCNT-0476778-AA-002,CYP3A4,293415.875,6675.3683965131595,4,0.022750535895554935
OCNT-0476804-AA-002,CYP2J2,42868.75,2461.3802868851194,4,0.057416656349558115
OCNT-0476804-AA-002,CYP3A4,54583.75,3188.2770294732336,4,0.05841073633587347
OCNT-0477307-AA-002,CYP2J2,4736.5,888.4220093326519,4,0.18756930419775192
OCNT-0477307-AA-002,CYP3A4,6290.0,1265.3998709235486,4,0.20117645006733684
OCNT-0478597-AA-001,CYP2J2,44010.875,7155.554990995923,4,0.16258606517129964
OCNT-0478597-AA-001,CYP3A4,80728.0,9177.919272180741,4,0.11368941720568751
OCNT-0479142-AA-001,CYP2J2,46528.125,8466.740295365547,4,0.1819703737334257
OCNT-0479142-AA-001,CYP3A4,101741.0,7499.580177138805,4,0.07371246770858164
OCNT-0479153-AA-001,CYP2J2,48482.75,2192.284824104751,4,0.04521783158143362
OCNT-0479153-AA-001,CYP3A4,78870.25,6584.053722188684,4,0.08347955943069388
OCNT-0479155-AA-001,CYP2J2,63863.125,3640.3314495386276,4,0.05700208766073736
OCNT-0479155-AA-001,CYP3A4,96525.25,5975.915139123043,4,0.06191038240380671
OCNT-0479157-AA-001,CYP2J2,87876.0,4372.730363666773,4,0.04976023446295658
OCNT-0479157-AA-001,CYP3A4,117169.25,14609.87342233555,4,0.12469033831261657
OCNT-0479161-AA-001,CYP2J2,104845.25,6722.28669551267,4,0.06411627322661417
OCNT-0479161-AA-001,CYP3A4,125699.875,6101.696272007757,4,0.048541784723395764
OCNT-0479163-AA-001,CYP2J2,11020.0,1505.7712863070096,4,0.13663986264128944
OCNT-0479163-AA-001,CYP3A4,23105.625,1513.6874608606186,4,0.06551164319773296
OCNT-0479165-AA-001,CYP2J2,15900.625,1409.45801492394,4,0.08864167382879226
OCNT-0479165-AA-001,CYP3A4,25151.125,4388.083263700298,4,0.17446866745325698
OCNT-0479172-AA-001,CYP2J2,19757.125,3230.9159272823345,4,0.1635316842547858
OCNT-0479172-AA-001,CYP3A4,35851.75,5069.009543293443,4,0.1413880645517567
OCNT-0479173-AA-001,CYP2J2,54770.875,3443.7276163821866,4,0.0628751615960524
OCNT-0479173-AA-001,CYP3A4,92834.375,8249.426418192157,4,0.0888617650325341
OCNT-0479175-AA-001,CYP2J2,56104.875,3865.896713032222,4,0.06890482713012411
OCNT-0479175-AA-001,CYP3A4,94315.875,12428.388722162123,4,0.13177409128804798
OCNT-0479179-AA-001,CYP2J2,73565.375,8835.148191315186,4,0.12009927484655908
OCNT-0479179-AA-001,CYP3A4,78944.875,22404.231015498688,4,0.2837958894164908
OCNT-0479187-AA-001,CYP2J2,28274.375,2643.2800133861465,4,0.0934867707380321
OCNT-0479187-AA-001,CYP3A4,52734.0,6342.988977340782,4,0.12028272039558505
OCNT-0479188-AA-001,CYP2J2,16280.875,1437.1064316303555,4,0.08826960661698806
OCNT-0479188-AA-001,CYP3A4,22079.125,2367.5354757989717,4,0.10722958793878705
OCNT-0479190-AA-001,CYP2J2,90418.375,8945.81634410745,4,0.09893803493048232
OCNT-0479190-AA-001,CYP3A4,129844.125,11205.099102454797,4,0.08629654289290946
OCNT-0479194-AA-001,CYP2J2,15047.0,1130.7566051100473,4,0.07514830897255581
OCNT-0479194-AA-001,CYP3A4,24082.75,4530.324224968157,4,0.18811490485796503
OCNT-0479195-AA-001,CYP2J2,86732.5,10433.785722354085,4,0.12029845470099541
OCNT-0479195-AA-001,CYP3A4,139198.625,14097.570992757343,4,0.10127665408158552
OCNT-0479203-AA-001,CYP2J2,7655.0,372.7642239629048,4,0.048695522398811864
OCNT-0479203-AA-001,CYP3A4,17482.0,2835.355268744995,4,0.1621871221110282
OCNT-0479211-AA-001,CYP2J2,42916.375,3143.177250675925,4,0.07323957931386155
OCNT-0479211-AA-001,CYP3A4,70830.125,5351.895807017048,4,0.07555959850440823
OCNT-0479220-AA-001,CYP2J2,79188.875,3449.8733883772225,4,0.04356512689916636
OCNT-0479220-AA-001,CYP3A4,96868.5,11205.096347942157,4,0.11567327199184624
OCNT-0479222-AA-001,CYP2J2,119537.375,16005.461007496786,4,0.1338950349838014
OCNT-0479222-AA-001,CYP3A4,135298.5,17908.712390900695,4,0.13236445630144233
OCNT-0479224-AA-001,CYP2J2,81464.125,5213.1213038991,4,0.06399284720604438
OCNT-0479224-AA-001,CYP3A4,139344.375,4411.789421066396,4,0.03166105141356726
OCNT-0479228-AA-001,CYP2J2,62221.625,7332.309019844977,4,0.11784181174704096
OCNT-0479228-AA-001,CYP3A4,87827.0,4524.220780053364,4,0.051512869391569384
OCNT-0479230-AA-001,CYP2J2,58069.875,2836.9776281282157,4,0.04885455028322716
OCNT-0479230-AA-001,CYP3A4,83843.875,9750.466590331287,4,0.11629312922776157
OCNT-0479232-AA-001,CYP2J2,111750.125,2036.742798972583,4,0.018225865957399
OCNT-0479232-AA-001,CYP3A4,203359.25,7269.751743812622,4,0.03574832098275649
OCNT-0479233-AA-001,CYP2J2,47774.375,2981.1964146127634,4,0.06240157855780978
OCNT-0479233-AA-001,CYP3A4,56357.25,9830.097274018535,4,0.17442471508135218
OCNT-0479239-AA-001,CYP2J2,36635.375,3666.0284454024622,4,0.1000679929003719
OCNT-0479239-AA-001,CYP3A4,65139.875,8398.405526993402,4,0.12892879402966925
OCNT-0479245-AA-001,CYP2J2,20789.125,1407.4424425768414,4,0.06770089855041236
OCNT-0479245-AA-001,CYP3A4,24884.875,1462.0009333672347,4,0.05875058377296388
OCNT-0479247-AA-001,CYP2J2,16755.0,2172.6009182544317,3,0.12966881040014513
OCNT-0479247-AA-001,CYP3A4,26665.333333333332,903.0914036426957,3,0.03386762101765197
OCNT-0479249-AA-001,CYP2J2,21169.125,4235.658181341675,4,0.20008659693500205
OCNT-0479249-AA-001,CYP3A4,20068.0,3860.3729310348585,4,0.19236460688832263
OCNT-0479251-AA-001,CYP2J2,56290.25,4648.2174629994815,4,0.08257588948351591
OCNT-0479251-AA-001,CYP3A4,98139.625,11346.663139259637,4,0.11561755141472813
OCNT-0479252-AA-001,CYP2J2,67166.125,7424.19576312254,4,0.11053482336702526
OCNT-0479252-AA-001,CYP3A4,83183.5,2647.7225118958363,4,0.03182990030349572
OCNT-0479253-AA-001,CYP2J2,37732.5,2365.1365358755356,4,0.06268168119990819
OCNT-0479253-AA-001,CYP3A4,44654.25,3850.263897881979,4,0.0862239069714972
OCNT-0479255-AA-001,CYP2J2,123807.75,5733.728578915004,4,0.04631154817784027
OCNT-0479255-AA-001,CYP3A4,220482.625,8813.166120214686,4,0.03997215708137857
OCNT-0479257-AA-001,CYP2J2,28759.375,3676.6321857328444,4,0.1278411712957199
OCNT-0479257-AA-001,CYP3A4,52017.125,5299.350154735956,4,0.10187702905025904
OCNT-0479260-AA-001,CYP2J2,14837.75,636.1479780679964,4,0.04287361480467028
OCNT-0479260-AA-001,CYP3A4,24951.0,3001.29258264946,4,0.12028746674079036
OCNT-0479261-AA-001,CYP2J2,52685.0,2489.576436531591,4,0.04725398949476304
OCNT-0479261-AA-001,CYP3A4,63133.875,6099.58247717279,4,0.09661346586397224
OCNT-0479263-AA-001,CYP2J2,92624.83333333333,7467.297943924118,3,0.08061874634690248
OCNT-0479263-AA-001,CYP3A4,166837.0,16887.473486285628,3,0.10122139265442094
OCNT-0479265-AA-001,CYP2J2,24521.875,3946.256567410859,4,0.16092801090499234
OCNT-0479265-AA-001,CYP3A4,39749.75,3236.928958647893,4,0.08143268721558986
OCNT-0479268-AA-001,CYP2J2,34882.125,3159.1603413723715,4,0.0905667398810242
OCNT-0479268-AA-001,CYP3A4,34920.625,6109.546824096968,4,0.17495525421142857
OCNT-0479274-AA-001,CYP2J2,113737.0,9515.13652906077,4,0.08365911294531041
OCNT-0479274-AA-001,CYP3A4,192065.625,12591.069754492666,4,0.06555608144087556
OCNT-0479276-AA-001,CYP2J2,120371.125,7504.687883527647,4,0.06234624693860464
OCNT-0479276-AA-001,CYP3A4,200340.125,10276.400402337707,4,0.05129476884542079
OCNT-0479278-AA-001,CYP2J2,62602.5,2138.571758596533,4,0.034161123894357784
OCNT-0479278-AA-001,CYP3A4,96640.875,5397.3768841138635,4,0.05584983459756406
OCNT-0479280-AA-001,CYP2J2,23413.125,822.5278490726013,4,0.03513105786060602
OCNT-0479280-AA-001,CYP3A4,47673.375,6122.9116763051,4,0.12843461735832842
OCNT-0479283-AA-001,CYP2J2,127329.0,7134.84287376627,4,0.05603470437815635
OCNT-0479283-AA-001,CYP3A4,214694.5,15777.863675626899,4,0.07348983637506736
OCNT-0479284-AA-001,CYP2J2,58562.5,7128.937379909201,4,0.12173212174871634
OCNT-0479284-AA-001,CYP3A4,90584.75,7078.181245913386,4,0.07813877331353662
OCNT-0479285-AA-001,CYP2J2,26693.5,4738.074063723923,4,0.17749916885099082
OCNT-0479285-AA-001,CYP3A4,51965.625,8711.665726436402,4,0.16764285479942562
OCNT-0479287-AA-001,CYP2J2,34520.25,5462.709835786631,4,0.15824653169622557
OCNT-0479287-AA-001,CYP3A4,60663.0,6939.001405101458,4,0.11438605748316862
OCNT-0479288-AA-001,CYP2J2,84160.375,3924.445276617663,4,0.0466305583431355
OCNT-0479288-AA-001,CYP3A4,143125.625,14513.426515787603,4,0.1014034105757624
OCNT-0479293-AA-001,CYP2J2,23949.25,3226.5958971233654,4,0.1347263858836233
OCNT-0479293-AA-001,CYP3A4,46121.875,8976.500908622469,4,0.19462567184492108
OCNT-0479298-AA-001,CYP2J2,109675.25,9361.883753639899,4,0.08536004024280681
OCNT-0479298-AA-001,CYP3A4,188528.0,6614.950755674603,4,0.035087365036888966
OCNT-0479300-AA-001,CYP2J2,98872.25,7690.784274051639,4,0.07778506379749262
OCNT-0479300-AA-001,CYP3A4,108210.0,28047.519863617174,4,0.25919526719912367
OCNT-0479302-AA-001,CYP2J2,60174.0,2947.499844500985,4,0.048982946862448654
OCNT-0479302-AA-001,CYP3A4,99968.375,7845.219790579484,4,0.07847701626218775
OCNT-0479304-AA-001,CYP2J2,89897.5,4544.477949482575,4,0.05055177229047054
OCNT-0479304-AA-001,CYP3A4,167654.125,19994.507313989176,4,0.11926045550021018
OCNT-0479306-AA-001,CYP2J2,72658.25,2505.9043111552887,4,0.03448891641562092
OCNT-0479306-AA-001,CYP3A4,120805.0,8435.042451977743,4,0.0698236203135445
OCNT-0479308-AA-001,CYP2J2,41811.75,3657.6087930960225,4,0.08747801259445066
OCNT-0479308-AA-001,CYP3A4,75019.0,8235.228584158023,4,0.109775238061798
OCNT-0479318-AA-001,CYP2J2,33699.625,1288.1852464481444,4,0.03822550685499154
OCNT-0479318-AA-001,CYP3A4,33402.625,8715.70414419665,4,0.26092871875179424
OCNT-0479322-AA-001,CYP2J2,21493.75,489.175752329024,4,0.022758976554999664
OCNT-0479322-AA-001,CYP3A4,30838.0,3390.7496958637335,4,0.10995361877760339
OCNT-0479328-AA-001,CYP2J2,23799.25,2478.1112599450953,4,0.10412560311543831
OCNT-0479328-AA-001,CYP3A4,32905.875,2127.3174960890683,4,0.06464856187805576
OCNT-0479338-AA-001,CYP2J2,86098.0,1425.9849227814436,4,0.016562346660566375
OCNT-0479338-AA-001,CYP3A4,135786.25,12205.781229264541,4,0.08988967019314946
OCNT-0479344-AA-001,CYP2J2,21936.75,2930.719095489478,4,0.1335986003163403
OCNT-0479344-AA-001,CYP3A4,38125.875,2886.7823025818902,4,0.07571714229724276
OCNT-0479361-AA-001,CYP2J2,22045.0,1847.9092239609606,4,0.08382441478616287
OCNT-0479361-AA-001,CYP3A4,31718.25,2075.4740221613633,4,0.06543469523575113
OCNT-0479364-AA-001,CYP2J2,140238.875,1992.9337827685094,4,0.014210993797322671
OCNT-0479364-AA-001,CYP3A4,221424.875,17854.50362128558,4,0.08063458823804498
OCNT-0479366-AA-001,CYP2J2,95427.375,7673.31896221142,4,0.08041003917598509
OCNT-0479366-AA-001,CYP3A4,162382.125,16848.220526092166,4,0.10375662053992805
OCNT-0479368-AA-001,CYP2J2,32862.375,2168.824388733829,4,0.06599718945249176
OCNT-0479368-AA-001,CYP3A4,41385.625,7186.275952292676,4,0.1736418370458988
OCNT-0479370-AA-001,CYP2J2,25958.375,1434.3629465724496,4,0.05525626879850721
OCNT-0479370-AA-001,CYP3A4,45666.875,2211.417658991625,4,0.04842498329460085
OCNT-0479372-AA-001,CYP2J2,48883.375,5204.632141579908,4,0.10647039288060427
OCNT-0479372-AA-001,CYP3A4,88497.375,11241.123322982448,4,0.1270221102375347
OCNT-0479376-AA-001,CYP2J2,44966.625,2503.2066559714963,4,0.05566810175261088
OCNT-0479376-AA-001,CYP3A4,41936.125,11097.218918682585,4,0.26462194393694183
OCNT-0479377-AA-001,CYP2J2,24457.0,725.887158356357,4,0.029680138952298197
OCNT-0479377-AA-001,CYP3A4,47176.25,4535.97754072923,4,0.09614959944313568
OCNT-0479379-AA-001,CYP2J2,29741.125,745.2844395486414,4,0.025059053399918176
OCNT-0479379-AA-001,CYP3A4,56504.75,4955.609691719746,4,0.0877025328263508
OCNT-0479384-AA-001,CYP2J2,77293.875,2339.5108596670375,4,0.030267739321738464
OCNT-0479384-AA-001,CYP3A4,123480.125,2063.0553949179357,4,0.016707590755337638
OCNT-0479385-AA-001,CYP2J2,27894.25,2826.613241436944,4,0.10133318664014784
OCNT-0479385-AA-001,CYP3A4,35538.0,3558.937154076574,4,0.10014455383185814
OCNT-0479389-AA-001,CYP2J2,28281.375,2545.6358202159763,4,0.09001103447820258
OCNT-0479389-AA-001,CYP3A4,51908.875,3213.510732698223,4,0.06190676898118526
OCNT-0479390-AA-001,CYP2J2,69614.375,7158.494794938855,4,0.10283069832831014
OCNT-0479390-AA-001,CYP3A4,114156.5,15964.681659839009,4,0.1398490813912393
OCNT-0479391-AA-001,CYP2J2,16093.5,1821.1467541085206,4,0.11316039109631346
OCNT-0479391-AA-001,CYP3A4,35505.75,3085.246194930533,4,0.08689426909530239
OCNT-0479393-AA-001,CYP2J2,14020.0,964.5994851059512,4,0.06880167511454716
OCNT-0479393-AA-001,CYP3A4,25567.25,1197.2277352283484,4,0.04682661354773581
OCNT-0479395-AA-001,CYP2J2,41027.5,2972.948676538722,4,0.07246234054082559
OCNT-0479395-AA-001,CYP3A4,69953.375,3675.198030378773,4,0.052537822948196186
OCNT-0479397-AA-001,CYP2J2,155995.625,3484.993074479009,4,0.02234032572694913
OCNT-0479397-AA-001,CYP3A4,179389.875,12990.1546589138,4,0.0724129756983988
OCNT-0479399-AA-001,CYP2J2,58645.25,3039.78492934396,4,0.05183343799103866
OCNT-0479399-AA-001,CYP3A4,108236.375,13138.68998654356,4,0.12138885828857036
OCNT-0479401-AA-001,CYP2J2,47162.5,5410.092851945026,4,0.11471174878229581
OCNT-0479401-AA-001,CYP3A4,88880.375,5691.362745057928,4,0.064033964135029
OCNT-0479403-AA-001,CYP2J2,90398.25,8117.684455352195,4,0.08979913278578064
OCNT-0479403-AA-001,CYP3A4,105857.625,6037.868448039701,4,0.0570376337844317
OCNT-0479405-AA-001,CYP2J2,112001.5,7306.854076824034,4,0.06523889480787341
OCNT-0479405-AA-001,CYP3A4,146989.75,3245.0549430376886,4,0.022076743058871036
OCNT-0479407-AA-001,CYP2J2,47996.0,6300.343257844502,4,0.13126809021261152
OCNT-0479407-AA-001,CYP3A4,59487.0,5495.33160964832,4,0.09237869802895289
OCNT-0479409-AA-001,CYP2J2,32309.25,948.2844597833848,4,0.029350246749255546
OCNT-0479409-AA-001,CYP3A4,54740.375,4301.870840595597,4,0.07858679887734779
OCNT-0479411-AA-001,CYP2J2,20204.75,2455.1234354576413,4,0.12151219072038215
OCNT-0479411-AA-001,CYP3A4,46462.125,2905.642997542311,4,0.06253788429914282
OCNT-0479413-AA-001,CYP2J2,22038.125,2075.1116184838506,4,0.09416008024656593
OCNT-0479413-AA-001,CYP3A4,40008.0,5107.775820583098,4,0.127668861742229
OCNT-0479427-AA-001,CYP2J2,73582.625,8509.409667881391,4,0.11564427971795503
OCNT-0479427-AA-001,CYP3A4,124258.875,7267.502039616731,4,0.0584867844620091
OCNT-0479429-AA-001,CYP2J2,65547.125,5110.198094252316,4,0.07796220039021264
OCNT-0479429-AA-001,CYP3A4,109349.75,2338.674998797396,4,0.021387108784404134
OCNT-0479433-AA-001,CYP2J2,48868.125,6114.682594310735,4,0.12512619615159648
OCNT-0479433-AA-001,CYP3A4,86899.875,9674.769251124288,4,0.11133237247032045
OCNT-0479435-AA-001,CYP2J2,31102.75,2233.046592288959,4,0.07179579272858377
OCNT-0479435-AA-001,CYP3A4,51563.625,8782.216115299903,4,0.17031805105439937
OCNT-0479437-AA-001,CYP2J2,19972.5,1504.3998803509662,4,0.07532356391793547
OCNT-0479437-AA-001,CYP3A4,35579.0,4085.880973955718,4,0.11483967997851874
OCNT-0479442-AA-001,CYP2J2,14552.0,735.2879254641225,4,0.05052830713744657
OCNT-0479442-AA-001,CYP3A4,28063.5,1785.1292670280213,4,0.06361035747601053
OCNT-0479446-AA-001,CYP2J2,32639.125,1118.3490342911737,4,0.034264062970167666
OCNT-0479446-AA-001,CYP3A4,59975.125,2923.198971874249,4,0.04874018973489841
OCNT-0479448-AA-001,CYP2J2,39137.625,4483.023986384636,4,0.11454512087497994
OCNT-0479448-AA-001,CYP3A4,89488.75,13088.199077158526,4,0.14625524523650768
OCNT-0479450-AA-001,CYP2J2,25336.5,4177.279078539043,4,0.16487198620721266
OCNT-0479450-AA-001,CYP3A4,46301.5,6122.6683316998315,4,0.1322347727762563
OCNT-0479466-AA-001,CYP2J2,39429.75,2452.185912609402,4,0.062191261994037544
OCNT-0479466-AA-001,CYP3A4,65878.375,5224.962780967918,4,0.07931225961429555
OCNT-0479472-AA-001,CYP2J2,10626.125,1531.3000672086885,4,0.14410710086778467
OCNT-0479472-AA-001,CYP3A4,9292.5,1392.2417773744137,4,0.1498242429243383
OCNT-0479496-AA-001,CYP2J2,16579.875,1369.7043704756147,4,0.08261246664860952
OCNT-0479496-AA-001,CYP3A4,24683.625,2317.299411491748,4,0.09388002821675293
OCNT-0479499-AA-001,CYP2J2,96097.375,6432.5934294937915,4,0.06693828452123475
OCNT-0479499-AA-001,CYP3A4,123126.125,19881.143827653214,4,0.16146974354673482
OCNT-0479500-AA-001,CYP2J2,25106.666666666668,1431.817580326954,3,0.05702937786751011
OCNT-0479500-AA-001,CYP3A4,33304.375,1611.0725917330144,4,0.0483742028407083
OCNT-0479501-AA-001,CYP2J2,47698.5,3383.5802783442286,4,0.07093682774813105
OCNT-0479501-AA-001,CYP3A4,89504.25,8110.790061188038,4,0.09061904949975043
OCNT-0479503-AA-001,CYP2J2,64349.625,6302.304900788282,4,0.09793848683326875
OCNT-0479503-AA-001,CYP3A4,141491.75,10160.302960542072,4,0.07180844791687199
OCNT-0479523-AA-001,CYP2J2,47496.875,3647.555354274971,4,0.07679569138548527
OCNT-0479523-AA-001,CYP3A4,70672.0,2663.802951921681,4,0.03769248007586712
OCNT-0479525-AA-001,CYP2J2,15541.625,2948.7322805741455,4,0.1897312720242668
OCNT-0479525-AA-001,CYP3A4,27447.375,2855.2947417911164,4,0.10402797141042144
OCNT-0479527-AA-001,CYP2J2,20386.625,4040.9312741619347,4,0.19821482340318394
OCNT-0479527-AA-001,CYP3A4,43862.125,4573.79104928286,4,0.10427654951242922
OCNT-0479564-AA-001,CYP2J2,11861.625,915.2951595887889,4,0.07716439860379913
OCNT-0479564-AA-001,CYP3A4,18549.625,558.092491587789,4,0.030086456819897384
OCNT-0479585-AA-001,CYP2J2,23108.666666666668,3028.1940300009396,3,0.1310414864553388
OCNT-0479585-AA-001,CYP3A4,42293.333333333336,6248.137409127086,3,0.1477333876685156
OCNT-0479588-AA-001,CYP2J2,168623.0,7316.002073081535,4,0.04338673889731255
OCNT-0479588-AA-001,CYP3A4,267981.375,21238.581333566042,4,0.07925394566531366
OCNT-0479598-AA-001,CYP2J2,53745.75,4489.242113096596,4,0.083527387990615
OCNT-0479598-AA-001,CYP3A4,62267.875,13897.625135102522,4,0.2231909332878715
OCNT-0479600-AA-001,CYP2J2,24325.0,2115.543192657621,3,0.08696991542271824
OCNT-0479600-AA-001,CYP3A4,50424.5,2757.0293796040696,3,0.054676385082729026
OCNT-0479603-AA-001,CYP2J2,183421.875,15515.10838599482,4,0.08458701224155962
OCNT-0479603-AA-001,CYP3A4,231835.375,11911.135842668407,4,0.05137755979935507
OCNT-0479605-AA-001,CYP2J2,122537.25,6235.794556429837,4,0.050888970957238204
OCNT-0479605-AA-001,CYP3A4,195745.875,9972.35705483747,4,0.05094542633318567
OCNT-0479613-AA-001,CYP2J2,23509.25,1596.4073467215899,4,0.06790549875991747
OCNT-0479613-AA-001,CYP3A4,32246.125,2472.260044810551,4,0.07666843829485095
OCNT-0479618-AA-001,CYP2J2,23426.375,1217.4961584470536,4,0.051971171743261754
OCNT-0479618-AA-001,CYP3A4,41973.125,4252.426589117481,4,0.10131308043224041
OCNT-0479622-AA-001,CYP2J2,29741.125,1760.9231184712937,4,0.059208356054832954
OCNT-0479622-AA-001,CYP3A4,73077.625,7369.559172422276,4,0.1008456305527482
OCNT-0479624-AA-001,CYP2J2,16536.75,1651.2791758714413,4,0.09985512122221364
OCNT-0479624-AA-001,CYP3A4,29108.5,3795.2267609019973,4,0.13038207949231315
OCNT-0479685-AA-001,CYP2J2,15060.5,1587.7952218931339,4,0.10542778937572683
OCNT-0479685-AA-001,CYP3A4,27178.0,2005.5111983398813,4,0.07379171382514833
OCNT-0479689-AA-001,CYP2J2,40828.875,2167.358006690788,4,0.053083951166687494
OCNT-0479689-AA-001,CYP3A4,73330.5,8618.210380738376,4,0.11752559140791861
OCNT-0479693-AA-001,CYP2J2,19228.75,2879.045487078429,4,0.14972608656716785
OCNT-0479693-AA-001,CYP3A4,35566.75,6317.213527339407,4,0.17761570926045836
OCNT-0479717-AA-001,CYP2J2,19259.875,1848.6002531194606,4,0.0959819444892275
OCNT-0479717-AA-001,CYP3A4,41458.875,2746.0004969348906,4,0.06623432249270851
OCNT-0479721-AA-001,CYP2J2,52530.5,4647.454912816978,4,0.08847155296098416
OCNT-0479721-AA-001,CYP3A4,85339.75,3497.862216173378,4,0.040987490778604085
OCNT-0479723-AA-001,CYP2J2,72968.25,3872.279571948974,4,0.05306800659120883
OCNT-0479723-AA-001,CYP3A4,77315.625,10875.708064113958,4,0.1406663667805047
OCNT-0479725-AA-001,CYP2J2,51799.666666666664,3045.1814943174286,3,0.058787665834093436
OCNT-0479725-AA-001,CYP3A4,109903.125,25694.606251037072,4,0.23379322699911465
OCNT-0479749-AA-001,CYP2J2,28999.875,1555.1367772107164,4,0.05362563725570253
OCNT-0479749-AA-001,CYP3A4,63324.25,4721.362065124851,4,0.07455851534167166
OCNT-0479771-AA-001,CYP2J2,16084.5,2632.7357444301165,4,0.16368154088906192
OCNT-0479771-AA-001,CYP3A4,26416.25,3067.146380052094,4,0.11610831893444733
OCNT-0480057-AA-002,CYP2J2,92345.25,4678.708894200051,4,0.05066539853647103
OCNT-0480057-AA-002,CYP3A4,156635.0,10355.629242107889,4,0.06611312441094193
OCNT-0481714-AA-001,CYP2J2,62315.375,7793.163952839266,4,0.12506005063500406
OCNT-0481714-AA-001,CYP3A4,73789.75,7732.4031355070965,4,0.10478966435727315
OCNT-0481724-AA-001,CYP2J2,29331.375,351.3085953498248,4,0.011977229003066676
OCNT-0481724-AA-001,CYP3A4,135324.875,10358.008643677606,4,0.07654179354444336
OCNT-0481739-AA-001,CYP2J2,67697.0,2891.0368094047717,4,0.042705538050501084
OCNT-0481739-AA-001,CYP3A4,125046.875,5022.379455580129,4,0.040163974154333155
OCNT-0481795-AA-001,CYP2J2,29345.875,2403.478984548579,4,0.08190176590572197
OCNT-0481795-AA-001,CYP3A4,30691.125,7423.1135131538085,4,0.24186514874100604
OCNT-0481805-AA-001,CYP2J2,77325.0,3510.732283536679,4,0.04540229270658492
OCNT-0481805-AA-001,CYP3A4,94170.125,9098.069798726541,4,0.09661312224791611
OCNT-0481958-AA-001,CYP2J2,8647.125,1425.2021128597867,4,0.1648180306008976
OCNT-0481958-AA-001,CYP3A4,10846.5,2296.7206331347024,4,0.21174762671227607
OCNT-0481962-AA-001,CYP2J2,11226.125,2084.4310324802464,4,0.1856768058862917
OCNT-0481962-AA-001,CYP3A4,15047.875,4269.868955346678,4,0.2837522876383993
OCNT-0482005-AA-001,CYP2J2,20240.625,2848.3586026283047,4,0.1407248344667373
OCNT-0482005-AA-001,CYP3A4,36946.125,1502.7434564267219,4,0.04067391252605576
OCNT-0482018-AA-001,CYP2J2,399425.1666666667,20774.680276320334,3,0.05201144547223155
OCNT-0482018-AA-001,CYP3A4,618273.6666666666,16241.035006530004,3,0.02626835959889931
OCNT-0482020-AA-001,CYP2J2,714222.5,78896.67787365956,4,0.1104651251867024
OCNT-0482020-AA-001,CYP3A4,806093.375,220808.83837057452,4,0.2739246410139204
OCNT-0482022-AA-001,CYP2J2,202183.125,7994.801773392089,4,0.03954237908525793
OCNT-0482022-AA-001,CYP3A4,301898.625,12904.226073751963,4,0.04274357352158183
OCNT-0482024-AA-001,CYP2J2,268012.375,11480.660197153291,4,0.04283630633530743
OCNT-0482024-AA-001,CYP3A4,452809.625,35856.01346909377,4,0.07918562567898986
OCNT-0482026-AA-001,CYP2J2,330745.625,19940.45903172325,4,0.0602894113315127
OCNT-0482026-AA-001,CYP3A4,587654.625,88832.87493412843,4,0.15116510813494988
OCNT-0482032-AA-001,CYP2J2,112941.25,7718.379368969454,4,0.06833977283737744
OCNT-0482032-AA-001,CYP3A4,205347.875,18528.847056122155,4,0.09023150132974181
OCNT-0482050-AA-001,CYP2J2,35383.875,2407.021928130278,4,0.06802595612069842
OCNT-0482050-AA-001,CYP3A4,41936.75,4659.949811961498,4,0.11111852520668622
OCNT-0482052-AA-001,CYP2J2,20824.625,3476.89244333212,4,0.16696062682195334
OCNT-0482052-AA-001,CYP3A4,43440.25,5340.177033582314,4,0.12293154467532562
OCNT-0482054-AA-001,CYP2J2,37596.5,2348.926935858159,3,0.06247727676401152
OCNT-0482054-AA-001,CYP3A4,47764.5,3219.720200058797,4,0.06740822577560317
OCNT-0482056-AA-001,CYP2J2,63461.875,5973.399023657582,4,0.09412578849360473
OCNT-0482056-AA-001,CYP3A4,74445.0,9370.154240993046,4,0.1258668042312183
OCNT-0482064-AA-001,CYP2J2,58467.375,3507.8180154002666,4,0.059996160515163655
OCNT-0482064-AA-001,CYP3A4,103579.375,5748.742940489976,4,0.05550084599844299
OCNT-0482072-AA-001,CYP2J2,29032.833333333332,2034.9604623513778,3,0.07009169373817153
OCNT-0482072-AA-001,CYP3A4,36442.5,2213.375420031586,3,0.06073610262829351
OCNT-0482076-AA-001,CYP2J2,27546.25,2002.5511437497253,4,0.07269777714751464
OCNT-0482076-AA-001,CYP3A4,40822.75,4854.816379981155,4,0.11892428560009197
OCNT-0482080-AA-001,CYP2J2,91569.0,10529.731747137088,4,0.11499231996786126
OCNT-0482080-AA-001,CYP3A4,219095.5,7549.897250956464,4,0.03445938985947435
OCNT-0482082-AA-001,CYP2J2,13065.5,1367.8854118675292,4,0.10469445577035164
OCNT-0482082-AA-001,CYP3A4,21983.75,2565.2641676833205,4,0.11668910753094083
OCNT-0482086-AA-001,CYP2J2,68992.0,6401.750815206727,4,0.09278975555436467
OCNT-0482086-AA-001,CYP3A4,114259.125,15420.050763940435,4,0.13495684273742192
OCNT-0482088-AA-001,CYP2J2,74580.5,3365.148931820602,4,0.04512102938195107
OCNT-0482088-AA-001,CYP3A4,82517.375,15367.038667089808,4,0.18622791463118898
OCNT-0482092-AA-001,CYP2J2,16234.0,824.6455804364281,4,0.05079743627180166
OCNT-0482092-AA-001,CYP3A4,101169.125,8095.8040611068,4,0.08002247781728665
OCNT-0482094-AA-001,CYP2J2,60662.125,4842.226233441942,4,0.07982289168804986
OCNT-0482094-AA-001,CYP3A4,68921.0,6361.887927337292,4,0.09230695908848235
OCNT-0482096-AA-001,CYP2J2,73972.875,7573.418551915642,4,0.10238102212352354
OCNT-0482096-AA-001,CYP3A4,153350.0,18925.282327264413,4,0.12341233992347188
OCNT-0482102-AA-001,CYP2J2,149442.125,12578.386305981383,4,0.08416894704877478
OCNT-0482102-AA-001,CYP3A4,168342.375,38595.60307939882,4,0.22926849570346633
OCNT-0482106-AA-001,CYP2J2,64212.625,5998.308350068376,4,0.09341322442538949
OCNT-0482106-AA-001,CYP3A4,99873.375,2073.2571546160584,4,0.020758857449405893
OCNT-0482114-AA-001,CYP2J2,119329.625,5473.8729033929885,4,0.04587186881206564
OCNT-0482114-AA-001,CYP3A4,211012.875,11611.117412312215,4,0.055025634868546364
OCNT-0482116-AA-001,CYP2J2,20327.75,3046.095000160041,4,0.14984909791590514
OCNT-0482116-AA-001,CYP3A4,44573.5,2630.2393744042893,4,0.059009038428759
OCNT-0482118-AA-001,CYP2J2,26659.166666666668,4043.7416563540914,3,0.15168297294942046
OCNT-0482118-AA-001,CYP3A4,123438.5,9083.164522896192,3,0.07358453418419854
OCNT-0482120-AA-001,CYP2J2,45249.375,2189.456339482476,4,0.04838644377922294
OCNT-0482120-AA-001,CYP3A4,75248.625,8397.36539412809,4,0.11159493471313382
OCNT-0482122-AA-001,CYP2J2,53031.0,2996.004811967653,4,0.056495348229670436
OCNT-0482122-AA-001,CYP3A4,90545.5,7607.255615529162,4,0.08401583309528537
OCNT-0482126-AA-001,CYP2J2,91998.125,3180.932996648415,4,0.03457606333442573
OCNT-0482126-AA-001,CYP3A4,152677.875,14105.410737107233,4,0.09238673735213589
OCNT-0482146-AA-001,CYP2J2,67763.0,4879.014637540385,4,0.07200116047902816
OCNT-0482146-AA-001,CYP3A4,83302.0,5510.029219523252,4,0.06614522123746432
OCNT-0482148-AA-001,CYP2J2,27211.166666666668,1301.6270907342594,3,0.04783429930362875
OCNT-0482148-AA-001,CYP3A4,41200.666666666664,2793.8589054090285,3,0.0678110120890203
OCNT-0482156-AA-001,CYP2J2,44775.125,3240.541836766398,4,0.07237370832055517
OCNT-0482156-AA-001,CYP3A4,67712.25,2354.9154443418984,4,0.034778277849900105
OCNT-0482160-AA-001,CYP2J2,37905.0,2882.075901151806,4,0.07603418813222018
OCNT-0482160-AA-001,CYP3A4,64304.25,9026.283892979805,4,0.14036838767235144
OCNT-0482180-AA-001,CYP2J2,71962.0,5486.477330674028,4,0.07624131250762942
OCNT-0482180-AA-001,CYP3A4,117427.25,1117.866159251636,4,0.009519648627142644
OCNT-0482206-AA-001,CYP2J2,36896.25,3068.604147925677,4,0.08316845608769663
OCNT-0482206-AA-001,CYP3A4,44492.0,4894.136610952607,4,0.11000037334695242
OCNT-0482212-AA-001,CYP2J2,56132.833333333336,1363.9424780148654,3,0.024298479107857825
OCNT-0482212-AA-001,CYP3A4,69145.0,7415.825763190503,3,0.10725035451862756
OCNT-0482222-AA-001,CYP2J2,32373.166666666668,3931.2288579187716,3,0.12143479500776172
OCNT-0482222-AA-001,CYP3A4,60214.333333333336,2396.687836021483,3,0.03980261348662527
OCNT-0482228-AQ-001,CYP2J2,43176.0,2710.1479971888375,4,0.06276977944202422
OCNT-0482228-AQ-001,CYP3A4,68222.125,3756.498045054731,4,0.05506275339641987
OCNT-0482272-AA-001,CYP2J2,22903.75,724.4559452904412,4,0.0316304511396798
OCNT-0482272-AA-001,CYP3A4,29824.625,2641.5947006495912,4,0.08857092756906722
OCNT-0482276-AA-001,CYP2J2,12000.125,1358.4701797119683,4,0.11320466909402763
OCNT-0482276-AA-001,CYP3A4,24600.75,3185.001268968874,4,0.12946764911512348
OCNT-0482286-AA-001,CYP2J2,7606.75,815.9688004656388,4,0.1072690440024503
OCNT-0482286-AA-001,CYP3A4,18957.875,1190.7548288795642,4,0.06281056441608378
OCNT-0482292-AA-001,CYP2J2,35851.875,1955.6321814611929,4,0.054547556619038554
OCNT-0482292-AA-001,CYP3A4,59849.125,5193.183679513624,4,0.08677125487655206
OCNT-0482294-AA-001,CYP2J2,25409.375,3117.048453665743,4,0.1226731650686309
OCNT-0482294-AA-001,CYP3A4,35173.125,3002.083509137167,4,0.0853516288114055
OCNT-0482298-AA-001,CYP2J2,23147.75,1099.0051941035888,4,0.047477841004140306
OCNT-0482298-AA-001,CYP3A4,37944.0,4209.918665089229,4,0.11095083979256876
OCNT-0482300-AA-001,CYP2J2,17046.25,826.311230711528,4,0.048474663384118384
OCNT-0482300-AA-001,CYP3A4,32022.125,2988.3642787484937,4,0.09332186039335284
OCNT-0482302-AA-001,CYP2J2,43009.75,2113.4236245170223,4,0.049138244805352796
OCNT-0482302-AA-001,CYP3A4,49325.5,7704.654534760142,4,0.1562002318224882
OCNT-0482304-AA-001,CYP2J2,62899.0,5806.544454320487,4,0.0923153699473837
OCNT-0482304-AA-001,CYP3A4,110885.375,5572.368039038699,4,0.05025340843225447
OCNT-0482322-AA-001,CYP2J2,33240.5,6781.304385342591,4,0.20400729186813046
OCNT-0482322-AA-001,CYP3A4,51227.0,2524.739887592383,4,0.04928533561583507
OCNT-0482324-AA-001,CYP2J2,25499.833333333332,1100.772721016166,3,0.04316783982965246
OCNT-0482324-AA-001,CYP3A4,44077.833333333336,3441.0442213568435,3,0.0780674538908108
OCNT-0482326-AA-001,CYP2J2,14829.166666666666,493.27510917674886,3,0.033263845519083936
OCNT-0482326-AA-001,CYP3A4,22059.25,4300.94155389259,4,0.1949722476463429
OCNT-0482328-AA-001,CYP2J2,110377.125,6622.026393974883,4,0.05999455407064537
OCNT-0482328-AA-001,CYP3A4,174924.0,4859.801247650635,4,0.02778235832504765
OCNT-0482330-AA-001,CYP2J2,181255.0,8843.4067530562,3,0.048789863744758494
OCNT-0482330-AA-001,CYP3A4,277045.3333333333,14927.301307782778,3,0.053880356431857526
OCNT-0482332-AA-001,CYP2J2,310294.8333333333,26437.28694634405,3,0.08520053866943983
OCNT-0482332-AA-001,CYP3A4,523164.8333333333,25321.472559535974,3,0.048400563161328646
OCNT-0482334-AA-001,CYP2J2,359720.8333333333,11554.87194145108,3,0.03212177575143062
OCNT-0482334-AA-001,CYP3A4,573118.5,34267.80117325884,3,0.05979182520413988
OCNT-0482336-AA-001,CYP2J2,180045.75,13932.19960200111,4,0.07738144111705558
OCNT-0482336-AA-001,CYP3A4,296858.5,42314.3422631933,4,0.1425404435554087
OCNT-0482364-AA-001,CYP2J2,36832.375,1527.7808184313176,4,0.041479291477438465
OCNT-0482364-AA-001,CYP3A4,43576.625,3391.206431714235,4,0.07782168609235421
OCNT-0482368-AA-001,CYP2J2,20580.0,1275.3787019286988,4,0.06197175422394066
OCNT-0482368-AA-001,CYP3A4,36944.375,3020.444596826765,4,0.08175654877980112
OCNT-0482383-AA-001,CYP2J2,61366.75,3984.2847434221694,4,0.06492579032492628
OCNT-0482383-AA-001,CYP3A4,73401.5,6044.03856429347,4,0.08234216690794426
OCNT-0482388-AA-001,CYP2J2,78149.0,4132.948180980094,4,0.052885490293926904
OCNT-0482388-AA-001,CYP3A4,143093.125,6662.715279511297,4,0.04656209220052534
OCNT-0482389-AQ-001,CYP2J2,147527.75,5053.658419072927,4,0.03425564627043338
OCNT-0482389-AQ-001,CYP3A4,188896.625,14470.044375507856,4,0.07660297993946613
OCNT-0482390-AA-001,CYP2J2,13987.5,923.9259530214889,4,0.0660536874367463
OCNT-0482390-AA-001,CYP3A4,22935.625,1856.2029062488466,4,0.08093099299665243
OCNT-0482391-AQ-001,CYP2J2,329972.5,25887.750040640207,4,0.07845426525131702
OCNT-0482391-AQ-001,CYP3A4,445396.375,38137.25812197961,4,0.08562543447278756
OCNT-0482392-AA-001,CYP2J2,18014.0,2242.7610587547365,4,0.1245010024844419
OCNT-0482392-AA-001,CYP3A4,40449.125,3859.5509966618315,4,0.09541741623982797
OCNT-0482400-AA-001,CYP2J2,20466.0,2838.2545105516288,4,0.13868144779398167
OCNT-0482400-AA-001,CYP3A4,37520.375,4232.34291645892,4,0.11280118912614599
OCNT-0482403-AA-001,CYP2J2,33580.0,2200.1456391187676,4,0.06551952469085073
OCNT-0482403-AA-001,CYP3A4,49007.5,5063.53870002656,4,0.10332170994289772
OCNT-0482405-AA-001,CYP2J2,62952.75,5226.252011081492,4,0.08301864511211174
OCNT-0482405-AA-001,CYP3A4,108891.375,7147.6804906090565,4,0.06564046501028255
OCNT-0482437-AA-001,CYP2J2,15403.625,2083.680372761939,4,0.13527207866732271
OCNT-0482437-AA-001,CYP3A4,27744.375,1543.333155597542,4,0.05562688493064061
OCNT-0482457-AA-001,CYP2J2,36728.0,1266.0928086044878,3,0.03447214137999586
OCNT-0482457-AA-001,CYP3A4,70514.83333333333,1819.9145813288408,3,0.025808960970323137
OCNT-0482484-AA-001,CYP2J2,59641.0,5818.446384846501,4,0.09755782741480695
OCNT-0482484-AA-001,CYP3A4,120748.375,5596.188008740118,4,0.04634586601053735
OCNT-0482490-AA-001,CYP2J2,12954.0,1774.4686998272657,4,0.13698229889047905
OCNT-0482490-AA-001,CYP3A4,14259.0,2244.4436207369226,4,0.15740540155248775
OCNT-0482518-AA-001,CYP2J2,80932.875,3612.0387450625904,4,0.04463005601941844
OCNT-0482518-AA-001,CYP3A4,144258.125,26527.017188063815,4,0.18388577550182228
OCNT-0482520-AA-001,CYP2J2,11092.75,1223.3329813805124,4,0.11028220967573527
OCNT-0482520-AA-001,CYP3A4,14646.625,1609.0019875168998,4,0.10985479504779427
OCNT-0482548-AA-001,CYP2J2,23092.25,403.31470342649254,4,0.017465370564864514
OCNT-0482548-AA-001,CYP3A4,27927.75,4886.358843760863,4,0.17496428619422844
OCNT-0482553-AA-001,CYP2J2,44686.125,604.3669380710134,4,0.013524711262634954
OCNT-0482553-AA-001,CYP3A4,74448.25,6303.266950558258,4,0.0846664219851811
OCNT-0482556-AA-001,CYP2J2,51650.5,1382.0150746886468,4,0.026757051232585295
OCNT-0482556-AA-001,CYP3A4,106605.875,5567.572905898945,4,0.052225760596204894
OCNT-0482557-AA-001,CYP2J2,32379.375,3299.500476713609,4,0.10190130219356021
OCNT-0482557-AA-001,CYP3A4,45866.25,5508.311606109445,4,0.12009509402031876
OCNT-0482558-AA-001,CYP2J2,39058.75,3454.460510219601,4,0.08844267955885944
OCNT-0482558-AA-001,CYP3A4,83308.25,4653.734512911826,4,0.05586162850512195
OCNT-0482560-AA-001,CYP2J2,36861.0,5181.459752489318,4,0.1405675307910615
OCNT-0482560-AA-001,CYP3A4,54520.166666666664,3153.54916456575,3,0.05784188415722164
OCNT-0482578-AA-001,CYP2J2,15559.625,549.6569195113137,4,0.035325846189179604
OCNT-0482578-AA-001,CYP3A4,32315.666666666668,598.5034112963215,3,0.018520534249527727
OCNT-0482580-AA-001,CYP2J2,33118.375,3430.8903697388337,4,0.10359476785134639
OCNT-0482580-AA-001,CYP3A4,41120.0,6539.087818648715,4,0.15902450920838315
OCNT-0482582-AA-001,CYP2J2,80326.5,8196.485191836804,4,0.10203961571631782
OCNT-0482582-AA-001,CYP3A4,95366.25,8191.834893152246,4,0.08589867896821199
OCNT-0482584-AA-001,CYP2J2,20333.625,1726.2115250358704,4,0.08489443102426991
OCNT-0482584-AA-001,CYP3A4,23342.125,754.8108344700238,4,0.03233685169923577
OCNT-0482586-AA-001,CYP2J2,27998.875,1007.6106535595317,4,0.035987540697957746
OCNT-0482586-AA-001,CYP3A4,49557.375,2530.7130212320267,4,0.051066325067298794
OCNT-0482588-AA-001,CYP2J2,32777.75,4037.7866152138354,4,0.12318681469026506
OCNT-0482588-AA-001,CYP3A4,64358.25,4167.560047557803,4,0.06475564589711191
OCNT-0482596-AA-001,CYP2J2,13137.125,3407.542354224424,4,0.2593826544410915
OCNT-0482596-AA-001,CYP3A4,12184.125,1508.1331934436914,4,0.12377853916007028
OCNT-0483873-AA-002,CYP2J2,37848.125,266.9579789030483,4,0.007053400370640508
OCNT-0483873-AA-002,CYP3A4,66816.75,4386.003809467868,4,0.06564227995925974
OCNT-0493917-AA-001,CYP2J2,78862.875,5240.079076613891,4,0.06644544821139085
OCNT-0493917-AA-001,CYP3A4,126138.625,7499.920270409547,4,0.05945776141455123
OCNT-0493920-AA-001,CYP2J2,134560.75,19553.42991864428,4,0.14531302715423539
OCNT-0493920-AA-001,CYP3A4,255641.0,10940.96841006316,3,0.04279817560588153
OCNT-0493933-AA-001,CYP2J2,42532.375,3448.881615224467,4,0.08108838538229918
OCNT-0493933-AA-001,CYP3A4,70089.0,5514.458510739442,4,0.07867794533720615
OCNT-0493940-AA-001,CYP2J2,104352.0,4414.8163042192355,4,0.04230696397020887
OCNT-0493940-AA-001,CYP3A4,195979.875,15511.45869121169,4,0.0791482221897105
OCNT-0493944-AA-001,CYP2J2,70324.66666666667,6505.450259846229,3,0.0925059522952529
OCNT-0493944-AA-001,CYP3A4,133792.25,37223.86836090521,4,0.2782214093933334
OCNT-0493949-AA-001,CYP2J2,28129.375,3893.1539137097234,4,0.1384017211086177
OCNT-0493949-AA-001,CYP3A4,34883.5,2411.410686714313,4,0.06912754416025665
OCNT-0493952-AA-001,CYP2J2,71900.5,9824.090220812644,4,0.13663451882549696
OCNT-0493952-AA-001,CYP3A4,148039.25,10490.685968197376,4,0.07086421991598428
OCNT-0493954-AA-001,CYP2J2,127143.0,7917.419371234543,4,0.062271767783004514
OCNT-0493954-AA-001,CYP3A4,204851.625,8602.212432227343,4,0.04199240514800575
OCNT-0493958-AA-001,CYP2J2,25212.125,2355.408364275715,4,0.09342363502781757
OCNT-0493958-AA-001,CYP3A4,45935.25,3414.668712579108,4,0.07433656533009199
OCNT-0493961-AA-001,CYP2J2,17382.875,1552.7106070245886,4,0.08932415420490504
OCNT-0493961-AA-001,CYP3A4,27529.5,3052.046075995577,3,0.11086456622879373
OCNT-0493966-AA-001,CYP2J2,76233.75,4287.542856928664,4,0.05624205626679343
OCNT-0493966-AA-001,CYP3A4,164609.625,11257.758009294452,4,0.06839064246270199
OCNT-0493970-AA-001,CYP2J2,42653.75,2088.340110390706,4,0.04896029330107449
OCNT-0493970-AA-001,CYP3A4,81694.875,5210.9853734682465,4,0.06378595197640301
OCNT-0493971-AA-001,CYP2J2,29308.25,2032.9098397781113,4,0.06936305783450432
OCNT-0493971-AA-001,CYP3A4,53492.125,2637.7500315925813,4,0.04931099730273533
OCNT-0493974-AA-001,CYP2J2,25330.375,1241.5072408837036,4,0.04901258828121193
OCNT-0493974-AA-001,CYP3A4,51559.375,1360.1704779793843,4,0.026380662643396748
OCNT-0493978-AA-001,CYP2J2,75628.0,856.2171648205443,4,0.011321430750787332
OCNT-0493978-AA-001,CYP3A4,98265.125,3291.5614170937165,4,0.03349674075205945
OCNT-0493980-AA-001,CYP2J2,23235.125,2235.733077948558,4,0.09622212395881485
OCNT-0493980-AA-001,CYP3A4,31374.5,4422.750143670037,4,0.14096639448182557
OCNT-0493982-AA-001,CYP2J2,53627.625,3334.5063196571296,4,0.06217889230890105
OCNT-0493982-AA-001,CYP3A4,81499.25,13537.933954263479,4,0.1661111477009111
OCNT-0493988-AA-001,CYP2J2,32532.5,5158.22651208727,3,0.15855610580457297
OCNT-0493988-AA-001,CYP3A4,57706.666666666664,5742.399505723487,3,0.09951015779326745
OCNT-0493990-AA-001,CYP2J2,13845.5,770.804449909314,4,0.05567183921919137
OCNT-0493990-AA-001,CYP3A4,22030.375,1382.472566032807,4,0.06275302013845915
OCNT-0493997-AA-001,CYP2J2,18762.625,955.1617991209661,4,0.05090768477870053
OCNT-0493997-AA-001,CYP3A4,31240.625,2083.8567359186027,4,0.0667034265773685
OCNT-0494001-AA-001,CYP2J2,25360.875,2699.1482722950464,4,0.10642961933667693
OCNT-0494001-AA-001,CYP3A4,43493.5,3385.1073592034472,4,0.07783018978016135
OCNT-0494005-AA-001,CYP2J2,56407.0,1729.5860294687081,4,0.030662613318714133
OCNT-0494005-AA-001,CYP3A4,106054.25,5675.424455492295,4,0.05351435190473079
OCNT-0494021-AA-001,CYP2J2,34953.5,3337.086803386051,4,0.09547217884864323
OCNT-0494021-AA-001,CYP3A4,45758.25,5898.585826280737,4,0.1289075921015497
OCNT-0494023-AA-001,CYP2J2,52524.333333333336,4964.212534061505,3,0.09451262336938761
OCNT-0494023-AA-001,CYP3A4,73960.0,6448.355856340436,3,0.08718707215170951
OCNT-0494025-AA-001,CYP2J2,70323.5,5237.67442032562,4,0.07447971759547833
OCNT-0494025-AA-001,CYP3A4,94953.125,4252.606110277163,4,0.04478637338452171
OCNT-0494038-AA-001,CYP2J2,24759.25,4161.793393478345,4,0.16809044674125206
OCNT-0494038-AA-001,CYP3A4,44303.375,4020.034667657315,4,0.09073879061487561
OCNT-0494040-AA-001,CYP2J2,18415.25,1076.2732382315066,4,0.05844467157554237
OCNT-0494040-AA-001,CYP3A4,40179.25,3641.21285883335,4,0.09062421172205429
OCNT-0494041-AA-001,CYP2J2,107955.0,10695.524305365618,4,0.09907391325427833
OCNT-0494041-AA-001,CYP3A4,122321.125,6273.635567130646,4,0.05128824286999197
OCNT-0494048-AA-001,CYP2J2,138796.375,6927.803817167939,4,0.049913434822544456
OCNT-0494048-AA-001,CYP3A4,294542.375,10707.949705514742,4,0.0363545303303633
OCNT-0494056-AA-001,CYP2J2,34942.5,2468.2226736392054,4,0.0706366938152452
OCNT-0494056-AA-001,CYP3A4,75849.875,3053.701234431205,4,0.040259805760144034
OCNT-0494076-AA-001,CYP2J2,45415.125,5305.708456857262,4,0.11682690418351291
OCNT-0494076-AA-001,CYP3A4,55238.0,3415.0056856956076,4,0.06182348538498149
OCNT-0494077-AA-001,CYP2J2,92240.25,2984.3418732890973,4,0.03235400894174829
OCNT-0494077-AA-001,CYP3A4,156235.625,10793.466545206877,4,0.06908454166715738
OCNT-0494078-AA-001,CYP2J2,58792.875,4527.419286506754,4,0.07700625775668828
OCNT-0494078-AA-001,CYP3A4,129350.5,7917.951292264096,4,0.06121314793730288
OCNT-0494083-AA-001,CYP2J2,11589.375,2250.170081534579,4,0.19415801814460046
OCNT-0494083-AA-001,CYP3A4,28857.375,1930.978826700766,4,0.06691456955806846
OCNT-0494103-AA-001,CYP2J2,50350.125,1790.548024814377,4,0.03556193802526562
OCNT-0494103-AA-001,CYP3A4,89571.125,7456.506279473874,4,0.08324676372518347
OCNT-0494106-AA-001,CYP2J2,22766.0,2196.5219856248495,4,0.09648256108340725
OCNT-0494106-AA-001,CYP3A4,39342.875,4560.633296210078,4,0.11592018367264918
OCNT-0494109-AA-001,CYP2J2,17594.625,1700.4577508718057,4,0.09664643326423869
OCNT-0494109-AA-001,CYP3A4,28283.75,1568.191766547276,4,0.05544497340512754
OCNT-0494125-AA-001,CYP2J2,36402.875,1268.435872442907,4,0.03484438722059472
OCNT-0494125-AA-001,CYP3A4,62906.75,4456.0749638368225,4,0.070836197448395
OCNT-0494126-AA-001,CYP2J2,11857.0,1246.7005120182898,4,0.10514468347965673
OCNT-0494126-AA-001,CYP3A4,28215.125,3013.743363742175,4,0.10681304313704706
OCNT-0494130-AA-001,CYP2J2,25222.75,2675.4789135156097,4,0.10607403687209403
OCNT-0494130-AA-001,CYP3A4,16418.5,2448.416256821268,4,0.1491254534105593
OCNT-0494134-AA-001,CYP2J2,33052.0,3599.67232305016,4,0.10890936472982451
OCNT-0494134-AA-001,CYP3A4,43703.375,2559.4909121086303,4,0.058565063043955534
OCNT-0494135-AA-001,CYP2J2,161342.25,4940.613229482079,4,0.030621943288147272
OCNT-0494135-AA-001,CYP3A4,224715.875,14068.176992625351,4,0.06260428637996915
OCNT-0494136-AA-001,CYP2J2,12543.125,921.8477255852328,4,0.07349426284002054
OCNT-0494136-AA-001,CYP3A4,18390.0,1439.7360290460656,4,0.07828907172626784
OCNT-0494138-AA-001,CYP2J2,14953.25,1055.3183958723864,4,0.07057451696938033
OCNT-0494138-AA-001,CYP3A4,28321.0,1476.811599358564,4,0.05214546094271262
OCNT-0494141-AA-001,CYP2J2,82283.25,7221.569387374649,4,0.08776475634317614
OCNT-0494141-AA-001,CYP3A4,122310.875,11125.651114841176,4,0.09096207606103035
OCNT-0494142-AA-001,CYP2J2,29630.25,3598.8737242828247,4,0.12145944513741277
OCNT-0494142-AA-001,CYP3A4,58342.0,4842.586481760891,4,0.08300343631964778
OCNT-0494150-AA-001,CYP2J2,86424.25,10597.174517294692,4,0.1226180674671136
OCNT-0494150-AA-001,CYP3A4,182520.375,4183.655187651902,4,0.02292157896153732
OCNT-0494151-AA-001,CYP2J2,104166.375,2864.2061545624356,4,0.02749645607387639
OCNT-0494151-AA-001,CYP3A4,133525.625,10427.94316867745,4,0.07809694332962268
OCNT-0494154-AA-001,CYP2J2,65154.375,3275.876177325185,4,0.050278683163259334
OCNT-0494154-AA-001,CYP3A4,100274.25,3241.8382002602575,4,0.032329717751668624
OCNT-0494156-AA-001,CYP2J2,114699.875,5380.154867272256,4,0.04690637079833135
OCNT-0494156-AA-001,CYP3A4,182481.625,8749.688169443523,4,0.04794832449263603
OCNT-0494158-AA-001,CYP2J2,113748.125,10698.081816966067,4,0.0940506212033479
OCNT-0494158-AA-001,CYP3A4,167035.125,11813.882606034591,4,0.0707269360623078
OCNT-0494161-AA-001,CYP2J2,36591.375,3087.513572844661,4,0.08437817854192856
OCNT-0494161-AA-001,CYP3A4,53916.125,3749.0657808534997,4,0.06953514891608957
OCNT-0494165-AA-001,CYP2J2,12117.375,877.818353932065,4,0.07244294691977965
OCNT-0494165-AA-001,CYP3A4,23627.125,2921.7934952981645,4,0.12366267564497012
OCNT-0494173-AA-001,CYP2J2,36962.875,2626.168164677705,4,0.07104880680081582
OCNT-0494173-AA-001,CYP3A4,63854.0,10930.45776717517,4,0.17117890448797524
OCNT-0494176-AA-001,CYP2J2,57777.0,4877.009312409946,4,0.08441091286169143
OCNT-0494176-AA-001,CYP3A4,54398.125,10120.925026687695,4,0.18605282859818598
OCNT-0494192-AA-001,CYP2J2,110787.75,11755.284233767665,4,0.1061063541209896
OCNT-0494192-AA-001,CYP3A4,186864.5,16286.240700869757,4,0.08715534893395888
OCNT-0494193-AA-001,CYP2J2,42631.0,2754.3623278961204,4,0.06460937646070043
OCNT-0494193-AA-001,CYP3A4,70524.375,5912.193732377743,4,0.08383191956508289
OCNT-0494197-AA-001,CYP2J2,40598.125,2523.160266246809,4,0.062149674800173874
OCNT-0494197-AA-001,CYP3A4,59017.75,1465.6847375885436,4,0.024834642757281387
OCNT-0494198-AA-001,CYP2J2,15402.25,1922.7091347020398,4,0.1248330039248837
OCNT-0494198-AA-001,CYP3A4,24775.5,3342.8999636044555,4,0.1349276488306777
OCNT-0494209-AA-001,CYP2J2,43091.625,3835.813046691232,4,0.08901527957442384
OCNT-0494209-AA-001,CYP3A4,60666.0,2697.0742790413965,4,0.044457756882626126
OCNT-0494212-AA-001,CYP2J2,23540.875,2280.2988245330184,4,0.09686550837779048
OCNT-0494212-AA-001,CYP3A4,44305.625,3348.132249852147,4,0.07556901070354266
OCNT-0494220-AA-001,CYP2J2,25400.875,1775.6423896250435,4,0.06990477255704945
OCNT-0494220-AA-001,CYP3A4,39029.0,4279.763797999448,4,0.10965599420941986
OCNT-0494222-AA-001,CYP2J2,19199.625,2807.9038556367987,4,0.14624784888438178
OCNT-0494222-AA-001,CYP3A4,41721.875,3300.2311629894452,4,0.07910073943199929
OCNT-0495765-AA-001,CYP2J2,58631.375,2086.129325449408,4,0.03558042644316985
OCNT-0495765-AA-001,CYP3A4,80224.75,14454.099133117912,4,0.18017007386271583
OCNT-0495768-AA-001,CYP2J2,37521.166666666664,2828.5657290106114,3,0.07538586830572819
OCNT-0495768-AA-001,CYP3A4,69916.5,1420.2960078800475,3,0.020314174878319817
OCNT-0495774-AA-001,CYP2J2,21181.25,3184.240163157714,4,0.15033296727802722
OCNT-0495774-AA-001,CYP3A4,42028.0,5680.1066597966865,4,0.13515053440079677
OCNT-0495778-AA-001,CYP2J2,81399.875,2956.956103129253,4,0.03632629783681182
OCNT-0495778-AA-001,CYP3A4,187078.25,11286.247372355438,4,0.06032901939351815
OCNT-0495787-AA-001,CYP2J2,32325.5,656.2909669752684,4,0.020302577438098973
OCNT-0495787-AA-001,CYP3A4,57030.75,5741.7985350120625,4,0.10067899396399421
OCNT-0495788-AA-001,CYP2J2,63186.5,2516.00798223429,4,0.03981875847268467
OCNT-0495788-AA-001,CYP3A4,93569.125,3927.498915234308,4,0.04197430418671018
OCNT-0495792-AA-001,CYP2J2,87113.5,9219.640882377145,4,0.1058348118532391
OCNT-0495792-AA-001,CYP3A4,202413.25,18587.049010444516,4,0.09182723468174399
OCNT-0495794-AA-001,CYP2J2,19840.375,1227.1939791654781,4,0.061853366136752866
OCNT-0495794-AA-001,CYP3A4,38579.75,1394.2015935055217,4,0.03613817076330256
OCNT-0495796-AA-001,CYP2J2,22189.333333333332,467.4800352243225,3,0.021067781902309932
OCNT-0495796-AA-001,CYP3A4,36498.166666666664,3964.877593738972,3,0.10863223980398026
OCNT-0495800-AA-001,CYP2J2,24501.25,701.045588151489,4,0.02861264580996843
OCNT-0495800-AA-001,CYP3A4,33089.625,1396.59242294713,4,0.04220635389331641
OCNT-0495801-AA-001,CYP2J2,14443.25,1232.4140605602756,4,0.08532802939506522
OCNT-0495801-AA-001,CYP3A4,25275.375,3126.7148728071347,4,0.12370597361293886
OCNT-0495807-AA-001,CYP2J2,12812.833333333334,1953.877256465547,3,0.15249376977240633
OCNT-0495807-AA-001,CYP3A4,26441.0,3918.7708213162964,3,0.14820811698938377
OCNT-0495815-AA-001,CYP2J2,15000.75,804.012178597646,4,0.05359813199990974
OCNT-0495815-AA-001,CYP3A4,21880.5,2313.535065651696,4,0.10573501819664524
OCNT-0495819-AA-001,CYP2J2,123143.0,1138.1710108766608,3,0.009242677300996897
OCNT-0495819-AA-001,CYP3A4,185098.16666666666,14006.27025061752,3,0.07566941641210666
OCNT-0495821-AA-001,CYP2J2,19345.375,2845.073853025026,4,0.14706739223328708
OCNT-0495821-AA-001,CYP3A4,25145.875,5237.893316576172,4,0.20830030041015363
OCNT-0495824-AA-001,CYP2J2,145398.125,11576.675496985303,4,0.07962052809818079
OCNT-0495824-AA-001,CYP3A4,217991.375,9437.106533740447,4,0.043291192294834815
OCNT-0495825-AA-001,CYP2J2,37249.375,3206.0871888487372,4,0.0860708988767929
OCNT-0495825-AA-001,CYP3A4,46758.875,3188.8920326397583,4,0.06819864747900282
OCNT-0495826-AA-001,CYP2J2,212667.125,4165.609846809146,4,0.019587464902293412
OCNT-0495826-AA-001,CYP3A4,282308.375,58939.633488249376,4,0.2087774884051859
OCNT-0495828-AA-001,CYP2J2,34019.125,3084.519205511074,4,0.09067015114324879
OCNT-0495828-AA-001,CYP3A4,50756.25,2615.2359198868976,4,0.051525396771567984
OCNT-0495830-AA-001,CYP2J2,40553.5,3215.7745826886985,4,0.07929709106954266
OCNT-0495830-AA-001,CYP3A4,51788.25,3995.2658964496145,4,0.0771461846355035
OCNT-0495833-AA-001,CYP2J2,121777.25,4891.498006745991,4,0.04016758472330416
OCNT-0495833-AA-001,CYP3A4,247825.75,12648.4201022631,4,0.05103755401633245
OCNT-0495835-AA-001,CYP2J2,104159.75,6686.308354889614,4,0.06419282261036162
OCNT-0495835-AA-001,CYP3A4,212543.375,14542.603884076836,4,0.06842181688362121
OCNT-0495846-AA-001,CYP2J2,20429.625,1517.6334853426674,4,0.07428591985132706
OCNT-0495846-AA-001,CYP3A4,46977.0,3024.613143307201,4,0.06438497867695257
OCNT-0495848-AA-001,CYP2J2,63905.375,5948.005062974195,4,0.09307519223499111
OCNT-0495848-AA-001,CYP3A4,147339.625,16454.21812370615,4,0.11167544456357989
OCNT-0495855-AA-001,CYP2J2,164916.375,3986.358872768482,4,0.024172001553929873
OCNT-0495855-AA-001,CYP3A4,290910.375,25715.40798294218,4,0.0883963247544615
OCNT-0495857-AA-001,CYP2J2,13706.875,705.0834909191016,4,0.051440134306258836
OCNT-0495857-AA-001,CYP3A4,25325.125,1695.367136984396,4,0.06694407774825972
OCNT-0495858-AA-001,CYP2J2,55142.75,8460.298699415602,4,0.15342540405430635
OCNT-0495858-AA-001,CYP3A4,86135.375,13116.403587207129,4,0.1522766179076498
OCNT-0495871-AA-001,CYP2J2,77781.5,6005.27307178172,4,0.07720695887559022
OCNT-0495871-AA-001,CYP3A4,127485.125,9241.435209379908,4,0.07249030198134808
OCNT-0495873-AA-001,CYP2J2,75395.25,6493.212064661578,4,0.0861222963603354
OCNT-0495873-AA-001,CYP3A4,103477.875,11413.738237864929,4,0.11030124302286773
OCNT-0495877-AA-001,CYP2J2,18668.625,1837.2663286796503,4,0.0984146571415758
OCNT-0495877-AA-001,CYP3A4,35028.25,2826.478536388817,4,0.08069140012386622
OCNT-0495880-AA-001,CYP2J2,106683.75,4825.547196950827,4,0.04523226074215452
OCNT-0495880-AA-001,CYP3A4,226450.625,12398.327672008836,4,0.05475068868548646
OCNT-0495889-AA-001,CYP2J2,149014.25,14489.553285614664,4,0.09723602464606347
OCNT-0495889-AA-001,CYP3A4,187898.625,18251.46723953538,4,0.09713465034422354
OCNT-0495892-AA-001,CYP2J2,24099.25,2218.9871000075696,4,0.09207701899468114
OCNT-0495892-AA-001,CYP3A4,36464.5,4689.831820012312,4,0.1286136329858441
OCNT-0495907-AA-001,CYP2J2,29259.375,2539.217148880077,4,0.08678302762379841
OCNT-0495907-AA-001,CYP3A4,51119.875,5299.264750494482,4,0.10366349194896274
OCNT-0495942-AA-001,CYP2J2,99235.875,6967.259532688112,4,0.07020908046296878
OCNT-0495942-AA-001,CYP3A4,144608.125,14063.896593612788,4,0.09725523094648235
OCNT-0495943-AA-001,CYP2J2,50468.125,2782.332126562175,4,0.0551304833805927
OCNT-0495943-AA-001,CYP3A4,108016.5,8762.138770490532,4,0.08111852143413767
OCNT-0495950-AA-001,CYP2J2,37313.125,880.0169861050039,4,0.023584649800974963
OCNT-0495950-AA-001,CYP3A4,61489.875,1163.641581057787,4,0.01892411687383959
OCNT-0495951-AA-001,CYP2J2,10063.75,817.1128543026763,4,0.0811936757473781
OCNT-0495951-AA-001,CYP3A4,17869.125,1108.0134156077113,4,0.062007144480085694
OCNT-0495955-AA-001,CYP2J2,6688.0,160.89437529012633,4,0.02405717333883468
OCNT-0495955-AA-001,CYP3A4,25011.625,2337.244865755404,4,0.09344634208114844
OCNT-0495960-AA-001,CYP2J2,83930.5,5769.67442755655,4,0.06874347737183205
OCNT-0495960-AA-001,CYP3A4,184122.875,10224.355467664776,4,0.0555300663628285
OCNT-0495982-AA-001,CYP2J2,22738.5,1926.649639486467,4,0.08473072715818841
OCNT-0495982-AA-001,CYP3A4,34919.25,5533.548657959013,4,0.1584669962258357
OCNT-0495989-AA-001,CYP2J2,25042.625,2328.7885038863733,4,0.09299298711242825
OCNT-0495989-AA-001,CYP3A4,47903.5,4513.567269909689,4,0.09422207709060275
OCNT-0495995-AA-001,CYP2J2,35195.0,3718.810114360058,4,0.10566302356471254
OCNT-0495995-AA-001,CYP3A4,69883.125,6478.887679416893,4,0.09271033142002297
OCNT-0495999-AA-001,CYP2J2,28279.375,1874.056979523301,4,0.06626939172182203
OCNT-0495999-AA-001,CYP3A4,37390.375,1868.1261723538207,4,0.049962755718652746
OCNT-0496002-AA-001,CYP2J2,19168.875,2157.189621359235,4,0.11253605761210478
OCNT-0496002-AA-001,CYP3A4,25121.125,4011.196254963515,4,0.15967422856116179
OCNT-0496004-AA-001,CYP2J2,42539.5,2504.751351598264,4,0.05888060159612276
OCNT-0496004-AA-001,CYP3A4,79095.875,2938.116726039547,4,0.03714626996717018
OCNT-0496015-AA-001,CYP2J2,20940.875,1620.1158073318916,4,0.07736619445614816
OCNT-0496015-AA-001,CYP3A4,45061.75,3751.4571058012475,4,0.08325147393967716
OCNT-0496019-AA-001,CYP2J2,21509.625,2759.6616753689204,4,0.12829892084910455
OCNT-0496019-AA-001,CYP3A4,36974.25,4461.879359268543,4,0.1206753175322973
OCNT-0496032-AA-001,CYP2J2,13461.5,1465.7269527439278,4,0.10888288472636243
OCNT-0496032-AA-001,CYP3A4,31341.75,3091.4188085731766,4,0.09863580714456521
OCNT-0496035-AA-001,CYP2J2,23334.75,2121.939227059374,4,0.09093473155098615
OCNT-0496035-AA-001,CYP3A4,36923.75,2370.313358327685,4,0.06419481657003108
OCNT-0496041-AA-001,CYP2J2,38552.75,3900.274466837772,4,0.10116721808010509
OCNT-0496041-AA-001,CYP3A4,42859.125,4450.410437532701,4,0.10383810769661538
OCNT-0496043-AA-001,CYP2J2,162644.625,4715.528927119416,4,0.028992835927528597
OCNT-0496043-AA-001,CYP3A4,318991.125,33702.006204811696,4,0.10565186164603073
OCNT-0496045-AA-001,CYP2J2,11718.0,2121.128748253313,4,0.18101457145018884
OCNT-0496045-AA-001,CYP3A4,20069.625,1471.7300123211007,4,0.07333121631924366
OCNT-0497308-AA-001,CYP2J2,50949.0,7783.496151045065,4,0.15277034193104996
OCNT-0497308-AA-001,CYP3A4,56648.875,13756.132580144029,4,0.24283152278212108
OCNT-0497311-AA-001,CYP2J2,12370.0,811.0948362141961,4,0.06556950979904576
OCNT-0497311-AA-001,CYP3A4,22707.375,1954.4609391082754,4,0.08607163703899176
OCNT-0497323-AA-001,CYP2J2,120686.625,4812.4838419642165,4,0.03987586728822864
OCNT-0497323-AA-001,CYP3A4,194928.625,17545.94953436547,4,0.09001217514546912
OCNT-0497327-AA-001,CYP2J2,45398.125,5202.4467540924115,4,0.11459607096311603
OCNT-0497327-AA-001,CYP3A4,84168.25,6174.993987851322,4,0.0733648850706926
OCNT-0497333-AA-001,CYP2J2,14051.125,1712.0436800794541,4,0.12184388652719652
OCNT-0497333-AA-001,CYP3A4,20013.0,1942.5347272743068,4,0.09706364499446893
OCNT-0497334-AA-001,CYP2J2,154557.75,4020.3740601259133,4,0.026012115601617605
OCNT-0497334-AA-001,CYP3A4,260110.5,14466.855394314269,4,0.0556181138182206
OCNT-0497336-AA-001,CYP2J2,47260.0,2190.106275960142,4,0.0463416478197237
OCNT-0497336-AA-001,CYP3A4,69602.625,2839.848510484318,4,0.04080088230126835
OCNT-0497339-AA-001,CYP2J2,82748.625,4995.135389806766,4,0.060365176941692585
OCNT-0497339-AA-001,CYP3A4,139974.0,5288.389373586883,4,0.0377812263247952
OCNT-0497342-AA-001,CYP2J2,19221.125,524.9167195851164,4,0.027309365065006155
OCNT-0497342-AA-001,CYP3A4,28572.5,3078.4444394314905,4,0.10774151507328691
OCNT-0497343-AA-001,CYP2J2,28908.0,2788.1140878139595,4,0.09644783754718277
OCNT-0497343-AA-001,CYP3A4,77698.75,5818.133843137906,4,0.07488066208449823
OCNT-0497344-AA-001,CYP2J2,229116.5,16907.490346983297,4,0.0737942939377273
OCNT-0497344-AA-001,CYP3A4,291593.875,50524.191755657994,4,0.17326904330777865
OCNT-0497352-AA-001,CYP2J2,25154.0,4697.020562725553,4,0.1867305622455893
OCNT-0497352-AA-001,CYP3A4,47331.625,3002.4598630400815,4,0.06343454007843766
OCNT-0497354-AA-001,CYP2J2,16683.0,1407.5796602679366,4,0.08437209496301244
OCNT-0497354-AA-001,CYP3A4,35040.625,1674.6856110426613,4,0.04779268666134412
OCNT-0497356-AA-001,CYP2J2,19898.875,2094.9475878487588,4,0.10527969987493055
OCNT-0497356-AA-001,CYP3A4,34038.25,5976.7084098746745,4,0.1755880049613207
OCNT-0497363-AA-001,CYP2J2,73458.125,5026.32452485578,4,0.06842435094628102
OCNT-0497363-AA-001,CYP3A4,101084.75,5514.681201121239,4,0.05455502636274254
OCNT-0497366-AA-001,CYP2J2,33835.375,5185.224848467679,4,0.15324862953248425
OCNT-0497366-AA-001,CYP3A4,42402.75,5650.264750434266,4,0.13325231855090214
OCNT-0497367-AA-001,CYP2J2,51985.0,2716.808084253775,4,0.05226138471200876
OCNT-0497367-AA-001,CYP3A4,68288.875,956.2255116690135,4,0.014002654336727812
OCNT-0497368-AA-001,CYP2J2,178416.125,7589.997819224541,4,0.04254098568290585
OCNT-0497368-AA-001,CYP3A4,308545.25,21816.61393105416,4,0.07070798831307291
OCNT-0497370-AA-001,CYP2J2,84233.75,4111.371273674999,4,0.04880907324765904
OCNT-0497370-AA-001,CYP3A4,104422.375,26442.499583609086,4,0.25322637589509994
OCNT-0497383-AA-001,CYP2J2,117121.0,7844.5442931165,4,0.06697811915127518
OCNT-0497383-AA-001,CYP3A4,189831.0,15951.48950725292,4,0.08402995036244301
OCNT-0497387-AA-001,CYP2J2,96071.5,3395.714284211793,4,0.035345698612094044
OCNT-0497387-AA-001,CYP3A4,165517.25,9390.567523673246,4,0.05673467583392816
OCNT-0497389-AA-001,CYP2J2,28945.5,543.2913582968166,4,0.01876945840620534
OCNT-0497389-AA-001,CYP3A4,51743.5,2578.3589419111795,4,0.04982961998920018
OCNT-0497393-AA-001,CYP2J2,48490.75,1734.299786657429,4,0.035765579758148286
OCNT-0497393-AA-001,CYP3A4,89145.0,8809.954823947737,4,0.0988272457675443
OCNT-0497397-AA-001,CYP2J2,161284.25,10063.380657115178,4,0.06239530925750765
OCNT-0497397-AA-001,CYP3A4,266769.625,28737.00359691606,4,0.10772217263084603
OCNT-0497409-AA-001,CYP2J2,11550.375,2396.266692690945,4,0.20746224193508395
OCNT-0497409-AA-001,CYP3A4,34077.625,4010.090572023696,4,0.11767517754020992
OCNT-0497415-AA-001,CYP2J2,27920.375,3753.272336131055,4,0.13442771940316184
OCNT-0497415-AA-001,CYP3A4,72330.125,12653.606346117302,4,0.1749424094886785
OCNT-0497418-AA-001,CYP2J2,10974.0,1150.8399830848189,4,0.10486969045788398
OCNT-0497418-AA-001,CYP3A4,18462.5,1093.8455862993949,4,0.059246883482702496
OCNT-0497422-AA-001,CYP2J2,16508.0,1292.9147948208606,4,0.07832049883819121
OCNT-0497422-AA-001,CYP3A4,31274.5,4716.07903877787,4,0.1507963049378206
OCNT-0497430-AA-001,CYP2J2,19255.25,1133.7999897101197,4,0.05888264186183611
OCNT-0497430-AA-001,CYP3A4,34705.25,1159.117228756435,4,0.033398901571273364
OCNT-0497436-AA-001,CYP2J2,108445.125,13480.71766372869,4,0.12430911637317667
OCNT-0497436-AA-001,CYP3A4,190531.5,4317.372889462602,4,0.022659627880232937
OCNT-0497440-AA-001,CYP2J2,16151.125,1324.8368688886442,4,0.08202752866370883
OCNT-0497440-AA-001,CYP3A4,24537.0,1708.5613343785271,4,0.06963203873246636
OCNT-0497443-AA-001,CYP2J2,18292.375,1320.2563750398385,4,0.07217523011855151
OCNT-0497443-AA-001,CYP3A4,28188.625,4874.604366424692,4,0.1729280646510673
OCNT-0497446-AA-001,CYP2J2,32097.75,2580.7365066326834,4,0.08040241159061565
OCNT-0497446-AA-001,CYP3A4,45253.0,4806.643336744122,4,0.10621712011897824
OCNT-0497451-AA-001,CYP2J2,145052.875,3966.650126891288,4,0.027346235825324302
OCNT-0497451-AA-001,CYP3A4,270373.125,6124.047141868951,4,0.02265035454936193
OCNT-0497452-AA-001,CYP2J2,13289.0,3503.1971587870034,4,0.26361631114357764
OCNT-0497452-AA-001,CYP3A4,26977.125,1091.132544270707,4,0.04044658369899339
OCNT-0497455-AA-001,CYP2J2,11764.875,2241.9291683354613,4,0.19056123999068936
OCNT-0497455-AA-001,CYP3A4,21266.125,2427.5137615469866,4,0.1141493225280575
OCNT-0497460-AA-001,CYP2J2,33571.0,452.13622578451583,4,0.013468059509234631
OCNT-0497460-AA-001,CYP3A4,55672.125,9057.2831041746,4,0.16268973214467022
OCNT-0497464-AA-001,CYP2J2,18220.625,1179.0608109140655,4,0.06471022870587949
OCNT-0497464-AA-001,CYP3A4,29158.75,3160.7038377551294,4,0.10839641060591175
OCNT-0497465-AA-001,CYP2J2,15127.125,2711.6000926574698,4,0.1792541605002583
OCNT-0497465-AA-001,CYP3A4,19792.75,4794.324882956236,4,0.24222631433005704
OCNT-0497469-AA-001,CYP2J2,48934.25,5857.623387518183,4,0.11970395760675158
OCNT-0497469-AA-001,CYP3A4,130898.5,987.2992622975722,4,0.007542479572321854
OCNT-0497470-AA-001,CYP2J2,11692.75,1835.807111327331,4,0.1570038794404508
OCNT-0497470-AA-001,CYP3A4,18119.125,2180.955844540034,4,0.12036761402882501
OCNT-0497471-AA-001,CYP2J2,22440.75,3699.72725346072,4,0.16486647074900437
OCNT-0497471-AA-001,CYP3A4,49055.375,5577.850084261856,4,0.1137051767367359
OCNT-0497478-AA-001,CYP2J2,46265.5,1741.9201330715482,3,0.037650520000249606
OCNT-0497478-AA-001,CYP3A4,78550.83333333333,6300.447689119667,3,0.08020854040317418
OCNT-0497485-AA-001,CYP2J2,66697.5,844.9125201265896,4,0.012667828931018248
OCNT-0497485-AA-001,CYP3A4,110924.75,4118.450325466285,4,0.03712832641467558
OCNT-0497487-AA-001,CYP2J2,82934.75,2877.569185383153,4,0.034696784946999334
OCNT-0497487-AA-001,CYP3A4,146960.5,8214.416990876467,4,0.05589540720721872
OCNT-0497490-AA-001,CYP2J2,24074.0,985.9598538142078,4,0.04095538148268704
OCNT-0497490-AA-001,CYP3A4,37532.25,2805.1501890867335,4,0.07473972887547999
OCNT-0497497-AA-001,CYP2J2,155974.375,5479.777799251231,4,0.035132551736471014
OCNT-0497497-AA-001,CYP3A4,229384.625,14480.78736564993,4,0.06312884904840475
OCNT-0497498-AA-001,CYP2J2,15507.75,1779.560456030271,4,0.11475297551419587
OCNT-0497498-AA-001,CYP3A4,35086.5,2704.0452720569106,4,0.07706796836552265
OCNT-0497501-AA-001,CYP2J2,94651.75,5813.355979982646,4,0.0614183676475358
OCNT-0497501-AA-001,CYP3A4,181767.0,10608.202903099724,4,0.058361544741893326
OCNT-0497504-AA-001,CYP2J2,10625.0,230.1054106273905,4,0.0216569798237544
OCNT-0497504-AA-001,CYP3A4,16608.75,1117.335931281785,4,0.06727393279336404
OCNT-0497508-AA-001,CYP2J2,42424.0,5573.65091300128,4,0.13137966511883084
OCNT-0497508-AA-001,CYP3A4,75811.375,3049.9817588252336,4,0.04023118903759803
OCNT-0497510-AA-001,CYP2J2,24467.0,2226.183692630357,4,0.0909871946961359
OCNT-0497510-AA-001,CYP3A4,38230.625,2344.1347150921165,4,0.061315626283695766
OCNT-0497512-AA-001,CYP2J2,58446.875,3834.9100244768892,4,0.06561360251470912
OCNT-0497512-AA-001,CYP3A4,101647.375,8685.735829268198,4,0.08544968160041712
OCNT-0497513-AA-001,CYP2J2,11503.75,1035.349900597217,4,0.09000107796129235
OCNT-0497513-AA-001,CYP3A4,16825.25,676.1471117047436,4,0.04018645260574099
OCNT-0497514-AA-001,CYP2J2,41920.5,5786.498005414558,4,0.13803504265012484
OCNT-0497514-AA-001,CYP3A4,77949.375,11376.976563620348,4,0.1459534032648799
OCNT-0497518-AA-001,CYP2J2,57938.125,7192.829767379456,4,0.12414674736849796
OCNT-0497518-AA-001,CYP3A4,120727.75,11650.359096754628,4,0.09650108692288747
OCNT-0497528-AA-001,CYP2J2,56179.0,4232.215121344062,4,0.07533446877559341
OCNT-0497528-AA-001,CYP3A4,81311.625,4454.4818885964,4,0.054782841796562294
OCNT-0497533-AA-001,CYP2J2,72862.375,3628.147492752557,4,0.04979452691121525
OCNT-0497533-AA-001,CYP3A4,119322.625,10753.356455660716,4,0.09012001249269128
OCNT-0497545-AA-001,CYP2J2,187046.75,2030.0591740143923,4,0.01085321810731484
OCNT-0497545-AA-001,CYP3A4,252426.625,8008.061088417925,4,0.03172431231617475
OCNT-0497549-AA-001,CYP2J2,10368.625,971.7133815242707,4,0.09371670607474672
OCNT-0497549-AA-001,CYP3A4,15708.75,1529.1431424166935,4,0.09734340048805243
OCNT-0497551-AA-001,CYP2J2,19731.25,1683.726744457069,4,0.08533299940232215
OCNT-0497551-AA-001,CYP3A4,42594.125,2445.527903984468,4,0.05741467641334264
OCNT-0497557-AA-001,CYP2J2,25629.75,3267.6174424188644,4,0.12749314536500997
OCNT-0497557-AA-001,CYP3A4,56808.375,7597.074419088355,4,0.13373159184870814
OCNT-0497562-AA-001,CYP2J2,106089.625,2071.953079222595,4,0.019530213998047358
OCNT-0497562-AA-001,CYP3A4,135904.625,6560.637778638598,4,0.048273837469759384
OCNT-0497566-AA-001,CYP2J2,147747.25,6363.323666397408,4,0.04306898210557156
OCNT-0497566-AA-001,CYP3A4,240638.75,26249.808115171683,4,0.10908387828299342
OCNT-0497577-AA-001,CYP2J2,91898.375,5254.960551310858,4,0.0571823011158887
OCNT-0497577-AA-001,CYP3A4,131666.875,5488.31109988917,4,0.04168330948759261
OCNT-0497581-AA-001,CYP2J2,102093.125,6150.9560012380725,4,0.06024848393305693
OCNT-0497581-AA-001,CYP3A4,218707.5,20732.62901804786,4,0.09479615019168461
OCNT-0497584-AA-001,CYP2J2,129956.25,4213.335703453977,4,0.032421185617882764
OCNT-0497584-AA-001,CYP3A4,265849.25,23911.030475842454,4,0.08994206481997769
OCNT-0497588-AA-001,CYP2J2,78503.375,5176.224305659482,4,0.06593632828728041
OCNT-0497588-AA-001,CYP3A4,140561.125,10791.869349769757,4,0.07677705588774818
OCNT-0497590-AA-001,CYP2J2,27706.25,1632.4223564996894,4,0.058918921055707264
OCNT-0497590-AA-001,CYP3A4,45441.5,5684.345330232263,4,0.12509149852518653
OCNT-0497603-AA-001,CYP2J2,37172.125,4191.007662742539,4,0.1127459800251543
OCNT-0497603-AA-001,CYP3A4,47597.25,4953.735248947673,4,0.10407608105400361
OCNT-0497605-AA-001,CYP2J2,161419.25,5084.725385898436,4,0.031500117773428114
OCNT-0497605-AA-001,CYP3A4,260910.875,15951.424786807187,4,0.06113744697995891
OCNT-0497608-AA-001,CYP2J2,7860.875,631.2694056423137,4,0.08030523391382177
OCNT-0497608-AA-001,CYP3A4,12083.75,843.6123221006198,4,0.06981378480195467
OCNT-0497930-AA-001,CYP2J2,9380.375,982.8222435924006,4,0.10477430205001405
OCNT-0497930-AA-001,CYP3A4,15994.0,1048.5605212226264,4,0.06555961743295151
OCNT-0497933-AA-001,CYP2J2,35049.125,527.830682289943,4,0.015059739217168558
OCNT-0497933-AA-001,CYP3A4,64794.875,3296.271615401255,4,0.050872412600552974
OCNT-0497938-AA-001,CYP2J2,65816.125,4441.288746430101,4,0.06748025269537064
OCNT-0497938-AA-001,CYP3A4,111793.5,9921.07726845561,4,0.0887446700251411
OCNT-0497939-AA-001,CYP2J2,119521.0,10198.004853891764,4,0.08532395858377828
OCNT-0497939-AA-001,CYP3A4,276279.625,13406.962838857282,4,0.04852678817287841
OCNT-0497941-AA-001,CYP2J2,13559.875,547.8227169136622,4,0.04040027779855362
OCNT-0497941-AA-001,CYP3A4,21562.125,1253.6504945557992,4,0.05814132394445349
OCNT-0497944-AA-001,CYP2J2,139354.875,8404.175910175052,4,0.06030772809472975
OCNT-0497944-AA-001,CYP3A4,221848.375,7356.221939906832,4,0.03315878216329884
OCNT-0497951-AA-001,CYP2J2,133003.375,9021.78558984676,4,0.06783125307795204
OCNT-0497951-AA-001,CYP3A4,174864.5,28750.300099883018,4,0.16441473312126256
OCNT-0497961-AA-001,CYP2J2,79617.0,2125.6124999632457,4,0.02669797279429325
OCNT-0497961-AA-001,CYP3A4,170185.25,5570.27501565228,4,0.03273065683220067
OCNT-0497964-AA-001,CYP2J2,14723.0,1781.4411768752473,4,0.12099715933405197
OCNT-0497964-AA-001,CYP3A4,27228.875,3900.7826645217406,4,0.14325904630733882
OCNT-0497967-AA-001,CYP2J2,16252.75,4142.950347678974,4,0.25490765240829855
OCNT-0497967-AA-001,CYP3A4,22538.875,1944.7542850362015,4,0.08628444343545104
OCNT-0497975-AA-001,CYP2J2,8780.875,852.7936810858765,4,0.09711944209271588
OCNT-0497975-AA-001,CYP3A4,18396.75,2151.834430588624,4,0.11696818354267052
OCNT-0497977-AA-001,CYP2J2,118351.0,9385.468288796252,4,0.07930197707494023
OCNT-0497977-AA-001,CYP3A4,248462.5,15146.06534164346,4,0.060959160201815
OCNT-0497979-AA-001,CYP2J2,429751.8333333333,67682.9277907903,3,0.15749305189884466
OCNT-0497979-AA-001,CYP3A4,222869.75,35019.36153639393,4,0.15712927185674114
OCNT-0497991-AA-001,CYP2J2,19336.875,1605.240188414182,4,0.08301445752812603
OCNT-0497991-AA-001,CYP3A4,32170.5,4011.9532233896584,4,0.12470907270293152
OCNT-0497995-AA-001,CYP2J2,17910.875,2233.018076318834,4,0.1246738686032276
OCNT-0497995-AA-001,CYP3A4,43844.625,2404.6976031301733,4,0.05484589281195069
OCNT-0497997-AA-001,CYP2J2,26844.75,1459.9217159377647,4,0.05438388198577989
OCNT-0497997-AA-001,CYP3A4,33313.25,3016.7471582263347,4,0.090556975324423
OCNT-0497998-AA-001,CYP2J2,19727.625,2919.662890786081,4,0.1479987018602635
OCNT-0497998-AA-001,CYP3A4,49470.0,2353.6882404713965,4,0.04757809259089138
OCNT-0498000-AA-001,CYP2J2,36397.25,4469.871185690552,4,0.12280793701970759
OCNT-0498000-AA-001,CYP3A4,56385.0,6902.266089239582,4,0.12241316111092634
OCNT-0498002-AA-001,CYP2J2,49172.125,4805.433615103498,4,0.09772678352020576
OCNT-0498002-AA-001,CYP3A4,109335.125,6544.289398335519,4,0.059855324611697465
OCNT-0498003-AA-001,CYP2J2,164594.375,15686.449382481896,4,0.0953036784062754
OCNT-0498003-AA-001,CYP3A4,232752.125,2232.947244301426,4,0.009593670709994274
OCNT-0498011-AA-001,CYP2J2,95654.33333333333,7780.473544928567,3,0.0813394780330067
OCNT-0498011-AA-001,CYP3A4,147064.5,6849.03064917462,4,0.046571610750212454
OCNT-0498016-AA-001,CYP2J2,185579.625,18700.984850959943,4,0.10077067916782322
OCNT-0498016-AA-001,CYP3A4,260910.625,16804.106925466167,4,0.06440560604025293
OCNT-0498018-AA-001,CYP2J2,125882.0,8057.074469061336,3,0.06400497663733763
OCNT-0498018-AA-001,CYP3A4,204070.5,3876.592672695959,3,0.018996340346576105
OCNT-0498019-AA-001,CYP2J2,58614.25,5102.374978053521,4,0.08705007703849356
OCNT-0498019-AA-001,CYP3A4,83762.0,5274.734511486496,4,0.062972881634709
OCNT-0498020-AA-001,CYP2J2,34150.0,3535.0297735662716,4,0.10351478107075467
OCNT-0498020-AA-001,CYP3A4,42677.625,1734.5084978652214,4,0.04064210456568803
OCNT-0498026-AA-001,CYP2J2,78638.875,5620.764603607473,4,0.0714756486992912
OCNT-0498026-AA-001,CYP3A4,126301.25,7137.725997589617,4,0.05651350242051933
OCNT-0498028-AA-001,CYP2J2,20447.875,3487.133932400647,4,0.1705377176063844
OCNT-0498028-AA-001,CYP3A4,29180.625,4928.898649377296,4,0.16890997534759095
OCNT-0498030-AA-001,CYP2J2,58845.625,5401.135503685005,4,0.09178482688704563
OCNT-0498030-AA-001,CYP3A4,125372.875,11119.834728800306,4,0.0886941033201983
OCNT-0498041-AA-001,CYP2J2,53003.25,2357.100991330947,4,0.04447087662230047
OCNT-0498041-AA-001,CYP3A4,84692.25,4628.883171637265,4,0.05465533353568083
OCNT-0498044-AA-001,CYP2J2,99554.75,7177.141033633564,4,0.07209240175515044
OCNT-0498044-AA-001,CYP3A4,155643.0,3811.9394232682484,4,0.024491557109977632
OCNT-0498047-AA-001,CYP2J2,18635.833333333332,358.07552741472426,3,0.019214355538061494
OCNT-0498047-AA-001,CYP3A4,26724.375,665.5995261166186,4,0.02490608390716784
OCNT-0498050-AA-001,CYP2J2,59826.125,2484.813285238953,4,0.0415339165830806
OCNT-0498050-AA-001,CYP3A4,99290.125,7728.151281462253,4,0.07783403718609734
OCNT-0498051-AA-001,CYP2J2,30372.625,2699.4993170030625,4,0.08887935491262486
OCNT-0498051-AA-001,CYP3A4,45255.25,3503.9416019677037,4,0.07742619037498862
OCNT-0498056-AA-001,CYP2J2,8787.0,565.6169198317887,4,0.06436974164467835
OCNT-0498056-AA-001,CYP3A4,16483.0,781.5071976635916,4,0.047412922263155466
OCNT-0498060-AA-001,CYP2J2,52372.75,2876.5747426409766,4,0.054925027664978004
OCNT-0498060-AA-001,CYP3A4,74476.75,8076.567654847777,4,0.108444147399662
OCNT-0498061-AA-001,CYP2J2,97216.33333333333,9589.382114262282,3,0.09863961934649818
OCNT-0498061-AA-001,CYP3A4,197277.875,33709.382488102136,4,0.17087259525733503
OCNT-0498064-AA-001,CYP2J2,15298.375,1426.4512712205305,4,0.0932420123850102
OCNT-0498064-AA-001,CYP3A4,27527.25,2809.9286616092822,4,0.10207807396704292
OCNT-0498074-AA-001,CYP2J2,12959.0,1696.2708117121708,4,0.13089519343407446
OCNT-0498074-AA-001,CYP3A4,25955.625,4053.938565868177,4,0.15618728371473148
OCNT-0498084-AA-001,CYP2J2,67846.875,5144.910468527772,4,0.07583120767946602
OCNT-0498084-AA-001,CYP3A4,92140.875,9578.776638790225,4,0.10395795176451521
OCNT-0498098-AA-001,CYP2J2,27940.875,1355.7751396034178,4,0.048523002218198885
OCNT-0498098-AA-001,CYP3A4,41477.875,2959.679976365689,4,0.07135563180046445
OCNT-0498099-AA-001,CYP2J2,16654.625,1777.0128200156578,4,0.10669785840363609
OCNT-0498099-AA-001,CYP3A4,29825.75,2401.687375575764,4,0.08052395582930065
OCNT-0498102-AA-001,CYP2J2,33733.125,4366.920623181359,4,0.12945496817094054
OCNT-0498102-AA-001,CYP3A4,67157.75,6810.927463764878,4,0.10141685008453794
OCNT-0498107-AA-001,CYP2J2,32329.75,2347.965591031237,4,0.07262554121300775
OCNT-0498107-AA-001,CYP3A4,57866.375,6050.943802071983,4,0.10456752824195369
OCNT-0498109-AA-001,CYP2J2,79218.16666666667,6069.893271988671,3,0.07662249112037016
OCNT-0498109-AA-001,CYP3A4,106157.66666666667,2910.3896789490827,3,0.027415727665601942
OCNT-0498111-AA-001,CYP2J2,55105.375,3742.441323855325,4,0.06791427013889889
OCNT-0498111-AA-001,CYP3A4,75112.75,3039.7988557359095,4,0.04046981179275036
OCNT-0498112-AA-001,CYP2J2,12220.0,1170.2308176879749,4,0.09576356936890137
OCNT-0498112-AA-001,CYP3A4,22075.625,3622.077106095341,4,0.16407585769804212
OCNT-0498123-AA-001,CYP2J2,38426.5,3562.87610880124,4,0.09271924606199472
OCNT-0498123-AA-001,CYP3A4,35986.5,2571.4976829336906,4,0.07145728767548082
OCNT-0498133-AA-001,CYP2J2,24790.875,772.9841929172937,4,0.031180190006092717
OCNT-0498133-AA-001,CYP3A4,51399.5,3878.183101230093,4,0.07545176706446742
OCNT-0498134-AA-001,CYP2J2,109917.75,2640.397997146138,4,0.0240215797461842
OCNT-0498134-AA-001,CYP3A4,218839.0,11842.162731809869,4,0.05411358456129789
OCNT-0498137-AA-001,CYP2J2,68537.125,7112.135419771384,4,0.10377055383883382
OCNT-0498137-AA-001,CYP3A4,134479.125,6727.190069350402,4,0.05002404699874722
OCNT-0498138-AA-001,CYP2J2,53521.625,6949.189861355542,4,0.1298389176590872
OCNT-0498138-AA-001,CYP3A4,79237.625,10408.159094151408,4,0.1313537488554384
OCNT-0498139-AA-001,CYP2J2,118855.5,6357.835153048035,4,0.0534921409025921
OCNT-0498139-AA-001,CYP3A4,201868.0,11817.811451364416,4,0.05854227243230436
OCNT-0498143-AA-001,CYP2J2,20225.25,1155.2728754137122,4,0.05712032609800681
OCNT-0498143-AA-001,CYP3A4,23381.0,3618.6445206273943,4,0.15476859503987828
OCNT-0498144-AA-001,CYP2J2,64837.75,5675.256242379428,4,0.0875301231517045
OCNT-0498144-AA-001,CYP3A4,118330.875,11867.684514224611,4,0.10029237520828449
OCNT-0498147-AA-001,CYP2J2,36256.375,2276.610579165147,4,0.06279200772733477
OCNT-0498147-AA-001,CYP3A4,41659.875,2272.786519341401,4,0.054555769054549515
OCNT-0498150-AA-001,CYP2J2,15043.75,2074.548243995947,4,0.13790100500180785
OCNT-0498150-AA-001,CYP3A4,29138.75,1828.103092461327,4,0.06273786941654419
OCNT-0498154-AA-001,CYP2J2,24840.0,1043.426646519374,4,0.042005903644097176
OCNT-0498154-AA-001,CYP3A4,41173.625,3533.0015184212225,4,0.08580739535130129
OCNT-0498161-AA-001,CYP2J2,30875.5,4304.855456342291,4,0.1394262588894849
OCNT-0498161-AA-001,CYP3A4,65982.75,15266.205490669034,4,0.2313666146177453
OCNT-0498162-AA-001,CYP2J2,31382.125,1394.7682229794784,4,0.04444467106607594
OCNT-0498162-AA-001,CYP3A4,46137.0,1841.825543674898,4,0.03992079120174476
OCNT-0498165-AA-001,CYP2J2,9809.375,1647.8319784391451,4,0.16798541991096733
OCNT-0498165-AA-001,CYP3A4,15816.125,755.3230407139275,4,0.047756516891079674
OCNT-0498171-AA-001,CYP2J2,88385.375,3580.753653795057,4,0.04051296556466561
OCNT-0498171-AA-001,CYP3A4,117629.125,5439.555195893013,4,0.046243268373313266
OCNT-0498173-AA-001,CYP2J2,24914.5,2347.6382280922244,3,0.09422778815919342
OCNT-0498173-AA-001,CYP3A4,51964.125,2791.9234819684193,4,0.05372790327881821
OCNT-0498176-AA-001,CYP2J2,116528.375,3038.3770715904675,4,0.02607413920935967
OCNT-0498176-AA-001,CYP3A4,190330.125,5207.358581453108,4,0.02735961310093769
OCNT-0498178-AA-001,CYP2J2,70378.0,2958.11525017761,4,0.04203181747389255
OCNT-0498178-AA-001,CYP3A4,111822.875,9050.885549445793,4,0.0809394817424055
OCNT-0498182-AA-001,CYP2J2,36088.75,3591.130288641726,4,0.09950830351956569
OCNT-0498182-AA-001,CYP3A4,110707.0,8558.530393706622,4,0.07730794253034246
OCNT-0498184-AA-001,CYP2J2,61204.25,5441.921390158687,4,0.08891410956197793
OCNT-0498184-AA-001,CYP3A4,76251.125,4227.169292702465,4,0.05543746787608006
OCNT-0498185-AA-001,CYP2J2,22461.875,845.8201517856303,4,0.037655812428198016
OCNT-0498185-AA-001,CYP3A4,33999.75,1241.5513481125126,4,0.03651648462451967
OCNT-0498194-AA-001,CYP2J2,30732.75,2839.3905009115365,4,0.09238973085426903
OCNT-0498194-AA-001,CYP3A4,66267.5,5361.480501378949,4,0.08090663600375674
OCNT-0498195-AA-001,CYP2J2,35094.5,994.9282218666157,4,0.02834997569039638
OCNT-0498195-AA-001,CYP3A4,50060.875,7791.517389389994,4,0.1556408550467804
OCNT-0498203-AA-001,CYP2J2,14090.5,1222.43527436016,4,0.08675598980590896
OCNT-0498203-AA-001,CYP3A4,20212.625,1187.0676318137905,4,0.05872901871052327
